path,forensic_local|rf,forensic_all|rf,shortcuts|rf,forensic+shortcuts|rf
CASIA2/Au/Au_ani_00001.jpg,0.08666666666666667,0.02,0.0,0.0
CASIA2/Au/Au_ani_00002.jpg,0.05,0.0,0.0,0.0
CASIA2/Au/Au_ani_00003.jpg,0.26,0.10666666666666667,0.0,0.0
CASIA2/Au/Au_ani_00004.jpg,0.34,0.37,0.0,0.0
CASIA2/Au/Au_ani_00005.jpg,0.2833333333333333,0.17,0.0,0.0019047619047619048
CASIA2/Au/Au_ani_00006.jpg,0.14333333333333334,0.05,0.0,0.0
CASIA2/Au/Au_ani_00007.jpg,0.24333333333333335,0.11333333333333333,0.0,0.0
CASIA2/Au/Au_ani_00008.jpg,0.29333333333333333,0.09333333333333334,0.0,0.0
CASIA2/Au/Au_ani_00009.jpg,0.30666666666666664,0.13333333333333333,0.0,0.0
CASIA2/Au/Au_ani_00010.jpg,0.2966666666666667,0.35,0.022863876863876864,0.024361111111111115
CASIA2/Au/Au_ani_00012.jpg,0.17333333333333334,0.10333333333333333,0.0,0.0
CASIA2/Au/Au_ani_00013.jpg,0.32,0.10333333333333333,0.0,0.0
CASIA2/Au/Au_ani_00014.jpg,0.19666666666666666,0.11666666666666667,0.0,0.0
CASIA2/Au/Au_ani_00015.jpg,0.08333333333333333,0.15,0.0,0.0
CASIA2/Au/Au_ani_00016.jpg,0.18333333333333332,0.17666666666666667,0.0,0.0
CASIA2/Au/Au_ani_00018.jpg,0.17333333333333334,0.06666666666666667,0.0,0.0
CASIA2/Au/Au_ani_00019.jpg,0.11333333333333333,0.0033333333333333335,0.0,0.0
CASIA2/Au/Au_ani_00020.jpg,0.22666666666666666,0.23333333333333334,0.0008333333333333334,0.0
CASIA2/Au/Au_ani_00021.jpg,0.37666666666666665,0.17666666666666667,0.0,0.0
CASIA2/Au/Au_ani_00022.jpg,0.20666666666666667,0.12666666666666668,0.0,0.0016666666666666668
CASIA2/Au/Au_ani_00023.jpg,0.14,0.09333333333333334,0.0,0.0
CASIA2/Au/Au_ani_00024.jpg,0.21333333333333335,0.15333333333333332,0.0,0.0008333333333333334
CASIA2/Au/Au_ani_00025.jpg,0.18,0.07666666666666666,0.0,0.0021666666666666666
CASIA2/Au/Au_ani_00027.jpg,0.21666666666666667,0.06333333333333334,0.0,0.0
CASIA2/Au/Au_ani_00029.jpg,0.32666666666666666,0.3233333333333333,0.0,0.0
CASIA2/Au/Au_ani_00030.jpg,0.17,0.07333333333333333,0.0,0.0
CASIA2/Au/Au_ani_00031.jpg,0.2,0.22666666666666666,0.0,0.0
CASIA2/Au/Au_ani_00032.jpg,0.31333333333333335,0.31333333333333335,0.0,0.006071428571428571
CASIA2/Au/Au_ani_00033.jpg,0.3333333333333333,0.25,0.0,0.002453703703703704
CASIA2/Au/Au_ani_00034.jpg,0.18,0.1,0.0,0.0
CASIA2/Au/Au_ani_00035.jpg,0.056666666666666664,0.10666666666666667,0.0,0.0005128205128205128
CASIA2/Au/Au_ani_00037.jpg,0.08666666666666667,0.043333333333333335,0.0,0.0008333333333333334
CASIA2/Au/Au_ani_00038.jpg,0.25333333333333335,0.15666666666666668,0.0,0.0
CASIA2/Au/Au_ani_00039.jpg,0.22666666666666666,0.18666666666666668,0.0,0.0
CASIA2/Au/Au_ani_00040.jpg,0.16333333333333333,0.30333333333333334,0.005833333333333334,0.006666666666666667
CASIA2/Au/Au_ani_00041.jpg,0.18,0.20333333333333334,0.0,0.0
CASIA2/Au/Au_ani_00042.jpg,0.14666666666666667,0.07666666666666666,0.0,0.0033333333333333335
CASIA2/Au/Au_ani_00044.jpg,0.03333333333333333,0.02666666666666667,0.0,0.0
CASIA2/Au/Au_ani_00045.jpg,0.26666666666666666,0.07333333333333333,0.0,0.0
CASIA2/Au/Au_ani_00046.jpg,0.14666666666666667,0.19333333333333333,0.0,0.0
CASIA2/Au/Au_ani_00047.jpg,0.12,0.03666666666666667,0.0,0.0
CASIA2/Au/Au_ani_00048.jpg,0.22333333333333333,0.09333333333333334,0.0,0.0
CASIA2/Au/Au_ani_00049.jpg,0.14333333333333334,0.0,0.0,0.0
CASIA2/Au/Au_ani_00050.jpg,0.0,0.0033333333333333335,0.0,0.0
CASIA2/Au/Au_ani_00051.jpg,0.0,0.0033333333333333335,0.0,0.0
CASIA2/Au/Au_ani_00053.jpg,0.0,0.0,0.0,0.0
CASIA2/Au/Au_ani_00055.jpg,0.0033333333333333335,0.0,0.0033333333333333335,0.0
CASIA2/Au/Au_ani_00057.jpg,0.20666666666666667,0.36666666666666664,0.0,0.0
CASIA2/Au/Au_ani_00058.jpg,0.3566666666666667,0.20666666666666667,0.0033333333333333335,0.011357142857142857
CASIA2/Au/Au_ani_00060.jpg,0.3433333333333333,0.4533333333333333,0.16570695045695047,0.095986013986014
CASIA2/Au/Au_ani_00062.jpg,0.37666666666666665,0.09666666666666666,0.0,0.0025
CASIA2/Au/Au_ani_00065.jpg,0.21,0.16333333333333333,0.0,0.0
CASIA2/Au/Au_ani_00066.jpg,0.013333333333333334,0.15333333333333332,0.0,0.0
CASIA2/Au/Au_ani_00068.jpg,0.29,0.44333333333333336,0.0,0.0
CASIA2/Au/Au_ani_00069.jpg,0.05,0.08333333333333333,0.0,0.0030555555555555553
CASIA2/Au/Au_ani_00070.jpg,0.5733333333333334,0.36333333333333334,0.0,0.0
CASIA2/Au/Au_ani_00072.jpg,0.02,0.25666666666666665,0.0,0.0
CASIA2/Au/Au_ani_00073.jpg,0.09666666666666666,0.03333333333333333,0.0,0.0
CASIA2/Au/Au_ani_00074.jpg,0.10333333333333333,0.30666666666666664,0.0016666666666666668,0.0
CASIA2/Au/Au_ani_00075.jpg,0.15333333333333332,0.18333333333333332,0.0013333333333333335,0.0
CASIA2/Au/Au_ani_00076.jpg,0.13333333333333333,0.17333333333333334,0.0,0.002666666666666667
CASIA2/Au/Au_ani_00079.jpg,0.22666666666666666,0.07333333333333333,0.0,0.0
CASIA2/Au/Au_ani_00080.jpg,0.09333333333333334,0.02,0.0,0.0
CASIA2/Au/Au_ani_00081.jpg,0.17333333333333334,0.03333333333333333,0.0,0.0
CASIA2/Au/Au_ani_00082.jpg,0.2733333333333333,0.27666666666666667,0.0,0.0016666666666666668
CASIA2/Au/Au_ani_00083.jpg,0.19333333333333333,0.18,0.0,0.0
CASIA2/Au/Au_ani_00084.jpg,0.38666666666666666,0.38666666666666666,0.0,0.0008333333333333334
CASIA2/Au/Au_ani_00087.jpg,0.16666666666666666,0.043333333333333335,0.0,0.0
CASIA2/Au/Au_ani_00089.jpg,0.2633333333333333,0.21666666666666667,0.0,0.0
CASIA2/Au/Au_ani_00090.jpg,0.45,0.59,0.0,0.0
CASIA2/Au/Au_ani_00091.jpg,0.16666666666666666,0.18333333333333332,0.0,0.0
CASIA2/Au/Au_ani_00092.jpg,0.16,0.043333333333333335,0.0,0.0
CASIA2/Au/Au_ani_00094.jpg,0.06,0.056666666666666664,0.0033333333333333335,0.0014814814814814814
CASIA2/Au/Au_ani_00095.jpg,0.19,0.04,0.0,0.0
CASIA2/Au/Au_ani_00096.jpg,0.13666666666666666,0.05333333333333334,0.0,0.0019047619047619048
CASIA2/Au/Au_ani_00099.jpg,0.25,0.6533333333333333,0.13333333333333333,0.1332314814814815
CASIA2/Au/Au_ani_00100.jpg,0.24333333333333335,0.32666666666666666,0.11666666666666667,0.08404870129870129
CASIA2/Au/Au_ani_10002.jpg,0.26,0.37333333333333335,0.5496220446220448,0.40227897102897103
CASIA2/Au/Au_ani_10003.jpg,0.7133333333333334,0.7,0.16,0.134735088985089
CASIA2/Au/Au_ani_10004.jpg,0.47,0.3,0.0,0.004166666666666667
CASIA2/Au/Au_ani_10005.jpg,0.4,0.24666666666666667,0.0006666666666666668,0.0
CASIA2/Au/Au_ani_10101.jpg,0.91,0.7766666666666666,0.0037989417989417987,0.006797619047619047
CASIA2/Au/Au_ani_10103.jpg,0.5733333333333334,0.49333333333333335,0.0,0.0005555555555555556
CASIA2/Au/Au_ani_10105.jpg,0.38666666666666666,0.2866666666666667,0.0033333333333333335,0.014162698412698415
CASIA2/Au/Au_ani_10106.jpg,0.31333333333333335,0.28,0.04,0.011440836940836939
CASIA2/Au/Au_ani_10107.jpg,0.3466666666666667,0.18333333333333332,0.01,0.014238095238095237
CASIA2/Au/Au_ani_10108.jpg,0.5466666666666666,0.6133333333333333,0.05,0.035027777777777776
CASIA2/Au/Au_ani_10109.jpg,0.4866666666666667,0.43333333333333335,0.05333333333333334,0.055301587301587296
CASIA2/Au/Au_ani_10110.jpg,0.5133333333333333,0.48,0.01,0.024456349206349204
CASIA2/Au/Au_ani_10111.jpg,0.7033333333333334,0.7133333333333334,0.006666666666666667,0.03510690235690236
CASIA2/Au/Au_ani_10112.jpg,0.54,0.8,0.7266666666666667,0.8745513098013098
CASIA2/Au/Au_ani_10113.jpg,0.26,0.83,0.9316675824175827,0.8814584489584488
CASIA2/Au/Au_ani_10114.jpg,0.13,0.68,0.9733333333333334,0.8444712879712876
CASIA2/Au/Au_ani_10115.jpg,0.54,0.9,0.8333333333333334,0.9238595489477842
CASIA2/Au/Au_ani_10116.jpg,0.21666666666666667,0.6566666666666666,0.7666666666666667,0.7868044303191364
CASIA2/Au/Au_ani_10117.jpg,0.6566666666666666,0.8833333333333333,0.8666666666666667,0.9424139009139011
CASIA2/Au/Au_ani_10118.jpg,0.67,0.8966666666666666,0.76,0.860712370962371
CASIA2/Au/Au_ani_10119.jpg,0.51,0.8033333333333333,0.8136948236948239,0.8168941243941245
CASIA2/Au/Au_ani_10120.jpg,0.5233333333333333,0.79,0.7285125245125246,0.7599926924926925
CASIA2/Au/Au_ani_10121.jpg,0.69,0.85,0.5633333333333334,0.8397959355459357
CASIA2/Au/Au_ani_10122.jpg,0.71,0.9133333333333333,0.6992088744588745,0.7737534872534872
CASIA2/Au/Au_ani_10123.jpg,0.33666666666666667,0.78,0.9137384282384282,0.8772387381137382
CASIA2/Au/Au_ani_10125.jpg,0.45666666666666667,0.4033333333333333,0.0,0.0
CASIA2/Au/Au_ani_10126.jpg,0.18666666666666668,0.3566666666666667,0.0,0.0
CASIA2/Au/Au_ani_10127.jpg,0.63,0.3566666666666667,0.004206349206349206,0.0
CASIA2/Au/Au_ani_10128.jpg,0.5633333333333334,0.39666666666666667,0.0,0.0
CASIA2/Au/Au_ani_10129.jpg,0.1,0.53,0.0,0.00891017316017316
CASIA2/Au/Au_ani_10131.jpg,0.3333333333333333,0.2966666666666667,0.5105271123212298,0.43925611425611427
CASIA2/Au/Au_ani_10132.jpg,0.16333333333333333,0.04666666666666667,0.0,0.0
CASIA2/Au/Au_ani_10134.jpg,0.36,0.1,0.0,0.0
CASIA2/Au/Au_ani_10135.jpg,0.16666666666666666,0.07666666666666666,0.0,0.0
CASIA2/Au/Au_ani_10137.jpg,0.6333333333333333,0.49666666666666665,0.007198412698412698,0.0020952380952380953
CASIA2/Au/Au_ani_10138.jpg,0.3233333333333333,0.3233333333333333,0.0,0.0011111111111111111
CASIA2/Au/Au_ani_10139.jpg,0.43333333333333335,0.2733333333333333,0.0,0.0008333333333333334
CASIA2/Au/Au_ani_10140.jpg,0.29333333333333333,0.11666666666666667,0.0,0.0
CASIA2/Au/Au_ani_10141.jpg,0.71,0.47,0.0,0.0
CASIA2/Au/Au_ani_10142.jpg,0.39,0.2633333333333333,0.0,0.0008333333333333334
CASIA2/Au/Au_ani_10143.jpg,0.18666666666666668,0.3933333333333333,0.01,0.0034259259259259256
CASIA2/Au/Au_ani_10145.jpg,0.21,0.03666666666666667,0.018436137936137936,0.00860048285048285
CASIA2/Au/Au_ani_10146.jpg,0.2733333333333333,0.11,0.0,0.0
CASIA2/Au/Au_ani_10147.jpg,0.4766666666666667,0.38,0.0,0.0
CASIA2/Au/Au_ani_10148.jpg,0.56,0.39666666666666667,0.006666666666666667,0.02364478114478115
CASIA2/Au/Au_ani_10152.jpg,0.23666666666666666,0.44,0.013333333333333334,0.08416052466052465
CASIA2/Au/Au_ani_10153.jpg,0.33666666666666667,0.6333333333333333,0.07699146224146224,0.08247775372775372
CASIA2/Au/Au_ani_10154.jpg,0.72,0.7266666666666667,0.06083080808080808,0.09041843341843345
CASIA2/Au/Au_ani_10156.jpg,0.49333333333333335,0.7133333333333334,0.02666666666666667,0.06587722462722463
CASIA2/Au/Au_ani_10157.jpg,0.25,0.37333333333333335,0.05875276575276575,0.08414706589706591
CASIA2/Au/Au_ani_10158.jpg,0.14,0.30666666666666664,0.016234126984126983,0.012056471306471306
CASIA2/Au/Au_ani_10159.jpg,0.2,0.37666666666666665,0.006666666666666667,0.0004761904761904762
CASIA2/Au/Au_ani_10160.jpg,0.31666666666666665,0.31,0.013027777777777777,0.007936507936507936
CASIA2/Au/Au_ani_10161.jpg,0.09333333333333334,0.39,0.04146356421356421,0.039512820512820505
CASIA2/Au/Au_ani_10162.jpg,0.30333333333333334,0.37666666666666665,0.006666666666666667,0.01064814814814815
CASIA2/Au/Au_ani_10163.jpg,0.43666666666666665,0.37666666666666665,0.11990295815295814,0.0518030303030303
CASIA2/Au/Au_ani_10164.jpg,0.38333333333333336,0.4033333333333333,0.05611892736892737,0.03665632515632515
CASIA2/Au/Au_ani_10166.jpg,0.53,0.45666666666666667,0.01,0.0016984126984126984
CASIA2/Au/Au_ani_10167.jpg,0.19,0.15333333333333332,0.0034920634920634916,0.0004761904761904762
CASIA2/Au/Au_ani_10168.jpg,0.37333333333333335,0.19666666666666666,0.24666666666666667,0.31037942612942615
CASIA2/Au/Au_ani_10169.jpg,0.5033333333333333,0.36333333333333334,0.6233333333333333,0.4151468161468161
CASIA2/Au/Au_ani_10170.jpg,0.12333333333333334,0.21,0.0064285714285714285,0.0034761904761904765
CASIA2/Au/Au_ani_10171.jpg,0.36,0.14,0.0,0.0
CASIA2/Au/Au_ani_10172.jpg,0.5066666666666667,0.54,0.1,0.1347736522736523
CASIA2/Au/Au_ani_10173.jpg,0.23,0.37333333333333335,0.41333333333333333,0.49865728715728713
CASIA2/Au/Au_ani_10174.jpg,0.5033333333333333,0.4633333333333333,0.016666666666666666,0.06901661573720397
CASIA2/Au/Au_ani_10175.jpg,0.37333333333333335,0.2633333333333333,0.0,0.0092989417989418
CASIA2/Au/Au_ani_10176.jpg,0.18,0.19333333333333333,0.0033333333333333335,0.010444444444444444
CASIA2/Au/Au_ani_10177.jpg,0.30333333333333334,0.21,0.016155483405483406,0.018426739926739925
CASIA2/Au/Au_ani_10178.jpg,0.33666666666666667,0.35,0.0033333333333333335,0.015593915343915346
CASIA2/Au/Au_ani_10180.jpg,0.05,0.03666666666666667,0.025111111111111115,0.02536772486772487
CASIA2/Au/Au_ani_10181.jpg,0.26666666666666666,0.17666666666666667,0.05,0.05177513227513228
CASIA2/Au/Au_ani_10182.jpg,0.27,0.31333333333333335,0.01,0.028039682539682545
CASIA2/Au/Au_ani_10183.jpg,0.32,0.4266666666666667,0.01998778998778999,0.014462962962962962
CASIA2/Au/Au_ani_10184.jpg,0.30666666666666664,0.11,0.03444841269841269,0.05712409812409812
CASIA2/Au/Au_ani_10185.jpg,0.3333333333333333,0.30333333333333334,0.0022222222222222222,0.0
CASIA2/Au/Au_ani_10186.jpg,0.2833333333333333,0.24,0.021703703703703708,0.0017857142857142857
CASIA2/Au/Au_ani_10187.jpg,0.23333333333333334,0.37666666666666665,0.0033333333333333335,0.0008333333333333334
CASIA2/Au/Au_ani_10188.jpg,0.52,0.5466666666666666,0.0033333333333333335,0.01450793650793651
CASIA2/Au/Au_ani_10189.jpg,0.28,0.2633333333333333,0.0033333333333333335,0.0028693528693528696
CASIA2/Au/Au_ani_10190.jpg,0.17666666666666667,0.25333333333333335,0.014592592592592595,0.030333333333333327
CASIA2/Au/Au_ani_10192.jpg,0.27666666666666667,0.2633333333333333,0.0,0.0011111111111111111
CASIA2/Au/Au_ani_10193.jpg,0.41,0.4666666666666667,0.0033333333333333335,0.022301587301587305
CASIA2/Au/Au_ani_10194.jpg,0.21,0.22333333333333333,0.0,0.005150793650793651
CASIA2/Au/Au_ani_10196.jpg,0.23666666666666666,0.27666666666666667,0.0033333333333333335,0.002738095238095238
CASIA2/Au/Au_ani_10197.jpg,0.49333333333333335,0.45,0.01,0.06440007215007215
CASIA2/Au/Au_ani_10199.jpg,0.15,0.47,0.03,0.1248068783068783
CASIA2/Au/Au_ani_10200.jpg,0.3333333333333333,0.3433333333333333,0.08123026048026047,0.09676046176046176
CASIA2/Au/Au_ani_10201.jpg,0.30333333333333334,0.2633333333333333,0.051305555555555556,0.06640993265993266
CASIA2/Au/Au_ani_10202.jpg,0.6366666666666667,0.49666666666666665,0.006666666666666667,0.0095
CASIA2/Au/Au_ani_10203.jpg,0.7866666666666666,0.6133333333333333,0.0,0.014666666666666668
CASIA2/Au/Au_ani_10204.jpg,0.17333333333333334,0.24333333333333335,0.0033333333333333335,0.0
CASIA2/Au/Au_ani_10205.jpg,0.49333333333333335,0.43,0.02666666666666667,0.09259123284123284
CASIA2/Au/Au_ani_10206.jpg,0.5866666666666667,0.38,0.016666666666666666,0.03705218855218855
CASIA2/Au/Au_ani_10207.jpg,0.8,0.5166666666666667,0.03953439153439153,0.021705387205387207
CASIA2/Au/Au_ani_10208.jpg,0.22666666666666666,0.36,0.008775252525252526,0.02230952380952381
CASIA2/Au/Au_ani_10209.jpg,0.48,0.36333333333333334,0.02666666666666667,0.03806216931216932
CASIA2/Au/Au_ani_10210.jpg,0.05,0.26,0.0033333333333333335,0.008
CASIA2/Au/Au_ani_10211.jpg,0.12333333333333334,0.2633333333333333,0.007142857142857143,0.008166666666666666
CASIA2/Au/Au_ani_10212.jpg,0.21,0.4,0.03666666666666667,0.10183970658970659
CASIA2/Au/Au_ani_10213.jpg,0.5266666666666666,0.34,0.06,0.06171332371332371
CASIA2/Au/Au_ani_10214.jpg,0.30666666666666664,0.4666666666666667,0.08666666666666667,0.13109571909571907
CASIA2/Au/Au_ani_10215.jpg,0.2733333333333333,0.4,0.43,0.46819480519480533
CASIA2/Au/Au_ani_10216.jpg,0.35333333333333333,0.43666666666666665,0.39865219502719496,0.5009237614237615
CASIA2/Au/Au_ani_10217.jpg,0.6833333333333333,0.48,0.05333333333333334,0.0647989417989418
CASIA2/Au/Au_ani_10218.jpg,0.4766666666666667,0.38,0.7898133718133717,0.7498518518518518
CASIA2/Au/Au_ani_10220.jpg,0.9033333333333333,0.7933333333333333,0.32666666666666666,0.3383798701298701
CASIA2/Au/Au_ani_10221.jpg,0.02666666666666667,0.4533333333333333,0.031044973544973545,0.020226190476190477
CASIA2/Au/Au_ani_10222.jpg,0.38666666666666666,0.4033333333333333,0.0,0.015204582454582454
CASIA2/Au/Au_ani_10223.jpg,0.54,0.37333333333333335,0.13465692640692645,0.07025727513227514
CASIA2/Au/Au_ani_10224.jpg,0.19333333333333333,0.33,0.007574074074074074,0.007690476190476191
CASIA2/Au/Au_ani_20001.jpg,0.45666666666666667,0.4033333333333333,0.0,0.0
CASIA2/Au/Au_ani_20002.jpg,0.18666666666666668,0.3566666666666667,0.0,0.0
CASIA2/Au/Au_ani_20003.jpg,0.63,0.3566666666666667,0.004206349206349206,0.0
CASIA2/Au/Au_ani_20004.jpg,0.5633333333333334,0.39666666666666667,0.0,0.0
CASIA2/Au/Au_ani_20005.jpg,0.1,0.53,0.0,0.00891017316017316
CASIA2/Au/Au_ani_20006.jpg,0.19333333333333333,0.33,0.007574074074074074,0.007690476190476191
CASIA2/Au/Au_ani_20007.jpg,0.4766666666666667,0.38,0.7898133718133717,0.7498518518518518
CASIA2/Au/Au_ani_20008.jpg,0.6833333333333333,0.48,0.05333333333333334,0.0647989417989418
CASIA2/Au/Au_ani_20010.jpg,0.49666666666666665,0.4266666666666667,0.4839170557111732,0.3803362411009469
CASIA2/Au/Au_ani_20011.jpg,0.16666666666666666,0.07666666666666666,0.0,0.0
CASIA2/Au/Au_ani_20013.jpg,0.2733333333333333,0.4,0.43,0.46819480519480533
CASIA2/Au/Au_ani_20014.jpg,0.30666666666666664,0.4666666666666667,0.08666666666666667,0.13109571909571907
CASIA2/Au/Au_ani_20015.jpg,0.5266666666666666,0.34,0.06,0.06171332371332371
CASIA2/Au/Au_ani_20016.jpg,0.29333333333333333,0.11666666666666667,0.0,0.0
CASIA2/Au/Au_ani_20017.jpg,0.71,0.47,0.0,0.0
CASIA2/Au/Au_ani_20018.jpg,0.21,0.4,0.03666666666666667,0.10183970658970659
CASIA2/Au/Au_ani_20019.jpg,0.18666666666666668,0.3933333333333333,0.01,0.0034259259259259256
CASIA2/Au/Au_ani_20021.jpg,0.12333333333333334,0.2633333333333333,0.007142857142857143,0.008166666666666666
CASIA2/Au/Au_ani_20022.jpg,0.2733333333333333,0.11,0.0,0.0
CASIA2/Au/Au_ani_20023.jpg,0.4766666666666667,0.38,0.0,0.0
CASIA2/Au/Au_ani_20024.jpg,0.56,0.39666666666666667,0.006666666666666667,0.02364478114478115
CASIA2/Au/Au_ani_20028.jpg,0.23666666666666666,0.44,0.013333333333333334,0.08416052466052465
CASIA2/Au/Au_ani_20029.jpg,0.33666666666666667,0.6333333333333333,0.07699146224146224,0.08247775372775372
CASIA2/Au/Au_ani_20030.jpg,0.72,0.7266666666666667,0.06083080808080808,0.09041843341843345
CASIA2/Au/Au_ani_20032.jpg,0.49333333333333335,0.7133333333333334,0.02666666666666667,0.06587722462722463
CASIA2/Au/Au_ani_20033.jpg,0.25,0.37333333333333335,0.05875276575276575,0.08414706589706591
CASIA2/Au/Au_ani_20034.jpg,0.05,0.26,0.0033333333333333335,0.008
CASIA2/Au/Au_ani_20035.jpg,0.2,0.37666666666666665,0.006666666666666667,0.0004761904761904762
CASIA2/Au/Au_ani_20036.jpg,0.31666666666666665,0.31,0.013027777777777777,0.007936507936507936
CASIA2/Au/Au_ani_20037.jpg,0.09333333333333334,0.39,0.04146356421356421,0.039512820512820505
CASIA2/Au/Au_ani_20038.jpg,0.30333333333333334,0.37666666666666665,0.006666666666666667,0.01064814814814815
CASIA2/Au/Au_ani_20039.jpg,0.43666666666666665,0.37666666666666665,0.11990295815295814,0.0518030303030303
CASIA2/Au/Au_ani_20040.jpg,0.38333333333333336,0.4033333333333333,0.05611892736892737,0.03665632515632515
CASIA2/Au/Au_ani_20041.jpg,0.8,0.5166666666666667,0.03953439153439153,0.021705387205387207
CASIA2/Au/Au_ani_20042.jpg,0.53,0.45666666666666667,0.01,0.0016984126984126984
CASIA2/Au/Au_ani_20043.jpg,0.19,0.15333333333333332,0.0034920634920634916,0.0004761904761904762
CASIA2/Au/Au_ani_20044.jpg,0.37333333333333335,0.19666666666666666,0.24666666666666667,0.31037942612942615
CASIA2/Au/Au_ani_20045.jpg,0.5033333333333333,0.36333333333333334,0.6233333333333333,0.4151468161468161
CASIA2/Au/Au_ani_20046.jpg,0.12333333333333334,0.21,0.0064285714285714285,0.0034761904761904765
CASIA2/Au/Au_ani_20047.jpg,0.36,0.14,0.0,0.0
CASIA2/Au/Au_ani_20048.jpg,0.5066666666666667,0.54,0.1,0.1347736522736523
CASIA2/Au/Au_ani_20049.jpg,0.5866666666666667,0.38,0.016666666666666666,0.03705218855218855
CASIA2/Au/Au_ani_20050.jpg,0.49333333333333335,0.43,0.02666666666666667,0.09259123284123284
CASIA2/Au/Au_ani_20051.jpg,0.37333333333333335,0.2633333333333333,0.0,0.0092989417989418
CASIA2/Au/Au_ani_20052.jpg,0.18,0.19333333333333333,0.0033333333333333335,0.010444444444444444
CASIA2/Au/Au_ani_20053.jpg,0.30333333333333334,0.21,0.016155483405483406,0.018426739926739925
CASIA2/Au/Au_ani_20054.jpg,0.33666666666666667,0.35,0.0033333333333333335,0.015593915343915346
CASIA2/Au/Au_ani_20056.jpg,0.05,0.03666666666666667,0.025111111111111115,0.02536772486772487
CASIA2/Au/Au_ani_20057.jpg,0.26666666666666666,0.17666666666666667,0.05,0.05177513227513228
CASIA2/Au/Au_ani_20058.jpg,0.15,0.47,0.03,0.1248068783068783
CASIA2/Au/Au_ani_20059.jpg,0.49333333333333335,0.45,0.01,0.06440007215007215
CASIA2/Au/Au_ani_20060.jpg,0.23666666666666666,0.27666666666666667,0.0033333333333333335,0.002738095238095238
CASIA2/Au/Au_ani_20061.jpg,0.3333333333333333,0.30333333333333334,0.0022222222222222222,0.0
CASIA2/Au/Au_ani_20062.jpg,0.2833333333333333,0.24,0.021703703703703708,0.0017857142857142857
CASIA2/Au/Au_ani_20063.jpg,0.23333333333333334,0.37666666666666665,0.0033333333333333335,0.0008333333333333334
CASIA2/Au/Au_ani_20064.jpg,0.52,0.5466666666666666,0.0033333333333333335,0.01450793650793651
CASIA2/Au/Au_ani_20065.jpg,0.28,0.2633333333333333,0.0033333333333333335,0.0028693528693528696
CASIA2/Au/Au_ani_20066.jpg,0.17666666666666667,0.25333333333333335,0.014592592592592595,0.030333333333333327
CASIA2/Au/Au_ani_20068.jpg,0.27666666666666667,0.2633333333333333,0.0,0.0011111111111111111
CASIA2/Au/Au_ani_20069.jpg,0.41,0.4666666666666667,0.0033333333333333335,0.022301587301587305
CASIA2/Au/Au_ani_20070.jpg,0.21,0.22333333333333333,0.0,0.005150793650793651
CASIA2/Au/Au_ani_30001.jpg,0.0,0.0,0.0,0.0
CASIA2/Au/Au_ani_30002.jpg,0.01,0.0,0.0,0.0
CASIA2/Au/Au_ani_30003.jpg,0.07333333333333333,0.013333333333333334,0.0,0.0
CASIA2/Au/Au_ani_30004.jpg,0.17333333333333334,0.04,0.0,0.0
CASIA2/Au/Au_ani_30005.jpg,0.01,0.0,0.0,0.0
CASIA2/Au/Au_ani_30006.jpg,0.07333333333333333,0.0,0.0,0.0
CASIA2/Au/Au_ani_30007.jpg,0.44,0.04,0.0,0.0
CASIA2/Au/Au_ani_30008.jpg,0.18,0.08666666666666667,0.0,0.0
CASIA2/Au/Au_ani_30009.jpg,0.2,0.09333333333333334,0.0,0.0
CASIA2/Au/Au_ani_30010.jpg,0.36666666666666664,0.19,0.0,0.0
CASIA2/Au/Au_ani_30011.jpg,0.08,0.06333333333333334,0.0,0.0
CASIA2/Au/Au_ani_30012.jpg,0.016666666666666666,0.0033333333333333335,0.0,0.0
CASIA2/Au/Au_ani_30013.jpg,0.023333333333333334,0.0,0.0,0.0
CASIA2/Au/Au_ani_30014.jpg,0.056666666666666664,0.006666666666666667,0.0,0.0
CASIA2/Au/Au_ani_30015.jpg,0.03,0.0,0.0,0.0
CASIA2/Au/Au_ani_30017.jpg,0.0,0.0,0.0,0.0
CASIA2/Au/Au_ani_30018.jpg,0.09,0.01,0.0,0.0
CASIA2/Au/Au_ani_30019.jpg,0.0,0.0,0.0,0.0
CASIA2/Au/Au_ani_30020.jpg,0.08333333333333333,0.013333333333333334,0.0,0.0
CASIA2/Au/Au_ani_30021.jpg,0.03,0.0,0.0,0.0
CASIA2/Au/Au_ani_30022.jpg,0.0,0.0,0.0016666666666666668,0.0
CASIA2/Au/Au_ani_30024.jpg,0.05333333333333334,0.0,0.0,0.0
CASIA2/Au/Au_ani_30025.jpg,0.01,0.01,0.0,0.0
CASIA2/Au/Au_ani_30026.jpg,0.3466666666666667,0.02,0.0,0.0
CASIA2/Au/Au_ani_30027.jpg,0.006666666666666667,0.0,0.0,0.0
CASIA2/Au/Au_ani_30028.jpg,0.04,0.0033333333333333335,0.0,0.0
CASIA2/Au/Au_ani_30029.jpg,0.07,0.0033333333333333335,0.0,0.0
CASIA2/Au/Au_ani_30030.jpg,0.006666666666666667,0.0033333333333333335,0.0,0.0
CASIA2/Au/Au_ani_30032.jpg,0.0033333333333333335,0.0,0.0,0.0
CASIA2/Au/Au_ani_30034.jpg,0.013333333333333334,0.0,0.0,0.0
CASIA2/Au/Au_ani_30036.jpg,0.07,0.006666666666666667,0.0,0.0
CASIA2/Au/Au_ani_30038.jpg,0.0,0.0,0.0,0.0
CASIA2/Au/Au_ani_30039.jpg,0.01,0.0,0.0,0.0
CASIA2/Au/Au_ani_30040.jpg,0.0,0.0,0.0,0.0
CASIA2/Au/Au_ani_30041.jpg,0.0033333333333333335,0.0,0.0,0.0
CASIA2/Au/Au_ani_30042.jpg,0.01,0.0,0.0,0.0
CASIA2/Au/Au_ani_30043.jpg,0.0033333333333333335,0.0,0.0,0.0
CASIA2/Au/Au_ani_30045.jpg,0.01,0.0,0.0,0.0
CASIA2/Au/Au_ani_30046.jpg,0.06666666666666667,0.02,0.0,0.0005555555555555556
CASIA2/Au/Au_ani_30047.jpg,0.4033333333333333,0.07333333333333333,0.0,0.0
CASIA2/Au/Au_ani_30048.jpg,0.0,0.0,0.0,0.0
CASIA2/Au/Au_ani_30049.jpg,0.04,0.0033333333333333335,0.0,0.0
CASIA2/Au/Au_ani_30050.jpg,0.05333333333333334,0.013333333333333334,0.0,0.0
CASIA2/Au/Au_ani_30051.jpg,0.0,0.0,0.0,0.0
CASIA2/Au/Au_ani_30052.jpg,0.0,0.0,0.0,0.0
CASIA2/Au/Au_ani_30053.jpg,0.01,0.0,0.0,0.0
CASIA2/Au/Au_ani_30054.jpg,0.0033333333333333335,0.0,0.0,0.0
CASIA2/Au/Au_ani_30055.jpg,0.0,0.0,0.0,0.0
CASIA2/Au/Au_ani_30056.jpg,0.05,0.02666666666666667,0.0,0.0
CASIA2/Au/Au_ani_30057.jpg,0.013333333333333334,0.0033333333333333335,0.0,0.0
CASIA2/Au/Au_ani_30059.jpg,0.06666666666666667,0.01,0.0,0.0
CASIA2/Au/Au_ani_30060.jpg,0.006666666666666667,0.0,0.0,0.0
CASIA2/Au/Au_ani_30062.jpg,0.0,0.0,0.0,0.0
CASIA2/Au/Au_ani_30063.jpg,0.0033333333333333335,0.0033333333333333335,0.0,0.0
CASIA2/Au/Au_ani_30064.jpg,0.056666666666666664,0.0033333333333333335,0.0,0.0
CASIA2/Au/Au_ani_30067.jpg,0.006666666666666667,0.0,0.0,0.0
CASIA2/Au/Au_ani_30068.jpg,0.08666666666666667,0.02,0.0,0.0
CASIA2/Au/Au_ani_30070.jpg,0.016666666666666666,0.0,0.0,0.0
CASIA2/Au/Au_ani_30071.jpg,0.013333333333333334,0.02,0.0,0.0
CASIA2/Au/Au_ani_30072.jpg,0.016666666666666666,0.0,0.0,0.0
CASIA2/Au/Au_ani_30073.jpg,0.0033333333333333335,0.0033333333333333335,0.0,0.0
CASIA2/Au/Au_ani_30074.jpg,0.11,0.03,0.0,0.0
CASIA2/Au/Au_ani_30075.jpg,0.2966666666666667,0.016666666666666666,0.0,0.0
CASIA2/Au/Au_ani_30076.jpg,0.02,0.056666666666666664,0.0,0.0
CASIA2/Au/Au_ani_30077.jpg,0.0,0.0,0.0,0.0
CASIA2/Au/Au_ani_30079.jpg,0.056666666666666664,0.013333333333333334,0.0,0.0
CASIA2/Au/Au_ani_30080.jpg,0.0,0.0,0.0,0.0
CASIA2/Au/Au_ani_30082.jpg,0.04,0.013333333333333334,0.0,0.0
CASIA2/Au/Au_ani_30083.jpg,0.016666666666666666,0.0033333333333333335,0.0,0.0
CASIA2/Au/Au_ani_30084.jpg,0.016666666666666666,0.0033333333333333335,0.0,0.0
CASIA2/Au/Au_ani_30085.jpg,0.03666666666666667,0.0,0.0,0.0
CASIA2/Au/Au_ani_30088.jpg,0.006666666666666667,0.0,0.0,0.0
CASIA2/Au/Au_ani_30089.jpg,0.0,0.0,0.0,0.0
CASIA2/Au/Au_ani_30090.jpg,0.0033333333333333335,0.0033333333333333335,0.0,0.0
CASIA2/Au/Au_ani_30091.jpg,0.006666666666666667,0.0,0.0,0.0
CASIA2/Au/Au_ani_30092.jpg,0.03666666666666667,0.013333333333333334,0.0,0.0
CASIA2/Au/Au_ani_30093.jpg,0.0,0.0,0.0,0.0
CASIA2/Au/Au_ani_30094.jpg,0.043333333333333335,0.01,0.0,0.0016666666666666668
CASIA2/Au/Au_ani_30095.jpg,0.006666666666666667,0.0,0.0,0.0
CASIA2/Au/Au_ani_30096.jpg,0.06666666666666667,0.0033333333333333335,0.0,0.0
CASIA2/Au/Au_ani_30098.jpg,0.0,0.0,0.0,0.0
CASIA2/Au/Au_ani_30099.jpg,0.0,0.0,0.0,0.0
CASIA2/Au/Au_ani_30100.jpg,0.03,0.0,0.0,0.0
CASIA2/Au/Au_ani_30101.jpg,0.0,0.0,0.0,0.0
CASIA2/Au/Au_ani_30102.jpg,0.006666666666666667,0.0,0.0,0.0
CASIA2/Au/Au_ani_30103.jpg,0.0,0.013333333333333334,0.0,0.0
CASIA2/Au/Au_ani_30105.jpg,0.05333333333333334,0.0,0.0,0.0
CASIA2/Au/Au_ani_30106.jpg,0.0,0.0,0.0,0.0
CASIA2/Au/Au_ani_30107.jpg,0.01,0.02,0.0,0.0033333333333333335
CASIA2/Au/Au_ani_30108.jpg,0.0,0.0,0.0,0.0
CASIA2/Au/Au_ani_30109.jpg,0.0,0.0,0.0,0.0
CASIA2/Au/Au_ani_30110.jpg,0.0033333333333333335,0.013333333333333334,0.0,0.0
CASIA2/Au/Au_ani_30111.jpg,0.0033333333333333335,0.0,0.0,0.0
CASIA2/Au/Au_ani_30112.jpg,0.07333333333333333,0.013333333333333334,0.0,0.0
CASIA2/Au/Au_ani_30113.jpg,0.013333333333333334,0.006666666666666667,0.005722222222222222,0.0020952380952380953
CASIA2/Au/Au_ani_30114.jpg,0.056666666666666664,0.006666666666666667,0.0,0.0
CASIA2/Au/Au_ani_30115.jpg,0.01,0.0,0.0,0.0
CASIA2/Au/Au_ani_30117.jpg,0.13666666666666666,0.016666666666666666,0.0,0.0016666666666666668
CASIA2/Au/Au_ani_30118.jpg,0.08,0.01,0.0,0.004071428571428572
CASIA2/Au/Au_ani_30119.jpg,0.006666666666666667,0.0033333333333333335,0.0,0.0
CASIA2/Au/Au_ani_30120.jpg,0.07666666666666666,0.013333333333333334,0.0,0.0
CASIA2/Au/Au_ani_30121.jpg,0.006666666666666667,0.0,0.0,0.0
CASIA2/Au/Au_ani_30123.jpg,0.05333333333333334,0.016666666666666666,0.0,0.0
CASIA2/Au/Au_ani_30124.jpg,0.24333333333333335,0.013333333333333334,0.0,0.0025555555555555557
CASIA2/Au/Au_ani_30125.jpg,0.04666666666666667,0.0,0.0,0.002
CASIA2/Au/Au_ani_30127.jpg,0.10333333333333333,0.01,0.0033333333333333335,0.0016666666666666668
CASIA2/Au/Au_ani_30128.jpg,0.01,0.016666666666666666,0.0,0.0
CASIA2/Au/Au_ani_30129.jpg,0.14666666666666667,0.01,0.0,0.0
CASIA2/Au/Au_ani_30130.jpg,0.12,0.013333333333333334,0.0,0.0013888888888888887
CASIA2/Au/Au_ani_30131.jpg,0.10333333333333333,0.06333333333333334,0.0,0.01842246642246642
CASIA2/Au/Au_ani_30132.jpg,0.03333333333333333,0.0033333333333333335,0.0,0.0018888888888888887
CASIA2/Au/Au_ani_30133.jpg,0.006666666666666667,0.01,0.0008333333333333334,0.0
CASIA2/Au/Au_ani_30134.jpg,0.023333333333333334,0.013333333333333334,0.0,0.0
CASIA2/Au/Au_ani_30135.jpg,0.03,0.006666666666666667,0.0,0.001
CASIA2/Au/Au_ani_30137.jpg,0.07333333333333333,0.0033333333333333335,0.0,0.0
CASIA2/Au/Au_ani_30138.jpg,0.07666666666666666,0.0033333333333333335,0.0,0.001
CASIA2/Au/Au_ani_30139.jpg,0.08333333333333333,0.0,0.0,0.0
CASIA2/Au/Au_ani_30140.jpg,0.18333333333333332,0.04666666666666667,0.0,0.004611111111111111
CASIA2/Au/Au_ani_30141.jpg,0.12333333333333334,0.023333333333333334,0.0,0.0
CASIA2/Au/Au_ani_30142.jpg,0.1,0.01,0.0,0.0018333333333333335
CASIA2/Au/Au_ani_30143.jpg,0.07333333333333333,0.023333333333333334,0.0,0.0032380952380952383
CASIA2/Au/Au_ani_30144.jpg,0.023333333333333334,0.006666666666666667,0.0,0.0
CASIA2/Au/Au_ani_30145.jpg,0.05,0.0,0.0,0.0
CASIA2/Au/Au_ani_30146.jpg,0.006666666666666667,0.0,0.0,0.0
CASIA2/Au/Au_ani_30147.jpg,0.0,0.0033333333333333335,0.0,0.0
CASIA2/Au/Au_ani_30148.jpg,0.02,0.01,0.0,0.0
CASIA2/Au/Au_ani_30149.jpg,0.03333333333333333,0.0,0.0,0.0
CASIA2/Au/Au_ani_30150.jpg,0.0,0.0,0.0,0.0
CASIA2/Au/Au_ani_30152.jpg,0.07666666666666666,0.01,0.0,0.0
CASIA2/Au/Au_ani_30153.jpg,0.06333333333333334,0.016666666666666666,0.0,0.0
CASIA2/Au/Au_ani_30154.jpg,0.07666666666666666,0.056666666666666664,0.0,0.0
CASIA2/Au/Au_ani_30155.jpg,0.08333333333333333,0.0,0.0,0.0
CASIA2/Au/Au_ani_30157.jpg,0.04666666666666667,0.02666666666666667,0.0,0.0008333333333333334
CASIA2/Au/Au_ani_30158.jpg,0.013333333333333334,0.0,0.0,0.0
CASIA2/Au/Au_ani_30161.jpg,0.0033333333333333335,0.01,0.0,0.00548941798941799
CASIA2/Au/Au_ani_30162.jpg,0.01,0.03666666666666667,0.0,0.0
CASIA2/Au/Au_ani_30163.jpg,0.016666666666666666,0.013333333333333334,0.0,0.0
CASIA2/Au/Au_ani_30164.jpg,0.11333333333333333,0.02,0.0,0.0025
CASIA2/Au/Au_ani_30165.jpg,0.0,0.006666666666666667,0.0,0.0
CASIA2/Au/Au_ani_30167.jpg,0.06666666666666667,0.023333333333333334,0.0,0.0016666666666666668
CASIA2/Au/Au_ani_30168.jpg,0.10666666666666667,0.09333333333333334,0.0,0.004333333333333333
CASIA2/Au/Au_ani_30169.jpg,0.06666666666666667,0.013333333333333334,0.0,0.0006666666666666668
CASIA2/Au/Au_ani_30170.jpg,0.12666666666666668,0.006666666666666667,0.0,0.0
CASIA2/Au/Au_ani_30171.jpg,0.12,0.01,0.0,0.0008333333333333334
CASIA2/Au/Au_ani_30172.jpg,0.12333333333333334,0.023333333333333334,0.0,0.0006666666666666668
CASIA2/Au/Au_ani_30173.jpg,0.04,0.006666666666666667,0.0,0.0
CASIA2/Au/Au_ani_30174.jpg,0.11333333333333333,0.04,0.0,0.0
CASIA2/Au/Au_ani_30175.jpg,0.023333333333333334,0.016666666666666666,0.0,0.0
CASIA2/Au/Au_ani_30176.jpg,0.006666666666666667,0.02,0.0,0.0
CASIA2/Au/Au_ani_30177.jpg,0.03666666666666667,0.0033333333333333335,0.0,0.0
CASIA2/Au/Au_ani_30178.jpg,0.05,0.0,0.006016705516705516,0.005898101898101898
CASIA2/Au/Au_ani_30179.jpg,0.013333333333333334,0.006666666666666667,0.0,0.0008333333333333334
CASIA2/Au/Au_ani_30180.jpg,0.07,0.006666666666666667,0.0,0.0
CASIA2/Au/Au_ani_30181.jpg,0.21333333333333335,0.03,0.0,0.002333333333333333
CASIA2/Au/Au_ani_30182.jpg,0.09666666666666666,0.07333333333333333,0.0,0.0
CASIA2/Au/Au_ani_30183.jpg,0.0033333333333333335,0.0,0.0,0.0
CASIA2/Au/Au_ani_30184.jpg,0.056666666666666664,0.016666666666666666,0.0,0.0008333333333333334
CASIA2/Au/Au_ani_30185.jpg,0.03333333333333333,0.016666666666666666,0.0,0.0
CASIA2/Au/Au_ani_30186.jpg,0.03333333333333333,0.12666666666666668,0.0,0.004166666666666667
CASIA2/Au/Au_ani_30187.jpg,0.03666666666666667,0.006666666666666667,0.0,0.0
CASIA2/Au/Au_ani_30189.jpg,0.016666666666666666,0.0033333333333333335,0.0,0.0
CASIA2/Au/Au_ani_30190.jpg,0.016666666666666666,0.0,0.0,0.0016666666666666668
CASIA2/Au/Au_ani_30191.jpg,0.0033333333333333335,0.02,0.0033333333333333335,0.0008333333333333334
CASIA2/Au/Au_ani_30192.jpg,0.023333333333333334,0.0033333333333333335,0.0,0.0
CASIA2/Au/Au_ani_30193.jpg,0.01,0.04666666666666667,0.0033333333333333335,0.0
CASIA2/Au/Au_ani_30194.jpg,0.03,0.006666666666666667,0.0,0.0
CASIA2/Au/Au_ani_30195.jpg,0.0033333333333333335,0.01,0.0,0.0
CASIA2/Au/Au_ani_30196.jpg,0.023333333333333334,0.0,0.0,0.0
CASIA2/Au/Au_ani_30197.jpg,0.043333333333333335,0.01,0.0,0.0
CASIA2/Au/Au_ani_30198.jpg,0.10333333333333333,0.05,0.0011111111111111111,0.005166666666666666
CASIA2/Au/Au_ani_30199.jpg,0.04666666666666667,0.0,0.0,0.0
CASIA2/Au/Au_ani_30200.jpg,0.05333333333333334,0.006666666666666667,0.0,0.0
CASIA2/Au/Au_ani_30201.jpg,0.006666666666666667,0.0,0.0,0.0
CASIA2/Au/Au_ani_30202.jpg,0.01,0.0,0.0,0.0
CASIA2/Au/Au_ani_30203.jpg,0.04666666666666667,0.04,0.0,0.0
CASIA2/Au/Au_ani_30204.jpg,0.03,0.0,0.0,0.0
CASIA2/Au/Au_ani_30205.jpg,0.15666666666666668,0.15333333333333332,0.0,0.0
CASIA2/Au/Au_ani_30206.jpg,0.043333333333333335,0.04666666666666667,0.0055291005291005285,0.00483068783068783
CASIA2/Au/Au_ani_30208.jpg,0.03,0.0,0.0,0.0
CASIA2/Au/Au_ani_30209.jpg,0.043333333333333335,0.013333333333333334,0.0,0.0
CASIA2/Au/Au_ani_30210.jpg,0.0033333333333333335,0.0,0.0,0.0
CASIA2/Au/Au_ani_30211.jpg,0.023333333333333334,0.0,0.0,0.0
CASIA2/Au/Au_ani_30212.jpg,0.04666666666666667,0.0,0.0,0.0
CASIA2/Au/Au_ani_30214.jpg,0.023333333333333334,0.0,0.0,0.0
CASIA2/Au/Au_ani_30215.jpg,0.016666666666666666,0.0,0.0,0.0
CASIA2/Au/Au_ani_30216.jpg,0.0033333333333333335,0.0,0.0,0.0
CASIA2/Au/Au_ani_30217.jpg,0.06,0.0033333333333333335,0.0,0.0
CASIA2/Au/Au_ani_30218.jpg,0.016666666666666666,0.0,0.0,0.0
CASIA2/Au/Au_ani_30220.jpg,0.03,0.03333333333333333,0.0,0.0
CASIA2/Au/Au_ani_30221.jpg,0.01,0.0,0.0,0.0
CASIA2/Au/Au_ani_30222.jpg,0.0033333333333333335,0.0033333333333333335,0.0,0.0
CASIA2/Au/Au_ani_30223.jpg,0.02,0.023333333333333334,0.0,0.0
CASIA2/Au/Au_ani_30224.jpg,0.43333333333333335,0.12666666666666668,0.0,0.0
CASIA2/Au/Au_ani_30225.jpg,0.0033333333333333335,0.0,0.0,0.0
CASIA2/Au/Au_ani_30226.jpg,0.13666666666666666,0.016666666666666666,0.0,0.0
CASIA2/Au/Au_ani_30227.jpg,0.0033333333333333335,0.0,0.0,0.0
CASIA2/Au/Au_ani_30228.jpg,0.0,0.0,0.0,0.0
CASIA2/Au/Au_ani_30229.jpg,0.03333333333333333,0.0033333333333333335,0.0,0.0
CASIA2/Au/Au_ani_30230.jpg,0.09666666666666666,0.0033333333333333335,0.0,0.0
CASIA2/Au/Au_ani_30231.jpg,0.0,0.0,0.0,0.0
CASIA2/Au/Au_ani_30232.jpg,0.016666666666666666,0.006666666666666667,0.0,0.0
CASIA2/Au/Au_ani_30233.jpg,0.016666666666666666,0.006666666666666667,0.0,0.0
CASIA2/Au/Au_ani_30234.jpg,0.09333333333333334,0.0033333333333333335,0.0,0.0
CASIA2/Au/Au_ani_30235.jpg,0.0,0.0,0.0,0.0
CASIA2/Au/Au_ani_30236.jpg,0.03,0.0033333333333333335,0.0,0.0
CASIA2/Au/Au_ani_30237.jpg,0.02,0.0,0.0,0.0
CASIA2/Au/Au_ani_30238.jpg,0.013333333333333334,0.006666666666666667,0.0,0.0
CASIA2/Au/Au_ani_30239.jpg,0.08333333333333333,0.01,0.0,0.0
CASIA2/Au/Au_ani_30240.jpg,0.02,0.0,0.0,0.0
CASIA2/Au/Au_ani_30241.jpg,0.16,0.06,0.0,0.0
CASIA2/Au/Au_ani_30242.jpg,0.013333333333333334,0.0,0.0,0.0
CASIA2/Au/Au_ani_30243.jpg,0.016666666666666666,0.0,0.0,0.0
CASIA2/Au/Au_ani_30244.jpg,0.1,0.0,0.0,0.0
CASIA2/Au/Au_ani_30245.jpg,0.013333333333333334,0.0,0.0,0.0
CASIA2/Au/Au_ani_30246.jpg,0.06,0.04666666666666667,0.0,0.0
CASIA2/Au/Au_ani_30247.jpg,0.02,0.0,0.0,0.0
CASIA2/Au/Au_ani_30248.jpg,0.0,0.0,0.0,0.0
CASIA2/Au/Au_ani_30249.jpg,0.13,0.0,0.0,0.0
CASIA2/Au/Au_ani_30250.jpg,0.0,0.0,0.0,0.0
CASIA2/Au/Au_ani_30251.jpg,0.0,0.0033333333333333335,0.0,0.0
CASIA2/Au/Au_ani_30252.jpg,0.006666666666666667,0.0,0.0,0.0
CASIA2/Au/Au_ani_30253.jpg,0.0033333333333333335,0.0,0.0,0.0
CASIA2/Au/Au_ani_30254.jpg,0.0,0.0,0.0,0.0
CASIA2/Au/Au_ani_30255.jpg,0.006666666666666667,0.0,0.0,0.0
CASIA2/Au/Au_ani_30257.jpg,0.0,0.0,0.0,0.0
CASIA2/Au/Au_ani_30258.jpg,0.016666666666666666,0.0,0.0,0.0
CASIA2/Au/Au_ani_30259.jpg,0.0,0.0,0.0,0.0
CASIA2/Au/Au_ani_30260.jpg,0.0,0.0,0.0,0.0
CASIA2/Au/Au_ani_30261.jpg,0.0033333333333333335,0.0,0.0,0.0
CASIA2/Au/Au_ani_30263.jpg,0.0,0.0,0.0,0.0
CASIA2/Au/Au_ani_30264.jpg,0.06,0.0033333333333333335,0.0,0.0
CASIA2/Au/Au_ani_30265.jpg,0.0033333333333333335,0.0,0.0,0.0
CASIA2/Au/Au_ani_30266.jpg,0.0,0.0,0.0,0.0
CASIA2/Au/Au_ani_30267.jpg,0.02666666666666667,0.0,0.0,0.0
CASIA2/Au/Au_ani_30268.jpg,0.0033333333333333335,0.0,0.0,0.0
CASIA2/Au/Au_ani_30269.jpg,0.0,0.0,0.0,0.0
CASIA2/Au/Au_ani_30270.jpg,0.0033333333333333335,0.0,0.0,0.0
CASIA2/Au/Au_ani_30271.jpg,0.0,0.0,0.0,0.0
CASIA2/Au/Au_ani_30272.jpg,0.07333333333333333,0.0,0.0,0.0
CASIA2/Au/Au_ani_30273.jpg,0.16,0.0,0.0,0.0
CASIA2/Au/Au_ani_30274.jpg,0.0,0.0,0.0,0.0
CASIA2/Au/Au_ani_30275.jpg,0.013333333333333334,0.0,0.0,0.0
CASIA2/Au/Au_ani_30278.jpg,0.0033333333333333335,0.0,0.0,0.0
CASIA2/Au/Au_ani_30279.jpg,0.0,0.0,0.0,0.0
CASIA2/Au/Au_ani_30280.jpg,0.0,0.0,0.0,0.0
CASIA2/Au/Au_ani_30281.jpg,0.0,0.0,0.0,0.0
CASIA2/Au/Au_ani_30282.jpg,0.0,0.0,0.0,0.0
CASIA2/Au/Au_ani_30283.jpg,0.0,0.0,0.0,0.0
CASIA2/Au/Au_ani_30284.jpg,0.06333333333333334,0.006666666666666667,0.0,0.0
CASIA2/Au/Au_ani_30285.jpg,0.0,0.0,0.0,0.0
CASIA2/Au/Au_ani_30287.jpg,0.0033333333333333335,0.0033333333333333335,0.0,0.0
CASIA2/Au/Au_ani_30289.jpg,0.006666666666666667,0.0,0.0,0.0
CASIA2/Au/Au_ani_30290.jpg,0.01,0.0,0.0,0.0
CASIA2/Au/Au_ani_30291.jpg,0.0,0.0,0.0,0.0
CASIA2/Au/Au_ani_30292.jpg,0.0,0.0,0.0,0.0
CASIA2/Au/Au_ani_30293.jpg,0.0033333333333333335,0.0033333333333333335,0.0,0.0
CASIA2/Au/Au_ani_30295.jpg,0.0,0.0,0.0,0.0
CASIA2/Au/Au_ani_30296.jpg,0.0,0.0,0.0,0.0
CASIA2/Au/Au_ani_30297.jpg,0.0033333333333333335,0.0033333333333333335,0.0,0.0
CASIA2/Au/Au_ani_30298.jpg,0.0033333333333333335,0.0,0.0,0.0
CASIA2/Au/Au_ani_30300.jpg,0.03,0.0,0.0,0.0
CASIA2/Au/Au_ani_30301.jpg,0.03,0.006666666666666667,0.0,0.0
CASIA2/Au/Au_ani_30302.jpg,0.0033333333333333335,0.0,0.0,0.0
CASIA2/Au/Au_ani_30303.jpg,0.0,0.0,0.0,0.0
CASIA2/Au/Au_ani_30304.jpg,0.0,0.0,0.0,0.0
CASIA2/Au/Au_ani_30305.jpg,0.023333333333333334,0.006666666666666667,0.0,0.0
CASIA2/Au/Au_ani_30306.jpg,0.0,0.0,0.0,0.0
CASIA2/Au/Au_ani_30307.jpg,0.0,0.0,0.0,0.0
CASIA2/Au/Au_ani_30308.jpg,0.0,0.0033333333333333335,0.0,0.0
CASIA2/Au/Au_ani_30309.jpg,0.0,0.0,0.0,0.0
CASIA2/Au/Au_ani_30310.jpg,0.006666666666666667,0.0,0.0,0.0
CASIA2/Au/Au_ani_30311.jpg,0.38666666666666666,0.03333333333333333,0.0,0.0
CASIA2/Au/Au_ani_30312.jpg,0.01,0.0,0.0,0.0
CASIA2/Au/Au_ani_30313.jpg,0.0,0.0,0.0,0.0
CASIA2/Au/Au_ani_30314.jpg,0.016666666666666666,0.0,0.0,0.0014814814814814814
CASIA2/Au/Au_ani_30315.jpg,0.11666666666666667,0.006666666666666667,0.0,0.0
CASIA2/Au/Au_ani_30316.jpg,0.6466666666666666,0.09666666666666666,0.0,0.0
CASIA2/Au/Au_ani_30317.jpg,0.0,0.0,0.0,0.0
CASIA2/Au/Au_ani_30318.jpg,0.0033333333333333335,0.0,0.0,0.0
CASIA2/Au/Au_ani_30319.jpg,0.043333333333333335,0.006666666666666667,0.0,0.0
CASIA2/Au/Au_ani_30320.jpg,0.04,0.0033333333333333335,0.0,0.0
CASIA2/Au/Au_ani_30321.jpg,0.07333333333333333,0.0033333333333333335,0.0,0.0
CASIA2/Au/Au_ani_30322.jpg,0.09,0.006666666666666667,0.0,0.0
CASIA2/Au/Au_ani_30323.jpg,0.0033333333333333335,0.04666666666666667,0.0,0.0
CASIA2/Au/Au_ani_30324.jpg,0.06333333333333334,0.0033333333333333335,0.0,0.0
CASIA2/Au/Au_ani_30325.jpg,0.04,0.006666666666666667,0.0,0.0
CASIA2/Au/Au_ani_30326.jpg,0.02666666666666667,0.0,0.0,0.0
CASIA2/Au/Au_ani_30327.jpg,0.0,0.0,0.0,0.0
CASIA2/Au/Au_ani_30328.jpg,0.023333333333333334,0.016666666666666666,0.0,0.0
CASIA2/Au/Au_ani_30329.jpg,0.03,0.0,0.0,0.0
CASIA2/Au/Au_ani_30330.jpg,0.056666666666666664,0.02,0.0,0.0004166666666666667
CASIA2/Au/Au_ani_30332.jpg,0.006666666666666667,0.0,0.0,0.0
CASIA2/Au/Au_ani_30333.jpg,0.06333333333333334,0.006666666666666667,0.0,0.0
CASIA2/Au/Au_ani_30334.jpg,0.0,0.0,0.0,0.0
CASIA2/Au/Au_ani_30335.jpg,0.016666666666666666,0.0033333333333333335,0.0,0.0
CASIA2/Au/Au_ani_30336.jpg,0.03,0.0,0.0,0.0
CASIA2/Au/Au_ani_30337.jpg,0.08,0.006666666666666667,0.0,0.0012222222222222224
CASIA2/Au/Au_ani_30338.jpg,0.0033333333333333335,0.0,0.0011111111111111111,0.0
CASIA2/Au/Au_ani_30339.jpg,0.0,0.006666666666666667,0.0,0.0
CASIA2/Au/Au_ani_30340.jpg,0.06,0.006666666666666667,0.0,0.0
CASIA2/Au/Au_ani_30341.jpg,0.24,0.04,0.0,0.0
CASIA2/Au/Au_ani_30342.jpg,0.06,0.0033333333333333335,0.0,0.0
CASIA2/Au/Au_ani_30343.jpg,0.023333333333333334,0.05,0.0,0.0025
CASIA2/Au/Au_ani_30344.jpg,0.016666666666666666,0.0,0.0,0.0
CASIA2/Au/Au_ani_30346.jpg,0.016666666666666666,0.0033333333333333335,0.0,0.0
CASIA2/Au/Au_ani_30348.jpg,0.02,0.0,0.0,0.0
CASIA2/Au/Au_ani_30349.jpg,0.016666666666666666,0.0,0.0,0.0
CASIA2/Au/Au_ani_30350.jpg,0.01,0.0,0.0,0.0
CASIA2/Au/Au_ani_30351.jpg,0.0033333333333333335,0.0,0.0,0.0
CASIA2/Au/Au_ani_30352.jpg,0.03,0.0,0.0,0.0
CASIA2/Au/Au_ani_30354.jpg,0.0033333333333333335,0.0,0.0,0.0
CASIA2/Au/Au_ani_30355.jpg,0.006666666666666667,0.0,0.0,0.0
CASIA2/Au/Au_ani_30357.jpg,0.07333333333333333,0.0,0.0,0.0
CASIA2/Au/Au_ani_30358.jpg,0.0033333333333333335,0.0033333333333333335,0.0,0.0
CASIA2/Au/Au_ani_30359.jpg,0.14,0.11,0.0,0.0008333333333333334
CASIA2/Au/Au_ani_30360.jpg,0.06,0.0033333333333333335,0.0033333333333333335,0.002976190476190476
CASIA2/Au/Au_ani_30361.jpg,0.0033333333333333335,0.0,0.0,0.0
CASIA2/Au/Au_ani_30363.jpg,0.06,0.0,0.0,0.0022222222222222222
CASIA2/Au/Au_ani_30365.jpg,0.01,0.0033333333333333335,0.0,0.0
CASIA2/Au/Au_ani_30366.jpg,0.013333333333333334,0.0,0.0,0.0
CASIA2/Au/Au_ani_30367.jpg,0.09333333333333334,0.01,0.0,0.0
CASIA2/Au/Au_ani_30368.jpg,0.0,0.0,0.0,0.0
CASIA2/Au/Au_ani_30369.jpg,0.02,0.0,0.0,0.0
CASIA2/Au/Au_ani_30370.jpg,0.0,0.0,0.0,0.0
CASIA2/Au/Au_ani_30371.jpg,0.14666666666666667,0.01,0.0007407407407407407,0.0
CASIA2/Au/Au_ani_30373.jpg,0.01,0.0033333333333333335,0.0,0.0
CASIA2/Au/Au_ani_30374.jpg,0.03666666666666667,0.0,0.0,0.0
CASIA2/Au/Au_ani_30375.jpg,0.016666666666666666,0.0,0.0,0.0
CASIA2/Au/Au_ani_30376.jpg,0.006666666666666667,0.0,0.0,0.0
CASIA2/Au/Au_ani_30377.jpg,0.0,0.0,0.0,0.0
CASIA2/Au/Au_ani_30379.jpg,0.07,0.01,0.0,0.0
CASIA2/Au/Au_ani_30380.jpg,0.3,0.23,0.0,0.0030555555555555553
CASIA2/Au/Au_ani_30382.jpg,0.13333333333333333,0.10333333333333333,0.0,0.0
CASIA2/Au/Au_ani_30383.jpg,0.016666666666666666,0.0033333333333333335,0.0,0.0
CASIA2/Au/Au_ani_30385.jpg,0.03666666666666667,0.006666666666666667,0.0,0.0
CASIA2/Au/Au_ani_30386.jpg,0.016666666666666666,0.0033333333333333335,0.0,0.0
CASIA2/Au/Au_ani_30387.jpg,0.0,0.0,0.0,0.0
CASIA2/Au/Au_ani_30388.jpg,0.12666666666666668,0.14666666666666667,0.0,0.0
CASIA2/Au/Au_ani_30389.jpg,0.0,0.0,0.0,0.0
CASIA2/Au/Au_ani_30390.jpg,0.0033333333333333335,0.0,0.0,0.0
CASIA2/Au/Au_ani_30391.jpg,0.59,0.15333333333333332,0.0,0.0
CASIA2/Au/Au_ani_30392.jpg,0.01,0.0,0.0,0.0
CASIA2/Au/Au_ani_30393.jpg,0.05333333333333334,0.0,0.0023148148148148147,0.0
CASIA2/Au/Au_ani_30394.jpg,0.006666666666666667,0.006666666666666667,0.0,0.0
CASIA2/Au/Au_ani_30395.jpg,0.0,0.0,0.0,0.0
CASIA2/Au/Au_ani_30396.jpg,0.0033333333333333335,0.0033333333333333335,0.0,0.0
CASIA2/Au/Au_ani_30397.jpg,0.006666666666666667,0.0,0.0,0.0
CASIA2/Au/Au_ani_30398.jpg,0.11,0.03,0.0,0.0015132275132275132
CASIA2/Au/Au_ani_30399.jpg,0.02666666666666667,0.0033333333333333335,0.0,0.0
CASIA2/Au/Au_ani_30400.jpg,0.02666666666666667,0.0,0.0,0.0
CASIA2/Au/Au_ani_30401.jpg,0.0033333333333333335,0.006666666666666667,0.0,0.0
CASIA2/Au/Au_ani_30402.jpg,0.0,0.0,0.0,0.0
CASIA2/Au/Au_ani_30403.jpg,0.056666666666666664,0.056666666666666664,0.0,0.0
CASIA2/Au/Au_ani_30404.jpg,0.0,0.0,0.0,0.0
CASIA2/Au/Au_ani_30405.jpg,0.22666666666666666,0.21333333333333335,0.0011111111111111111,0.0033333333333333335
CASIA2/Au/Au_ani_30407.jpg,0.0033333333333333335,0.0,0.0,0.0
CASIA2/Au/Au_ani_30408.jpg,0.10333333333333333,0.01,0.0,0.0
CASIA2/Au/Au_ani_30409.jpg,0.06666666666666667,0.006666666666666667,0.0,0.0
CASIA2/Au/Au_ani_30410.jpg,0.023333333333333334,0.02,0.0,0.0
CASIA2/Au/Au_ani_30411.jpg,0.3333333333333333,0.09666666666666666,0.0,0.005842490842490842
CASIA2/Au/Au_ani_30412.jpg,0.01,0.0,0.0,0.0
CASIA2/Au/Au_ani_30413.jpg,0.09666666666666666,0.013333333333333334,0.0,0.0
CASIA2/Au/Au_ani_30414.jpg,0.013333333333333334,0.0,0.0,0.0
CASIA2/Au/Au_ani_30415.jpg,0.23,0.31666666666666665,0.0,0.007592592592592593
CASIA2/Au/Au_ani_30416.jpg,0.043333333333333335,0.0033333333333333335,0.0,0.0
CASIA2/Au/Au_ani_30417.jpg,0.013333333333333334,0.0,0.0,0.0
CASIA2/Au/Au_ani_30418.jpg,0.13,0.07333333333333333,0.0,0.0
CASIA2/Au/Au_ani_30419.jpg,0.07666666666666666,0.09666666666666666,0.0,0.0
CASIA2/Au/Au_ani_30420.jpg,0.03333333333333333,0.0,0.0,0.0
CASIA2/Au/Au_ani_30421.jpg,0.0,0.0,0.0,0.0
CASIA2/Au/Au_ani_30422.jpg,0.0,0.0,0.0,0.0
CASIA2/Au/Au_ani_30424.jpg,0.03,0.0,0.0,0.0
CASIA2/Au/Au_ani_30425.jpg,0.016666666666666666,0.006666666666666667,0.0,0.0
CASIA2/Au/Au_ani_30426.jpg,0.03,0.0033333333333333335,0.0,0.0
CASIA2/Au/Au_ani_30427.jpg,0.0,0.0,0.0,0.0
CASIA2/Au/Au_ani_30428.jpg,0.0,0.0,0.0,0.0
CASIA2/Au/Au_ani_30429.jpg,0.02666666666666667,0.016666666666666666,0.0,0.0
CASIA2/Au/Au_ani_30431.jpg,0.016666666666666666,0.006666666666666667,0.0,0.0
CASIA2/Au/Au_ani_30432.jpg,0.02,0.0033333333333333335,0.0,0.0
CASIA2/Au/Au_ani_30433.jpg,0.02666666666666667,0.0033333333333333335,0.0,0.0
CASIA2/Au/Au_ani_30434.jpg,0.06333333333333334,0.016666666666666666,0.0,0.0
CASIA2/Au/Au_ani_30435.jpg,0.0033333333333333335,0.0,0.0,0.0
CASIA2/Au/Au_ani_30437.jpg,0.056666666666666664,0.08,0.0,0.0006666666666666668
CASIA2/Au/Au_ani_30438.jpg,0.0033333333333333335,0.0,0.0,0.0
CASIA2/Au/Au_ani_30439.jpg,0.016666666666666666,0.0,0.0,0.0
CASIA2/Au/Au_ani_30440.jpg,0.0,0.0,0.0,0.0
CASIA2/Au/Au_ani_30441.jpg,0.023333333333333334,0.0,0.0,0.0
CASIA2/Au/Au_ani_30443.jpg,0.0,0.0,0.0,0.0
CASIA2/Au/Au_ani_30444.jpg,0.0033333333333333335,0.0,0.0,0.0
CASIA2/Au/Au_ani_30445.jpg,0.0033333333333333335,0.0,0.0,0.0
CASIA2/Au/Au_ani_30446.jpg,0.02,0.02,0.0,0.0
CASIA2/Au/Au_ani_30447.jpg,0.006666666666666667,0.0033333333333333335,0.0,0.0
CASIA2/Au/Au_ani_30449.jpg,0.0,0.0,0.0,0.0
CASIA2/Au/Au_ani_30450.jpg,0.0,0.0,0.0,0.0
CASIA2/Au/Au_ani_30451.jpg,0.10333333333333333,0.03333333333333333,0.0,0.0
CASIA2/Au/Au_ani_30452.jpg,0.0033333333333333335,0.006666666666666667,0.0,0.0
CASIA2/Au/Au_ani_30453.jpg,0.0033333333333333335,0.0033333333333333335,0.0,0.0
CASIA2/Au/Au_ani_30454.jpg,0.013333333333333334,0.01,0.0,0.0
CASIA2/Au/Au_ani_30455.jpg,0.31666666666666665,0.3333333333333333,0.0,0.002333333333333333
CASIA2/Au/Au_ani_30456.jpg,0.01,0.0,0.0,0.0
CASIA2/Au/Au_ani_30457.jpg,0.12666666666666668,0.0033333333333333335,0.0,0.002666666666666667
CASIA2/Au/Au_ani_30458.jpg,0.0,0.0,0.0,0.0
CASIA2/Au/Au_ani_30460.jpg,0.02666666666666667,0.0033333333333333335,0.0,0.0
CASIA2/Au/Au_ani_30461.jpg,0.0,0.0,0.0,0.0
CASIA2/Au/Au_ani_30462.jpg,0.016666666666666666,0.0,0.0,0.0
CASIA2/Au/Au_ani_30463.jpg,0.02,0.0,0.0,0.0
CASIA2/Au/Au_ani_30465.jpg,0.03,0.006666666666666667,0.0,0.002
CASIA2/Au/Au_ani_30466.jpg,0.006666666666666667,0.05333333333333334,0.0,0.0
CASIA2/Au/Au_ani_30467.jpg,0.11666666666666667,0.0033333333333333335,0.006666666666666667,0.003981481481481482
CASIA2/Au/Au_ani_30468.jpg,0.02,0.0,0.0,0.0
CASIA2/Au/Au_ani_30469.jpg,0.01,0.0033333333333333335,0.0,0.0
CASIA2/Au/Au_ani_30470.jpg,0.0033333333333333335,0.0,0.0,0.0
CASIA2/Au/Au_ani_30471.jpg,0.0,0.0,0.0,0.0
CASIA2/Au/Au_ani_30472.jpg,0.0,0.0,0.002121212121212121,0.006055555555555555
CASIA2/Au/Au_ani_30473.jpg,0.02,0.0033333333333333335,0.0,0.0016498316498316497
CASIA2/Au/Au_ani_30474.jpg,0.02,0.0,0.0,0.0
CASIA2/Au/Au_ani_30476.jpg,0.0,0.0,0.0,0.0
CASIA2/Au/Au_ani_30477.jpg,0.006666666666666667,0.0,0.0,0.0
CASIA2/Au/Au_ani_30478.jpg,0.023333333333333334,0.0,0.0,0.0
CASIA2/Au/Au_ani_30480.jpg,0.0,0.0,0.0,0.0
CASIA2/Au/Au_ani_30481.jpg,0.12666666666666668,0.01,0.0,0.0016666666666666668
CASIA2/Au/Au_ani_30482.jpg,0.023333333333333334,0.0,0.0,0.0016498316498316497
CASIA2/Au/Au_ani_30483.jpg,0.04,0.006666666666666667,0.004055555555555556,0.0016190476190476191
CASIA2/Au/Au_ani_30484.jpg,0.0033333333333333335,0.0,0.0,0.0
CASIA2/Au/Au_ani_30485.jpg,0.0,0.0,0.0,0.0008333333333333334
CASIA2/Au/Au_ani_30487.jpg,0.0,0.0,0.0,0.0
CASIA2/Au/Au_ani_30488.jpg,0.0,0.0,0.0,0.0
CASIA2/Au/Au_ani_30489.jpg,0.0,0.0033333333333333335,0.0,0.0
CASIA2/Au/Au_ani_30491.jpg,0.15,0.04,0.0,0.0
CASIA2/Au/Au_ani_30492.jpg,0.023333333333333334,0.006666666666666667,0.0,0.0008333333333333334
CASIA2/Au/Au_ani_30493.jpg,0.006666666666666667,0.006666666666666667,0.006362433862433862,0.005497354497354497
CASIA2/Au/Au_ani_30494.jpg,0.013333333333333334,0.0,0.0,0.0
CASIA2/Au/Au_ani_30495.jpg,0.21333333333333335,0.023333333333333334,0.0,0.0
CASIA2/Au/Au_ani_30496.jpg,0.0,0.0,0.0,0.0
CASIA2/Au/Au_ani_30497.jpg,0.03,0.0,0.0,0.0
CASIA2/Au/Au_ani_30498.jpg,0.09666666666666666,0.0,0.0,0.0
CASIA2/Au/Au_ani_30500.jpg,0.0033333333333333335,0.03333333333333333,0.0,0.0
CASIA2/Au/Au_ani_30501.jpg,0.023333333333333334,0.0,0.0,0.0
CASIA2/Au/Au_ani_30504.jpg,0.016666666666666666,0.0,0.0,0.0
CASIA2/Au/Au_ani_30505.jpg,0.013333333333333334,0.006666666666666667,0.0,0.0
CASIA2/Au/Au_ani_30506.jpg,0.0,0.0,0.0,0.0
CASIA2/Au/Au_ani_30507.jpg,0.006666666666666667,0.0,0.0,0.0
CASIA2/Au/Au_ani_30509.jpg,0.0033333333333333335,0.0,0.0,0.0
CASIA2/Au/Au_ani_30510.jpg,0.0033333333333333335,0.0,0.0,0.0
CASIA2/Au/Au_ani_30511.jpg,0.0,0.0,0.0,0.0
CASIA2/Au/Au_ani_30513.jpg,0.0033333333333333335,0.0,0.0,0.0
CASIA2/Au/Au_ani_30514.jpg,0.013333333333333334,0.0,0.0,0.0
CASIA2/Au/Au_ani_30515.jpg,0.04,0.0033333333333333335,0.0,0.0
CASIA2/Au/Au_ani_30516.jpg,0.0,0.0,0.0,0.0
CASIA2/Au/Au_ani_30517.jpg,0.0,0.0,0.0,0.0
CASIA2/Au/Au_ani_30518.jpg,0.0,0.0,0.0,0.0
CASIA2/Au/Au_ani_30519.jpg,0.013333333333333334,0.0033333333333333335,0.0,0.0
CASIA2/Au/Au_ani_30520.jpg,0.0,0.0,0.0,0.0
CASIA2/Au/Au_ani_30521.jpg,0.14,0.006666666666666667,0.0033333333333333335,0.01372883597883598
CASIA2/Au/Au_ani_30522.jpg,0.0,0.0,0.0,0.0
CASIA2/Au/Au_ani_30523.jpg,0.0033333333333333335,0.01,0.0,0.0
CASIA2/Au/Au_ani_30525.jpg,0.0,0.0,0.0,0.0
CASIA2/Au/Au_ani_30526.jpg,0.0,0.013333333333333334,0.0,0.0
CASIA2/Au/Au_ani_30527.jpg,0.0,0.0,0.0,0.0
CASIA2/Au/Au_ani_30528.jpg,0.01,0.0,0.0,0.0
CASIA2/Au/Au_ani_30529.jpg,0.0033333333333333335,0.0,0.0,0.0
CASIA2/Au/Au_ani_30530.jpg,0.0,0.0,0.0,0.0
CASIA2/Au/Au_ani_30532.jpg,0.0,0.0033333333333333335,0.0,0.0
CASIA2/Au/Au_ani_30533.jpg,0.0,0.0,0.0,0.0
CASIA2/Au/Au_ani_30534.jpg,0.0,0.0,0.0,0.0
CASIA2/Au/Au_ani_30535.jpg,0.0,0.0,0.0,0.0
CASIA2/Au/Au_ani_30537.jpg,0.0033333333333333335,0.006666666666666667,0.0,0.0
CASIA2/Au/Au_ani_30538.jpg,0.0,0.0,0.0,0.0
CASIA2/Au/Au_ani_30539.jpg,0.26666666666666666,0.0033333333333333335,0.0,0.0
CASIA2/Au/Au_ani_30540.jpg,0.006666666666666667,0.0,0.0,0.0
CASIA2/Au/Au_ani_30542.jpg,0.01,0.0,0.0,0.0
CASIA2/Au/Au_ani_30543.jpg,0.02,0.0,0.0,0.0
CASIA2/Au/Au_ani_30544.jpg,0.04666666666666667,0.0,0.0,0.0
CASIA2/Au/Au_ani_30546.jpg,0.006666666666666667,0.0,0.0,0.0
CASIA2/Au/Au_ani_30547.jpg,0.0,0.0,0.0,0.0
CASIA2/Au/Au_ani_30548.jpg,0.0033333333333333335,0.0,0.0,0.0
CASIA2/Au/Au_ani_30549.jpg,0.0033333333333333335,0.0,0.0,0.0
CASIA2/Au/Au_ani_30550.jpg,0.2866666666666667,0.01,0.0,0.0
CASIA2/Au/Au_ani_30551.jpg,0.0033333333333333335,0.0,0.0,0.0
CASIA2/Au/Au_ani_30552.jpg,0.3333333333333333,0.16,0.0,0.008560606060606062
CASIA2/Au/Au_ani_30553.jpg,0.0033333333333333335,0.0,0.0,0.0
CASIA2/Au/Au_ani_30554.jpg,0.0,0.0,0.0,0.0
CASIA2/Au/Au_ani_30555.jpg,0.03333333333333333,0.0,0.0,0.0
CASIA2/Au/Au_ani_30556.jpg,0.0033333333333333335,0.0033333333333333335,0.0,0.0
CASIA2/Au/Au_ani_30557.jpg,0.01,0.01,0.0,0.0
CASIA2/Au/Au_ani_30558.jpg,0.006666666666666667,0.0,0.0,0.0
CASIA2/Au/Au_ani_30559.jpg,0.06,0.0,0.0,0.0
CASIA2/Au/Au_ani_30560.jpg,0.0,0.0,0.0,0.0
CASIA2/Au/Au_ani_30562.jpg,0.01,0.0,0.0,0.0
CASIA2/Au/Au_ani_30563.jpg,0.01,0.0,0.0,0.0
CASIA2/Au/Au_ani_30564.jpg,0.05,0.006666666666666667,0.0,0.0
CASIA2/Au/Au_ani_30565.jpg,0.006666666666666667,0.0,0.0,0.0
CASIA2/Au/Au_ani_30566.jpg,0.0033333333333333335,0.0,0.0,0.0
CASIA2/Au/Au_ani_30568.jpg,0.0,0.0,0.0,0.0
CASIA2/Au/Au_ani_30569.jpg,0.023333333333333334,0.0033333333333333335,0.0,0.0
CASIA2/Au/Au_ani_30570.jpg,0.0,0.0,0.0,0.0
CASIA2/Au/Au_ani_30571.jpg,0.013333333333333334,0.02666666666666667,0.0,0.0
CASIA2/Au/Au_ani_30572.jpg,0.0033333333333333335,0.04,0.0,0.0
CASIA2/Au/Au_ani_30573.jpg,0.0,0.0,0.0,0.0
CASIA2/Au/Au_ani_30574.jpg,0.0,0.0,0.0013333333333333335,0.0013333333333333335
CASIA2/Au/Au_ani_30575.jpg,0.0,0.0,0.0,0.0
CASIA2/Au/Au_ani_30576.jpg,0.0033333333333333335,0.01,0.0,0.0
CASIA2/Au/Au_ani_30577.jpg,0.01,0.0,0.0,0.0
CASIA2/Au/Au_ani_30578.jpg,0.02,0.0,0.0,0.0
CASIA2/Au/Au_ani_30580.jpg,0.0,0.0,0.0,0.0
CASIA2/Au/Au_ani_30581.jpg,0.0,0.0,0.0,0.0
CASIA2/Au/Au_ani_30582.jpg,0.11,0.03333333333333333,0.0,0.0
CASIA2/Au/Au_ani_30583.jpg,0.10333333333333333,0.0,0.0,0.0
CASIA2/Au/Au_ani_30584.jpg,0.0033333333333333335,0.02666666666666667,0.0,0.0
CASIA2/Au/Au_ani_30585.jpg,0.0,0.0033333333333333335,0.0,0.0
CASIA2/Au/Au_ani_30586.jpg,0.006666666666666667,0.0,0.0,0.0
CASIA2/Au/Au_ani_30587.jpg,0.013333333333333334,0.0,0.0,0.0
CASIA2/Au/Au_ani_30588.jpg,0.0,0.0,0.0,0.0
CASIA2/Au/Au_ani_30589.jpg,0.08333333333333333,0.02,0.0,0.0
CASIA2/Au/Au_ani_30590.jpg,0.11,0.016666666666666666,0.0030026455026455024,0.007523809523809524
CASIA2/Au/Au_ani_30591.jpg,0.023333333333333334,0.0,0.0,0.0
CASIA2/Au/Au_ani_30592.jpg,0.03333333333333333,0.0033333333333333335,0.0,0.0
CASIA2/Au/Au_ani_30593.jpg,0.05333333333333334,0.0,0.0,0.0
CASIA2/Au/Au_ani_30594.jpg,0.0033333333333333335,0.013333333333333334,0.0,0.0004761904761904762
CASIA2/Au/Au_ani_30595.jpg,0.023333333333333334,0.0,0.0,0.0
CASIA2/Au/Au_ani_30596.jpg,0.08666666666666667,0.03666666666666667,0.0033333333333333335,0.0006666666666666668
CASIA2/Au/Au_ani_30597.jpg,0.0,0.0,0.0033333333333333335,0.0
CASIA2/Au/Au_ani_30598.jpg,0.0,0.0,0.0,0.0
CASIA2/Au/Au_ani_30599.jpg,0.0,0.006666666666666667,0.0,0.0
CASIA2/Au/Au_ani_30600.jpg,0.013333333333333334,0.006666666666666667,0.0,0.0
CASIA2/Au/Au_ani_30601.jpg,0.02666666666666667,0.0,0.0,0.0
CASIA2/Au/Au_ani_30602.jpg,0.0,0.0,0.0,0.0
CASIA2/Au/Au_ani_30603.jpg,0.0,0.0,0.0,0.0
CASIA2/Au/Au_ani_30604.jpg,0.0,0.0,0.0,0.0
CASIA2/Au/Au_ani_30605.jpg,0.01,0.0033333333333333335,0.0,0.0
CASIA2/Au/Au_ani_30606.jpg,0.023333333333333334,0.0,0.0,0.0
CASIA2/Au/Au_ani_30608.jpg,0.006666666666666667,0.0,0.0,0.0
CASIA2/Au/Au_ani_30609.jpg,0.006666666666666667,0.0,0.0,0.0
CASIA2/Au/Au_ani_30610.jpg,0.03333333333333333,0.0033333333333333335,0.0,0.0
CASIA2/Au/Au_ani_30611.jpg,0.013333333333333334,0.0033333333333333335,0.0,0.0
CASIA2/Au/Au_ani_30612.jpg,0.013333333333333334,0.0033333333333333335,0.0,0.0
CASIA2/Au/Au_ani_30613.jpg,0.016666666666666666,0.0033333333333333335,0.0,0.0
CASIA2/Au/Au_ani_30614.jpg,0.0033333333333333335,0.013333333333333334,0.0,0.0
CASIA2/Au/Au_ani_30616.jpg,0.0033333333333333335,0.0,0.0,0.0
CASIA2/Au/Au_ani_30617.jpg,0.023333333333333334,0.0,0.0033333333333333335,0.0
CASIA2/Au/Au_ani_30618.jpg,0.0,0.0,0.0,0.0
CASIA2/Au/Au_ani_30619.jpg,0.0,0.0,0.0,0.0
CASIA2/Au/Au_ani_30620.jpg,0.0,0.0,0.0,0.0
CASIA2/Au/Au_ani_30621.jpg,0.0033333333333333335,0.0,0.0,0.0
CASIA2/Au/Au_ani_30622.jpg,0.0033333333333333335,0.0,0.0,0.0
CASIA2/Au/Au_ani_30623.jpg,0.0033333333333333335,0.0033333333333333335,0.0,0.0
CASIA2/Au/Au_ani_30624.jpg,0.006666666666666667,0.0,0.0,0.0
CASIA2/Au/Au_ani_30625.jpg,0.0033333333333333335,0.0,0.0,0.0
CASIA2/Au/Au_ani_30626.jpg,0.013333333333333334,0.0,0.0,0.0
CASIA2/Au/Au_ani_30628.jpg,0.006666666666666667,0.0,0.0,0.0
CASIA2/Au/Au_ani_30629.jpg,0.01,0.0,0.0,0.0
CASIA2/Au/Au_ani_30630.jpg,0.02,0.0,0.0,0.0
CASIA2/Au/Au_ani_30631.jpg,0.0033333333333333335,0.0,0.0,0.0
CASIA2/Au/Au_ani_30633.jpg,0.0,0.0,0.0,0.0
CASIA2/Au/Au_ani_30634.jpg,0.01,0.0,0.0,0.0
CASIA2/Au/Au_ani_30636.jpg,0.04,0.0,0.0,0.0
CASIA2/Au/Au_ani_30637.jpg,0.13333333333333333,0.05,0.0,0.0
CASIA2/Au/Au_ani_30638.jpg,0.11333333333333333,0.03333333333333333,0.0,0.0
CASIA2/Au/Au_ani_30639.jpg,0.07,0.016666666666666666,0.0,0.0
CASIA2/Au/Au_ani_30640.jpg,0.0,0.0,0.0,0.0
CASIA2/Au/Au_ani_30641.jpg,0.0033333333333333335,0.0,0.0,0.0
CASIA2/Au/Au_ani_30643.jpg,0.01,0.0,0.0,0.0
CASIA2/Au/Au_ani_30644.jpg,0.0,0.0,0.0,0.0
CASIA2/Au/Au_ani_30645.jpg,0.0033333333333333335,0.0,0.0,0.0
CASIA2/Au/Au_ani_30646.jpg,0.0,0.0,0.0,0.0
CASIA2/Au/Au_ani_30647.jpg,0.0,0.0,0.0,0.0
CASIA2/Au/Au_ani_30648.jpg,0.0,0.0,0.0,0.0
CASIA2/Au/Au_ani_30649.jpg,0.02,0.02666666666666667,0.0,0.0025128205128205133
CASIA2/Au/Au_ani_30650.jpg,0.0033333333333333335,0.0033333333333333335,0.0,0.0
CASIA2/Au/Au_ani_30651.jpg,0.006666666666666667,0.0,0.0033333333333333335,0.0
CASIA2/Au/Au_ani_30652.jpg,0.0,0.0,0.0,0.0
CASIA2/Au/Au_ani_30653.jpg,0.0,0.0,0.0,0.0
CASIA2/Au/Au_ani_30654.jpg,0.0,0.0,0.0,0.0
CASIA2/Au/Au_ani_30655.jpg,0.0033333333333333335,0.0,0.0,0.0
CASIA2/Au/Au_ani_30656.jpg,0.0,0.0,0.0,0.0
CASIA2/Au/Au_ani_30657.jpg,0.0,0.0,0.0,0.0
CASIA2/Au/Au_ani_30659.jpg,0.006666666666666667,0.0,0.0,0.0
CASIA2/Au/Au_ani_30660.jpg,0.0,0.0,0.0,0.0
CASIA2/Au/Au_ani_30661.jpg,0.05333333333333334,0.0,0.0,0.0
CASIA2/Au/Au_ani_30663.jpg,0.03333333333333333,0.05,0.0,0.0
CASIA2/Au/Au_ani_30664.jpg,0.0,0.0,0.0,0.0
CASIA2/Au/Au_ani_30665.jpg,0.016666666666666666,0.0,0.0,0.0
CASIA2/Au/Au_ani_30666.jpg,0.0,0.0033333333333333335,0.0,0.0
CASIA2/Au/Au_ani_30667.jpg,0.02,0.0,0.0,0.0
CASIA2/Au/Au_ani_30668.jpg,0.0033333333333333335,0.0,0.0,0.0
CASIA2/Au/Au_ani_30670.jpg,0.0033333333333333335,0.006666666666666667,0.0,0.0
CASIA2/Au/Au_ani_30671.jpg,0.02666666666666667,0.0,0.0,0.0
CASIA2/Au/Au_ani_30672.jpg,0.0033333333333333335,0.0,0.0,0.0
CASIA2/Au/Au_ani_30673.jpg,0.023333333333333334,0.0,0.0,0.0
CASIA2/Au/Au_ani_30674.jpg,0.0033333333333333335,0.0,0.0,0.0
CASIA2/Au/Au_ani_30675.jpg,0.0033333333333333335,0.0033333333333333335,0.0,0.0
CASIA2/Au/Au_ani_30676.jpg,0.006666666666666667,0.01,0.0,0.007851851851851853
CASIA2/Au/Au_ani_30677.jpg,0.0,0.01,0.0013333333333333335,0.0016666666666666668
CASIA2/Au/Au_ani_30678.jpg,0.006666666666666667,0.006666666666666667,0.0,0.0
CASIA2/Au/Au_ani_30679.jpg,0.0,0.0,0.0,0.0
CASIA2/Au/Au_ani_30680.jpg,0.02,0.006666666666666667,0.0,0.0
CASIA2/Au/Au_ani_30682.jpg,0.016666666666666666,0.0033333333333333335,0.0,0.0
CASIA2/Au/Au_ani_30685.jpg,0.22333333333333333,0.03,0.0,0.0
CASIA2/Au/Au_ani_30686.jpg,0.07,0.02,0.0,0.0
CASIA2/Au/Au_ani_30687.jpg,0.12333333333333334,0.06333333333333334,0.0,0.0
CASIA2/Au/Au_ani_30688.jpg,0.07666666666666666,0.08666666666666667,0.0005555555555555556,0.0
CASIA2/Au/Au_ani_30689.jpg,0.16,0.013333333333333334,0.0,0.0
CASIA2/Au/Au_ani_30690.jpg,0.36,0.25,0.0,0.0
CASIA2/Au/Au_ani_30691.jpg,0.14,0.15666666666666668,0.0,0.0
CASIA2/Au/Au_ani_30692.jpg,0.18666666666666668,0.1,0.0,0.0
CASIA2/Au/Au_ani_30693.jpg,0.38333333333333336,0.17,0.0,0.0
CASIA2/Au/Au_ani_30694.jpg,0.2633333333333333,0.19333333333333333,0.0,0.0
CASIA2/Au/Au_ani_30695.jpg,0.0,0.0,0.0,0.0
CASIA2/Au/Au_ani_30696.jpg,0.0033333333333333335,0.0,0.0,0.0
CASIA2/Au/Au_ani_30697.jpg,0.006666666666666667,0.04,0.0,0.0
CASIA2/Au/Au_ani_30700.jpg,0.0,0.0,0.0,0.0
CASIA2/Au/Au_ani_30703.jpg,0.0,0.0,0.0,0.0
CASIA2/Au/Au_ani_30704.jpg,0.0033333333333333335,0.0,0.0,0.0
CASIA2/Au/Au_ani_30705.jpg,0.0,0.0,0.0,0.0
CASIA2/Au/Au_ani_30706.jpg,0.0033333333333333335,0.0,0.0,0.0
CASIA2/Au/Au_ani_30707.jpg,0.0,0.0,0.0,0.0
CASIA2/Au/Au_ani_30709.jpg,0.30333333333333334,0.043333333333333335,0.0,0.0
CASIA2/Au/Au_ani_30710.jpg,0.02666666666666667,0.0033333333333333335,0.0,0.0
CASIA2/Au/Au_ani_30711.jpg,0.04,0.0,0.0,0.0
CASIA2/Au/Au_ani_30712.jpg,0.0,0.0,0.0,0.0
CASIA2/Au/Au_ani_30713.jpg,0.0,0.0,0.0,0.0
CASIA2/Au/Au_ani_30714.jpg,0.0,0.0,0.0,0.0
CASIA2/Au/Au_ani_30715.jpg,0.0,0.0,0.0,0.0
CASIA2/Au/Au_ani_30718.jpg,0.013333333333333334,0.0,0.0,0.0
CASIA2/Au/Au_ani_30719.jpg,0.0,0.0,0.0,0.0
CASIA2/Au/Au_ani_30720.jpg,0.13666666666666666,0.013333333333333334,0.0,0.0
CASIA2/Au/Au_ani_30721.jpg,0.0,0.0,0.0,0.0
CASIA2/Au/Au_ani_30722.jpg,0.0,0.0,0.0,0.0
CASIA2/Au/Au_ani_30723.jpg,0.0,0.0,0.0,0.0
CASIA2/Au/Au_ani_30725.jpg,0.03,0.0,0.0,0.0
CASIA2/Au/Au_ani_30726.jpg,0.0033333333333333335,0.0,0.0,0.0
CASIA2/Au/Au_ani_30728.jpg,0.006666666666666667,0.006666666666666667,0.0,0.0
CASIA2/Au/Au_ani_30729.jpg,0.0,0.0,0.0,0.0
CASIA2/Au/Au_ani_30731.jpg,0.0,0.0,0.0,0.0
CASIA2/Au/Au_ani_30732.jpg,0.02666666666666667,0.0,0.0,0.0
CASIA2/Au/Au_ani_30733.jpg,0.0033333333333333335,0.0,0.0,0.0
CASIA2/Au/Au_ani_30734.jpg,0.0,0.0,0.0,0.0
CASIA2/Au/Au_ani_30735.jpg,0.0033333333333333335,0.0,0.0,0.0
CASIA2/Au/Au_ani_30736.jpg,0.0033333333333333335,0.0,0.0,0.0
CASIA2/Au/Au_ani_30737.jpg,0.0,0.0,0.0,0.0
CASIA2/Au/Au_ani_30738.jpg,0.0033333333333333335,0.0,0.0,0.0
CASIA2/Au/Au_ani_30739.jpg,0.0033333333333333335,0.0,0.0,0.0
CASIA2/Au/Au_ani_30741.jpg,0.043333333333333335,0.0033333333333333335,0.0,0.0
CASIA2/Au/Au_ani_30742.jpg,0.02,0.0,0.0,0.0
CASIA2/Au/Au_ani_30743.jpg,0.0,0.0,0.0,0.0
CASIA2/Au/Au_ani_30744.jpg,0.03333333333333333,0.006666666666666667,0.0,0.0
CASIA2/Au/Au_ani_30745.jpg,0.0033333333333333335,0.0,0.0,0.0
CASIA2/Au/Au_ani_30746.jpg,0.47333333333333333,0.18666666666666668,0.0,0.00857142857142857
CASIA2/Au/Au_ani_30747.jpg,0.023333333333333334,0.0,0.0,0.0
CASIA2/Au/Au_ani_30748.jpg,0.0,0.0,0.0,0.0
CASIA2/Au/Au_ani_30749.jpg,0.013333333333333334,0.0033333333333333335,0.0,0.0
CASIA2/Au/Au_ani_30750.jpg,0.006666666666666667,0.013333333333333334,0.0,0.0
CASIA2/Au/Au_ani_30751.jpg,0.0,0.0,0.0,0.0
CASIA2/Au/Au_ani_30752.jpg,0.0033333333333333335,0.0,0.0,0.0
CASIA2/Au/Au_ani_30753.jpg,0.0033333333333333335,0.0,0.0,0.0
CASIA2/Au/Au_ani_30754.jpg,0.006666666666666667,0.0033333333333333335,0.0,0.0
CASIA2/Au/Au_ani_30755.jpg,0.0,0.0,0.0,0.0
CASIA2/Au/Au_ani_30756.jpg,0.016666666666666666,0.0,0.0,0.0
CASIA2/Au/Au_ani_30757.jpg,0.0,0.0,0.0,0.0
CASIA2/Au/Au_ani_30758.jpg,0.01,0.0,0.0,0.0
CASIA2/Au/Au_ani_30759.jpg,0.0,0.0,0.0,0.0
CASIA2/Au/Au_ani_30760.jpg,0.0,0.0,0.0,0.0
CASIA2/Au/Au_ani_30761.jpg,0.06,0.12,0.0,0.0
CASIA2/Au/Au_ani_30762.jpg,0.0,0.0,0.0,0.0
CASIA2/Au/Au_ani_30763.jpg,0.0,0.0,0.0,0.0
CASIA2/Au/Au_ani_30764.jpg,0.01,0.0,0.0,0.0
CASIA2/Au/Au_ani_30767.jpg,0.01,0.0,0.0,0.0
CASIA2/Au/Au_ani_30769.jpg,0.006666666666666667,0.0033333333333333335,0.0,0.0
CASIA2/Au/Au_ani_30770.jpg,0.0,0.0,0.0,0.0
CASIA2/Au/Au_ani_30771.jpg,0.0,0.0,0.0,0.0
CASIA2/Au/Au_ani_30772.jpg,0.03333333333333333,0.0,0.0008333333333333334,0.0
CASIA2/Au/Au_ani_30775.jpg,0.006666666666666667,0.0,0.0,0.0034632034632034628
CASIA2/Au/Au_ani_30776.jpg,0.0033333333333333335,0.0,0.0,0.0
CASIA2/Au/Au_ani_30777.jpg,0.0033333333333333335,0.0,0.0,0.0
CASIA2/Au/Au_ani_30778.jpg,0.006666666666666667,0.0,0.0,0.0
CASIA2/Au/Au_ani_30779.jpg,0.0033333333333333335,0.0,0.0,0.0
CASIA2/Au/Au_ani_30780.jpg,0.08666666666666667,0.0033333333333333335,0.0,0.0
CASIA2/Au/Au_ani_30781.jpg,0.0,0.0,0.0,0.0
CASIA2/Au/Au_ani_30783.jpg,0.0033333333333333335,0.006666666666666667,0.0,0.0
CASIA2/Au/Au_ani_30784.jpg,0.0,0.0,0.0,0.0
CASIA2/Au/Au_ani_30785.jpg,0.016666666666666666,0.0,0.0,0.0
CASIA2/Au/Au_ani_30786.jpg,0.0,0.0,0.0,0.0
CASIA2/Au/Au_ani_30788.jpg,0.0,0.0,0.0,0.0
CASIA2/Au/Au_ani_30790.jpg,0.0033333333333333335,0.0,0.0,0.0
CASIA2/Au/Au_ani_30791.jpg,0.0033333333333333335,0.0,0.0,0.0
CASIA2/Au/Au_ani_30792.jpg,0.0,0.0033333333333333335,0.0,0.0
CASIA2/Au/Au_ani_30793.jpg,0.006666666666666667,0.0,0.0019047619047619048,0.0
CASIA2/Au/Au_ani_30794.jpg,0.03333333333333333,0.0033333333333333335,0.0,0.0
CASIA2/Au/Au_ani_30796.jpg,0.11333333333333333,0.006666666666666667,0.0,0.0
CASIA2/Au/Au_arc_00001.jpg,0.42,0.47,0.0,0.0
CASIA2/Au/Au_arc_00002.jpg,0.28,0.19,0.0,0.0
CASIA2/Au/Au_arc_00003.jpg,0.02,0.03,0.0,0.0
CASIA2/Au/Au_arc_00004.jpg,0.38,0.17666666666666667,0.0,0.0
CASIA2/Au/Au_arc_00005.jpg,0.11666666666666667,0.11666666666666667,0.0033333333333333335,0.0
CASIA2/Au/Au_arc_00006.jpg,0.12333333333333334,0.08333333333333333,0.0,0.0
CASIA2/Au/Au_arc_00007.jpg,0.26,0.28,0.0,0.0
CASIA2/Au/Au_arc_00008.jpg,0.12,0.12666666666666668,0.0,0.0
CASIA2/Au/Au_arc_00009.jpg,0.13,0.02666666666666667,0.0,0.0
CASIA2/Au/Au_arc_00010.jpg,0.12333333333333334,0.013333333333333334,0.0,0.0
CASIA2/Au/Au_arc_00011.jpg,0.013333333333333334,0.0,0.0,0.0
CASIA2/Au/Au_arc_00012.jpg,0.01,0.016666666666666666,0.0,0.0
CASIA2/Au/Au_arc_00013.jpg,0.0033333333333333335,0.0,0.0,0.004333333333333333
CASIA2/Au/Au_arc_00014.jpg,0.02,0.02,0.0,0.0
CASIA2/Au/Au_arc_00015.jpg,0.0,0.0,0.0,0.0
CASIA2/Au/Au_arc_00017.jpg,0.05,0.0,0.0,0.0
CASIA2/Au/Au_arc_00018.jpg,0.23,0.01,0.0,0.0
CASIA2/Au/Au_arc_00019.jpg,0.05333333333333334,0.0,0.0,0.0
CASIA2/Au/Au_arc_00021.jpg,0.06666666666666667,0.0033333333333333335,0.0,0.0
CASIA2/Au/Au_arc_00022.jpg,0.006666666666666667,0.0033333333333333335,0.0,0.0
CASIA2/Au/Au_arc_00023.jpg,0.0,0.0,0.0,0.0
CASIA2/Au/Au_arc_00024.jpg,0.03333333333333333,0.0033333333333333335,0.0,0.0
CASIA2/Au/Au_arc_00025.jpg,0.013333333333333334,0.0,0.0,0.0
CASIA2/Au/Au_arc_00026.jpg,0.15666666666666668,0.006666666666666667,0.0,0.0
CASIA2/Au/Au_arc_00027.jpg,0.13666666666666666,0.006666666666666667,0.0,0.0014814814814814814
CASIA2/Au/Au_arc_00028.jpg,0.05333333333333334,0.01,0.0,0.0
CASIA2/Au/Au_arc_00029.jpg,0.6666666666666666,0.43,0.0,0.0006666666666666668
CASIA2/Au/Au_arc_00030.jpg,0.22666666666666666,0.13666666666666666,0.0,0.0
CASIA2/Au/Au_arc_00031.jpg,0.22666666666666666,0.2,0.0,0.0
CASIA2/Au/Au_arc_00032.jpg,0.27,0.4766666666666667,0.0,0.0
CASIA2/Au/Au_arc_00033.jpg,0.27666666666666667,0.4766666666666667,0.0,0.0
CASIA2/Au/Au_arc_00034.jpg,0.58,0.78,0.0,0.0
CASIA2/Au/Au_arc_00035.jpg,0.16333333333333333,0.20666666666666667,0.0,0.0
CASIA2/Au/Au_arc_00037.jpg,0.18333333333333332,0.09333333333333334,0.0,0.0
CASIA2/Au/Au_arc_00038.jpg,0.6866666666666666,0.72,0.0,0.0009523809523809524
CASIA2/Au/Au_arc_00039.jpg,0.47,0.3466666666666667,0.0,0.0
CASIA2/Au/Au_arc_00040.jpg,0.4766666666666667,0.4633333333333333,0.0,0.0
CASIA2/Au/Au_arc_00041.jpg,0.30666666666666664,0.35333333333333333,0.0,0.0
CASIA2/Au/Au_arc_00042.jpg,0.09333333333333334,0.09666666666666666,0.0,0.0
CASIA2/Au/Au_arc_00043.jpg,0.13666666666666666,0.17333333333333334,0.0,0.0
CASIA2/Au/Au_arc_00044.jpg,0.5266666666666666,0.3933333333333333,0.0,0.0
CASIA2/Au/Au_arc_00047.jpg,0.36666666666666664,0.3,0.0,0.0
CASIA2/Au/Au_arc_00048.jpg,0.21666666666666667,0.19,0.0,0.0
CASIA2/Au/Au_arc_00049.jpg,0.28,0.15666666666666668,0.0,0.0
CASIA2/Au/Au_arc_00050.jpg,0.6766666666666666,0.54,0.0033333333333333335,0.0033333333333333335
CASIA2/Au/Au_arc_00051.jpg,0.26666666666666666,0.16666666666666666,0.0,0.0
CASIA2/Au/Au_arc_00052.jpg,0.5,0.32,0.0033333333333333335,0.0
CASIA2/Au/Au_arc_00053.jpg,0.63,0.36333333333333334,0.0,0.0
CASIA2/Au/Au_arc_00054.jpg,0.45,0.12333333333333334,0.0,0.0
CASIA2/Au/Au_arc_00056.jpg,0.29333333333333333,0.07333333333333333,0.0038888888888888883,0.0
CASIA2/Au/Au_arc_00058.jpg,0.25,0.42333333333333334,0.0,0.0016666666666666668
CASIA2/Au/Au_arc_00059.jpg,0.33,0.056666666666666664,0.0,0.0
CASIA2/Au/Au_arc_00060.jpg,0.4666666666666667,0.30333333333333334,0.006016705516705516,0.005342546342546342
CASIA2/Au/Au_arc_00061.jpg,0.7533333333333333,0.81,0.15333333333333332,0.21172438672438673
CASIA2/Au/Au_arc_00062.jpg,0.19333333333333333,0.19666666666666666,0.006016705516705516,0.006453657453657453
CASIA2/Au/Au_arc_00063.jpg,0.59,0.21333333333333335,0.0,0.0033333333333333335
CASIA2/Au/Au_arc_00064.jpg,0.12,0.14666666666666667,0.0,0.0
CASIA2/Au/Au_arc_00065.jpg,0.043333333333333335,0.04,0.0,0.0
CASIA2/Au/Au_arc_00066.jpg,0.2866666666666667,0.48,0.0,0.0
CASIA2/Au/Au_arc_00067.jpg,0.15,0.4033333333333333,0.0,0.0
CASIA2/Au/Au_arc_00069.jpg,0.11333333333333333,0.05,0.0,0.0
CASIA2/Au/Au_arc_00070.jpg,0.29,0.18666666666666668,0.0,0.0
CASIA2/Au/Au_arc_00071.jpg,0.98,0.98,0.0,0.0
CASIA2/Au/Au_arc_00072.jpg,0.17666666666666667,0.19,0.0,0.0
CASIA2/Au/Au_arc_00073.jpg,0.013333333333333334,0.006666666666666667,0.0,0.0
CASIA2/Au/Au_arc_00074.jpg,0.08333333333333333,0.06,0.0,0.004404761904761904
CASIA2/Au/Au_arc_00075.jpg,0.07333333333333333,0.09,0.0,0.0
CASIA2/Au/Au_arc_00076.jpg,0.0033333333333333335,0.06,0.0,0.0
CASIA2/Au/Au_arc_00077.jpg,0.013333333333333334,0.043333333333333335,0.0,0.0
CASIA2/Au/Au_arc_00078.jpg,0.26,0.07333333333333333,0.0,0.0021666666666666666
CASIA2/Au/Au_arc_00079.jpg,0.3466666666666667,0.06,0.0,0.0
CASIA2/Au/Au_arc_00080.jpg,0.08666666666666667,0.09333333333333334,0.0,0.0
CASIA2/Au/Au_arc_00081.jpg,0.12,0.03666666666666667,0.0,0.0
CASIA2/Au/Au_arc_00083.jpg,0.023333333333333334,0.28,0.0,0.0
CASIA2/Au/Au_arc_00084.jpg,0.3466666666666667,0.42,0.0,0.0
CASIA2/Au/Au_arc_00085.jpg,0.20666666666666667,0.10333333333333333,0.0006666666666666668,0.0
CASIA2/Au/Au_arc_00086.jpg,0.0033333333333333335,0.20333333333333334,0.0033333333333333335,0.0
CASIA2/Au/Au_arc_00087.jpg,0.016666666666666666,0.17,0.0,0.0
CASIA2/Au/Au_arc_00088.jpg,0.32,0.17333333333333334,0.0,0.0
CASIA2/Au/Au_arc_00089.jpg,0.12666666666666668,0.0033333333333333335,0.0,0.0
CASIA2/Au/Au_arc_00090.jpg,0.0033333333333333335,0.0,0.0,0.0
CASIA2/Au/Au_arc_00091.jpg,0.07333333333333333,0.0,0.0,0.0
CASIA2/Au/Au_arc_00092.jpg,0.006666666666666667,0.0,0.0,0.0
CASIA2/Au/Au_arc_00093.jpg,0.0033333333333333335,0.0,0.0,0.0
CASIA2/Au/Au_arc_00094.jpg,0.18666666666666668,0.01,0.0,0.0
CASIA2/Au/Au_arc_00095.jpg,0.0,0.0,0.0,0.0
CASIA2/Au/Au_arc_00096.jpg,0.05333333333333334,0.01,0.0,0.0
CASIA2/Au/Au_arc_00097.jpg,0.016666666666666666,0.0,0.0,0.0
CASIA2/Au/Au_arc_00098.jpg,0.03666666666666667,0.0,0.0,0.0
CASIA2/Au/Au_arc_00099.jpg,0.0,0.0,0.0,0.0
CASIA2/Au/Au_arc_00100.jpg,0.57,0.09333333333333334,0.0,0.0
CASIA2/Au/Au_arc_10001.jpg,0.68,0.6166666666666667,0.67624640229052,0.5054917166167164
CASIA2/Au/Au_arc_10101.jpg,0.47,0.61,0.0033333333333333335,0.0
CASIA2/Au/Au_arc_10102.jpg,0.6966666666666667,0.59,0.0,0.0033333333333333335
CASIA2/Au/Au_arc_10103.jpg,0.68,0.6033333333333334,0.01,0.0019047619047619048
CASIA2/Au/Au_arc_10104.jpg,0.37,0.33666666666666667,0.005833333333333334,0.012444444444444445
CASIA2/Au/Au_arc_10105.jpg,0.5866666666666667,0.6166666666666667,0.004,0.013904761904761902
CASIA2/Au/Au_arc_10106.jpg,0.25666666666666665,0.33,0.0033333333333333335,0.011989417989417989
CASIA2/Au/Au_arc_10109.jpg,0.07333333333333333,0.24666666666666667,0.00237037037037037,0.003
CASIA2/Au/Au_arc_10110.jpg,0.22666666666666666,0.24333333333333335,0.0033333333333333335,0.007404761904761905
CASIA2/Au/Au_arc_10111.jpg,0.9433333333333334,0.74,0.011118205868205869,0.023043650793650793
CASIA2/Au/Au_arc_10112.jpg,0.6,0.5366666666666666,0.0033333333333333335,0.008166666666666668
CASIA2/Au/Au_arc_10114.jpg,0.67,0.6333333333333333,0.0048484848484848485,0.01046031746031746
CASIA2/Au/Au_arc_10115.jpg,0.35,0.54,0.02188888888888889,0.07398160173160175
CASIA2/Au/Au_arc_10116.jpg,0.24333333333333335,0.43666666666666665,0.011356902356902357,0.002833333333333333
CASIA2/Au/Au_arc_10117.jpg,0.44333333333333336,0.36,0.05333333333333334,0.02540079365079365
CASIA2/Au/Au_arc_10118.jpg,0.44666666666666666,0.48,0.03,0.031985209235209235
CASIA2/Au/Au_arc_10119.jpg,0.5233333333333333,0.5566666666666666,0.006666666666666667,0.01739057239057239
CASIA2/Au/Au_arc_10120.bmp,0.06333333333333334,0.35,0.03946584896584897,0.07516666666666666
CASIA2/Au/Au_arc_10121.bmp,0.14666666666666667,0.27666666666666667,0.03,0.08391058016058016
CASIA2/Au/Au_arc_10122.bmp,0.25666666666666665,0.17,0.02,0.04159330484330485
CASIA2/Au/Au_arc_10123.bmp,0.4666666666666667,0.08333333333333333,0.023333333333333334,0.04262464387464388
CASIA2/Au/Au_arc_10124.bmp,0.5433333333333333,0.16,0.006666666666666667,0.07621991896991898
CASIA2/Au/Au_arc_10125.bmp,0.08666666666666667,0.44333333333333336,0.006666666666666667,0.08938333616274792
CASIA2/Au/Au_arc_10126.bmp,0.43333333333333335,0.27,0.0033333333333333335,0.04288215488215488
CASIA2/Au/Au_arc_10128.bmp,0.66,0.6233333333333333,0.019136243386243385,0.08398124098124096
CASIA2/Au/Au_arc_10130.bmp,0.016666666666666666,0.3433333333333333,0.016666666666666666,0.09403174603174602
CASIA2/Au/Au_arc_20001.jpg,0.33666666666666667,0.41333333333333333,0.006392857142857142,0.002976190476190476
CASIA2/Au/Au_arc_20002.jpg,0.7,0.68,0.03,0.029515873015873016
CASIA2/Au/Au_arc_20003.jpg,0.2633333333333333,0.45666666666666667,0.02666666666666667,0.03337342287342288
CASIA2/Au/Au_arc_20004.jpg,0.5966666666666667,0.6633333333333333,0.04592724867724867,0.04996512746512746
CASIA2/Au/Au_arc_20005.jpg,0.7966666666666666,0.8533333333333334,0.0033333333333333335,0.018166666666666668
CASIA2/Au/Au_arc_20006.jpg,0.23666666666666666,0.31666666666666665,0.006666666666666667,0.0016666666666666668
CASIA2/Au/Au_arc_20007.jpg,0.6233333333333333,0.75,0.02146296296296296,0.009111111111111111
CASIA2/Au/Au_arc_20008.jpg,0.6433333333333333,0.6433333333333333,0.006666666666666667,0.004761904761904762
CASIA2/Au/Au_arc_20009.jpg,0.6066666666666667,0.6066666666666667,0.0,0.004023268398268398
CASIA2/Au/Au_arc_20010.jpg,0.4633333333333333,0.47333333333333333,0.0,0.01970899470899471
CASIA2/Au/Au_arc_20011.jpg,0.15333333333333332,0.27666666666666667,0.006572871572871572,0.0030555555555555553
CASIA2/Au/Au_arc_20012.jpg,0.44,0.44,0.0033333333333333335,0.01764814814814815
CASIA2/Au/Au_arc_20013.jpg,0.6,0.6166666666666667,0.04288888888888889,0.04782006882006882
CASIA2/Au/Au_arc_20014.jpg,0.45,0.49333333333333335,0.012651154401154401,0.035251322751322756
CASIA2/Au/Au_arc_20016.jpg,0.6433333333333333,0.6233333333333333,0.02,0.01138888888888889
CASIA2/Au/Au_arc_20019.jpg,0.42,0.2733333333333333,0.002976190476190476,0.0013333333333333335
CASIA2/Au/Au_arc_20020.jpg,0.17666666666666667,0.38333333333333336,0.002777777777777778,0.001296296296296296
CASIA2/Au/Au_arc_20021.jpg,0.44333333333333336,0.49666666666666665,0.008681818181818181,0.0020833333333333333
CASIA2/Au/Au_arc_20023.jpg,0.83,0.8366666666666667,0.0,0.03378174603174604
CASIA2/Au/Au_arc_20024.jpg,0.27666666666666667,0.4,0.008,0.0044444444444444444
CASIA2/Au/Au_arc_20025.jpg,0.4,0.4266666666666667,0.03749206349206349,0.0053749398749398745
CASIA2/Au/Au_arc_20027.jpg,0.6033333333333334,0.6966666666666667,0.0,0.0
CASIA2/Au/Au_arc_20029.jpg,0.2,0.21333333333333335,0.0,0.0025555555555555553
CASIA2/Au/Au_arc_20030.jpg,0.37333333333333335,0.41,0.016666666666666666,0.004629629629629629
CASIA2/Au/Au_arc_20031.jpg,0.47,0.41333333333333333,0.0074841269841269846,0.0022500000000000003
CASIA2/Au/Au_arc_20032.jpg,0.07,0.35333333333333333,0.001984126984126984,0.0
CASIA2/Au/Au_arc_20033.jpg,0.15333333333333332,0.52,0.020727513227513227,0.019198412698412704
CASIA2/Au/Au_arc_20034.jpg,0.5133333333333333,0.57,0.02,0.03953703703703704
CASIA2/Au/Au_arc_20037.jpg,0.5433333333333333,0.6366666666666667,0.01,0.020476190476190474
CASIA2/Au/Au_arc_20039.jpg,0.7633333333333333,0.7666666666666667,0.0033333333333333335,0.001818181818181818
CASIA2/Au/Au_arc_20040.jpg,0.42,0.4166666666666667,0.0064285714285714285,0.002611111111111111
CASIA2/Au/Au_arc_20041.jpg,0.37666666666666665,0.4266666666666667,0.013333333333333334,0.0
CASIA2/Au/Au_arc_20042.jpg,0.46,0.58,0.012515151515151514,0.004126984126984127
CASIA2/Au/Au_arc_20043.jpg,0.57,0.57,0.002261904761904762,0.0
CASIA2/Au/Au_arc_20044.jpg,0.48,0.5066666666666667,0.0,0.007833333333333333
CASIA2/Au/Au_arc_20046.jpg,0.57,0.47333333333333333,0.01247150072150072,0.001726190476190476
CASIA2/Au/Au_arc_20047.jpg,0.5533333333333333,0.6566666666666666,0.0065,0.0033333333333333335
CASIA2/Au/Au_arc_20048.jpg,0.3,0.30666666666666664,0.0033333333333333335,0.0033333333333333335
CASIA2/Au/Au_arc_20049.jpg,0.44333333333333336,0.4666666666666667,0.002847222222222222,0.005648148148148148
CASIA2/Au/Au_arc_20050.jpg,0.32666666666666666,0.48,0.013333333333333334,0.010916666666666667
CASIA2/Au/Au_arc_20051.jpg,0.38333333333333336,0.5566666666666666,0.015059523809523807,0.021444444444444443
CASIA2/Au/Au_arc_20052.jpg,0.34,0.37,0.0011111111111111111,0.013615680615680616
CASIA2/Au/Au_arc_20053.jpg,0.23,0.4,0.09310047822547823,0.06627332852332851
CASIA2/Au/Au_arc_20054.jpg,0.5566666666666666,0.6266666666666667,0.008968253968253969,0.03435437710437711
CASIA2/Au/Au_arc_20055.jpg,0.6066666666666667,0.6833333333333333,0.006666666666666667,0.005222222222222223
CASIA2/Au/Au_arc_20056.jpg,0.05333333333333334,0.14333333333333334,0.11333333333333333,0.08726527176527174
CASIA2/Au/Au_arc_20058.jpg,0.38,0.5733333333333334,0.006666666666666667,0.0413040293040293
CASIA2/Au/Au_arc_20059.jpg,0.27,0.47,0.007,0.022
CASIA2/Au/Au_arc_20060.jpg,0.51,0.7366666666666667,0.0033333333333333335,0.027103174603174598
CASIA2/Au/Au_arc_20061.jpg,0.5433333333333333,0.5666666666666667,0.0038888888888888883,0.017302910052910056
CASIA2/Au/Au_arc_20062.jpg,0.04666666666666667,0.21,0.0,0.006333333333333334
CASIA2/Au/Au_arc_20063.jpg,0.5233333333333333,0.17666666666666667,0.0,0.0030555555555555553
CASIA2/Au/Au_arc_20064.jpg,0.4533333333333333,0.19,0.0,0.0
CASIA2/Au/Au_arc_20066.jpg,0.64,0.47,0.0,0.008833333333333334
CASIA2/Au/Au_arc_20067.jpg,0.4166666666666667,0.33,0.0033333333333333335,0.0
CASIA2/Au/Au_arc_20068.jpg,0.38666666666666666,0.24,0.016666666666666666,0.06502380952380951
CASIA2/Au/Au_arc_20069.jpg,0.23666666666666666,0.20333333333333334,0.03666666666666667,0.04532692307692308
CASIA2/Au/Au_arc_20072.jpg,0.44333333333333336,0.3233333333333333,0.10217123617123615,0.08160642135642136
CASIA2/Au/Au_arc_20073.jpg,0.13,0.09333333333333334,0.0,0.0
CASIA2/Au/Au_arc_20075.jpg,0.35,0.13666666666666666,0.0,0.0
CASIA2/Au/Au_arc_20076.jpg,0.0,0.06333333333333334,0.05232681207681208,0.05112890812890812
CASIA2/Au/Au_arc_20077.jpg,0.49333333333333335,0.5033333333333333,0.035305555555555555,0.01714069264069264
CASIA2/Au/Au_arc_20078.jpg,0.8566666666666667,0.77,0.0033333333333333335,0.015
CASIA2/Au/Au_arc_20080.jpg,0.36333333333333334,0.22333333333333333,0.3933333333333333,0.3491780626780628
CASIA2/Au/Au_arc_20081.jpg,0.45,0.16333333333333333,0.0,0.0
CASIA2/Au/Au_arc_20082.jpg,0.6433333333333333,0.7266666666666667,0.016666666666666666,0.009432539682539683
CASIA2/Au/Au_arc_20083.jpg,0.4,0.5366666666666666,0.0064444444444444445,0.019095238095238096
CASIA2/Au/Au_arc_20084.jpg,0.79,0.8,0.006666666666666667,0.015269841269841268
CASIA2/Au/Au_arc_20085.jpg,0.6366666666666667,0.8066666666666666,0.011164983164983164,0.03647222222222222
CASIA2/Au/Au_arc_20086.jpg,0.52,0.49666666666666665,0.04423148148148148,0.05115079365079364
CASIA2/Au/Au_arc_20087.jpg,0.62,0.6866666666666666,0.007293650793650794,0.01
CASIA2/Au/Au_arc_20088.jpg,0.48,0.33666666666666667,0.019670634920634922,0.013766474266474265
CASIA2/Au/Au_arc_20090.jpg,0.7366666666666667,0.66,0.010963203463203463,0.025879629629629634
CASIA2/Au/Au_arc_20091.jpg,0.5066666666666667,0.49333333333333335,0.006666666666666667,0.01244949494949495
CASIA2/Au/Au_arc_20092.jpg,0.5933333333333334,0.44666666666666666,0.0033333333333333335,0.0
CASIA2/Au/Au_arc_20094.jpg,0.6866666666666666,0.77,0.0,0.010268398268398269
CASIA2/Au/Au_arc_20095.jpg,0.9166666666666666,0.9466666666666667,0.0033333333333333335,0.032441317941317944
CASIA2/Au/Au_arc_20096.jpg,0.8133333333333334,0.8133333333333334,0.0033333333333333335,0.023347883597883597
CASIA2/Au/Au_arc_20097.jpg,0.68,0.7833333333333333,0.005455026455026454,0.017857142857142856
CASIA2/Au/Au_arc_20098.jpg,0.61,0.6466666666666666,0.0,0.013171717171717171
CASIA2/Au/Au_arc_20099.jpg,0.6766666666666666,0.8066666666666666,0.03333333333333333,0.11469360269360271
CASIA2/Au/Au_arc_30001.jpg,0.47,0.04666666666666667,0.0,0.0
CASIA2/Au/Au_arc_30002.jpg,0.15666666666666668,0.016666666666666666,0.0,0.0
CASIA2/Au/Au_arc_30003.jpg,0.006666666666666667,0.0,0.0,0.0
CASIA2/Au/Au_arc_30004.jpg,0.13666666666666666,0.01,0.0,0.0025
CASIA2/Au/Au_arc_30005.jpg,0.0,0.0,0.0,0.0
CASIA2/Au/Au_arc_30006.jpg,0.02,0.006666666666666667,0.0,0.0
CASIA2/Au/Au_arc_30007.jpg,0.01,0.0,0.0,0.0
CASIA2/Au/Au_arc_30008.jpg,0.0033333333333333335,0.0033333333333333335,0.0,0.0
CASIA2/Au/Au_arc_30009.jpg,0.03,0.006666666666666667,0.0,0.0
CASIA2/Au/Au_arc_30011.jpg,0.2,0.03666666666666667,0.0,0.0
CASIA2/Au/Au_arc_30012.jpg,0.26666666666666666,0.013333333333333334,0.0,0.0022222222222222222
CASIA2/Au/Au_arc_30013.jpg,0.12,0.006666666666666667,0.0,0.0
CASIA2/Au/Au_arc_30014.jpg,0.01,0.0033333333333333335,0.0,0.0
CASIA2/Au/Au_arc_30015.jpg,0.12333333333333334,0.01,0.0,0.0
CASIA2/Au/Au_arc_30017.jpg,0.03333333333333333,0.0,0.0,0.0
CASIA2/Au/Au_arc_30018.jpg,0.006666666666666667,0.0,0.0,0.0
CASIA2/Au/Au_arc_30019.jpg,0.01,0.0,0.0,0.0
CASIA2/Au/Au_arc_30020.jpg,0.0,0.0,0.0,0.0
CASIA2/Au/Au_arc_30021.jpg,0.0,0.0,0.0,0.0
CASIA2/Au/Au_arc_30023.jpg,0.03333333333333333,0.0,0.0,0.0
CASIA2/Au/Au_arc_30024.jpg,0.32,0.013333333333333334,0.0,0.0
CASIA2/Au/Au_arc_30025.jpg,0.15333333333333332,0.0033333333333333335,0.0,0.0
CASIA2/Au/Au_arc_30026.jpg,0.0,0.0,0.0,0.0
CASIA2/Au/Au_arc_30028.jpg,0.006666666666666667,0.0,0.0,0.0
CASIA2/Au/Au_arc_30029.jpg,0.07,0.0,0.0,0.0
CASIA2/Au/Au_arc_30030.jpg,0.02666666666666667,0.006666666666666667,0.0,0.0
CASIA2/Au/Au_arc_30031.jpg,0.0,0.0,0.0,0.0
CASIA2/Au/Au_arc_30032.jpg,0.16,0.016666666666666666,0.0,0.0
CASIA2/Au/Au_arc_30033.jpg,0.3,0.06,0.0,0.0
CASIA2/Au/Au_arc_30034.jpg,0.22666666666666666,0.02,0.0,0.0
CASIA2/Au/Au_arc_30036.jpg,0.01,0.0,0.0,0.0
CASIA2/Au/Au_arc_30037.jpg,0.0,0.0,0.0,0.0
CASIA2/Au/Au_arc_30038.jpg,0.06,0.0,0.0,0.0030784030784030783
CASIA2/Au/Au_arc_30039.jpg,0.03333333333333333,0.0,0.0,0.0
CASIA2/Au/Au_arc_30040.jpg,0.0,0.0,0.0,0.0
CASIA2/Au/Au_arc_30041.jpg,0.03333333333333333,0.0,0.0,0.0
CASIA2/Au/Au_arc_30043.jpg,0.06333333333333334,0.006666666666666667,0.0,0.0
CASIA2/Au/Au_arc_30044.jpg,0.08666666666666667,0.0,0.0,0.0
CASIA2/Au/Au_arc_30045.jpg,0.3,0.0033333333333333335,0.0,0.0
CASIA2/Au/Au_arc_30046.jpg,0.07666666666666666,0.0033333333333333335,0.0,0.0
CASIA2/Au/Au_arc_30047.jpg,0.2966666666666667,0.03,0.0,0.0
CASIA2/Au/Au_arc_30048.jpg,0.02666666666666667,0.0,0.0,0.0
CASIA2/Au/Au_arc_30049.jpg,0.03,0.05333333333333334,0.0,0.0
CASIA2/Au/Au_arc_30050.jpg,0.26,0.04666666666666667,0.0,0.005222222222222222
CASIA2/Au/Au_arc_30052.jpg,0.3466666666666667,0.02,0.0,0.0
CASIA2/Au/Au_arc_30054.jpg,0.15,0.0033333333333333335,0.0,0.0
CASIA2/Au/Au_arc_30055.jpg,0.01,0.0,0.0,0.0
CASIA2/Au/Au_arc_30056.jpg,0.006666666666666667,0.0,0.0,0.0
CASIA2/Au/Au_arc_30057.jpg,0.13666666666666666,0.0033333333333333335,0.0,0.0
CASIA2/Au/Au_arc_30058.jpg,0.5066666666666667,0.043333333333333335,0.0,0.0
CASIA2/Au/Au_arc_30059.jpg,0.17333333333333334,0.02,0.0,0.0
CASIA2/Au/Au_arc_30060.jpg,0.016666666666666666,0.0,0.0,0.0
CASIA2/Au/Au_arc_30061.jpg,0.07666666666666666,0.0033333333333333335,0.0,0.0
CASIA2/Au/Au_arc_30064.jpg,0.0033333333333333335,0.0,0.0,0.0
CASIA2/Au/Au_arc_30065.jpg,0.013333333333333334,0.006666666666666667,0.0,0.0
CASIA2/Au/Au_arc_30066.jpg,0.04666666666666667,0.0,0.0,0.0
CASIA2/Au/Au_arc_30067.jpg,0.15,0.04,0.0,0.003911736411736412
CASIA2/Au/Au_arc_30068.jpg,0.07,0.0,0.002,0.0
CASIA2/Au/Au_arc_30070.jpg,0.32666666666666666,0.0033333333333333335,0.0,0.0030784030784030783
CASIA2/Au/Au_arc_30071.jpg,0.02,0.0,0.0,0.0
CASIA2/Au/Au_arc_30072.jpg,0.03666666666666667,0.02,0.0,0.0
CASIA2/Au/Au_arc_30073.jpg,0.19666666666666666,0.01,0.0,0.0
CASIA2/Au/Au_arc_30074.jpg,0.5466666666666666,0.09,0.0,0.0022222222222222222
CASIA2/Au/Au_arc_30075.jpg,0.43,0.4,0.0,0.0
CASIA2/Au/Au_arc_30076.jpg,0.4766666666666667,0.31,0.0,0.0016666666666666668
CASIA2/Au/Au_arc_30077.jpg,0.05,0.02,0.0,0.0
CASIA2/Au/Au_arc_30078.jpg,0.08,0.03333333333333333,0.0,0.0
CASIA2/Au/Au_arc_30080.jpg,0.07333333333333333,0.01,0.0033333333333333335,0.0
CASIA2/Au/Au_arc_30081.jpg,0.04666666666666667,0.01,0.0,0.0
CASIA2/Au/Au_arc_30082.jpg,0.09333333333333334,0.056666666666666664,0.0,0.0
CASIA2/Au/Au_arc_30084.jpg,0.06333333333333334,0.023333333333333334,0.0,0.0
CASIA2/Au/Au_arc_30086.jpg,0.07,0.03,0.0,0.0
CASIA2/Au/Au_arc_30087.jpg,0.2966666666666667,0.37,0.0,0.0
CASIA2/Au/Au_arc_30089.jpg,0.056666666666666664,0.023333333333333334,0.0,0.0
CASIA2/Au/Au_arc_30090.jpg,0.4066666666666667,0.31666666666666665,0.0,0.0
CASIA2/Au/Au_arc_30091.jpg,0.20666666666666667,0.05333333333333334,0.0,0.00125
CASIA2/Au/Au_arc_30092.jpg,0.19,0.08,0.0,0.003148148148148148
CASIA2/Au/Au_arc_30093.jpg,0.3233333333333333,0.12,0.0,0.0
CASIA2/Au/Au_arc_30095.jpg,0.10333333333333333,0.04,0.0,0.0
CASIA2/Au/Au_arc_30096.jpg,0.06,0.023333333333333334,0.0,0.0013333333333333335
CASIA2/Au/Au_arc_30097.jpg,0.24333333333333335,0.09666666666666666,0.0,0.0
CASIA2/Au/Au_arc_30098.jpg,0.07,0.013333333333333334,0.0,0.0
CASIA2/Au/Au_arc_30101.jpg,0.38,0.11,0.0,0.002833333333333333
CASIA2/Au/Au_arc_30102.jpg,0.21,0.14333333333333334,0.0,0.0
CASIA2/Au/Au_arc_30103.jpg,0.37666666666666665,0.22333333333333333,0.0,0.0
CASIA2/Au/Au_arc_30104.jpg,0.13666666666666666,0.04,0.0006666666666666668,0.0011111111111111111
CASIA2/Au/Au_arc_30105.jpg,0.4633333333333333,0.3566666666666667,0.0,0.0
CASIA2/Au/Au_arc_30106.jpg,0.38,0.30666666666666664,0.0,0.0031666666666666666
CASIA2/Au/Au_arc_30107.jpg,0.14666666666666667,0.06333333333333334,0.0,0.0
CASIA2/Au/Au_arc_30108.jpg,0.08,0.08,0.0,0.0
CASIA2/Au/Au_arc_30109.jpg,0.36333333333333334,0.21666666666666667,0.0,0.0
CASIA2/Au/Au_arc_30110.jpg,0.14,0.06666666666666667,0.0,0.0
CASIA2/Au/Au_arc_30111.jpg,0.47333333333333333,0.3433333333333333,0.0,0.0
CASIA2/Au/Au_arc_30112.jpg,0.14,0.01,0.0,0.0
CASIA2/Au/Au_arc_30113.jpg,0.22,0.19333333333333333,0.0,0.0
CASIA2/Au/Au_arc_30115.jpg,0.16666666666666666,0.13666666666666666,0.0,0.0
CASIA2/Au/Au_arc_30116.jpg,0.5833333333333334,0.37,0.0,0.004682539682539682
CASIA2/Au/Au_arc_30117.jpg,0.45666666666666667,0.28,0.0,0.005
CASIA2/Au/Au_arc_30118.jpg,0.57,0.54,0.0,0.008238095238095239
CASIA2/Au/Au_arc_30119.jpg,0.6866666666666666,0.6633333333333333,0.0,0.0
CASIA2/Au/Au_arc_30120.jpg,0.11,0.09333333333333334,0.0,0.0
CASIA2/Au/Au_arc_30121.jpg,0.14333333333333334,0.18,0.0,0.0008333333333333334
CASIA2/Au/Au_arc_30123.jpg,0.33666666666666667,0.20333333333333334,0.0,0.0
CASIA2/Au/Au_arc_30124.jpg,0.2866666666666667,0.21666666666666667,0.0,0.0
CASIA2/Au/Au_arc_30125.jpg,0.3566666666666667,0.36,0.0,0.0
CASIA2/Au/Au_arc_30126.jpg,0.1,0.056666666666666664,0.0,0.0
CASIA2/Au/Au_arc_30127.jpg,0.33666666666666667,0.11,0.0,0.0
CASIA2/Au/Au_arc_30128.jpg,0.2,0.14666666666666667,0.0,0.0
CASIA2/Au/Au_arc_30129.jpg,0.09666666666666666,0.06,0.0,0.0
CASIA2/Au/Au_arc_30130.jpg,0.11,0.26,0.0,0.0
CASIA2/Au/Au_arc_30132.jpg,0.12,0.12666666666666668,0.0,0.0
CASIA2/Au/Au_arc_30133.jpg,0.7133333333333334,0.6733333333333333,0.0,0.0
CASIA2/Au/Au_arc_30134.jpg,0.43,0.52,0.0,0.0
CASIA2/Au/Au_arc_30135.jpg,0.17666666666666667,0.07333333333333333,0.0,0.0
CASIA2/Au/Au_arc_30136.jpg,0.37666666666666665,0.21,0.0,0.004166666666666667
CASIA2/Au/Au_arc_30137.jpg,0.58,0.5966666666666667,0.0,0.0
CASIA2/Au/Au_arc_30138.jpg,0.38666666666666666,0.36333333333333334,0.0,0.0
CASIA2/Au/Au_arc_30140.jpg,0.45,0.3466666666666667,0.0,0.0016666666666666668
CASIA2/Au/Au_arc_30141.jpg,0.16,0.09333333333333334,0.0033333333333333335,0.0
CASIA2/Au/Au_arc_30142.jpg,0.4633333333333333,0.3233333333333333,0.0,0.0
CASIA2/Au/Au_arc_30144.jpg,0.21333333333333335,0.15666666666666668,0.0,0.0025
CASIA2/Au/Au_arc_30145.jpg,0.4533333333333333,0.28,0.0,0.0
CASIA2/Au/Au_arc_30146.jpg,0.48333333333333334,0.3433333333333333,0.0,0.0
CASIA2/Au/Au_arc_30147.jpg,0.6533333333333333,0.35333333333333333,0.0,0.0
CASIA2/Au/Au_arc_30148.jpg,0.2,0.06,0.0,0.0
CASIA2/Au/Au_arc_30149.jpg,0.46,0.43333333333333335,0.0,0.0
CASIA2/Au/Au_arc_30151.jpg,0.08666666666666667,0.043333333333333335,0.0,0.0015
CASIA2/Au/Au_arc_30153.jpg,0.3566666666666667,0.18666666666666668,0.0,0.0
CASIA2/Au/Au_arc_30154.jpg,0.49333333333333335,0.36666666666666664,0.0,0.0
CASIA2/Au/Au_arc_30155.jpg,0.14,0.17,0.0,0.0
CASIA2/Au/Au_arc_30156.jpg,0.15666666666666668,0.16666666666666666,0.0,0.0
CASIA2/Au/Au_arc_30158.jpg,0.45,0.4633333333333333,0.0,0.0013888888888888887
CASIA2/Au/Au_arc_30159.jpg,0.13,0.13666666666666666,0.0,0.0
CASIA2/Au/Au_arc_30161.jpg,0.16333333333333333,0.07,0.0,0.0
CASIA2/Au/Au_arc_30162.jpg,0.13,0.02666666666666667,0.0,0.0
CASIA2/Au/Au_arc_30163.jpg,0.05,0.056666666666666664,0.0,0.0
CASIA2/Au/Au_arc_30164.jpg,0.21,0.07,0.0,0.0
CASIA2/Au/Au_arc_30165.jpg,0.18666666666666668,0.14333333333333334,0.0,0.0
CASIA2/Au/Au_arc_30166.jpg,0.10333333333333333,0.10666666666666667,0.0,0.0
CASIA2/Au/Au_arc_30167.jpg,0.15333333333333332,0.12666666666666668,0.0,0.002285714285714286
CASIA2/Au/Au_arc_30168.jpg,0.05333333333333334,0.01,0.0,0.0
CASIA2/Au/Au_arc_30169.jpg,0.21,0.03666666666666667,0.0,0.0
CASIA2/Au/Au_arc_30170.jpg,0.02666666666666667,0.0,0.0,0.0
CASIA2/Au/Au_arc_30171.jpg,0.04666666666666667,0.0033333333333333335,0.0,0.0
CASIA2/Au/Au_arc_30173.jpg,0.006666666666666667,0.0,0.0,0.0
CASIA2/Au/Au_arc_30174.jpg,0.023333333333333334,0.0,0.0,0.0
CASIA2/Au/Au_arc_30175.jpg,0.02,0.0033333333333333335,0.0,0.0
CASIA2/Au/Au_arc_30176.jpg,0.0,0.0,0.0,0.0
CASIA2/Au/Au_arc_30177.jpg,0.0,0.0,0.0,0.0
CASIA2/Au/Au_arc_30178.jpg,0.09,0.0033333333333333335,0.0,0.0
CASIA2/Au/Au_arc_30179.jpg,0.09333333333333334,0.006666666666666667,0.0,0.0
CASIA2/Au/Au_arc_30180.jpg,0.30666666666666664,0.05,0.0,0.0
CASIA2/Au/Au_arc_30181.jpg,0.06333333333333334,0.0,0.0,0.0
CASIA2/Au/Au_arc_30182.jpg,0.13666666666666666,0.0033333333333333335,0.0,0.0
CASIA2/Au/Au_arc_30183.jpg,0.18666666666666668,0.03333333333333333,0.0,0.00395959595959596
CASIA2/Au/Au_arc_30184.jpg,0.05333333333333334,0.0,0.0,0.0
CASIA2/Au/Au_arc_30185.jpg,0.06333333333333334,0.0033333333333333335,0.0,0.0
CASIA2/Au/Au_arc_30186.jpg,0.016666666666666666,0.0,0.0,0.0
CASIA2/Au/Au_arc_30187.jpg,0.4033333333333333,0.06333333333333334,0.0,0.0
CASIA2/Au/Au_arc_30188.jpg,0.006666666666666667,0.0,0.0,0.0
CASIA2/Au/Au_arc_30189.jpg,0.013333333333333334,0.0,0.0,0.0
CASIA2/Au/Au_arc_30190.jpg,0.25333333333333335,0.11,0.0,0.0
CASIA2/Au/Au_arc_30191.jpg,0.26,0.2866666666666667,0.0,0.0
CASIA2/Au/Au_arc_30192.jpg,0.04666666666666667,0.0,0.0,0.0
CASIA2/Au/Au_arc_30193.jpg,0.05333333333333334,0.0,0.0,0.0
CASIA2/Au/Au_arc_30194.jpg,0.013333333333333334,0.0,0.0,0.0
CASIA2/Au/Au_arc_30195.jpg,0.006666666666666667,0.0033333333333333335,0.0,0.0
CASIA2/Au/Au_arc_30196.jpg,0.54,0.05333333333333334,0.0,0.0
CASIA2/Au/Au_arc_30197.jpg,0.38,0.2833333333333333,0.0,0.0033333333333333335
CASIA2/Au/Au_arc_30198.jpg,0.14333333333333334,0.023333333333333334,0.0,0.0
CASIA2/Au/Au_arc_30199.jpg,0.0033333333333333335,0.0,0.0,0.0
CASIA2/Au/Au_arc_30200.jpg,0.25,0.016666666666666666,0.0,0.0
CASIA2/Au/Au_arc_30202.jpg,0.30333333333333334,0.18666666666666668,0.0,0.0
CASIA2/Au/Au_arc_30203.jpg,0.20666666666666667,0.06,0.0,0.0
CASIA2/Au/Au_arc_30204.jpg,0.0,0.0,0.0,0.0
CASIA2/Au/Au_arc_30205.jpg,0.01,0.0,0.0,0.0
CASIA2/Au/Au_arc_30206.jpg,0.016666666666666666,0.0033333333333333335,0.0,0.0
CASIA2/Au/Au_arc_30208.jpg,0.3,0.03666666666666667,0.0,0.0
CASIA2/Au/Au_arc_30209.jpg,0.01,0.0,0.0,0.0
CASIA2/Au/Au_arc_30210.jpg,0.07333333333333333,0.0033333333333333335,0.0,0.0
CASIA2/Au/Au_arc_30211.jpg,0.07,0.03333333333333333,0.0,0.0
CASIA2/Au/Au_arc_30213.jpg,0.013333333333333334,0.0033333333333333335,0.0,0.0
CASIA2/Au/Au_arc_30214.jpg,0.0033333333333333335,0.0,0.0,0.0
CASIA2/Au/Au_arc_30215.jpg,0.12,0.016666666666666666,0.0,0.0
CASIA2/Au/Au_arc_30216.jpg,0.09333333333333334,0.0,0.0,0.0
CASIA2/Au/Au_arc_30217.jpg,0.06666666666666667,0.0,0.0,0.0
CASIA2/Au/Au_arc_30218.jpg,0.04666666666666667,0.006666666666666667,0.0,0.0
CASIA2/Au/Au_arc_30219.jpg,0.25333333333333335,0.03666666666666667,0.0,0.0
CASIA2/Au/Au_arc_30221.jpg,0.0,0.0,0.0,0.0
CASIA2/Au/Au_arc_30222.jpg,0.08,0.023333333333333334,0.0,0.0
CASIA2/Au/Au_arc_30223.jpg,0.4066666666666667,0.17,0.0,0.0
CASIA2/Au/Au_arc_30224.jpg,0.0,0.0,0.0,0.0
CASIA2/Au/Au_arc_30226.jpg,0.0033333333333333335,0.0,0.0,0.0
CASIA2/Au/Au_arc_30227.jpg,0.2633333333333333,0.07666666666666666,0.0,0.0
CASIA2/Au/Au_arc_30228.jpg,0.056666666666666664,0.0,0.0,0.0
CASIA2/Au/Au_arc_30229.jpg,0.013333333333333334,0.0,0.0,0.0
CASIA2/Au/Au_arc_30230.jpg,0.05,0.0,0.0,0.0
CASIA2/Au/Au_arc_30232.jpg,0.04,0.0,0.0,0.0
CASIA2/Au/Au_arc_30233.jpg,0.056666666666666664,0.0,0.0,0.0
CASIA2/Au/Au_arc_30234.jpg,0.4,0.06666666666666667,0.0,0.0
CASIA2/Au/Au_arc_30235.jpg,0.04,0.0,0.0,0.0
CASIA2/Au/Au_arc_30236.jpg,0.03666666666666667,0.0,0.0,0.0
CASIA2/Au/Au_arc_30237.jpg,0.0033333333333333335,0.0,0.0,0.0
CASIA2/Au/Au_arc_30238.jpg,0.0,0.0,0.0,0.0
CASIA2/Au/Au_arc_30239.jpg,0.006666666666666667,0.0033333333333333335,0.0,0.0
CASIA2/Au/Au_arc_30240.jpg,0.12333333333333334,0.02666666666666667,0.0,0.0
CASIA2/Au/Au_arc_30241.jpg,0.26,0.023333333333333334,0.0,0.0
CASIA2/Au/Au_arc_30242.jpg,0.023333333333333334,0.0033333333333333335,0.0,0.0
CASIA2/Au/Au_arc_30243.jpg,0.03,0.0,0.0,0.0
CASIA2/Au/Au_arc_30245.jpg,0.0033333333333333335,0.0,0.0,0.0
CASIA2/Au/Au_arc_30246.jpg,0.0033333333333333335,0.0,0.0,0.0
CASIA2/Au/Au_arc_30247.jpg,0.013333333333333334,0.0,0.0,0.0
CASIA2/Au/Au_arc_30248.jpg,0.20666666666666667,0.03,0.0,0.0
CASIA2/Au/Au_arc_30249.jpg,0.03666666666666667,0.0,0.0,0.0
CASIA2/Au/Au_arc_30250.jpg,0.0,0.0,0.0,0.0
CASIA2/Au/Au_arc_30251.jpg,0.09666666666666666,0.01,0.0,0.0
CASIA2/Au/Au_arc_30252.jpg,0.03333333333333333,0.006666666666666667,0.0,0.0
CASIA2/Au/Au_arc_30253.jpg,0.023333333333333334,0.0,0.0,0.0
CASIA2/Au/Au_arc_30254.jpg,0.0,0.0,0.0,0.0
CASIA2/Au/Au_arc_30255.jpg,0.02,0.0,0.0,0.0
CASIA2/Au/Au_arc_30256.jpg,0.013333333333333334,0.0033333333333333335,0.0,0.0
CASIA2/Au/Au_arc_30257.jpg,0.0,0.0,0.0,0.0
CASIA2/Au/Au_arc_30258.jpg,0.0033333333333333335,0.0,0.0,0.0
CASIA2/Au/Au_arc_30259.jpg,0.016666666666666666,0.0,0.0,0.0
CASIA2/Au/Au_arc_30260.jpg,0.006666666666666667,0.0,0.0,0.0
CASIA2/Au/Au_arc_30261.jpg,0.06,0.01,0.0,0.0
CASIA2/Au/Au_arc_30262.jpg,0.21666666666666667,0.03333333333333333,0.0,0.004037037037037038
CASIA2/Au/Au_arc_30264.jpg,0.03,0.0033333333333333335,0.0,0.0
CASIA2/Au/Au_arc_30265.jpg,0.006666666666666667,0.0,0.0,0.0
CASIA2/Au/Au_arc_30266.jpg,0.15,0.04,0.004305555555555555,0.0045000000000000005
CASIA2/Au/Au_arc_30267.jpg,0.0,0.0,0.0,0.0
CASIA2/Au/Au_arc_30268.jpg,0.016666666666666666,0.0,0.0,0.0
CASIA2/Au/Au_arc_30270.jpg,0.0033333333333333335,0.0033333333333333335,0.0,0.0
CASIA2/Au/Au_arc_30271.jpg,0.006666666666666667,0.0,0.0,0.0
CASIA2/Au/Au_arc_30272.jpg,0.0033333333333333335,0.0,0.0,0.0
CASIA2/Au/Au_arc_30273.jpg,0.5833333333333334,0.3433333333333333,0.0,0.0
CASIA2/Au/Au_arc_30274.jpg,0.0,0.0,0.0,0.0
CASIA2/Au/Au_arc_30275.jpg,0.0,0.0,0.0,0.0
CASIA2/Au/Au_arc_30276.jpg,0.013333333333333334,0.0,0.0,0.0
CASIA2/Au/Au_arc_30277.jpg,0.4633333333333333,0.04666666666666667,0.0,0.0
CASIA2/Au/Au_arc_30278.jpg,0.03,0.0,0.0,0.0
CASIA2/Au/Au_arc_30279.jpg,0.09,0.0,0.0,0.0
CASIA2/Au/Au_arc_30280.jpg,0.2,0.013333333333333334,0.0,0.0
CASIA2/Au/Au_arc_30281.jpg,0.15,0.01,0.0,0.0
CASIA2/Au/Au_arc_30282.jpg,0.0033333333333333335,0.0,0.0,0.0
CASIA2/Au/Au_arc_30283.jpg,0.023333333333333334,0.0,0.0,0.0
CASIA2/Au/Au_arc_30284.jpg,0.02,0.006666666666666667,0.0,0.0
CASIA2/Au/Au_arc_30285.jpg,0.05333333333333334,0.006666666666666667,0.0,0.0
CASIA2/Au/Au_arc_30286.jpg,0.013333333333333334,0.0,0.0,0.0
CASIA2/Au/Au_arc_30287.jpg,0.0,0.0,0.0,0.0
CASIA2/Au/Au_arc_30288.jpg,0.0,0.0,0.0,0.0
CASIA2/Au/Au_arc_30289.jpg,0.11,0.03666666666666667,0.0,0.0
CASIA2/Au/Au_arc_30291.jpg,0.01,0.0,0.0,0.0
CASIA2/Au/Au_arc_30292.jpg,0.0,0.0,0.0,0.0
CASIA2/Au/Au_arc_30293.jpg,0.06666666666666667,0.006666666666666667,0.0,0.0
CASIA2/Au/Au_arc_30294.jpg,0.0033333333333333335,0.0,0.0,0.0
CASIA2/Au/Au_arc_30295.jpg,0.04666666666666667,0.0,0.0,0.0
CASIA2/Au/Au_arc_30296.jpg,0.0,0.0,0.0,0.0
CASIA2/Au/Au_arc_30297.jpg,0.0,0.0033333333333333335,0.0,0.0
CASIA2/Au/Au_arc_30298.jpg,0.0033333333333333335,0.0,0.0,0.0
CASIA2/Au/Au_arc_30299.jpg,0.13333333333333333,0.11,0.0,0.0
CASIA2/Au/Au_arc_30300.jpg,0.18666666666666668,0.12666666666666668,0.0,0.0
CASIA2/Au/Au_arc_30301.jpg,0.25,0.06333333333333334,0.0,0.0
CASIA2/Au/Au_arc_30302.jpg,0.06,0.0033333333333333335,0.0,0.0
CASIA2/Au/Au_arc_30303.jpg,0.0,0.01,0.0,0.0
CASIA2/Au/Au_arc_30304.jpg,0.0,0.0,0.0,0.0
CASIA2/Au/Au_arc_30305.jpg,0.02,0.01,0.0,0.0
CASIA2/Au/Au_arc_30306.jpg,0.0033333333333333335,0.0,0.0,0.0
CASIA2/Au/Au_arc_30308.jpg,0.013333333333333334,0.0,0.0,0.0
CASIA2/Au/Au_arc_30310.jpg,0.02,0.0,0.0,0.0
CASIA2/Au/Au_arc_30312.jpg,0.08333333333333333,0.01,0.0,0.0
CASIA2/Au/Au_arc_30313.jpg,0.01,0.0,0.0,0.0
CASIA2/Au/Au_arc_30314.jpg,0.1,0.0,0.0,0.0
CASIA2/Au/Au_arc_30315.jpg,0.15333333333333332,0.03333333333333333,0.0,0.0
CASIA2/Au/Au_arc_30316.jpg,0.01,0.0,0.0,0.0
CASIA2/Au/Au_arc_30317.jpg,0.016666666666666666,0.0,0.0,0.0
CASIA2/Au/Au_arc_30318.jpg,0.03666666666666667,0.0033333333333333335,0.0,0.0
CASIA2/Au/Au_arc_30319.jpg,0.5566666666666666,0.13,0.0,0.0
CASIA2/Au/Au_arc_30320.jpg,0.02,0.0,0.0,0.0
CASIA2/Au/Au_arc_30321.jpg,0.05333333333333334,0.0,0.0,0.0
CASIA2/Au/Au_arc_30323.jpg,0.10666666666666667,0.0,0.0,0.0
CASIA2/Au/Au_arc_30324.jpg,0.0,0.0,0.0,0.0
CASIA2/Au/Au_arc_30326.jpg,0.0,0.0,0.0,0.0
CASIA2/Au/Au_arc_30329.jpg,0.10666666666666667,0.0,0.0,0.0
CASIA2/Au/Au_arc_30330.jpg,0.64,0.09666666666666666,0.0,0.0008333333333333334
CASIA2/Au/Au_arc_30331.jpg,0.19,0.013333333333333334,0.0,0.0008333333333333334
CASIA2/Au/Au_arc_30332.jpg,0.03,0.01,0.0,0.0
CASIA2/Au/Au_arc_30333.jpg,0.08333333333333333,0.02,0.0,0.0
CASIA2/Au/Au_arc_30334.jpg,0.043333333333333335,0.0033333333333333335,0.0011111111111111111,0.0
CASIA2/Au/Au_arc_30335.jpg,0.06666666666666667,0.01,0.0,0.0
CASIA2/Au/Au_arc_30336.jpg,0.05,0.04,0.0,0.0033333333333333335
CASIA2/Au/Au_arc_30337.jpg,0.08666666666666667,0.11333333333333333,0.0,0.0
CASIA2/Au/Au_arc_30338.jpg,0.16,0.08333333333333333,0.0,0.0
CASIA2/Au/Au_arc_30339.jpg,0.02,0.02,0.0,0.0
CASIA2/Au/Au_arc_30340.jpg,0.013333333333333334,0.006666666666666667,0.0,0.0
CASIA2/Au/Au_arc_30341.jpg,0.056666666666666664,0.0,0.0,0.0
CASIA2/Au/Au_arc_30343.jpg,0.03666666666666667,0.01,0.0,0.0
CASIA2/Au/Au_arc_30345.jpg,0.0033333333333333335,0.0,0.0,0.0
CASIA2/Au/Au_arc_30346.jpg,0.0033333333333333335,0.0,0.0,0.0
CASIA2/Au/Au_arc_30347.jpg,0.02666666666666667,0.0033333333333333335,0.0,0.0
CASIA2/Au/Au_arc_30349.jpg,0.02666666666666667,0.0,0.0,0.0
CASIA2/Au/Au_arc_30350.jpg,0.006666666666666667,0.0,0.0,0.0
CASIA2/Au/Au_arc_30351.jpg,0.01,0.0,0.0,0.0
CASIA2/Au/Au_arc_30354.jpg,0.0,0.0,0.0,0.0
CASIA2/Au/Au_arc_30357.jpg,0.006666666666666667,0.0,0.0,0.0
CASIA2/Au/Au_arc_30358.jpg,0.28,0.01,0.0,0.0
CASIA2/Au/Au_arc_30359.jpg,0.01,0.0,0.0,0.0
CASIA2/Au/Au_arc_30361.jpg,0.013333333333333334,0.006666666666666667,0.0,0.0005555555555555556
CASIA2/Au/Au_arc_30362.jpg,0.0033333333333333335,0.0,0.0,0.0
CASIA2/Au/Au_arc_30363.jpg,0.11,0.013333333333333334,0.0,0.0022222222222222222
CASIA2/Au/Au_arc_30364.jpg,0.0,0.0,0.0,0.0
CASIA2/Au/Au_arc_30365.jpg,0.01,0.023333333333333334,0.0,0.0
CASIA2/Au/Au_arc_30366.jpg,0.0,0.0,0.0,0.0
CASIA2/Au/Au_arc_30367.jpg,0.15,0.02666666666666667,0.0,0.0
CASIA2/Au/Au_arc_30368.jpg,0.0,0.02666666666666667,0.0,0.0
CASIA2/Au/Au_arc_30369.jpg,0.01,0.06333333333333334,0.006666666666666667,0.0
CASIA2/Au/Au_arc_30371.jpg,0.22666666666666666,0.23666666666666666,0.0,0.0016666666666666668
CASIA2/Au/Au_arc_30372.jpg,0.13,0.0,0.0,0.0
CASIA2/Au/Au_arc_30373.jpg,0.08333333333333333,0.016666666666666666,0.0,0.0
CASIA2/Au/Au_arc_30374.jpg,0.11333333333333333,0.023333333333333334,0.0,0.0
CASIA2/Au/Au_arc_30375.jpg,0.04,0.0,0.0,0.0
CASIA2/Au/Au_arc_30376.jpg,0.0,0.0,0.0,0.0
CASIA2/Au/Au_arc_30377.jpg,0.0033333333333333335,0.02666666666666667,0.0,0.0
CASIA2/Au/Au_arc_30378.jpg,0.013333333333333334,0.0,0.0,0.0
CASIA2/Au/Au_arc_30379.jpg,0.0033333333333333335,0.0,0.0,0.0
CASIA2/Au/Au_arc_30380.jpg,0.0033333333333333335,0.0,0.0,0.0
CASIA2/Au/Au_arc_30381.jpg,0.07,0.006666666666666667,0.0,0.0
CASIA2/Au/Au_arc_30382.jpg,0.0,0.0,0.0,0.0
CASIA2/Au/Au_arc_30383.jpg,0.0,0.0,0.0,0.0
CASIA2/Au/Au_arc_30384.jpg,0.016666666666666666,0.0,0.0,0.0005555555555555556
CASIA2/Au/Au_arc_30386.jpg,0.01,0.0,0.0,0.0
CASIA2/Au/Au_arc_30387.jpg,0.08,0.07333333333333333,0.0,0.0
CASIA2/Au/Au_arc_30388.jpg,0.01,0.013333333333333334,0.0,0.0
CASIA2/Au/Au_arc_30389.jpg,0.08,0.01,0.0,0.0
CASIA2/Au/Au_arc_30391.jpg,0.4066666666666667,0.09666666666666666,0.0,0.01001058201058201
CASIA2/Au/Au_arc_30392.jpg,0.0,0.0,0.0,0.0
CASIA2/Au/Au_arc_30393.jpg,0.14,0.006666666666666667,0.0,0.0
CASIA2/Au/Au_arc_30394.jpg,0.013333333333333334,0.0,0.0033333333333333335,0.0
CASIA2/Au/Au_arc_30395.jpg,0.3,0.36,0.0,0.0025
CASIA2/Au/Au_arc_30396.jpg,0.0,0.0,0.0,0.0
CASIA2/Au/Au_arc_30397.jpg,0.12333333333333334,0.05333333333333334,0.0,0.0
CASIA2/Au/Au_arc_30398.jpg,0.006666666666666667,0.0,0.0,0.0
CASIA2/Au/Au_arc_30399.jpg,0.0,0.0,0.0,0.0
CASIA2/Au/Au_arc_30400.jpg,0.0,0.016666666666666666,0.0,0.0
CASIA2/Au/Au_arc_30401.jpg,0.03333333333333333,0.0033333333333333335,0.0,0.0
CASIA2/Au/Au_arc_30403.jpg,0.20666666666666667,0.14333333333333334,0.0,0.0
CASIA2/Au/Au_arc_30404.jpg,0.17666666666666667,0.03,0.0,0.0
CASIA2/Au/Au_arc_30405.jpg,0.09,0.0033333333333333335,0.0,0.0
CASIA2/Au/Au_arc_30407.jpg,0.03333333333333333,0.0,0.0,0.0
CASIA2/Au/Au_arc_30408.jpg,0.016666666666666666,0.0,0.0,0.0
CASIA2/Au/Au_arc_30409.jpg,0.09666666666666666,0.006666666666666667,0.0,0.0
CASIA2/Au/Au_arc_30410.jpg,0.17333333333333334,0.06,0.0,0.0
CASIA2/Au/Au_arc_30411.jpg,0.01,0.0,0.0,0.0008333333333333334
CASIA2/Au/Au_arc_30412.jpg,0.0,0.0,0.0,0.0
CASIA2/Au/Au_arc_30413.jpg,0.006666666666666667,0.0,0.0033333333333333335,0.0067777777777777775
CASIA2/Au/Au_arc_30414.jpg,0.14666666666666667,0.0,0.0,0.0
CASIA2/Au/Au_arc_30415.jpg,0.03,0.006666666666666667,0.0,0.0
CASIA2/Au/Au_arc_30416.jpg,0.12666666666666668,0.0033333333333333335,0.0,0.0
CASIA2/Au/Au_arc_30417.jpg,0.006666666666666667,0.0,0.0,0.0
CASIA2/Au/Au_arc_30419.jpg,0.06,0.023333333333333334,0.0,0.0
CASIA2/Au/Au_arc_30420.jpg,0.11333333333333333,0.013333333333333334,0.0,0.0
CASIA2/Au/Au_arc_30421.jpg,0.0,0.0,0.0,0.0
CASIA2/Au/Au_arc_30423.jpg,0.52,0.03666666666666667,0.0,0.0
CASIA2/Au/Au_arc_30424.jpg,0.0,0.0,0.0,0.0
CASIA2/Au/Au_arc_30425.jpg,0.2633333333333333,0.03333333333333333,0.0,0.0
CASIA2/Au/Au_arc_30427.jpg,0.22,0.14,0.0,0.0
CASIA2/Au/Au_arc_30428.jpg,0.08,0.0033333333333333335,0.0,0.0
CASIA2/Au/Au_arc_30434.jpg,0.08333333333333333,0.013333333333333334,0.0,0.0
CASIA2/Au/Au_arc_30435.jpg,0.07333333333333333,0.0033333333333333335,0.0,0.0
CASIA2/Au/Au_arc_30436.jpg,0.13666666666666666,0.023333333333333334,0.0,0.0
CASIA2/Au/Au_arc_30440.jpg,0.25666666666666665,0.02666666666666667,0.0,0.0
CASIA2/Au/Au_arc_30441.jpg,0.016666666666666666,0.0,0.0,0.0
CASIA2/Au/Au_arc_30442.jpg,0.07333333333333333,0.0,0.0,0.0
CASIA2/Au/Au_arc_30443.jpg,0.02,0.0033333333333333335,0.0,0.0
CASIA2/Au/Au_arc_30444.jpg,0.016666666666666666,0.0,0.0,0.0
CASIA2/Au/Au_arc_30445.jpg,0.0,0.0,0.0,0.0
CASIA2/Au/Au_arc_30446.jpg,0.0,0.0,0.0,0.0
CASIA2/Au/Au_arc_30447.jpg,0.016666666666666666,0.0,0.0,0.0
CASIA2/Au/Au_arc_30448.jpg,0.22333333333333333,0.023333333333333334,0.0,0.0
CASIA2/Au/Au_arc_30449.jpg,0.22333333333333333,0.043333333333333335,0.0,0.0008333333333333334
CASIA2/Au/Au_arc_30450.jpg,0.11,0.02,0.0,0.0
CASIA2/Au/Au_arc_30451.jpg,0.01,0.0,0.0,0.0
CASIA2/Au/Au_arc_30452.jpg,0.0,0.0,0.0,0.0
CASIA2/Au/Au_arc_30453.jpg,0.16666666666666666,0.013333333333333334,0.0,0.0
CASIA2/Au/Au_arc_30454.jpg,0.32666666666666666,0.03333333333333333,0.0,0.002962962962962963
CASIA2/Au/Au_arc_30455.jpg,0.05333333333333334,0.006666666666666667,0.0,0.0
CASIA2/Au/Au_arc_30457.jpg,0.0,0.0,0.0,0.0
CASIA2/Au/Au_arc_30458.jpg,0.01,0.0,0.0,0.0
CASIA2/Au/Au_arc_30459.jpg,0.09666666666666666,0.0033333333333333335,0.0,0.0
CASIA2/Au/Au_arc_30460.jpg,0.06,0.006666666666666667,0.0,0.0
CASIA2/Au/Au_arc_30461.jpg,0.016666666666666666,0.0,0.0,0.0
CASIA2/Au/Au_arc_30464.jpg,0.006666666666666667,0.0,0.0,0.0
CASIA2/Au/Au_arc_30465.jpg,0.04666666666666667,0.0,0.0,0.0
CASIA2/Au/Au_arc_30466.jpg,0.08,0.0033333333333333335,0.0,0.0
CASIA2/Au/Au_arc_30467.jpg,0.016666666666666666,0.0,0.0,0.0
CASIA2/Au/Au_arc_30468.jpg,0.01,0.0,0.0,0.0
CASIA2/Au/Au_arc_30469.jpg,0.006666666666666667,0.0,0.0,0.0
CASIA2/Au/Au_arc_30470.jpg,0.03666666666666667,0.0,0.0,0.0
CASIA2/Au/Au_arc_30471.jpg,0.0033333333333333335,0.0,0.0,0.0
CASIA2/Au/Au_arc_30472.jpg,0.0033333333333333335,0.0,0.0,0.0
CASIA2/Au/Au_arc_30473.jpg,0.08666666666666667,0.0033333333333333335,0.0,0.0
CASIA2/Au/Au_arc_30474.jpg,0.0033333333333333335,0.0,0.0,0.0
CASIA2/Au/Au_arc_30475.jpg,0.0,0.0,0.0,0.0
CASIA2/Au/Au_arc_30476.jpg,0.22333333333333333,0.016666666666666666,0.0,0.0
CASIA2/Au/Au_arc_30477.jpg,0.0,0.0,0.0,0.0
CASIA2/Au/Au_arc_30478.jpg,0.023333333333333334,0.0033333333333333335,0.0,0.0
CASIA2/Au/Au_arc_30481.jpg,0.0033333333333333335,0.0,0.0,0.0
CASIA2/Au/Au_arc_30482.jpg,0.20333333333333334,0.016666666666666666,0.0,0.0
CASIA2/Au/Au_arc_30483.jpg,0.0,0.0,0.0,0.0
CASIA2/Au/Au_arc_30484.jpg,0.056666666666666664,0.01,0.0,0.0
CASIA2/Au/Au_arc_30485.jpg,0.0,0.0,0.0,0.0
CASIA2/Au/Au_arc_30486.jpg,0.03666666666666667,0.006666666666666667,0.0,0.0
CASIA2/Au/Au_arc_30487.jpg,0.016666666666666666,0.0,0.0,0.0
CASIA2/Au/Au_arc_30488.jpg,0.023333333333333334,0.0033333333333333335,0.0,0.0
CASIA2/Au/Au_arc_30489.jpg,0.006666666666666667,0.0,0.0,0.0
CASIA2/Au/Au_arc_30490.jpg,0.05,0.0033333333333333335,0.0,0.0
CASIA2/Au/Au_arc_30491.jpg,0.006666666666666667,0.0,0.0,0.0
CASIA2/Au/Au_arc_30492.jpg,0.10333333333333333,0.013333333333333334,0.0,0.0
CASIA2/Au/Au_arc_30493.jpg,0.016666666666666666,0.0,0.0,0.0
CASIA2/Au/Au_arc_30494.jpg,0.02666666666666667,0.0,0.0,0.0
CASIA2/Au/Au_arc_30495.jpg,0.01,0.0,0.0,0.0
CASIA2/Au/Au_arc_30496.jpg,0.04,0.01,0.0,0.0
CASIA2/Au/Au_arc_30497.jpg,0.0,0.0,0.0,0.0
CASIA2/Au/Au_arc_30500.jpg,0.02,0.006666666666666667,0.0,0.0
CASIA2/Au/Au_arc_30501.jpg,0.02666666666666667,0.0,0.0,0.0
CASIA2/Au/Au_arc_30502.jpg,0.13,0.006666666666666667,0.0,0.0
CASIA2/Au/Au_arc_30503.jpg,0.09333333333333334,0.013333333333333334,0.0,0.0
CASIA2/Au/Au_arc_30504.jpg,0.14333333333333334,0.0,0.0,0.0
CASIA2/Au/Au_arc_30505.jpg,0.08333333333333333,0.0033333333333333335,0.0,0.0
CASIA2/Au/Au_arc_30506.jpg,0.24,0.02,0.0,0.0
CASIA2/Au/Au_arc_30507.jpg,0.02,0.0,0.0,0.0
CASIA2/Au/Au_arc_30509.jpg,0.0,0.0,0.0,0.0
CASIA2/Au/Au_arc_30511.jpg,0.22666666666666666,0.05,0.0,0.0
CASIA2/Au/Au_arc_30512.jpg,0.09,0.0033333333333333335,0.0,0.0
CASIA2/Au/Au_arc_30513.jpg,0.19333333333333333,0.006666666666666667,0.0,0.0
CASIA2/Au/Au_arc_30514.jpg,0.0,0.0,0.0,0.0
CASIA2/Au/Au_arc_30515.jpg,0.01,0.0033333333333333335,0.0,0.0
CASIA2/Au/Au_arc_30516.jpg,0.06666666666666667,0.016666666666666666,0.0,0.0
CASIA2/Au/Au_arc_30517.jpg,0.02,0.0,0.0,0.0
CASIA2/Au/Au_arc_30518.jpg,0.4,0.043333333333333335,0.0,0.0008333333333333334
CASIA2/Au/Au_arc_30519.jpg,0.06,0.0033333333333333335,0.0,0.0
CASIA2/Au/Au_arc_30520.jpg,0.19,0.006666666666666667,0.0,0.0
CASIA2/Au/Au_arc_30521.jpg,0.18333333333333332,0.006666666666666667,0.0,0.004380952380952381
CASIA2/Au/Au_arc_30522.jpg,0.0033333333333333335,0.0,0.0,0.002735042735042735
CASIA2/Au/Au_arc_30523.jpg,0.15,0.01,0.0,0.0021428571428571425
CASIA2/Au/Au_arc_30524.jpg,0.04,0.0033333333333333335,0.0,0.002666666666666667
CASIA2/Au/Au_arc_30525.jpg,0.03333333333333333,0.0,0.0,0.0
CASIA2/Au/Au_arc_30526.jpg,0.5133333333333333,0.07666666666666666,0.0,0.0
CASIA2/Au/Au_arc_30527.jpg,0.013333333333333334,0.0,0.0,0.0
CASIA2/Au/Au_arc_30528.jpg,0.10666666666666667,0.01,0.0033333333333333335,0.0033333333333333335
CASIA2/Au/Au_arc_30529.jpg,0.0033333333333333335,0.0,0.0,0.0
CASIA2/Au/Au_arc_30531.jpg,0.15,0.006666666666666667,0.0,0.007047619047619047
CASIA2/Au/Au_arc_30533.jpg,0.0033333333333333335,0.0,0.0,0.0
CASIA2/Au/Au_arc_30534.jpg,0.22333333333333333,0.03333333333333333,0.0,0.0
CASIA2/Au/Au_arc_30535.jpg,0.15333333333333332,0.01,0.0,0.0
CASIA2/Au/Au_arc_30536.jpg,0.01,0.006666666666666667,0.0,0.0
CASIA2/Au/Au_arc_30537.jpg,0.2966666666666667,0.03,0.0,0.0
CASIA2/Au/Au_arc_30538.jpg,0.13,0.0033333333333333335,0.0,0.0
CASIA2/Au/Au_arc_30539.jpg,0.0033333333333333335,0.0,0.0,0.0
CASIA2/Au/Au_arc_30540.jpg,0.0,0.0,0.0,0.0
CASIA2/Au/Au_arc_30541.jpg,0.013333333333333334,0.0,0.0,0.0
CASIA2/Au/Au_arc_30543.jpg,0.09,0.0033333333333333335,0.0,0.0
CASIA2/Au/Au_arc_30545.jpg,0.04666666666666667,0.0,0.0016666666666666668,0.0
CASIA2/Au/Au_arc_30547.jpg,0.20333333333333334,0.02,0.0,0.0005555555555555556
CASIA2/Au/Au_arc_30548.jpg,0.15666666666666668,0.013333333333333334,0.0,0.0
CASIA2/Au/Au_arc_30549.jpg,0.09,0.0033333333333333335,0.0,0.0
CASIA2/Au/Au_arc_30550.jpg,0.043333333333333335,0.006666666666666667,0.0,0.0
CASIA2/Au/Au_arc_30553.jpg,0.02,0.0033333333333333335,0.0,0.0
CASIA2/Au/Au_arc_30554.jpg,0.07333333333333333,0.0033333333333333335,0.0,0.0
CASIA2/Au/Au_arc_30555.jpg,0.006666666666666667,0.0,0.0,0.0
CASIA2/Au/Au_arc_30558.jpg,0.013333333333333334,0.0,0.0,0.0
CASIA2/Au/Au_arc_30560.jpg,0.0,0.0,0.0,0.0
CASIA2/Au/Au_arc_30562.jpg,0.06333333333333334,0.013333333333333334,0.0,0.0
CASIA2/Au/Au_arc_30563.jpg,0.03,0.0,0.0,0.0
CASIA2/Au/Au_arc_30564.jpg,0.12,0.01,0.0,0.0
CASIA2/Au/Au_arc_30565.jpg,0.02666666666666667,0.0,0.0,0.0
CASIA2/Au/Au_arc_30566.jpg,0.01,0.0,0.0,0.0
CASIA2/Au/Au_arc_30567.jpg,0.19,0.0,0.0,0.0
CASIA2/Au/Au_arc_30568.jpg,0.14,0.01,0.0,0.0
CASIA2/Au/Au_arc_30569.jpg,0.023333333333333334,0.0,0.0,0.0
CASIA2/Au/Au_arc_30571.jpg,0.12,0.006666666666666667,0.0,0.003148148148148148
CASIA2/Au/Au_arc_30572.jpg,0.22,0.04666666666666667,0.0,0.00037037037037037035
CASIA2/Au/Au_arc_30573.jpg,0.13333333333333333,0.0033333333333333335,0.0,0.005688034188034189
CASIA2/Au/Au_arc_30574.jpg,0.09,0.006666666666666667,0.0,0.0
CASIA2/Au/Au_arc_30575.jpg,0.016666666666666666,0.0,0.0,0.0
CASIA2/Au/Au_arc_30576.jpg,0.25,0.06666666666666667,0.0,0.008542328042328044
CASIA2/Au/Au_arc_30577.jpg,0.02,0.0,0.0,0.0
CASIA2/Au/Au_arc_30578.jpg,0.06333333333333334,0.013333333333333334,0.0,0.0
CASIA2/Au/Au_arc_30580.jpg,0.03333333333333333,0.0,0.0,0.0
CASIA2/Au/Au_arc_30581.jpg,0.01,0.0,0.0,0.0
CASIA2/Au/Au_arc_30582.jpg,0.08333333333333333,0.0,0.0,0.0
CASIA2/Au/Au_arc_30583.jpg,0.22333333333333333,0.06666666666666667,0.0,0.004411736411736412
CASIA2/Au/Au_arc_30584.jpg,0.013333333333333334,0.0,0.0,0.0
CASIA2/Au/Au_arc_30585.jpg,0.15,0.006666666666666667,0.0,0.0
CASIA2/Au/Au_arc_30586.jpg,0.0,0.0,0.0,0.0
CASIA2/Au/Au_arc_30587.jpg,0.02,0.0,0.0,0.0
CASIA2/Au/Au_arc_30588.jpg,0.21333333333333335,0.02,0.0,0.0
CASIA2/Au/Au_arc_30589.jpg,0.13666666666666666,0.01,0.0,0.00037037037037037035
CASIA2/Au/Au_arc_30590.jpg,0.19,0.0033333333333333335,0.0,0.0
CASIA2/Au/Au_arc_30591.jpg,0.01,0.0033333333333333335,0.0,0.0
CASIA2/Au/Au_arc_30592.jpg,0.0,0.0,0.0,0.0
CASIA2/Au/Au_arc_30593.jpg,0.0,0.0,0.0,0.0
CASIA2/Au/Au_arc_30594.jpg,0.03666666666666667,0.02,0.0,0.0
CASIA2/Au/Au_arc_30595.jpg,0.04666666666666667,0.0,0.0,0.0
CASIA2/Au/Au_arc_30596.jpg,0.02,0.0,0.0,0.0
CASIA2/Au/Au_arc_30597.jpg,0.41333333333333333,0.31333333333333335,0.0,0.0013333333333333335
CASIA2/Au/Au_arc_30599.jpg,0.73,0.42,0.0,0.003666666666666667
CASIA2/Au/Au_arc_30600.jpg,0.34,0.25,0.0,0.0013333333333333335
CASIA2/Au/Au_arc_30601.jpg,0.6066666666666667,0.5533333333333333,0.0,0.0
CASIA2/Au/Au_arc_30602.jpg,0.14333333333333334,0.14666666666666667,0.0,0.0
CASIA2/Au/Au_arc_30603.jpg,0.49,0.39,0.0,0.0022222222222222222
CASIA2/Au/Au_arc_30605.jpg,0.6566666666666666,0.43333333333333335,0.0,0.0
CASIA2/Au/Au_arc_30608.jpg,0.12333333333333334,0.15666666666666668,0.0,0.0
CASIA2/Au/Au_arc_30609.jpg,0.06,0.03333333333333333,0.0,0.0
CASIA2/Au/Au_arc_30611.jpg,0.05,0.03333333333333333,0.0,0.0
CASIA2/Au/Au_arc_30614.jpg,0.10333333333333333,0.13333333333333333,0.0,0.0019047619047619048
CASIA2/Au/Au_arc_30615.jpg,0.47,0.08,0.0,0.0
CASIA2/Au/Au_arc_30616.jpg,0.18333333333333332,0.1,0.0,0.0
CASIA2/Au/Au_arc_30617.jpg,0.30666666666666664,0.25666666666666665,0.0,0.0005555555555555556
CASIA2/Au/Au_arc_30618.jpg,0.23666666666666666,0.07,0.0,0.0
CASIA2/Au/Au_arc_30619.jpg,0.6666666666666666,0.43,0.0,0.0006666666666666668
CASIA2/Au/Au_arc_30620.jpg,0.5966666666666667,0.49333333333333335,0.0,0.0
CASIA2/Au/Au_arc_30621.jpg,0.13,0.08,0.0,0.0
CASIA2/Au/Au_arc_30622.jpg,0.22666666666666666,0.13666666666666666,0.0,0.0
CASIA2/Au/Au_arc_30623.jpg,0.10333333333333333,0.043333333333333335,0.0,0.0040277777777777786
CASIA2/Au/Au_arc_30625.jpg,0.04,0.043333333333333335,0.0,0.0
CASIA2/Au/Au_arc_30627.jpg,0.23,0.023333333333333334,0.0,0.0
CASIA2/Au/Au_arc_30628.jpg,0.013333333333333334,0.0,0.0,0.0
CASIA2/Au/Au_arc_30629.jpg,0.0,0.0,0.0,0.0
CASIA2/Au/Au_arc_30632.jpg,0.33,0.12,0.0008333333333333334,0.0025396825396825397
CASIA2/Au/Au_arc_30633.jpg,0.08,0.0,0.0,0.0
CASIA2/Au/Au_arc_30634.jpg,0.08666666666666667,0.0,0.0,0.0
CASIA2/Au/Au_arc_30635.jpg,0.0033333333333333335,0.0,0.0,0.0
CASIA2/Au/Au_arc_30636.jpg,0.26666666666666666,0.03333333333333333,0.0,0.0
CASIA2/Au/Au_arc_30637.jpg,0.0,0.0,0.0,0.0
CASIA2/Au/Au_arc_30638.jpg,0.02,0.0,0.0,0.0
CASIA2/Au/Au_arc_30639.jpg,0.16333333333333333,0.013333333333333334,0.0,0.0
CASIA2/Au/Au_arc_30641.jpg,0.0,0.0,0.0,0.0
CASIA2/Au/Au_arc_30642.jpg,0.25666666666666665,0.02,0.0,0.0
CASIA2/Au/Au_arc_30643.jpg,0.0,0.0,0.0,0.0
CASIA2/Au/Au_arc_30644.jpg,0.0,0.0,0.0,0.0005555555555555556
CASIA2/Au/Au_arc_30645.jpg,0.35,0.016666666666666666,0.0,0.0
CASIA2/Au/Au_arc_30646.jpg,0.28,0.04,0.0,0.0
CASIA2/Au/Au_arc_30647.jpg,0.3233333333333333,0.05333333333333334,0.0,0.0
CASIA2/Au/Au_arc_30648.jpg,0.056666666666666664,0.01,0.0,0.0
CASIA2/Au/Au_arc_30649.jpg,0.3433333333333333,0.03,0.0,0.0
CASIA2/Au/Au_arc_30650.jpg,0.49,0.47333333333333333,0.0,0.0016666666666666668
CASIA2/Au/Au_arc_30651.jpg,0.33666666666666667,0.023333333333333334,0.0,0.0
CASIA2/Au/Au_arc_30652.jpg,0.013333333333333334,0.0,0.0,0.0
CASIA2/Au/Au_arc_30653.jpg,0.0033333333333333335,0.0,0.0,0.0
CASIA2/Au/Au_arc_30654.jpg,0.07666666666666666,0.006666666666666667,0.0,0.0
CASIA2/Au/Au_arc_30655.jpg,0.38,0.01,0.0,0.0
CASIA2/Au/Au_arc_30656.jpg,0.0033333333333333335,0.0,0.0,0.0
CASIA2/Au/Au_arc_30657.jpg,0.15,0.0,0.0,0.0
CASIA2/Au/Au_arc_30658.jpg,0.0033333333333333335,0.0,0.0,0.0
CASIA2/Au/Au_arc_30659.jpg,0.006666666666666667,0.0,0.0,0.0
CASIA2/Au/Au_arc_30660.jpg,0.013333333333333334,0.0,0.0,0.0
CASIA2/Au/Au_arc_30661.jpg,0.19333333333333333,0.013333333333333334,0.0,0.0
CASIA2/Au/Au_arc_30662.jpg,0.23333333333333334,0.03666666666666667,0.0,0.0
CASIA2/Au/Au_arc_30663.jpg,0.07333333333333333,0.0,0.0,0.0
CASIA2/Au/Au_arc_30664.jpg,0.18,0.0033333333333333335,0.0,0.0
CASIA2/Au/Au_arc_30665.jpg,0.03666666666666667,0.056666666666666664,0.0,0.0
CASIA2/Au/Au_arc_30666.jpg,0.32,0.12333333333333334,0.0,0.005173761423761423
CASIA2/Au/Au_arc_30667.jpg,0.06666666666666667,0.0,0.0,0.0
CASIA2/Au/Au_arc_30670.jpg,0.19333333333333333,0.0,0.0,0.0
CASIA2/Au/Au_arc_30672.jpg,0.23,0.056666666666666664,0.0,0.0
CASIA2/Au/Au_arc_30673.jpg,0.01,0.006666666666666667,0.0,0.002666666666666667
CASIA2/Au/Au_arc_30674.jpg,0.07666666666666666,0.006666666666666667,0.0,0.0
CASIA2/Au/Au_arc_30675.jpg,0.15333333333333332,0.02666666666666667,0.0,0.004018518518518519
CASIA2/Au/Au_arc_30676.jpg,0.0033333333333333335,0.0,0.0,0.0
CASIA2/Au/Au_arc_30677.jpg,0.11333333333333333,0.04,0.0,0.0
CASIA2/Au/Au_arc_30678.jpg,0.19,0.09333333333333334,0.0,0.0
CASIA2/Au/Au_arc_30679.jpg,0.16333333333333333,0.05333333333333334,0.0,0.0
CASIA2/Au/Au_arc_30680.jpg,0.0,0.0,0.0,0.0
CASIA2/Au/Au_arc_30681.jpg,0.26666666666666666,0.023333333333333334,0.0,0.0
CASIA2/Au/Au_arc_30682.jpg,0.03,0.0,0.0,0.0
CASIA2/Au/Au_arc_30683.jpg,0.12666666666666668,0.03,0.0,0.004333333333333333
CASIA2/Au/Au_arc_30684.jpg,0.4533333333333333,0.05333333333333334,0.0,0.0
CASIA2/Au/Au_arc_30685.jpg,0.043333333333333335,0.0,0.0,0.0
CASIA2/Au/Au_arc_30686.jpg,0.0,0.0,0.0,0.0
CASIA2/Au/Au_arc_30687.jpg,0.04,0.04,0.0,0.0
CASIA2/Au/Au_arc_30688.jpg,0.02,0.0033333333333333335,0.0,0.0
CASIA2/Au/Au_arc_30689.jpg,0.01,0.0,0.0,0.0
CASIA2/Au/Au_arc_30690.jpg,0.0,0.0,0.0,0.0
CASIA2/Au/Au_arc_30691.jpg,0.15333333333333332,0.023333333333333334,0.0,0.0016666666666666668
CASIA2/Au/Au_arc_30692.jpg,0.0,0.0,0.0,0.0
CASIA2/Au/Au_arc_30693.jpg,0.01,0.0,0.0,0.0
CASIA2/Au/Au_arc_30694.jpg,0.0,0.0,0.0,0.0
CASIA2/Au/Au_arc_30695.jpg,0.0,0.0,0.0,0.0
CASIA2/Au/Au_arc_30696.jpg,0.21666666666666667,0.0033333333333333335,0.0,0.0
CASIA2/Au/Au_arc_30698.jpg,0.23,0.02666666666666667,0.0,0.007619047619047619
CASIA2/Au/Au_arc_30699.jpg,0.01,0.0,0.0,0.0
CASIA2/Au/Au_arc_30700.jpg,0.06,0.0,0.0,0.0
CASIA2/Au/Au_arc_30701.jpg,0.12,0.006666666666666667,0.0,0.0
CASIA2/Au/Au_arc_30703.jpg,0.01,0.03,0.0,0.00125
CASIA2/Au/Au_arc_30704.jpg,0.0,0.0,0.0,0.0
CASIA2/Au/Au_arc_30705.jpg,0.0,0.0,0.0,0.0
CASIA2/Au/Au_arc_30708.jpg,0.006666666666666667,0.01,0.0,0.0
CASIA2/Au/Au_arc_30709.jpg,0.0033333333333333335,0.0,0.0,0.0
CASIA2/Au/Au_arc_30710.jpg,0.013333333333333334,0.0,0.0,0.0
CASIA2/Au/Au_arc_30711.jpg,0.0033333333333333335,0.0,0.0,0.0
CASIA2/Au/Au_arc_30712.jpg,0.0033333333333333335,0.0,0.0,0.0
CASIA2/Au/Au_arc_30713.jpg,0.013333333333333334,0.0,0.0,0.0
CASIA2/Au/Au_arc_30715.jpg,0.07333333333333333,0.0,0.0,0.0
CASIA2/Au/Au_arc_30716.jpg,0.6466666666666666,0.13333333333333333,0.0,0.006765993265993265
CASIA2/Au/Au_arc_30717.jpg,0.0,0.0,0.0,0.0
CASIA2/Au/Au_arc_30718.jpg,0.0,0.0,0.0,0.0
CASIA2/Au/Au_arc_30719.jpg,0.006666666666666667,0.0,0.0,0.0
CASIA2/Au/Au_arc_30721.jpg,0.11,0.0033333333333333335,0.0,0.0
CASIA2/Au/Au_arc_30722.jpg,0.0033333333333333335,0.0033333333333333335,0.0,0.0
CASIA2/Au/Au_arc_30723.jpg,0.03,0.0,0.0,0.0
CASIA2/Au/Au_arc_30725.jpg,0.06,0.0,0.0,0.0
CASIA2/Au/Au_arc_30726.jpg,0.05,0.0033333333333333335,0.0,0.0
CASIA2/Au/Au_arc_30727.jpg,0.04,0.02,0.0,0.002666666666666667
CASIA2/Au/Au_arc_30728.jpg,0.0,0.0,0.0,0.0
CASIA2/Au/Au_arc_30729.jpg,0.0,0.0,0.0,0.0
CASIA2/Au/Au_arc_30730.jpg,0.0,0.0,0.0,0.0
CASIA2/Au/Au_arc_30731.jpg,0.18333333333333332,0.006666666666666667,0.0,0.0
CASIA2/Au/Au_arc_30732.jpg,0.023333333333333334,0.01,0.0,0.0
CASIA2/Au/Au_arc_30733.jpg,0.15,0.12333333333333334,0.0,0.0
CASIA2/Au/Au_arc_30734.jpg,0.0,0.0,0.0016666666666666668,0.0025
CASIA2/Au/Au_arc_30735.jpg,0.01,0.0,0.0,0.0
CASIA2/Au/Au_arc_30736.jpg,0.023333333333333334,0.02,0.0,0.0
CASIA2/Au/Au_arc_30737.jpg,0.01,0.0,0.0,0.0
CASIA2/Au/Au_arc_30738.jpg,0.0033333333333333335,0.0,0.0,0.0
CASIA2/Au/Au_arc_30739.jpg,0.013333333333333334,0.0,0.0,0.0005555555555555556
CASIA2/Au/Au_arc_30740.jpg,0.01,0.0,0.0,0.0
CASIA2/Au/Au_arc_30742.jpg,0.08,0.013333333333333334,0.0,0.0
CASIA2/Au/Au_arc_30743.jpg,0.07666666666666666,0.006666666666666667,0.0,0.0
CASIA2/Au/Au_arc_30744.jpg,0.08,0.0,0.0,0.0016666666666666668
CASIA2/Au/Au_arc_30745.jpg,0.0033333333333333335,0.0,0.0,0.0
CASIA2/Au/Au_arc_30746.jpg,0.0,0.0,0.0,0.0
CASIA2/Au/Au_arc_30747.jpg,0.17666666666666667,0.03333333333333333,0.0,0.0013333333333333335
CASIA2/Au/Au_arc_30748.jpg,0.006666666666666667,0.0,0.0,0.0
CASIA2/Au/Au_arc_30750.jpg,0.0,0.0,0.0,0.0
CASIA2/Au/Au_arc_30751.jpg,0.03333333333333333,0.03,0.0,0.0
CASIA2/Au/Au_arc_30752.jpg,0.4766666666666667,0.04,0.0,0.0025
CASIA2/Au/Au_arc_30753.jpg,0.0,0.06333333333333334,0.0,0.002777777777777778
CASIA2/Au/Au_arc_30754.jpg,0.14,0.013333333333333334,0.0,0.0
CASIA2/Au/Au_arc_30755.jpg,0.07,0.0033333333333333335,0.0,0.0
CASIA2/Au/Au_arc_30757.jpg,0.02666666666666667,0.006666666666666667,0.0,0.0
CASIA2/Au/Au_arc_30759.jpg,0.05,0.04,0.0,0.0
CASIA2/Au/Au_arc_30760.jpg,0.0033333333333333335,0.0,0.0011111111111111111,0.0
CASIA2/Au/Au_arc_30761.jpg,0.17,0.02666666666666667,0.0,0.0
CASIA2/Au/Au_arc_30763.jpg,0.15,0.09333333333333334,0.0006666666666666668,0.007619047619047619
CASIA2/Au/Au_arc_30764.jpg,0.11666666666666667,0.05,0.0,0.0
CASIA2/Au/Au_arc_30765.jpg,0.11,0.006666666666666667,0.0,0.0
CASIA2/Au/Au_arc_30767.jpg,0.006666666666666667,0.0,0.0,0.0
CASIA2/Au/Au_arc_30768.jpg,0.09,0.01,0.0,0.0
CASIA2/Au/Au_arc_30769.jpg,0.006666666666666667,0.0,0.0,0.0
CASIA2/Au/Au_arc_30770.jpg,0.12666666666666668,0.0033333333333333335,0.0,0.0020370370370370373
CASIA2/Au/Au_arc_30771.jpg,0.0033333333333333335,0.0,0.0,0.0
CASIA2/Au/Au_arc_30772.jpg,0.0033333333333333335,0.0,0.0,0.0
CASIA2/Au/Au_arc_30773.jpg,0.16,0.01,0.0,0.0
CASIA2/Au/Au_arc_30774.jpg,0.0,0.0,0.0,0.0
CASIA2/Au/Au_arc_30775.jpg,0.056666666666666664,0.0,0.0,0.0
CASIA2/Au/Au_arc_30776.jpg,0.0,0.0,0.0,0.0
CASIA2/Au/Au_arc_30778.jpg,0.0033333333333333335,0.0,0.0,0.0
CASIA2/Au/Au_arc_30779.jpg,0.016666666666666666,0.0,0.0,0.0
CASIA2/Au/Au_arc_30780.jpg,0.07,0.013333333333333334,0.0,0.0
CASIA2/Au/Au_arc_30781.jpg,0.02666666666666667,0.0,0.0,0.0
CASIA2/Au/Au_arc_30782.jpg,0.03666666666666667,0.0,0.0,0.0
CASIA2/Au/Au_arc_30784.jpg,0.0,0.0,0.0,0.0
CASIA2/Au/Au_arc_30785.jpg,0.0,0.0,0.0,0.0
CASIA2/Au/Au_arc_30786.jpg,0.07666666666666666,0.006666666666666667,0.0,0.0
CASIA2/Au/Au_arc_30787.jpg,0.0,0.0,0.0,0.0
CASIA2/Au/Au_arc_30788.jpg,0.043333333333333335,0.0,0.0,0.0
CASIA2/Au/Au_arc_30789.jpg,0.06333333333333334,0.0,0.0,0.0
CASIA2/Au/Au_arc_30790.jpg,0.0033333333333333335,0.0,0.0,0.0
CASIA2/Au/Au_arc_30791.jpg,0.01,0.0,0.0,0.0
CASIA2/Au/Au_arc_30792.jpg,0.03333333333333333,0.01,0.0,0.0008333333333333334
CASIA2/Au/Au_arc_30793.jpg,0.0,0.0,0.0,0.0
CASIA2/Au/Au_arc_30794.jpg,0.15333333333333332,0.05,0.0,0.0
CASIA2/Au/Au_arc_30796.jpg,0.0,0.0,0.0,0.0
CASIA2/Au/Au_arc_30797.jpg,0.006666666666666667,0.0,0.0,0.0
CASIA2/Au/Au_arc_30799.jpg,0.02666666666666667,0.0,0.0,0.0
CASIA2/Au/Au_arc_30801.jpg,0.05333333333333334,0.01,0.0,0.0
CASIA2/Au/Au_arc_30802.jpg,0.0,0.0,0.0,0.0
CASIA2/Au/Au_arc_30803.jpg,0.0033333333333333335,0.0,0.0,0.0
CASIA2/Au/Au_arc_30804.jpg,0.006666666666666667,0.0,0.0,0.0
CASIA2/Au/Au_arc_30806.jpg,0.0033333333333333335,0.0,0.0,0.0
CASIA2/Au/Au_arc_30808.jpg,0.0,0.0,0.0,0.0
CASIA2/Au/Au_arc_30809.jpg,0.14666666666666667,0.016666666666666666,0.0,0.004380952380952381
CASIA2/Au/Au_arc_30812.jpg,0.01,0.0,0.0,0.0
CASIA2/Au/Au_arc_30813.jpg,0.0033333333333333335,0.0,0.0,0.0
CASIA2/Au/Au_arc_30814.jpg,0.013333333333333334,0.006666666666666667,0.0,0.0
CASIA2/Au/Au_arc_30815.jpg,0.0033333333333333335,0.0,0.0,0.0
CASIA2/Au/Au_arc_30816.jpg,0.16333333333333333,0.0033333333333333335,0.0,0.0
CASIA2/Au/Au_arc_30819.jpg,0.03,0.0033333333333333335,0.0,0.0
CASIA2/Au/Au_arc_30822.jpg,0.0,0.0,0.0,0.0
CASIA2/Au/Au_arc_30823.jpg,0.04666666666666667,0.0,0.0,0.0
CASIA2/Au/Au_arc_30824.jpg,0.006666666666666667,0.0,0.0,0.0
CASIA2/Au/Au_arc_30825.jpg,0.3433333333333333,0.3433333333333333,0.0,0.002666666666666667
CASIA2/Au/Au_arc_30826.jpg,0.13666666666666666,0.0033333333333333335,0.0,0.0
CASIA2/Au/Au_arc_30827.jpg,0.29333333333333333,0.056666666666666664,0.0,0.0
CASIA2/Au/Au_arc_30828.jpg,0.14666666666666667,0.0,0.0,0.0
CASIA2/Au/Au_arc_30829.jpg,0.0,0.0,0.0,0.0
CASIA2/Au/Au_arc_30830.jpg,0.08666666666666667,0.006666666666666667,0.0,0.0
CASIA2/Au/Au_arc_30831.jpg,0.0,0.0,0.0,0.0
CASIA2/Au/Au_arc_30832.jpg,0.26,0.016666666666666666,0.0,0.0
CASIA2/Au/Au_arc_30833.jpg,0.0,0.0,0.0,0.0
CASIA2/Au/Au_arc_30835.jpg,0.01,0.0,0.0,0.0
CASIA2/Au/Au_arc_30836.jpg,0.25,0.03333333333333333,0.0,0.0
CASIA2/Au/Au_arc_30837.jpg,0.0,0.0,0.0,0.0
CASIA2/Au/Au_arc_30838.jpg,0.0033333333333333335,0.0,0.0,0.0
CASIA2/Au/Au_arc_30839.jpg,0.18,0.16333333333333333,0.0,0.0033333333333333335
CASIA2/Au/Au_arc_30840.jpg,0.0033333333333333335,0.0,0.0,0.0
CASIA2/Au/Au_arc_30841.jpg,0.0033333333333333335,0.0,0.0,0.0
CASIA2/Au/Au_arc_30842.jpg,0.03,0.0,0.0,0.0
CASIA2/Au/Au_arc_30843.jpg,0.06,0.0033333333333333335,0.0,0.0
CASIA2/Au/Au_art_00002.jpg,0.7766666666666666,0.87,0.14333333333333334,0.24050625300625303
CASIA2/Au/Au_art_00003.jpg,0.17,0.31333333333333335,0.16726202501202503,0.08814718614718617
CASIA2/Au/Au_art_00004.jpg,0.6233333333333333,0.6633333333333333,0.10666666666666667,0.08595093795093797
CASIA2/Au/Au_art_00005.jpg,0.21,0.11333333333333333,0.0,0.0
CASIA2/Au/Au_art_00007.jpg,0.5066666666666667,0.24333333333333335,0.0,0.003981481481481482
CASIA2/Au/Au_art_00009.jpg,0.4766666666666667,0.36666666666666664,0.0,0.0
CASIA2/Au/Au_art_00010.jpg,0.39,0.13333333333333333,0.0,0.0
CASIA2/Au/Au_art_00011.jpg,0.5666666666666667,0.4533333333333333,0.0,0.0
CASIA2/Au/Au_art_00012.jpg,0.33,0.23333333333333334,0.0,0.0
CASIA2/Au/Au_art_00013.jpg,0.11333333333333333,0.14333333333333334,0.0,0.0
CASIA2/Au/Au_art_00016.jpg,0.28,0.13,0.0,0.0
CASIA2/Au/Au_art_00017.jpg,0.49,0.21,0.0,0.0
CASIA2/Au/Au_art_00018.jpg,0.46,0.38,0.00646969696969697,0.014845238095238092
CASIA2/Au/Au_art_00019.jpg,0.27,0.23333333333333334,0.0,0.0008333333333333334
CASIA2/Au/Au_art_00020.jpg,0.0033333333333333335,0.09,0.0033333333333333335,0.0
CASIA2/Au/Au_art_00021.jpg,0.25333333333333335,0.21666666666666667,0.0,0.0
CASIA2/Au/Au_art_00022.jpg,0.02666666666666667,0.14666666666666667,0.0,0.0
CASIA2/Au/Au_art_00023.jpg,0.5366666666666666,0.59,0.0,0.0
CASIA2/Au/Au_art_00024.jpg,0.21666666666666667,0.31333333333333335,0.006666666666666667,0.0020833333333333333
CASIA2/Au/Au_art_00025.jpg,0.2833333333333333,0.13666666666666666,0.0,0.0005555555555555556
CASIA2/Au/Au_art_00026.jpg,0.82,0.7333333333333333,0.004047619047619048,0.016666666666666666
CASIA2/Au/Au_art_00028.jpg,0.016666666666666666,0.2633333333333333,0.0,0.002666666666666667
CASIA2/Au/Au_art_00029.jpg,0.12333333333333334,0.49,0.0,0.0011111111111111111
CASIA2/Au/Au_art_00030.jpg,0.10333333333333333,0.08,0.0,0.0
CASIA2/Au/Au_art_00031.jpg,0.11333333333333333,0.12666666666666668,0.0,0.0
CASIA2/Au/Au_art_00032.jpg,0.16333333333333333,0.09333333333333334,0.0,0.0
CASIA2/Au/Au_art_00033.jpg,0.82,0.6333333333333333,0.0,0.0
CASIA2/Au/Au_art_00034.jpg,0.14,0.3233333333333333,0.0,0.0
CASIA2/Au/Au_art_00035.jpg,0.43666666666666665,0.7133333333333334,0.0,0.0
CASIA2/Au/Au_art_00037.jpg,0.16333333333333333,0.19333333333333333,0.0,0.0
CASIA2/Au/Au_art_00038.jpg,0.16333333333333333,0.056666666666666664,0.0,0.0
CASIA2/Au/Au_art_00039.jpg,0.17,0.24,0.0033333333333333335,0.0
CASIA2/Au/Au_art_00041.jpg,0.08333333333333333,0.14,0.0,0.0008333333333333334
CASIA2/Au/Au_art_00042.jpg,0.08333333333333333,0.14333333333333334,0.0,0.0
CASIA2/Au/Au_art_00043.jpg,0.30333333333333334,0.16,0.0,0.0
CASIA2/Au/Au_art_00044.jpg,0.9366666666666666,0.9733333333333334,0.0,0.0
CASIA2/Au/Au_art_00047.jpg,0.21,0.10333333333333333,0.0,0.0
CASIA2/Au/Au_art_00048.jpg,0.02,0.5966666666666667,0.0,0.0
CASIA2/Au/Au_art_00049.jpg,0.18,0.1,0.0013333333333333335,0.0
CASIA2/Au/Au_art_00050.jpg,0.06,0.03333333333333333,0.0,0.0
CASIA2/Au/Au_art_00051.jpg,0.20666666666666667,0.15333333333333332,0.0,0.0
CASIA2/Au/Au_art_00052.jpg,0.37666666666666665,0.7366666666666667,0.0008333333333333334,0.0009523809523809524
CASIA2/Au/Au_art_00053.jpg,0.33666666666666667,0.47333333333333333,0.0,0.0
CASIA2/Au/Au_art_00055.jpg,0.12666666666666668,0.07,0.0,0.0
CASIA2/Au/Au_art_00057.jpg,0.6466666666666666,0.8066666666666666,0.0,0.0
CASIA2/Au/Au_art_00058.jpg,0.13666666666666666,0.31333333333333335,0.0,0.0
CASIA2/Au/Au_art_00059.jpg,0.04,0.26666666666666666,0.0,0.001851851851851852
CASIA2/Au/Au_art_00060.jpg,0.23,0.06,0.0,0.0
CASIA2/Au/Au_art_00061.jpg,0.25666666666666665,0.06,0.0,0.0
CASIA2/Au/Au_art_00062.jpg,0.11666666666666667,0.23,0.0,0.0008333333333333334
CASIA2/Au/Au_art_00063.jpg,0.07,0.08333333333333333,0.0,0.00246031746031746
CASIA2/Au/Au_art_00064.jpg,0.30333333333333334,0.33666666666666667,0.0,0.0033333333333333335
CASIA2/Au/Au_art_00067.jpg,0.23666666666666666,0.17,0.0,0.0
CASIA2/Au/Au_art_00068.jpg,0.18666666666666668,0.30333333333333334,0.0,0.0
CASIA2/Au/Au_art_00069.jpg,0.4866666666666667,0.62,0.0,0.0
CASIA2/Au/Au_art_00070.jpg,0.043333333333333335,0.13,0.0,0.0
CASIA2/Au/Au_art_00071.jpg,0.15,0.30666666666666664,0.0,0.0008333333333333334
CASIA2/Au/Au_art_00072.jpg,0.11333333333333333,0.20666666666666667,0.0,0.0
CASIA2/Au/Au_art_00073.jpg,0.12333333333333334,0.15,0.0,0.0
CASIA2/Au/Au_art_00076.jpg,0.33666666666666667,0.4166666666666667,0.0,0.0
CASIA2/Au/Au_art_00077.jpg,0.15,0.15,0.0,0.0
CASIA2/Au/Au_art_00080.jpg,0.19,0.65,0.004666666666666666,0.0008333333333333334
CASIA2/Au/Au_art_00081.jpg,0.5833333333333334,0.5533333333333333,0.1511079106079106,0.11177176527176527
CASIA2/Au/Au_art_00084.jpg,0.36,0.20666666666666667,0.0,0.0
CASIA2/Au/Au_art_00085.jpg,0.05333333333333334,0.39,0.0,0.0
CASIA2/Au/Au_art_00086.jpg,0.6933333333333334,0.24666666666666667,0.0033333333333333335,0.0033333333333333335
CASIA2/Au/Au_art_00087.jpg,0.09666666666666666,0.20333333333333334,0.0,0.0
CASIA2/Au/Au_art_00088.jpg,0.74,0.6666666666666666,0.0,0.0
CASIA2/Au/Au_art_00089.jpg,0.30666666666666664,0.11666666666666667,0.0,0.0
CASIA2/Au/Au_art_00090.jpg,0.01,0.2833333333333333,0.0025,0.0033333333333333335
CASIA2/Au/Au_art_00091.jpg,0.19,0.06333333333333334,0.0,0.0008333333333333334
CASIA2/Au/Au_art_00093.jpg,0.5466666666666666,0.43,0.0033333333333333335,0.0
CASIA2/Au/Au_art_00094.jpg,0.6066666666666667,0.6566666666666666,0.09625946275946275,0.09287169312169312
CASIA2/Au/Au_art_00095.jpg,0.4533333333333333,0.33666666666666667,0.1089500962000962,0.056426286676286685
CASIA2/Au/Au_art_00096.jpg,0.21333333333333335,0.44333333333333336,0.151761803011803,0.10378571428571427
CASIA2/Au/Au_art_00097.jpg,0.0033333333333333335,0.07666666666666666,0.0,0.0
CASIA2/Au/Au_art_00099.jpg,0.05,0.0,0.0,0.0
CASIA2/Au/Au_art_00100.jpg,0.22,0.03666666666666667,0.0,0.0
CASIA2/Au/Au_art_10001.jpg,0.12666666666666668,0.12,0.01,0.0
CASIA2/Au/Au_art_10002.jpg,0.4166666666666667,0.5066666666666667,0.06666666666666667,0.09414069264069265
CASIA2/Au/Au_art_10004.jpg,0.6933333333333334,0.49,0.5734173419173417,0.5708283290783289
CASIA2/Au/Au_art_10005.jpg,0.37333333333333335,0.35,0.53,0.48692309542309536
CASIA2/Au/Au_art_10006.jpg,0.3466666666666667,0.68,0.10095310245310243,0.125731240981241
CASIA2/Au/Au_art_10007.jpg,0.6133333333333333,0.6833333333333333,0.6133333333333333,0.6113673733673738
CASIA2/Au/Au_art_10009.jpg,0.38,0.4066666666666667,0.06333333333333334,0.10374122174122173
CASIA2/Au/Au_art_10010.jpg,0.37666666666666665,0.2633333333333333,0.0033333333333333335,0.0
CASIA2/Au/Au_art_10011.jpg,0.3933333333333333,0.25333333333333335,0.003880952380952381,0.0008333333333333334
CASIA2/Au/Au_art_10012.jpg,0.6,0.36666666666666664,0.0,0.0
CASIA2/Au/Au_art_10013.jpg,0.5233333333333333,0.2866666666666667,0.0033333333333333335,0.002666666666666667
CASIA2/Au/Au_art_10014.jpg,0.43333333333333335,0.32,0.0037142857142857142,0.0008333333333333334
CASIA2/Au/Au_art_10015.jpg,0.5233333333333333,0.53,0.0033333333333333335,0.005555555555555555
CASIA2/Au/Au_art_10016.jpg,0.5866666666666667,0.47,0.0,0.0009523809523809524
CASIA2/Au/Au_art_10017.jpg,0.48333333333333334,0.16666666666666666,0.0,0.0
CASIA2/Au/Au_art_10018.jpg,0.43333333333333335,0.32666666666666666,0.0030476190476190477,0.0033333333333333335
CASIA2/Au/Au_art_10101.jpg,0.7433333333333333,0.7633333333333333,0.0,0.00923809523809524
CASIA2/Au/Au_art_10102.jpg,0.47333333333333333,0.37666666666666665,0.0033333333333333335,0.0022222222222222222
CASIA2/Au/Au_art_10103.jpg,0.4866666666666667,0.4,0.016666666666666666,0.029741582491582493
CASIA2/Au/Au_art_10104.jpg,0.44,0.5233333333333333,0.0033333333333333335,0.016850649350649352
CASIA2/Au/Au_art_10105.jpg,0.37333333333333335,0.9,0.7244846727346732,0.8242619047619048
CASIA2/Au/Au_art_10106.jpg,0.5666666666666667,0.8366666666666667,0.9473071280571284,0.9448563011063011
CASIA2/Au/Au_art_10107.jpg,0.6866666666666666,0.9066666666666666,0.7333333333333333,0.7872756627903685
CASIA2/Au/Au_art_10108.jpg,0.8366666666666667,0.62,0.74,0.724569365819366
CASIA2/Au/Au_art_10109.jpg,0.69,0.84,0.9858015873015874,0.970682548932549
CASIA2/Au/Au_art_10110.jpg,0.91,0.97,0.9187346634846635,0.9728813038813043
CASIA2/Au/Au_art_10112.jpg,0.5766666666666667,0.8566666666666667,0.62,0.8109143264143261
CASIA2/Au/Au_art_10113.jpg,0.79,0.9433333333333334,0.5333333333333333,0.8143795093795095
CASIA2/Au/Au_art_10114.jpg,0.5033333333333333,0.88,0.75,0.8901768046768046
CASIA2/Au/Au_art_10115.jpg,0.48,0.8966666666666666,0.76,0.9394672919672922
CASIA2/Au/Au_art_10116.jpg,0.7266666666666667,0.7133333333333334,0.75,0.8001341713841713
CASIA2/Au/Au_art_20001.jpg,0.5666666666666667,0.5566666666666666,0.01,0.011180555555555555
CASIA2/Au/Au_art_20002.jpg,0.42,0.43,0.09666666666666666,0.09163175713175713
CASIA2/Au/Au_art_20003.jpg,0.29,0.26666666666666666,0.0,0.0037142857142857142
CASIA2/Au/Au_art_20004.jpg,0.16666666666666666,0.35,0.016121212121212123,0.0016666666666666668
CASIA2/Au/Au_art_20005.jpg,0.29,0.21666666666666667,0.00992063492063492,0.019035714285714284
CASIA2/Au/Au_art_20006.jpg,0.49,0.38,0.0,0.0033333333333333335
CASIA2/Au/Au_art_20007.jpg,0.19,0.45666666666666667,0.03333333333333333,0.06840656565656565
CASIA2/Au/Au_art_20008.jpg,0.023333333333333334,0.36333333333333334,0.02666666666666667,0.06372635697635698
CASIA2/Au/Au_art_20009.jpg,0.19,0.3566666666666667,0.006666666666666667,0.019185185185185187
CASIA2/Au/Au_art_20010.jpg,0.29333333333333333,0.59,0.0033333333333333335,0.02621957671957672
CASIA2/Au/Au_art_20011.jpg,0.13333333333333333,0.47333333333333333,0.03,0.11040728715728719
CASIA2/Au/Au_art_20012.jpg,0.09,0.15666666666666668,0.0,0.004051948051948051
CASIA2/Au/Au_art_20013.jpg,0.11,0.18,0.01,0.05733285233285233
CASIA2/Au/Au_art_20014.jpg,0.013333333333333334,0.20666666666666667,0.006666666666666667,0.0033888888888888888
CASIA2/Au/Au_art_20016.jpg,0.10666666666666667,0.32,0.0033333333333333335,0.0037222222222222223
CASIA2/Au/Au_art_20017.jpg,0.27666666666666667,0.2,0.0,0.0021666666666666666
CASIA2/Au/Au_art_20018.jpg,0.09,0.18333333333333332,0.0,0.010603174603174604
CASIA2/Au/Au_art_20019.jpg,0.38,0.38666666666666666,0.0033333333333333335,0.019452861952861954
CASIA2/Au/Au_art_20020.jpg,0.02666666666666667,0.20333333333333334,0.0,0.004166666666666667
CASIA2/Au/Au_art_20021.jpg,0.8633333333333333,0.8,0.04,0.09759259259259259
CASIA2/Au/Au_art_20022.jpg,0.36666666666666664,0.8633333333333333,0.10632945757945758,0.09048036223036224
CASIA2/Au/Au_art_20023.jpg,0.5666666666666667,0.49333333333333335,0.03666666666666667,0.016423280423280423
CASIA2/Au/Au_art_20024.jpg,0.5833333333333334,0.82,0.03,0.07550577200577202
CASIA2/Au/Au_art_20027.jpg,0.3566666666666667,0.9166666666666666,0.10266640766640765,0.10748941798941798
CASIA2/Au/Au_art_20028.jpg,0.39,0.3233333333333333,0.0061177248677248665,0.005321428571428571
CASIA2/Au/Au_art_20029.jpg,0.41333333333333333,0.5,0.012492063492063492,0.00537962962962963
CASIA2/Au/Au_art_20030.jpg,0.5566666666666666,0.37333333333333335,0.01,0.0
CASIA2/Au/Au_art_20031.jpg,0.3933333333333333,0.3933333333333333,0.01317032967032967,0.014055555555555556
CASIA2/Au/Au_art_20032.jpg,0.36333333333333334,0.43,0.024838319088319093,0.012894179894179894
CASIA2/Au/Au_art_20033.jpg,0.2,0.33,0.014035409035409036,0.009555555555555555
CASIA2/Au/Au_art_20035.jpg,0.43333333333333335,0.28,0.14666666666666667,0.13414405964405962
CASIA2/Au/Au_art_20037.jpg,0.11,0.24333333333333335,0.006666666666666667,0.0
CASIA2/Au/Au_art_20038.jpg,0.8066666666666666,0.6133333333333333,0.0,0.0
CASIA2/Au/Au_art_20039.jpg,0.27,0.3933333333333333,0.13595188145188147,0.13579749879749878
CASIA2/Au/Au_art_20040.jpg,0.33,0.3466666666666667,0.02512674362674363,0.019812132312132313
CASIA2/Au/Au_art_20041.jpg,0.15666666666666668,0.2833333333333333,0.05,0.025777777777777774
CASIA2/Au/Au_art_20042.jpg,0.6433333333333333,0.6233333333333333,0.08110123210123209,0.06641678691678692
CASIA2/Au/Au_art_20043.jpg,0.48,0.44,0.013333333333333334,0.01551851851851852
CASIA2/Au/Au_art_20044.jpg,0.28,0.18666666666666668,0.005588624338624339,0.002976190476190476
CASIA2/Au/Au_art_20047.jpg,0.31666666666666665,0.4266666666666667,0.05940173715173715,0.017920634920634924
CASIA2/Au/Au_art_20048.jpg,0.35333333333333333,0.30666666666666664,0.01,0.031418350168350165
CASIA2/Au/Au_art_20049.jpg,0.7266666666666667,0.7333333333333333,0.0,0.0
CASIA2/Au/Au_art_20051.jpg,0.7766666666666666,0.73,0.006666666666666667,0.04238095238095238
CASIA2/Au/Au_art_20052.jpg,0.24333333333333335,0.32666666666666666,0.0,0.0
CASIA2/Au/Au_art_20053.jpg,0.43666666666666665,0.4266666666666667,0.0013333333333333335,0.0
CASIA2/Au/Au_art_20055.jpg,0.23333333333333334,0.2633333333333333,0.005833333333333334,0.0
CASIA2/Au/Au_art_20056.jpg,0.6033333333333334,0.43666666666666665,0.0,0.008222222222222223
CASIA2/Au/Au_art_20057.jpg,0.21,0.37,0.0,0.0013333333333333335
CASIA2/Au/Au_art_20058.jpg,0.47333333333333333,0.36666666666666664,0.0036904761904761906,0.006571428571428572
CASIA2/Au/Au_art_20059.jpg,0.37,0.15666666666666668,0.0,0.0
CASIA2/Au/Au_art_20061.jpg,0.8266666666666667,0.7966666666666666,0.0033333333333333335,0.01570995670995671
CASIA2/Au/Au_art_20062.jpg,0.23333333333333334,0.44333333333333336,0.02952020202020202,0.006388888888888888
CASIA2/Au/Au_art_20063.jpg,0.55,0.49,0.016666666666666666,0.028785954785954786
CASIA2/Au/Au_art_20064.jpg,0.6766666666666666,0.6733333333333333,0.01,0.038119047619047615
CASIA2/Au/Au_art_20065.jpg,0.35,0.42,0.0,0.008257575757575759
CASIA2/Au/Au_art_20066.jpg,0.6166666666666667,0.47333333333333333,0.056666666666666664,0.036703703703703704
CASIA2/Au/Au_art_20067.jpg,0.3333333333333333,0.2833333333333333,0.008327320827320827,0.006166666666666667
CASIA2/Au/Au_art_20068.jpg,0.51,0.3566666666666667,0.361217838261956,0.379688768203474
CASIA2/Au/Au_art_20069.jpg,0.4066666666666667,0.38,0.048035409035409045,0.10270086395086395
CASIA2/Au/Au_art_20070.jpg,0.27,0.30666666666666664,0.0,0.003666666666666667
CASIA2/Au/Au_art_20071.jpg,0.5033333333333333,0.31333333333333335,0.03666666666666667,0.043448532948532945
CASIA2/Au/Au_art_20072.jpg,0.4166666666666667,0.48,0.006666666666666667,0.010416666666666666
CASIA2/Au/Au_art_20073.jpg,0.48,0.46,0.026934343434343432,0.020166666666666666
CASIA2/Au/Au_art_20074.jpg,0.5266666666666666,0.7533333333333333,0.11,0.1099074074074074
CASIA2/Au/Au_art_20076.jpg,0.6666666666666666,0.7166666666666667,0.013333333333333334,0.019973544973544973
CASIA2/Au/Au_art_20077.jpg,0.46,0.31666666666666665,0.26,0.2559162504162504
CASIA2/Au/Au_art_20078.jpg,0.5533333333333333,0.5033333333333333,0.01,0.009166666666666667
CASIA2/Au/Au_art_20079.jpg,0.9033333333333333,0.9133333333333333,0.013333333333333334,0.11257539682539684
CASIA2/Au/Au_art_20080.jpg,0.6333333333333333,0.41333333333333333,0.03,0.029947089947089948
CASIA2/Au/Au_art_20081.jpg,0.5266666666666666,0.5566666666666666,0.023333333333333334,0.008976190476190476
CASIA2/Au/Au_art_20082.jpg,0.5866666666666667,0.55,0.04377080327080327,0.031137529137529145
CASIA2/Au/Au_art_20083.jpg,0.41333333333333333,0.38666666666666666,0.004366096866096866,0.009734848484848485
CASIA2/Au/Au_art_20084.jpg,0.4,0.42333333333333334,0.0,0.008333333333333333
CASIA2/Au/Au_art_20085.jpg,0.32666666666666666,0.21333333333333335,0.006666666666666667,0.014663780663780667
CASIA2/Au/Au_art_20086.jpg,0.44333333333333336,0.4766666666666667,0.04,0.07955895955895957
CASIA2/Au/Au_art_20089.jpg,0.64,0.65,0.0033333333333333335,0.020919312169312167
CASIA2/Au/Au_art_20090.jpg,0.73,0.7533333333333333,0.01,0.04948136123136123
CASIA2/Au/Au_art_20091.jpg,0.25666666666666665,0.2966666666666667,0.0,0.0
CASIA2/Au/Au_art_20092.jpg,0.43,0.49333333333333335,0.0033333333333333335,0.0006666666666666668
CASIA2/Au/Au_art_20094.jpg,0.20666666666666667,0.27666666666666667,0.02666666666666667,0.02881192881192881
CASIA2/Au/Au_art_30001.jpg,0.043333333333333335,0.0,0.0,0.0
CASIA2/Au/Au_art_30002.jpg,0.0,0.0,0.0,0.0
CASIA2/Au/Au_art_30003.jpg,0.04,0.0033333333333333335,0.0,0.0
CASIA2/Au/Au_art_30004.jpg,0.016666666666666666,0.0,0.0,0.0
CASIA2/Au/Au_art_30005.jpg,0.05333333333333334,0.03666666666666667,0.0,0.0
CASIA2/Au/Au_art_30006.jpg,0.35,0.023333333333333334,0.0,0.0
CASIA2/Au/Au_art_30007.jpg,0.09,0.0,0.0,0.0
CASIA2/Au/Au_art_30008.jpg,0.0033333333333333335,0.0,0.0,0.0
CASIA2/Au/Au_art_30009.jpg,0.17,0.02,0.0,0.0020555555555555557
CASIA2/Au/Au_art_30010.jpg,0.0,0.013333333333333334,0.0,0.0
CASIA2/Au/Au_art_30012.jpg,0.4766666666666667,0.4166666666666667,0.0,0.009031746031746031
CASIA2/Au/Au_art_30013.jpg,0.03333333333333333,0.0033333333333333335,0.0,0.0
CASIA2/Au/Au_art_30015.jpg,0.26666666666666666,0.04666666666666667,0.0,0.002737373737373737
CASIA2/Au/Au_art_30016.jpg,0.17333333333333334,0.0,0.0,0.0
CASIA2/Au/Au_art_30018.jpg,0.0,0.0,0.0,0.0
CASIA2/Au/Au_art_30019.jpg,0.0,0.0,0.0,0.0
CASIA2/Au/Au_art_30020.jpg,0.023333333333333334,0.0,0.0,0.0
CASIA2/Au/Au_art_30022.jpg,0.05,0.0033333333333333335,0.0,0.0
CASIA2/Au/Au_art_30023.jpg,0.01,0.0,0.0,0.0
CASIA2/Au/Au_art_30024.jpg,0.03,0.0,0.0,0.0
CASIA2/Au/Au_art_30025.jpg,0.016666666666666666,0.02,0.0,0.0
CASIA2/Au/Au_art_30026.jpg,0.0,0.0,0.0,0.0
CASIA2/Au/Au_art_30027.jpg,0.24,0.2833333333333333,0.002,0.0
CASIA2/Au/Au_art_30028.jpg,0.0033333333333333335,0.0,0.0,0.0
CASIA2/Au/Au_art_30030.jpg,0.2,0.03,0.0,0.0
CASIA2/Au/Au_art_30031.jpg,0.25333333333333335,0.03666666666666667,0.0,0.0
CASIA2/Au/Au_art_30032.jpg,0.0033333333333333335,0.0,0.0,0.0
CASIA2/Au/Au_art_30033.jpg,0.11333333333333333,0.01,0.0,0.0038888888888888883
CASIA2/Au/Au_art_30034.jpg,0.14333333333333334,0.07,0.0033333333333333335,0.004722222222222222
CASIA2/Au/Au_art_30035.jpg,0.08666666666666667,0.04666666666666667,0.0,0.00125
CASIA2/Au/Au_art_30036.jpg,0.013333333333333334,0.0,0.0,0.0
CASIA2/Au/Au_art_30037.jpg,0.17333333333333334,0.0033333333333333335,0.0,0.0
CASIA2/Au/Au_art_30038.jpg,0.03,0.0,0.0,0.0
CASIA2/Au/Au_art_30039.jpg,0.02,0.0033333333333333335,0.0,0.0
CASIA2/Au/Au_art_30040.jpg,0.02666666666666667,0.006666666666666667,0.0,0.0
CASIA2/Au/Au_art_30041.jpg,0.11333333333333333,0.04666666666666667,0.0,0.0
CASIA2/Au/Au_art_30043.jpg,0.07666666666666666,0.0033333333333333335,0.0,0.0
CASIA2/Au/Au_art_30044.jpg,0.20666666666666667,0.17,0.0,0.0
CASIA2/Au/Au_art_30045.jpg,0.14333333333333334,0.22333333333333333,0.0,0.0
CASIA2/Au/Au_art_30046.jpg,0.12666666666666668,0.11666666666666667,0.0,0.0013333333333333335
CASIA2/Au/Au_art_30047.jpg,0.37666666666666665,0.2633333333333333,0.0,0.002380952380952381
CASIA2/Au/Au_art_30049.jpg,0.5033333333333333,0.4166666666666667,0.0,0.0
CASIA2/Au/Au_art_30051.jpg,0.2833333333333333,0.11,0.0,0.0
CASIA2/Au/Au_art_30052.jpg,0.07,0.04,0.0,0.0
CASIA2/Au/Au_art_30053.jpg,0.19666666666666666,0.01,0.0,0.0
CASIA2/Au/Au_art_30054.jpg,0.23666666666666666,0.17666666666666667,0.0,0.0
CASIA2/Au/Au_art_30055.jpg,0.51,0.29333333333333333,0.0,0.0
CASIA2/Au/Au_art_30056.jpg,0.6133333333333333,0.5533333333333333,0.0,0.0
CASIA2/Au/Au_art_30057.jpg,0.19333333333333333,0.04,0.0,0.0
CASIA2/Au/Au_art_30058.jpg,0.5733333333333334,0.49333333333333335,0.0,0.0016666666666666668
CASIA2/Au/Au_art_30060.jpg,0.13,0.17,0.0,0.0
CASIA2/Au/Au_art_30061.jpg,0.22,0.11666666666666667,0.0,0.0
CASIA2/Au/Au_art_30062.jpg,0.12333333333333334,0.10333333333333333,0.0,0.0
CASIA2/Au/Au_art_30063.jpg,0.26666666666666666,0.23,0.0,0.0
CASIA2/Au/Au_art_30064.jpg,0.07666666666666666,0.03,0.0,0.0
CASIA2/Au/Au_art_30066.jpg,0.56,0.6766666666666666,0.0,0.0
CASIA2/Au/Au_art_30067.jpg,0.12333333333333334,0.09,0.0,0.0
CASIA2/Au/Au_art_30068.jpg,0.44666666666666666,0.13666666666666666,0.0,0.0
CASIA2/Au/Au_art_30069.jpg,0.056666666666666664,0.016666666666666666,0.0,0.0
CASIA2/Au/Au_art_30070.jpg,0.2,0.12666666666666668,0.006666666666666667,0.0033333333333333335
CASIA2/Au/Au_art_30072.jpg,0.10333333333333333,0.06666666666666667,0.0,0.0
CASIA2/Au/Au_art_30073.jpg,0.07333333333333333,0.02666666666666667,0.0,0.0
CASIA2/Au/Au_art_30075.jpg,0.29333333333333333,0.07,0.0,0.0
CASIA2/Au/Au_art_30076.jpg,0.11666666666666667,0.11666666666666667,0.0033333333333333335,0.0
CASIA2/Au/Au_art_30077.jpg,0.20666666666666667,0.21333333333333335,0.0,0.0
CASIA2/Au/Au_art_30078.jpg,0.3,0.23333333333333334,0.0,0.0
CASIA2/Au/Au_art_30079.jpg,0.04666666666666667,0.02,0.009166666666666667,0.012777777777777779
CASIA2/Au/Au_art_30080.jpg,0.16,0.07,0.0,0.0
CASIA2/Au/Au_art_30081.jpg,0.3933333333333333,0.23,0.0,0.0
CASIA2/Au/Au_art_30082.jpg,0.30333333333333334,0.06,0.0,0.0
CASIA2/Au/Au_art_30084.jpg,0.08,0.02666666666666667,0.0,0.0
CASIA2/Au/Au_art_30085.jpg,0.16,0.13333333333333333,0.0,0.0
CASIA2/Au/Au_art_30086.jpg,0.11666666666666667,0.056666666666666664,0.0,0.0
CASIA2/Au/Au_art_30087.jpg,0.08,0.06333333333333334,0.0,0.0
CASIA2/Au/Au_art_30088.jpg,0.25,0.07666666666666666,0.0,0.0
CASIA2/Au/Au_art_30089.jpg,0.3433333333333333,0.22666666666666666,0.0,0.0
CASIA2/Au/Au_art_30090.jpg,0.11333333333333333,0.08666666666666667,0.0,0.0
CASIA2/Au/Au_art_30091.jpg,0.09333333333333334,0.15333333333333332,0.0008333333333333334,0.0015
CASIA2/Au/Au_art_30092.jpg,0.30666666666666664,0.08666666666666667,0.0,0.0
CASIA2/Au/Au_art_30093.jpg,0.09,0.03666666666666667,0.0,0.0
CASIA2/Au/Au_art_30094.jpg,0.23333333333333334,0.06,0.0,0.0
CASIA2/Au/Au_art_30096.jpg,0.023333333333333334,0.01,0.0,0.0
CASIA2/Au/Au_art_30097.jpg,0.09,0.02666666666666667,0.0,0.0
CASIA2/Au/Au_art_30098.jpg,0.43666666666666665,0.35333333333333333,0.0,0.0
CASIA2/Au/Au_art_30099.jpg,0.09333333333333334,0.14,0.0,0.0
CASIA2/Au/Au_art_30100.jpg,0.24666666666666667,0.05,0.0,0.0
CASIA2/Au/Au_art_30101.jpg,0.7133333333333334,0.5233333333333333,0.002857142857142857,0.0008333333333333334
CASIA2/Au/Au_art_30102.jpg,0.38666666666666666,0.31666666666666665,0.0,0.0032967032967032967
CASIA2/Au/Au_art_30103.jpg,0.4266666666666667,0.16666666666666666,0.0033333333333333335,0.0
CASIA2/Au/Au_art_30104.jpg,0.22333333333333333,0.19,0.0,0.0021666666666666666
CASIA2/Au/Au_art_30105.jpg,0.09,0.03,0.0,0.0
CASIA2/Au/Au_art_30106.jpg,0.03333333333333333,0.013333333333333334,0.0,0.0
CASIA2/Au/Au_art_30107.jpg,0.25666666666666665,0.14666666666666667,0.0,0.0
CASIA2/Au/Au_art_30108.jpg,0.53,0.5833333333333334,0.0,0.0016666666666666668
CASIA2/Au/Au_art_30109.jpg,0.20666666666666667,0.05333333333333334,0.0,0.0
CASIA2/Au/Au_art_30110.jpg,0.20333333333333334,0.2966666666666667,0.0,0.0020833333333333333
CASIA2/Au/Au_art_30111.jpg,0.13333333333333333,0.16666666666666666,0.0,0.0
CASIA2/Au/Au_art_30113.jpg,0.08333333333333333,0.03333333333333333,0.0,0.0
CASIA2/Au/Au_art_30114.jpg,0.10666666666666667,0.056666666666666664,0.0,0.0
CASIA2/Au/Au_art_30115.jpg,0.12333333333333334,0.09333333333333334,0.0,0.0
CASIA2/Au/Au_art_30116.jpg,0.5666666666666667,0.3333333333333333,0.0,0.0
CASIA2/Au/Au_art_30117.jpg,0.37,0.20333333333333334,0.0,0.0
CASIA2/Au/Au_art_30118.jpg,0.07,0.03,0.0016666666666666668,0.0
CASIA2/Au/Au_art_30119.jpg,0.04,0.016666666666666666,0.0,0.0
CASIA2/Au/Au_art_30120.jpg,0.17,0.23,0.0,0.0
CASIA2/Au/Au_art_30121.jpg,0.8233333333333334,0.8033333333333333,0.0,0.0036410256410256414
CASIA2/Au/Au_art_30122.jpg,0.29333333333333333,0.13333333333333333,0.0,0.0
CASIA2/Au/Au_art_30123.jpg,0.18,0.14666666666666667,0.0,0.0
CASIA2/Au/Au_art_30124.jpg,0.08333333333333333,0.03,0.0,0.0
CASIA2/Au/Au_art_30125.jpg,0.20333333333333334,0.03333333333333333,0.0,0.0
CASIA2/Au/Au_art_30126.jpg,0.47333333333333333,0.44666666666666666,0.0,0.012666666666666666
CASIA2/Au/Au_art_30127.jpg,0.22333333333333333,0.05333333333333334,0.0,0.0
CASIA2/Au/Au_art_30128.jpg,0.3,0.21666666666666667,0.0,0.0
CASIA2/Au/Au_art_30129.jpg,0.7166666666666667,0.5833333333333334,0.0,0.0
CASIA2/Au/Au_art_30130.jpg,0.08333333333333333,0.03666666666666667,0.0,0.0
CASIA2/Au/Au_art_30131.jpg,0.21,0.11333333333333333,0.0,0.0
CASIA2/Au/Au_art_30133.jpg,0.33,0.2,0.0,0.0
CASIA2/Au/Au_art_30134.jpg,0.09666666666666666,0.013333333333333334,0.0,0.0
CASIA2/Au/Au_art_30135.jpg,0.03333333333333333,0.04,0.0,0.0
CASIA2/Au/Au_art_30136.jpg,0.29,0.15333333333333332,0.0,0.0
CASIA2/Au/Au_art_30137.jpg,0.15333333333333332,0.07333333333333333,0.0,0.0
CASIA2/Au/Au_art_30138.jpg,0.07,0.06333333333333334,0.0,0.0
CASIA2/Au/Au_art_30139.jpg,0.5066666666666667,0.24333333333333335,0.0,0.003981481481481482
CASIA2/Au/Au_art_30140.jpg,0.03666666666666667,0.01,0.0,0.0
CASIA2/Au/Au_art_30141.jpg,0.05,0.006666666666666667,0.0,0.0
CASIA2/Au/Au_art_30142.jpg,0.03666666666666667,0.013333333333333334,0.0,0.0012037037037037036
CASIA2/Au/Au_art_30143.jpg,0.37333333333333335,0.14,0.0,0.0
CASIA2/Au/Au_art_30145.jpg,0.25666666666666665,0.12333333333333334,0.0,0.0
CASIA2/Au/Au_art_30147.jpg,0.15,0.06333333333333334,0.0,0.0
CASIA2/Au/Au_art_30150.jpg,0.03666666666666667,0.0,0.0,0.0
CASIA2/Au/Au_art_30151.jpg,0.02666666666666667,0.006666666666666667,0.0,0.0
CASIA2/Au/Au_art_30152.jpg,0.15333333333333332,0.16333333333333333,0.0,0.0
CASIA2/Au/Au_art_30154.jpg,0.01,0.0,0.0,0.0
CASIA2/Au/Au_art_30155.jpg,0.20333333333333334,0.09,0.0,0.0
CASIA2/Au/Au_art_30156.jpg,0.7633333333333333,0.29,0.0,0.002857142857142857
CASIA2/Au/Au_art_30157.jpg,0.17,0.013333333333333334,0.0,0.0
CASIA2/Au/Au_art_30158.jpg,0.20666666666666667,0.0033333333333333335,0.0,0.0
CASIA2/Au/Au_art_30159.jpg,0.0,0.0,0.0,0.0
CASIA2/Au/Au_art_30160.jpg,0.55,0.3233333333333333,0.0,0.0016666666666666668
CASIA2/Au/Au_art_30161.jpg,0.23666666666666666,0.02,0.0,0.0
CASIA2/Au/Au_art_30162.jpg,0.06333333333333334,0.0033333333333333335,0.0,0.0
CASIA2/Au/Au_art_30163.jpg,0.09666666666666666,0.11,0.0,0.0
CASIA2/Au/Au_art_30164.jpg,0.01,0.0033333333333333335,0.0,0.0
CASIA2/Au/Au_art_30165.jpg,0.0033333333333333335,0.0,0.0,0.0
CASIA2/Au/Au_art_30166.jpg,0.30666666666666664,0.09666666666666666,0.0,0.0
CASIA2/Au/Au_art_30167.jpg,0.32,0.056666666666666664,0.0,0.0
CASIA2/Au/Au_art_30168.jpg,0.0,0.0,0.0,0.0
CASIA2/Au/Au_art_30169.jpg,0.0,0.0,0.0,0.0
CASIA2/Au/Au_art_30170.jpg,0.02,0.0033333333333333335,0.0,0.0
CASIA2/Au/Au_art_30171.jpg,0.006666666666666667,0.0,0.0,0.0
CASIA2/Au/Au_art_30173.jpg,0.016666666666666666,0.0,0.0,0.0
CASIA2/Au/Au_art_30174.jpg,0.14333333333333334,0.08333333333333333,0.0,0.004333333333333333
CASIA2/Au/Au_art_30175.jpg,0.013333333333333334,0.0,0.0,0.0
CASIA2/Au/Au_art_30176.jpg,0.0,0.0,0.0,0.0
CASIA2/Au/Au_art_30177.jpg,0.02,0.0,0.0,0.0
CASIA2/Au/Au_art_30178.jpg,0.013333333333333334,0.0,0.0,0.0
CASIA2/Au/Au_art_30179.jpg,0.03666666666666667,0.0,0.0,0.0013333333333333335
CASIA2/Au/Au_art_30180.jpg,0.023333333333333334,0.0033333333333333335,0.0,0.0
CASIA2/Au/Au_art_30181.jpg,0.23666666666666666,0.013333333333333334,0.0,0.006666666666666667
CASIA2/Au/Au_art_30182.jpg,0.0033333333333333335,0.0,0.0,0.0
CASIA2/Au/Au_art_30183.jpg,0.0,0.0,0.0,0.0
CASIA2/Au/Au_art_30184.jpg,0.06,0.02,0.0,0.0
CASIA2/Au/Au_art_30186.jpg,0.013333333333333334,0.0,0.0,0.0
CASIA2/Au/Au_art_30187.jpg,0.09,0.006666666666666667,0.0,0.0
CASIA2/Au/Au_art_30188.jpg,0.03666666666666667,0.0,0.0,0.0
CASIA2/Au/Au_art_30191.jpg,0.21666666666666667,0.02,0.0,0.005714285714285714
CASIA2/Au/Au_art_30192.jpg,0.0,0.0,0.0,0.0
CASIA2/Au/Au_art_30193.jpg,0.03333333333333333,0.04,0.0,0.0
CASIA2/Au/Au_art_30194.jpg,0.23666666666666666,0.016666666666666666,0.0,0.002738095238095238
CASIA2/Au/Au_art_30195.jpg,0.0,0.0,0.0,0.0
CASIA2/Au/Au_art_30197.jpg,0.23333333333333334,0.02666666666666667,0.0,0.0
CASIA2/Au/Au_art_30198.jpg,0.7633333333333333,0.10333333333333333,0.0,0.002
CASIA2/Au/Au_art_30199.jpg,0.04,0.0033333333333333335,0.0,0.0
CASIA2/Au/Au_art_30201.jpg,0.16333333333333333,0.006666666666666667,0.0,0.0
CASIA2/Au/Au_art_30203.jpg,0.0,0.0,0.0,0.0
CASIA2/Au/Au_art_30204.jpg,0.29,0.013333333333333334,0.0,0.002738095238095238
CASIA2/Au/Au_art_30205.jpg,0.056666666666666664,0.02666666666666667,0.0,0.0
CASIA2/Au/Au_art_30207.jpg,0.12666666666666668,0.0,0.0,0.0
CASIA2/Au/Au_art_30208.jpg,0.12666666666666668,0.11333333333333333,0.0,0.0
CASIA2/Au/Au_art_30210.jpg,0.0,0.0,0.0,0.0
CASIA2/Au/Au_art_30211.jpg,0.016666666666666666,0.0,0.0,0.0
CASIA2/Au/Au_art_30212.jpg,0.07666666666666666,0.0,0.0,0.0
CASIA2/Au/Au_art_30214.jpg,0.0,0.0,0.0,0.0
CASIA2/Au/Au_art_30215.jpg,0.0033333333333333335,0.0,0.0,0.0
CASIA2/Au/Au_art_30216.jpg,0.0,0.0,0.0,0.0
CASIA2/Au/Au_art_30217.jpg,0.0,0.0,0.0,0.0
CASIA2/Au/Au_art_30218.jpg,0.0,0.0033333333333333335,0.0,0.0
CASIA2/Au/Au_art_30219.jpg,0.0,0.0,0.0,0.0
CASIA2/Au/Au_art_30220.jpg,0.0,0.0,0.0,0.0
CASIA2/Au/Au_art_30221.jpg,0.0,0.006666666666666667,0.0,0.0
CASIA2/Au/Au_art_30222.jpg,0.05333333333333334,0.0,0.0,0.0
CASIA2/Au/Au_art_30223.jpg,0.05,0.12,0.0,0.0
CASIA2/Au/Au_art_30225.jpg,0.016666666666666666,0.0,0.0,0.0
CASIA2/Au/Au_art_30226.jpg,0.0033333333333333335,0.0,0.0,0.0
CASIA2/Au/Au_art_30227.jpg,0.16666666666666666,0.01,0.0,0.0
CASIA2/Au/Au_art_30228.jpg,0.36,0.4033333333333333,0.0,0.0005555555555555556
CASIA2/Au/Au_art_30229.jpg,0.13333333333333333,0.03,0.0,0.0
CASIA2/Au/Au_art_30230.jpg,0.14333333333333334,0.006666666666666667,0.0,0.0
CASIA2/Au/Au_art_30231.jpg,0.0033333333333333335,0.0,0.0,0.0
CASIA2/Au/Au_art_30232.jpg,0.10666666666666667,0.006666666666666667,0.0,0.0
CASIA2/Au/Au_art_30233.jpg,0.23666666666666666,0.043333333333333335,0.0,0.0
CASIA2/Au/Au_art_30234.jpg,0.03,0.0,0.0,0.0
CASIA2/Au/Au_art_30236.jpg,0.2866666666666667,0.06333333333333334,0.0,0.0
CASIA2/Au/Au_art_30237.jpg,0.01,0.0,0.0,0.0
CASIA2/Au/Au_art_30238.jpg,0.023333333333333334,0.06666666666666667,0.0,0.0
CASIA2/Au/Au_art_30239.jpg,0.0033333333333333335,0.0,0.0,0.0
CASIA2/Au/Au_art_30240.jpg,0.006666666666666667,0.0,0.0,0.0
CASIA2/Au/Au_art_30241.jpg,0.023333333333333334,0.0,0.0,0.0
CASIA2/Au/Au_art_30242.jpg,0.04666666666666667,0.03333333333333333,0.0,0.0
CASIA2/Au/Au_art_30243.jpg,0.023333333333333334,0.0033333333333333335,0.002407407407407407,0.0
CASIA2/Au/Au_art_30244.jpg,0.0,0.0,0.0,0.0
CASIA2/Au/Au_art_30245.jpg,0.03666666666666667,0.0033333333333333335,0.0,0.0
CASIA2/Au/Au_art_30246.jpg,0.0,0.0,0.0,0.0
CASIA2/Au/Au_art_30247.jpg,0.0,0.0,0.0,0.0
CASIA2/Au/Au_art_30248.jpg,0.0,0.0,0.0,0.0
CASIA2/Au/Au_art_30249.jpg,0.016666666666666666,0.0,0.0,0.0
CASIA2/Au/Au_art_30250.jpg,0.01,0.02666666666666667,0.0,0.0
CASIA2/Au/Au_art_30251.jpg,0.11,0.0033333333333333335,0.0,0.0006666666666666668
CASIA2/Au/Au_art_30252.jpg,0.03666666666666667,0.0,0.0,0.0
CASIA2/Au/Au_art_30253.jpg,0.09,0.05,0.0,0.0
CASIA2/Au/Au_art_30254.jpg,0.30666666666666664,0.04,0.0,0.0
CASIA2/Au/Au_art_30255.jpg,0.013333333333333334,0.01,0.0,0.0
CASIA2/Au/Au_art_30256.jpg,0.03666666666666667,0.006666666666666667,0.0033333333333333335,0.0005555555555555556
CASIA2/Au/Au_art_30257.jpg,0.0033333333333333335,0.0,0.0033333333333333335,0.013371693121693123
CASIA2/Au/Au_art_30259.jpg,0.0033333333333333335,0.0033333333333333335,0.0,0.0
CASIA2/Au/Au_art_30260.jpg,0.0,0.0,0.0,0.0
CASIA2/Au/Au_art_30262.jpg,0.0,0.0,0.0006666666666666668,0.0
CASIA2/Au/Au_art_30263.jpg,0.0,0.0,0.0,0.0
CASIA2/Au/Au_art_30264.jpg,0.19333333333333333,0.04666666666666667,0.0,0.0
CASIA2/Au/Au_art_30265.jpg,0.18333333333333332,0.02,0.0006666666666666668,0.004809523809523809
CASIA2/Au/Au_art_30266.jpg,0.0033333333333333335,0.006666666666666667,0.0,0.0
CASIA2/Au/Au_art_30267.jpg,0.0,0.0,0.0,0.0
CASIA2/Au/Au_art_30268.jpg,0.26,0.21,0.0,0.0044444444444444444
CASIA2/Au/Au_art_30270.jpg,0.07,0.0033333333333333335,0.0,0.0
CASIA2/Au/Au_art_30272.jpg,0.0,0.0,0.0,0.0
CASIA2/Au/Au_art_30273.jpg,0.0033333333333333335,0.0,0.0,0.0
CASIA2/Au/Au_art_30274.jpg,0.0,0.0,0.0,0.0
CASIA2/Au/Au_art_30275.jpg,0.0033333333333333335,0.0,0.0,0.0
CASIA2/Au/Au_art_30276.jpg,0.0,0.0,0.0,0.0
CASIA2/Au/Au_art_30277.jpg,0.016666666666666666,0.0,0.0,0.0
CASIA2/Au/Au_art_30278.jpg,0.01,0.0,0.0,0.0
CASIA2/Au/Au_art_30279.jpg,0.03666666666666667,0.0,0.0,0.0
CASIA2/Au/Au_art_30281.jpg,0.08333333333333333,0.02666666666666667,0.0,0.0
CASIA2/Au/Au_art_30282.jpg,0.15333333333333332,0.10333333333333333,0.0027976190476190475,0.011857142857142856
CASIA2/Au/Au_art_30283.jpg,0.0,0.0,0.0,0.0
CASIA2/Au/Au_art_30284.jpg,0.006666666666666667,0.0,0.0016666666666666668,0.0
CASIA2/Au/Au_art_30286.jpg,0.043333333333333335,0.1,0.0,0.0
CASIA2/Au/Au_art_30287.jpg,0.01,0.0,0.0,0.0
CASIA2/Au/Au_art_30289.jpg,0.19,0.02666666666666667,0.0,0.000909090909090909
CASIA2/Au/Au_art_30290.jpg,0.0,0.0,0.0,0.0
CASIA2/Au/Au_art_30291.jpg,0.0,0.0,0.0,0.0
CASIA2/Au/Au_art_30292.jpg,0.16666666666666666,0.08333333333333333,0.0,0.0
CASIA2/Au/Au_art_30293.jpg,0.30666666666666664,0.29333333333333333,0.0,0.0
CASIA2/Au/Au_art_30294.jpg,0.19666666666666666,0.20666666666666667,0.0,0.0
CASIA2/Au/Au_art_30295.jpg,0.44333333333333336,0.35,0.0,0.0025555555555555553
CASIA2/Au/Au_art_30296.jpg,0.02666666666666667,0.01,0.0,0.0
CASIA2/Au/Au_art_30298.jpg,0.05333333333333334,0.01,0.0,0.0
CASIA2/Au/Au_art_30301.jpg,0.5033333333333333,0.36333333333333334,0.0,0.0
CASIA2/Au/Au_art_30303.jpg,0.05333333333333334,0.0033333333333333335,0.0,0.0
CASIA2/Au/Au_art_30305.jpg,0.49666666666666665,0.15333333333333332,0.0,0.0
CASIA2/Au/Au_art_30306.jpg,0.056666666666666664,0.016666666666666666,0.0,0.0
CASIA2/Au/Au_art_30307.jpg,0.19333333333333333,0.23333333333333334,0.0,0.0
CASIA2/Au/Au_art_30308.jpg,0.19,0.19666666666666666,0.0,0.0
CASIA2/Au/Au_art_30309.jpg,0.22,0.11333333333333333,0.0,0.0
CASIA2/Au/Au_art_30310.jpg,0.21333333333333335,0.14666666666666667,0.0,0.0
CASIA2/Au/Au_art_30311.jpg,0.08,0.07666666666666666,0.0,0.0
CASIA2/Au/Au_art_30312.jpg,0.13333333333333333,0.04666666666666667,0.0,0.0008333333333333334
CASIA2/Au/Au_art_30313.jpg,0.4166666666666667,0.24333333333333335,0.0,0.0
CASIA2/Au/Au_art_30314.jpg,0.47333333333333333,0.35333333333333333,0.0,0.0
CASIA2/Au/Au_art_30317.jpg,0.5066666666666667,0.5533333333333333,0.0,0.0
CASIA2/Au/Au_art_30320.jpg,0.33,0.28,0.0,0.0
CASIA2/Au/Au_art_30323.jpg,0.16666666666666666,0.06333333333333334,0.0,0.0
CASIA2/Au/Au_art_30324.jpg,0.14333333333333334,0.08,0.0,0.0
CASIA2/Au/Au_art_30325.jpg,0.11666666666666667,0.22333333333333333,0.0,0.0
CASIA2/Au/Au_art_30326.jpg,0.01,0.01,0.0,0.0
CASIA2/Au/Au_art_30327.jpg,0.16,0.04,0.0,0.0
CASIA2/Au/Au_art_30328.jpg,0.12333333333333334,0.12333333333333334,0.0,0.0
CASIA2/Au/Au_art_30329.jpg,0.02666666666666667,0.006666666666666667,0.0,0.0
CASIA2/Au/Au_art_30330.jpg,0.23,0.14666666666666667,0.0,0.0
CASIA2/Au/Au_art_30331.jpg,0.09666666666666666,0.03666666666666667,0.0,0.0
CASIA2/Au/Au_art_30332.jpg,0.12333333333333334,0.03666666666666667,0.0,0.0
CASIA2/Au/Au_art_30333.jpg,0.38666666666666666,0.15,0.0,0.0
CASIA2/Au/Au_art_30334.jpg,0.28,0.09333333333333334,0.0,0.0
CASIA2/Au/Au_art_30335.jpg,0.06333333333333334,0.07666666666666666,0.0,0.0
CASIA2/Au/Au_art_30336.jpg,0.17333333333333334,0.11333333333333333,0.0,0.0
CASIA2/Au/Au_art_30337.jpg,0.16666666666666666,0.13,0.0016666666666666668,0.0
CASIA2/Au/Au_art_30338.jpg,0.17,0.07666666666666666,0.0,0.0
CASIA2/Au/Au_art_30339.jpg,0.17,0.15,0.0,0.0
CASIA2/Au/Au_art_30340.jpg,0.22333333333333333,0.24666666666666667,0.0,0.0
CASIA2/Au/Au_art_30342.jpg,0.07666666666666666,0.06333333333333334,0.0,0.0
CASIA2/Au/Au_art_30343.jpg,0.11333333333333333,0.12,0.0,0.0
CASIA2/Au/Au_art_30344.jpg,0.41333333333333333,0.31333333333333335,0.0,0.004383838383838384
CASIA2/Au/Au_art_30346.jpg,0.1,0.03666666666666667,0.0,0.0
CASIA2/Au/Au_art_30347.jpg,0.14666666666666667,0.05,0.0,0.0
CASIA2/Au/Au_art_30349.jpg,0.5866666666666667,0.5366666666666666,0.0,0.0
CASIA2/Au/Au_art_30350.jpg,0.16333333333333333,0.16333333333333333,0.0,0.0091005291005291
CASIA2/Au/Au_art_30351.jpg,0.31666666666666665,0.05333333333333334,0.0,0.0
CASIA2/Au/Au_art_30352.jpg,0.08333333333333333,0.07,0.0,0.0
CASIA2/Au/Au_art_30354.jpg,0.55,0.25666666666666665,0.0,0.0
CASIA2/Au/Au_art_30357.jpg,0.20333333333333334,0.11333333333333333,0.0,0.0
CASIA2/Au/Au_art_30358.jpg,0.10666666666666667,0.14,0.0,0.0
CASIA2/Au/Au_art_30360.jpg,0.14333333333333334,0.03666666666666667,0.0,0.0
CASIA2/Au/Au_art_30361.jpg,0.18333333333333332,0.07,0.0,0.0
CASIA2/Au/Au_art_30363.jpg,0.14333333333333334,0.18666666666666668,0.0,0.0
CASIA2/Au/Au_art_30364.jpg,0.3233333333333333,0.34,0.0,0.0
CASIA2/Au/Au_art_30365.jpg,0.04,0.04,0.0,0.0
CASIA2/Au/Au_art_30366.jpg,0.22666666666666666,0.18333333333333332,0.0,0.0
CASIA2/Au/Au_art_30367.jpg,0.17,0.06333333333333334,0.0,0.0
CASIA2/Au/Au_art_30368.jpg,0.3233333333333333,0.11,0.0,0.0
CASIA2/Au/Au_art_30369.jpg,0.31666666666666665,0.15333333333333332,0.0,0.0
CASIA2/Au/Au_art_30370.jpg,0.08,0.04,0.0,0.0
CASIA2/Au/Au_art_30371.jpg,0.34,0.13666666666666666,0.0,0.0
CASIA2/Au/Au_art_30372.jpg,0.06333333333333334,0.02,0.0,0.0
CASIA2/Au/Au_art_30373.jpg,0.08,0.03333333333333333,0.0,0.0
CASIA2/Au/Au_art_30374.jpg,0.09666666666666666,0.15,0.0,0.0013333333333333335
CASIA2/Au/Au_art_30375.jpg,0.17666666666666667,0.11,0.0,0.0
CASIA2/Au/Au_art_30376.jpg,0.28,0.23333333333333334,0.0,0.0
CASIA2/Au/Au_art_30377.jpg,0.17333333333333334,0.08333333333333333,0.0,0.0
CASIA2/Au/Au_art_30378.jpg,0.12666666666666668,0.07333333333333333,0.0,0.0
CASIA2/Au/Au_art_30379.jpg,0.14333333333333334,0.06,0.0,0.0
CASIA2/Au/Au_art_30380.jpg,0.5233333333333333,0.08666666666666667,0.0,0.0
CASIA2/Au/Au_art_30381.jpg,0.19333333333333333,0.056666666666666664,0.0,0.0
CASIA2/Au/Au_art_30384.jpg,0.21666666666666667,0.04,0.0,0.0
CASIA2/Au/Au_art_30385.jpg,0.3,0.20333333333333334,0.0,0.0
CASIA2/Au/Au_art_30386.jpg,0.33666666666666667,0.03,0.0,0.0
CASIA2/Au/Au_art_30389.jpg,0.38,0.32,0.0,0.003833333333333333
CASIA2/Au/Au_art_30390.jpg,0.11666666666666667,0.03,0.0,0.0
CASIA2/Au/Au_art_30391.jpg,0.31666666666666665,0.23,0.0,0.0
CASIA2/Au/Au_art_30392.jpg,0.33666666666666667,0.38666666666666666,0.0,0.0
CASIA2/Au/Au_art_30393.jpg,0.17,0.14666666666666667,0.0,0.0
CASIA2/Au/Au_art_30394.jpg,0.09666666666666666,0.023333333333333334,0.0,0.0
CASIA2/Au/Au_art_30397.jpg,0.4033333333333333,0.30666666666666664,0.0,0.0
CASIA2/Au/Au_art_30398.jpg,0.15333333333333332,0.03666666666666667,0.0,0.0
CASIA2/Au/Au_art_30399.jpg,0.12,0.09666666666666666,0.0,0.0
CASIA2/Au/Au_art_30400.jpg,0.30333333333333334,0.04,0.0,0.0
CASIA2/Au/Au_art_30401.jpg,0.15666666666666668,0.02666666666666667,0.0,0.0
CASIA2/Au/Au_art_30402.jpg,0.2966666666666667,0.25,0.0,0.0
CASIA2/Au/Au_art_30403.jpg,0.31666666666666665,0.21333333333333335,0.0064285714285714285,0.0013333333333333335
CASIA2/Au/Au_art_30404.jpg,0.29,0.14333333333333334,0.0,0.0
CASIA2/Au/Au_art_30406.jpg,0.28,0.19,0.0,0.0
CASIA2/Au/Au_art_30407.jpg,0.49,0.3233333333333333,0.0,0.0
CASIA2/Au/Au_art_30409.jpg,0.2833333333333333,0.2966666666666667,0.0,0.0
CASIA2/Au/Au_art_30411.jpg,0.32666666666666666,0.3233333333333333,0.0,0.0008333333333333334
CASIA2/Au/Au_art_30414.jpg,0.09333333333333334,0.08333333333333333,0.0,0.0
CASIA2/Au/Au_art_30415.jpg,0.44333333333333336,0.43333333333333335,0.0,0.0
CASIA2/Au/Au_art_30416.jpg,0.07,0.02,0.0,0.0
CASIA2/Au/Au_art_30418.jpg,0.05333333333333334,0.04666666666666667,0.0,0.0
CASIA2/Au/Au_art_30419.jpg,0.20666666666666667,0.13666666666666666,0.0,0.0
CASIA2/Au/Au_art_30420.jpg,0.6366666666666667,0.47333333333333333,0.0,0.0
CASIA2/Au/Au_art_30421.jpg,0.08,0.05,0.0,0.0
CASIA2/Au/Au_art_30422.jpg,0.15666666666666668,0.11666666666666667,0.0,0.0
CASIA2/Au/Au_art_30423.jpg,0.11,0.08,0.0,0.0
CASIA2/Au/Au_art_30424.jpg,0.20666666666666667,0.20333333333333334,0.0,0.0
CASIA2/Au/Au_art_30425.jpg,0.12,0.03,0.0,0.0
CASIA2/Au/Au_art_30426.jpg,0.056666666666666664,0.03666666666666667,0.0008333333333333334,0.0
CASIA2/Au/Au_art_30427.jpg,0.08666666666666667,0.04,0.0,0.0
CASIA2/Au/Au_art_30428.jpg,0.08333333333333333,0.03666666666666667,0.0,0.0
CASIA2/Au/Au_art_30429.jpg,0.27,0.2966666666666667,0.0,0.0
CASIA2/Au/Au_art_30430.jpg,0.11,0.05,0.0,0.0
CASIA2/Au/Au_art_30431.jpg,0.4866666666666667,0.15,0.0,0.0
CASIA2/Au/Au_art_30432.jpg,0.18333333333333332,0.07666666666666666,0.0035714285714285713,0.0
CASIA2/Au/Au_art_30434.jpg,0.14666666666666667,0.056666666666666664,0.0,0.0
CASIA2/Au/Au_art_30435.jpg,0.07333333333333333,0.04666666666666667,0.0,0.0
CASIA2/Au/Au_art_30436.jpg,0.36,0.29,0.0,0.0027777777777777775
CASIA2/Au/Au_art_30438.jpg,0.25666666666666665,0.23333333333333334,0.0,0.0
CASIA2/Au/Au_art_30439.jpg,0.16333333333333333,0.05,0.0,0.0
CASIA2/Au/Au_art_30440.jpg,0.45,0.23,0.0,0.0
CASIA2/Au/Au_art_30441.jpg,0.19,0.07,0.0,0.0
CASIA2/Au/Au_art_30442.jpg,0.20333333333333334,0.12333333333333334,0.0,0.0
CASIA2/Au/Au_art_30443.jpg,0.10333333333333333,0.03,0.0,0.0
CASIA2/Au/Au_art_30445.jpg,0.35333333333333333,0.13333333333333333,0.0,0.0
CASIA2/Au/Au_art_30446.jpg,0.22666666666666666,0.06333333333333334,0.0,0.0
CASIA2/Au/Au_art_30447.jpg,0.17,0.09,0.0,0.0
CASIA2/Au/Au_art_30449.jpg,0.30666666666666664,0.13,0.0,0.0
CASIA2/Au/Au_art_30450.jpg,0.2633333333333333,0.12,0.0,0.0
CASIA2/Au/Au_art_30451.jpg,0.2966666666666667,0.20666666666666667,0.0,0.0
CASIA2/Au/Au_art_30452.jpg,0.36666666666666664,0.26,0.0,0.0
CASIA2/Au/Au_art_30453.jpg,0.25,0.08666666666666667,0.0,0.0
CASIA2/Au/Au_art_30454.jpg,0.17333333333333334,0.14666666666666667,0.0,0.0
CASIA2/Au/Au_art_30455.jpg,0.2633333333333333,0.25,0.0,0.0
CASIA2/Au/Au_art_30456.jpg,0.2866666666666667,0.16,0.0,0.0
CASIA2/Au/Au_art_30457.jpg,0.2633333333333333,0.10666666666666667,0.0,0.0
CASIA2/Au/Au_art_30458.jpg,0.5366666666666666,0.30666666666666664,0.0,0.0
CASIA2/Au/Au_art_30459.jpg,0.25666666666666665,0.10666666666666667,0.0,0.0
CASIA2/Au/Au_art_30460.jpg,0.23666666666666666,0.043333333333333335,0.0,0.0
CASIA2/Au/Au_art_30461.jpg,0.4666666666666667,0.43,0.0,0.002777777777777778
CASIA2/Au/Au_art_30463.jpg,0.7033333333333334,0.6033333333333334,0.0,0.0
CASIA2/Au/Au_art_30464.jpg,0.12,0.07666666666666666,0.0,0.0
CASIA2/Au/Au_art_30465.jpg,0.3,0.19666666666666666,0.0033333333333333335,0.0016666666666666668
CASIA2/Au/Au_art_30466.jpg,0.57,0.41,0.0,0.0
CASIA2/Au/Au_art_30467.jpg,0.36,0.09,0.0,0.0
CASIA2/Au/Au_art_30468.jpg,0.07,0.02666666666666667,0.0,0.0
CASIA2/Au/Au_art_30469.jpg,0.31,0.3433333333333333,0.0,0.0
CASIA2/Au/Au_art_30470.jpg,0.20666666666666667,0.15333333333333332,0.0,0.0
CASIA2/Au/Au_art_30471.jpg,0.17333333333333334,0.07666666666666666,0.0,0.0
CASIA2/Au/Au_art_30472.jpg,0.39,0.34,0.0,0.0
CASIA2/Au/Au_art_30474.jpg,0.15,0.12,0.0,0.0
CASIA2/Au/Au_art_30475.jpg,0.15333333333333332,0.12333333333333334,0.0,0.0
CASIA2/Au/Au_art_30477.jpg,0.39,0.26666666666666666,0.0,0.0
CASIA2/Au/Au_art_30478.jpg,0.23333333333333334,0.09333333333333334,0.0,0.0
CASIA2/Au/Au_art_30480.jpg,0.17666666666666667,0.09,0.0,0.0
CASIA2/Au/Au_art_30481.jpg,0.11333333333333333,0.07,0.0,0.0
CASIA2/Au/Au_art_30482.jpg,0.4266666666666667,0.18666666666666668,0.0,0.0
CASIA2/Au/Au_art_30483.jpg,0.49333333333333335,0.43666666666666665,0.0,0.0
CASIA2/Au/Au_art_30485.jpg,0.03666666666666667,0.04666666666666667,0.0,0.0
CASIA2/Au/Au_art_30486.jpg,0.37,0.47,0.0,0.0
CASIA2/Au/Au_art_30487.jpg,0.06333333333333334,0.023333333333333334,0.0,0.0
CASIA2/Au/Au_art_30488.jpg,0.17333333333333334,0.11333333333333333,0.0,0.0
CASIA2/Au/Au_art_30489.jpg,0.4533333333333333,0.24,0.0,0.0
CASIA2/Au/Au_art_30491.jpg,0.29333333333333333,0.03333333333333333,0.0,0.0
CASIA2/Au/Au_art_30492.jpg,0.22333333333333333,0.14666666666666667,0.0,0.0
CASIA2/Au/Au_art_30493.jpg,0.2,0.05,0.0,0.0
CASIA2/Au/Au_art_30494.jpg,0.26,0.16,0.0,0.0
CASIA2/Au/Au_art_30495.jpg,0.44666666666666666,0.21666666666666667,0.0,0.0
CASIA2/Au/Au_art_30496.jpg,0.15333333333333332,0.20666666666666667,0.0,0.0
CASIA2/Au/Au_art_30498.jpg,0.20666666666666667,0.07,0.0,0.0
CASIA2/Au/Au_art_30499.jpg,0.17666666666666667,0.04,0.0,0.0
CASIA2/Au/Au_art_30500.jpg,0.21666666666666667,0.13,0.0,0.0
CASIA2/Au/Au_art_30501.jpg,0.13666666666666666,0.15,0.0,0.0
CASIA2/Au/Au_art_30502.jpg,0.36,0.20333333333333334,0.0,0.0
CASIA2/Au/Au_art_30503.jpg,0.10666666666666667,0.1,0.0,0.0
CASIA2/Au/Au_art_30504.jpg,0.5366666666666666,0.4766666666666667,0.0,0.0
CASIA2/Au/Au_art_30505.jpg,0.45666666666666667,0.27,0.0,0.0
CASIA2/Au/Au_art_30506.jpg,0.32666666666666666,0.20333333333333334,0.0,0.0
CASIA2/Au/Au_art_30507.jpg,0.7,0.49333333333333335,0.0,0.0
CASIA2/Au/Au_art_30508.jpg,0.24666666666666667,0.20666666666666667,0.0,0.0
CASIA2/Au/Au_art_30510.jpg,0.15,0.06333333333333334,0.0,0.0027777777777777775
CASIA2/Au/Au_art_30511.jpg,0.30333333333333334,0.006666666666666667,0.0,0.0
CASIA2/Au/Au_art_30514.jpg,0.13,0.08,0.0,0.0
CASIA2/Au/Au_art_30515.jpg,0.5133333333333333,0.48,0.0,0.0008333333333333334
CASIA2/Au/Au_art_30516.jpg,0.2733333333333333,0.16,0.0,0.0
CASIA2/Au/Au_art_30517.jpg,0.19,0.15,0.0,0.0
CASIA2/Au/Au_art_30518.jpg,0.15666666666666668,0.13,0.0,0.0
CASIA2/Au/Au_art_30519.jpg,0.31,0.12,0.0,0.0
CASIA2/Au/Au_art_30520.jpg,0.15666666666666668,0.14666666666666667,0.0,0.0
CASIA2/Au/Au_art_30521.jpg,0.14333333333333334,0.02666666666666667,0.0,0.0
CASIA2/Au/Au_art_30522.jpg,0.33,0.13,0.0,0.0
CASIA2/Au/Au_art_30523.jpg,0.5,0.5766666666666667,0.0,0.0
CASIA2/Au/Au_art_30524.jpg,0.3,0.08,0.0,0.0
CASIA2/Au/Au_art_30525.jpg,0.31333333333333335,0.21333333333333335,0.0,0.0
CASIA2/Au/Au_art_30526.jpg,0.46,0.2,0.0,0.0
CASIA2/Au/Au_art_30527.jpg,0.4066666666666667,0.23666666666666666,0.0,0.0
CASIA2/Au/Au_art_30528.jpg,0.20666666666666667,0.13333333333333333,0.0,0.0
CASIA2/Au/Au_art_30529.jpg,0.9033333333333333,0.88,0.0,0.009337301587301587
CASIA2/Au/Au_art_30532.jpg,0.16,0.07333333333333333,0.0,0.0
CASIA2/Au/Au_art_30533.jpg,0.4,0.30333333333333334,0.0,0.0
CASIA2/Au/Au_art_30534.jpg,0.45,0.2,0.0,0.0
CASIA2/Au/Au_art_30535.jpg,0.17333333333333334,0.10333333333333333,0.0,0.0
CASIA2/Au/Au_art_30536.jpg,0.35,0.30333333333333334,0.0,0.0
CASIA2/Au/Au_art_30537.jpg,0.10666666666666667,0.06333333333333334,0.0,0.0
CASIA2/Au/Au_art_30538.jpg,0.01,0.0,0.0,0.0
CASIA2/Au/Au_art_30539.jpg,0.013333333333333334,0.0,0.0,0.0
CASIA2/Au/Au_art_30540.jpg,0.0,0.0,0.0,0.0
CASIA2/Au/Au_art_30541.jpg,0.006666666666666667,0.016666666666666666,0.0,0.0
CASIA2/Au/Au_art_30542.jpg,0.006666666666666667,0.0,0.0,0.0
CASIA2/Au/Au_art_30543.jpg,0.09666666666666666,0.006666666666666667,0.0,0.0
CASIA2/Au/Au_art_30544.jpg,0.0,0.023333333333333334,0.0,0.0
CASIA2/Au/Au_art_30546.jpg,0.18666666666666668,0.013333333333333334,0.0,0.0
CASIA2/Au/Au_art_30548.jpg,0.0,0.0,0.0,0.0
CASIA2/Au/Au_art_30549.jpg,0.02666666666666667,0.0,0.0,0.0
CASIA2/Au/Au_art_30550.jpg,0.43333333333333335,0.16,0.0,0.0
CASIA2/Au/Au_art_30551.jpg,0.10666666666666667,0.09,0.016666666666666666,0.014284391534391535
CASIA2/Au/Au_art_30552.jpg,0.0,0.0,0.0,0.0
CASIA2/Au/Au_art_30553.jpg,0.0,0.0,0.0,0.0
CASIA2/Au/Au_art_30554.jpg,0.01,0.0,0.0,0.0
CASIA2/Au/Au_art_30555.jpg,0.0,0.0033333333333333335,0.0,0.0
CASIA2/Au/Au_art_30556.jpg,0.0,0.006666666666666667,0.0,0.0
CASIA2/Au/Au_art_30557.jpg,0.0,0.0,0.0,0.0
CASIA2/Au/Au_art_30558.jpg,0.24,0.02666666666666667,0.0,0.0
CASIA2/Au/Au_art_30559.jpg,0.0,0.0,0.0,0.0
CASIA2/Au/Au_art_30560.jpg,0.09666666666666666,0.0033333333333333335,0.0,0.0
CASIA2/Au/Au_art_30562.jpg,0.09,0.03333333333333333,0.0,0.0
CASIA2/Au/Au_art_30563.jpg,0.0033333333333333335,0.0,0.0,0.0
CASIA2/Au/Au_art_30564.jpg,0.14666666666666667,0.006666666666666667,0.0,0.0
CASIA2/Au/Au_art_30565.jpg,0.16666666666666666,0.006666666666666667,0.0,0.0
CASIA2/Au/Au_art_30566.jpg,0.0,0.0,0.0,0.0
CASIA2/Au/Au_art_30568.jpg,0.03,0.01,0.0,0.0
CASIA2/Au/Au_art_30569.jpg,0.23666666666666666,0.13,0.0,0.0
CASIA2/Au/Au_art_30570.jpg,0.09,0.043333333333333335,0.0,0.0
CASIA2/Au/Au_art_30571.jpg,0.38666666666666666,0.07333333333333333,0.0,0.0
CASIA2/Au/Au_art_30572.jpg,0.24666666666666667,0.15,0.0,0.0
CASIA2/Au/Au_art_30573.jpg,0.20666666666666667,0.13333333333333333,0.0,0.0
CASIA2/Au/Au_art_30574.jpg,0.30333333333333334,0.18,0.0,0.0
CASIA2/Au/Au_art_30575.jpg,0.08,0.08,0.0,0.0013333333333333335
CASIA2/Au/Au_art_30577.jpg,0.14333333333333334,0.13333333333333333,0.0,0.0
CASIA2/Au/Au_art_30578.jpg,0.12666666666666668,0.13666666666666666,0.0,0.0
CASIA2/Au/Au_art_30579.jpg,0.07666666666666666,0.043333333333333335,0.0,0.0
CASIA2/Au/Au_art_30580.jpg,0.23,0.06,0.0,0.0
CASIA2/Au/Au_art_30581.jpg,0.30666666666666664,0.23,0.0,0.0
CASIA2/Au/Au_art_30582.jpg,0.21,0.11,0.0,0.0
CASIA2/Au/Au_art_30583.jpg,0.18666666666666668,0.07,0.0,0.0
CASIA2/Au/Au_art_30584.jpg,0.09666666666666666,0.04,0.0,0.0
CASIA2/Au/Au_art_30585.jpg,0.4,0.21,0.0,0.0
CASIA2/Au/Au_art_30586.jpg,0.13333333333333333,0.12,0.0,0.0
CASIA2/Au/Au_art_30587.jpg,0.09,0.07,0.0,0.0
CASIA2/Au/Au_art_30588.jpg,0.2,0.12666666666666668,0.0,0.0
CASIA2/Au/Au_art_30590.jpg,0.10333333333333333,0.07333333333333333,0.0,0.0
CASIA2/Au/Au_art_30591.jpg,0.05333333333333334,0.05,0.0,0.0
CASIA2/Au/Au_art_30593.jpg,0.5166666666666667,0.4,0.0,0.0
CASIA2/Au/Au_art_30597.jpg,0.28,0.37,0.0,0.0
CASIA2/Au/Au_art_30598.jpg,0.22,0.14333333333333334,0.0,0.0
CASIA2/Au/Au_art_30599.jpg,0.20666666666666667,0.08666666666666667,0.0,0.0
CASIA2/Au/Au_art_30600.jpg,0.11666666666666667,0.03,0.0,0.0
CASIA2/Au/Au_art_30602.jpg,0.11333333333333333,0.12,0.0,0.0
CASIA2/Au/Au_art_30604.jpg,0.08,0.023333333333333334,0.0,0.0005555555555555556
CASIA2/Au/Au_art_30605.jpg,0.21666666666666667,0.08,0.0,0.0
CASIA2/Au/Au_art_30607.jpg,0.12666666666666668,0.06,0.0,0.0
CASIA2/Au/Au_art_30608.jpg,0.21,0.16333333333333333,0.0,0.0
CASIA2/Au/Au_art_30609.jpg,0.25333333333333335,0.13,0.0,0.0
CASIA2/Au/Au_art_30610.jpg,0.24333333333333335,0.06666666666666667,0.0,0.0
CASIA2/Au/Au_art_30611.jpg,0.39666666666666667,0.23,0.0,0.0
CASIA2/Au/Au_art_30612.jpg,0.32666666666666666,0.25666666666666665,0.0,0.0
CASIA2/Au/Au_art_30613.jpg,0.22,0.18666666666666668,0.0,0.0
CASIA2/Au/Au_art_30615.jpg,0.09333333333333334,0.08,0.0,0.0
CASIA2/Au/Au_art_30617.jpg,0.24333333333333335,0.11666666666666667,0.0,0.0
CASIA2/Au/Au_art_30619.jpg,0.13333333333333333,0.056666666666666664,0.0,0.0
CASIA2/Au/Au_art_30620.jpg,0.8233333333333334,0.8433333333333334,0.0,0.0
CASIA2/Au/Au_art_30621.jpg,0.36666666666666664,0.27,0.0,0.0
CASIA2/Au/Au_art_30622.jpg,0.3433333333333333,0.25666666666666665,0.0,0.0
CASIA2/Au/Au_art_30623.jpg,0.14333333333333334,0.23,0.0,0.0
CASIA2/Au/Au_art_30625.jpg,0.3433333333333333,0.26666666666666666,0.0,0.0
CASIA2/Au/Au_art_30626.jpg,0.18333333333333332,0.18333333333333332,0.0,0.0
CASIA2/Au/Au_art_30627.jpg,0.23333333333333334,0.24,0.0,0.0
CASIA2/Au/Au_art_30630.jpg,0.32666666666666666,0.19333333333333333,0.0,0.0014285714285714286
CASIA2/Au/Au_art_30631.jpg,0.38666666666666666,0.06666666666666667,0.0,0.0
CASIA2/Au/Au_art_30633.jpg,0.20333333333333334,0.21333333333333335,0.0,0.0
CASIA2/Au/Au_art_30634.jpg,0.27666666666666667,0.25666666666666665,0.0,0.0
CASIA2/Au/Au_art_30636.jpg,0.79,0.77,0.0,0.0013333333333333335
CASIA2/Au/Au_art_30637.jpg,0.15,0.05,0.0,0.0
CASIA2/Au/Au_art_30638.jpg,0.26,0.11666666666666667,0.0,0.002037037037037037
CASIA2/Au/Au_art_30639.jpg,0.15666666666666668,0.07666666666666666,0.0,0.0
CASIA2/Au/Au_art_30641.jpg,0.17666666666666667,0.1,0.0,0.0
CASIA2/Au/Au_art_30642.jpg,0.13,0.09,0.0,0.0
CASIA2/Au/Au_art_30643.jpg,0.10333333333333333,0.043333333333333335,0.0,0.0
CASIA2/Au/Au_art_30644.jpg,0.38333333333333336,0.13,0.0,0.0013333333333333335
CASIA2/Au/Au_art_30646.jpg,0.14,0.06,0.0,0.0
CASIA2/Au/Au_art_30648.jpg,0.48,0.27,0.0,0.0022222222222222222
CASIA2/Au/Au_art_30649.jpg,0.10333333333333333,0.03,0.0,0.0
CASIA2/Au/Au_art_30650.jpg,0.05333333333333334,0.03666666666666667,0.0,0.0
CASIA2/Au/Au_art_30651.jpg,0.2633333333333333,0.03666666666666667,0.0,0.0
CASIA2/Au/Au_art_30652.jpg,0.48,0.22666666666666666,0.0,0.0
CASIA2/Au/Au_art_30653.jpg,0.17666666666666667,0.06333333333333334,0.0,0.0
CASIA2/Au/Au_art_30654.jpg,0.09666666666666666,0.14666666666666667,0.0,0.0
CASIA2/Au/Au_art_30655.jpg,0.2,0.023333333333333334,0.0,0.0
CASIA2/Au/Au_art_30656.jpg,0.16666666666666666,0.023333333333333334,0.0,0.0
CASIA2/Au/Au_art_30657.jpg,0.22,0.08333333333333333,0.0,0.0
CASIA2/Au/Au_art_30658.jpg,0.08333333333333333,0.06666666666666667,0.0,0.0
CASIA2/Au/Au_art_30660.jpg,0.7266666666666667,0.7166666666666667,0.0,0.0
CASIA2/Au/Au_art_30661.jpg,0.10333333333333333,0.05333333333333334,0.0,0.0
CASIA2/Au/Au_art_30662.jpg,0.34,0.25333333333333335,0.0,0.0
CASIA2/Au/Au_art_30663.jpg,0.23666666666666666,0.043333333333333335,0.0,0.0
CASIA2/Au/Au_art_30665.jpg,0.16333333333333333,0.11333333333333333,0.0,0.0
CASIA2/Au/Au_art_30666.jpg,0.5,0.08666666666666667,0.0,0.0
CASIA2/Au/Au_art_30667.jpg,0.17333333333333334,0.023333333333333334,0.0,0.0
CASIA2/Au/Au_art_30668.jpg,0.03333333333333333,0.02,0.0,0.0
CASIA2/Au/Au_art_30669.jpg,0.19333333333333333,0.03666666666666667,0.0,0.0
CASIA2/Au/Au_art_30670.jpg,0.22333333333333333,0.2633333333333333,0.0,0.0
CASIA2/Au/Au_art_30673.jpg,0.11,0.03666666666666667,0.0,0.0
CASIA2/Au/Au_art_30674.jpg,0.10666666666666667,0.03666666666666667,0.0,0.0
CASIA2/Au/Au_art_30675.jpg,0.14,0.043333333333333335,0.0,0.0006666666666666668
CASIA2/Au/Au_art_30676.jpg,0.14333333333333334,0.08333333333333333,0.0,0.0
CASIA2/Au/Au_art_30677.jpg,0.14,0.043333333333333335,0.0,0.0
CASIA2/Au/Au_art_30678.jpg,0.11,0.06333333333333334,0.0033333333333333335,0.0
CASIA2/Au/Au_art_30679.jpg,0.15,0.04666666666666667,0.0,0.0
CASIA2/Au/Au_art_30680.jpg,0.26,0.15,0.0,0.0
CASIA2/Au/Au_art_30681.jpg,0.12666666666666668,0.07666666666666666,0.0,0.0
CASIA2/Au/Au_art_30682.jpg,0.09333333333333334,0.04,0.0,0.0
CASIA2/Au/Au_art_30683.jpg,0.25666666666666665,0.2633333333333333,0.0,0.0
CASIA2/Au/Au_art_30684.jpg,0.3,0.17666666666666667,0.0,0.0016666666666666668
CASIA2/Au/Au_art_30685.jpg,0.14333333333333334,0.13333333333333333,0.0,0.0
CASIA2/Au/Au_cha_00001.jpg,0.14,0.0033333333333333335,0.0,0.0
CASIA2/Au/Au_cha_00002.jpg,0.0033333333333333335,0.0,0.0,0.0
CASIA2/Au/Au_cha_00003.jpg,0.12666666666666668,0.043333333333333335,0.0,0.0
CASIA2/Au/Au_cha_00004.jpg,0.02666666666666667,0.03,0.0,0.0
CASIA2/Au/Au_cha_00005.jpg,0.0,0.0,0.0,0.0
CASIA2/Au/Au_cha_00006.jpg,0.0033333333333333335,0.0,0.0,0.0
CASIA2/Au/Au_cha_00007.jpg,0.03,0.0,0.0,0.0
CASIA2/Au/Au_cha_00008.jpg,0.0,0.0,0.0,0.0
CASIA2/Au/Au_cha_00009.jpg,0.05,0.0033333333333333335,0.0,0.0
CASIA2/Au/Au_cha_00010.jpg,0.006666666666666667,0.0,0.0,0.0
CASIA2/Au/Au_cha_00011.jpg,0.0,0.0,0.0,0.0
CASIA2/Au/Au_cha_00013.jpg,0.06,0.06333333333333334,0.0,0.0
CASIA2/Au/Au_cha_00014.jpg,0.013333333333333334,0.0033333333333333335,0.0,0.0
CASIA2/Au/Au_cha_00015.jpg,0.2633333333333333,0.17666666666666667,0.0,0.0
CASIA2/Au/Au_cha_00016.jpg,0.19,0.04,0.0,0.0
CASIA2/Au/Au_cha_00017.jpg,0.11333333333333333,0.02666666666666667,0.0,0.0
CASIA2/Au/Au_cha_00018.jpg,0.006666666666666667,0.016666666666666666,0.0,0.0
CASIA2/Au/Au_cha_00019.jpg,0.07666666666666666,0.023333333333333334,0.0,0.0
CASIA2/Au/Au_cha_00020.jpg,0.1,0.01,0.0,0.0
CASIA2/Au/Au_cha_00021.jpg,0.0033333333333333335,0.0,0.0,0.0
CASIA2/Au/Au_cha_00022.jpg,0.006666666666666667,0.0,0.0,0.0
CASIA2/Au/Au_cha_00023.jpg,0.01,0.0,0.0,0.0
CASIA2/Au/Au_cha_00024.jpg,0.07666666666666666,0.006666666666666667,0.0,0.0005555555555555556
CASIA2/Au/Au_cha_00025.jpg,0.0033333333333333335,0.006666666666666667,0.0,0.0
CASIA2/Au/Au_cha_00026.jpg,0.043333333333333335,0.0,0.0,0.0
CASIA2/Au/Au_cha_00027.jpg,0.01,0.0,0.0,0.0
CASIA2/Au/Au_cha_00030.jpg,0.0,0.0,0.0,0.0
CASIA2/Au/Au_cha_00031.jpg,0.0,0.0,0.0,0.0
CASIA2/Au/Au_cha_00032.jpg,0.41333333333333333,0.39,0.0,0.0
CASIA2/Au/Au_cha_00033.jpg,0.04,0.01,0.0,0.0
CASIA2/Au/Au_cha_00034.jpg,0.14666666666666667,0.03333333333333333,0.0,0.0
CASIA2/Au/Au_cha_00035.jpg,0.07333333333333333,0.05,0.0,0.0
CASIA2/Au/Au_cha_00037.jpg,0.05333333333333334,0.03,0.0,0.0
CASIA2/Au/Au_cha_00038.jpg,0.22,0.06,0.0009523809523809524,0.0
CASIA2/Au/Au_cha_00039.jpg,0.14333333333333334,0.02,0.0,0.0
CASIA2/Au/Au_cha_00040.jpg,0.30333333333333334,0.13666666666666666,0.0,0.0
CASIA2/Au/Au_cha_00041.jpg,0.056666666666666664,0.03,0.0,0.0
CASIA2/Au/Au_cha_00043.jpg,0.07333333333333333,0.05,0.0,0.0
CASIA2/Au/Au_cha_00044.jpg,0.07,0.02,0.0,0.0
CASIA2/Au/Au_cha_00045.jpg,0.13666666666666666,0.043333333333333335,0.0,0.0
CASIA2/Au/Au_cha_00046.jpg,0.3566666666666667,0.28,0.0,0.0
CASIA2/Au/Au_cha_00048.jpg,0.07666666666666666,0.03666666666666667,0.0,0.0
CASIA2/Au/Au_cha_00050.jpg,0.25666666666666665,0.02,0.0,0.0013333333333333335
CASIA2/Au/Au_cha_00052.jpg,0.01,0.36666666666666664,0.0,0.0
CASIA2/Au/Au_cha_00053.jpg,0.3333333333333333,0.4,0.0,0.0005555555555555556
CASIA2/Au/Au_cha_00054.jpg,0.07666666666666666,0.19,0.0,0.0
CASIA2/Au/Au_cha_00055.jpg,0.22,0.17,0.0,0.0
CASIA2/Au/Au_cha_00056.jpg,0.14,0.12666666666666668,0.0,0.0
CASIA2/Au/Au_cha_00057.jpg,0.12333333333333334,0.21666666666666667,0.0,0.0
CASIA2/Au/Au_cha_00058.jpg,0.01,0.05,0.0,0.0
CASIA2/Au/Au_cha_00060.jpg,0.42333333333333334,0.4766666666666667,0.0,0.0
CASIA2/Au/Au_cha_00061.jpg,0.33,0.11666666666666667,0.0,0.0
CASIA2/Au/Au_cha_00062.jpg,0.10333333333333333,0.05333333333333334,0.0,0.0
CASIA2/Au/Au_cha_00063.jpg,0.18,0.3,0.0,0.0
CASIA2/Au/Au_cha_00064.jpg,0.7066666666666667,0.6966666666666667,0.0,0.0
CASIA2/Au/Au_cha_00065.jpg,0.15,0.016666666666666666,0.0,0.0
CASIA2/Au/Au_cha_00066.jpg,0.08666666666666667,0.013333333333333334,0.0,0.0
CASIA2/Au/Au_cha_00067.jpg,0.13333333333333333,0.24,0.0,0.0
CASIA2/Au/Au_cha_00068.jpg,0.22,0.81,0.0,0.0008333333333333334
CASIA2/Au/Au_cha_00069.jpg,0.22333333333333333,0.48333333333333334,0.0,0.0
CASIA2/Au/Au_cha_00070.jpg,0.26,0.44333333333333336,0.0,0.0
CASIA2/Au/Au_cha_00071.jpg,0.34,0.5566666666666666,0.0,0.0
CASIA2/Au/Au_cha_00072.jpg,0.8366666666666667,0.7233333333333334,0.0,0.0
CASIA2/Au/Au_cha_00073.jpg,0.10666666666666667,0.09666666666666666,0.0,0.0
CASIA2/Au/Au_cha_00074.jpg,0.3333333333333333,0.37,0.0,0.0
CASIA2/Au/Au_cha_00075.jpg,0.4166666666666667,0.29333333333333333,0.0,0.0
CASIA2/Au/Au_cha_00076.jpg,0.18333333333333332,0.15333333333333332,0.0,0.0
CASIA2/Au/Au_cha_00077.jpg,0.53,0.5366666666666666,0.0,0.0
CASIA2/Au/Au_cha_00078.jpg,0.28,0.17,0.0,0.0
CASIA2/Au/Au_cha_00079.jpg,0.2633333333333333,0.32,0.0,0.0033333333333333335
CASIA2/Au/Au_cha_00080.jpg,0.16,0.12333333333333334,0.0,0.0
CASIA2/Au/Au_cha_00081.jpg,0.57,0.4666666666666667,0.0,0.0
CASIA2/Au/Au_cha_00082.jpg,0.36666666666666664,0.30333333333333334,0.0,0.0008333333333333334
CASIA2/Au/Au_cha_00083.jpg,0.21666666666666667,0.13,0.0,0.0033333333333333335
CASIA2/Au/Au_cha_00084.jpg,0.36666666666666664,0.43,0.06333333333333334,0.07731349206349206
CASIA2/Au/Au_cha_00085.jpg,0.12666666666666668,0.20666666666666667,0.0,0.0051428571428571435
CASIA2/Au/Au_cha_00086.jpg,0.12,0.09333333333333334,0.0,0.0
CASIA2/Au/Au_cha_00087.jpg,0.04666666666666667,0.13,0.0,0.0
CASIA2/Au/Au_cha_00088.jpg,0.17666666666666667,0.07333333333333333,0.0,0.0
CASIA2/Au/Au_cha_00089.jpg,0.06,0.08,0.0,0.0
CASIA2/Au/Au_cha_00090.jpg,0.15333333333333332,0.15333333333333332,0.0,0.0008333333333333334
CASIA2/Au/Au_cha_00091.jpg,0.023333333333333334,0.1,0.0033333333333333335,0.0
CASIA2/Au/Au_cha_00093.jpg,0.6266666666666667,0.55,0.15326874976874977,0.10249639249639249
CASIA2/Au/Au_cha_00094.jpg,0.15,0.07666666666666666,0.0,0.0
CASIA2/Au/Au_cha_00095.jpg,0.056666666666666664,0.11333333333333333,0.0,0.0
CASIA2/Au/Au_cha_00096.jpg,0.11,0.05333333333333334,0.0,0.0
CASIA2/Au/Au_cha_00097.jpg,0.20666666666666667,0.15,0.0022222222222222222,0.0008333333333333334
CASIA2/Au/Au_cha_00098.jpg,0.25,0.06,0.0,0.0
CASIA2/Au/Au_cha_00099.jpg,0.31,0.19666666666666666,0.0,0.0
CASIA2/Au/Au_cha_00100.jpg,0.8333333333333334,0.69,0.05,0.0842127132127132
CASIA2/Au/Au_cha_10001.jpg,0.48,0.3333333333333333,0.35746491008991005,0.40729509379509377
CASIA2/Au/Au_cha_10002.jpg,0.5466666666666666,0.36333333333333334,0.3511593684093685,0.20583048433048437
CASIA2/Au/Au_cha_10102.jpg,0.7033333333333334,0.49333333333333335,0.01688919413919414,0.015360602360602361
CASIA2/Au/Au_cha_10103.jpg,0.2833333333333333,0.4533333333333333,0.006666666666666667,0.0014999999999999998
CASIA2/Au/Au_cha_10104.jpg,0.52,0.6,0.006666666666666667,0.012556998556998558
CASIA2/Au/Au_cha_10105.jpg,0.45666666666666667,0.5266666666666666,0.01,0.010418109668109668
CASIA2/Au/Au_cha_10106.jpg,0.34,0.4066666666666667,0.018972703222703228,0.009265873015873016
CASIA2/Au/Au_cha_10107.jpg,0.36333333333333334,0.39666666666666667,0.03333333333333333,0.05528222703222703
CASIA2/Au/Au_cha_10108.jpg,0.62,0.8666666666666667,0.7766666666666666,0.910203703703704
CASIA2/Au/Au_cha_10111.jpg,0.6433333333333333,0.8766666666666667,0.835085238835239,0.8982614792614794
CASIA2/Au/Au_cha_10112.jpg,0.31,0.74,0.7466666666666667,0.7403569124230888
CASIA2/Au/Au_cha_10113.jpg,0.6833333333333333,0.8633333333333333,0.7644686702186703,0.8420581825581825
CASIA2/Au/Au_cha_10114.jpg,0.71,0.71,0.02,0.03922919672919673
CASIA2/Au/Au_cha_10115.jpg,0.36333333333333334,0.37,0.0033333333333333335,0.000787037037037037
CASIA2/Au/Au_cha_10116.jpg,0.6733333333333333,0.6433333333333333,0.006333333333333333,0.006833333333333333
CASIA2/Au/Au_cha_10117.jpg,0.42,0.48333333333333334,0.013333333333333334,0.005416666666666667
CASIA2/Au/Au_cha_10118.jpg,0.37333333333333335,0.41,0.004,0.0013095238095238095
CASIA2/Au/Au_cha_10119.jpg,0.36333333333333334,0.21,0.0033333333333333335,0.006106060606060606
CASIA2/Au/Au_cha_10120.jpg,0.5033333333333333,0.36333333333333334,0.0,0.002
CASIA2/Au/Au_cha_10121.jpg,0.7266666666666667,0.43333333333333335,0.0033333333333333335,0.004722222222222222
CASIA2/Au/Au_cha_10122.jpg,0.27,0.30333333333333334,0.0,0.0013333333333333335
CASIA2/Au/Au_cha_10123.jpg,0.22,0.36666666666666664,0.002333333333333333,0.014611111111111113
CASIA2/Au/Au_cha_10124.jpg,0.17666666666666667,0.22666666666666666,0.014064153439153439,0.028686507936507937
CASIA2/Au/Au_cha_10125.jpg,0.42,0.5433333333333333,0.01582275132275132,0.016645502645502644
CASIA2/Au/Au_cha_10128.jpg,0.24,0.04666666666666667,0.0,0.0
CASIA2/Au/Au_cha_10129.jpg,0.6,0.49333333333333335,0.0,0.0
CASIA2/Au/Au_cha_10130.jpg,0.77,0.5966666666666667,0.0,0.0
CASIA2/Au/Au_cha_10131.jpg,0.16,0.07333333333333333,0.0005555555555555556,0.0
CASIA2/Au/Au_cha_10132.jpg,0.6833333333333333,0.5166666666666667,0.0,0.0008333333333333334
CASIA2/Au/Au_cha_10133.jpg,0.5966666666666667,0.4633333333333333,0.15,0.13566432641432638
CASIA2/Au/Au_cha_10134.jpg,0.26,0.37333333333333335,0.023951539201539203,0.015965506715506717
CASIA2/Au/Au_cha_10135.jpg,0.32,0.3,0.0,0.0016666666666666668
CASIA2/Au/Au_cha_10136.jpg,0.2733333333333333,0.056666666666666664,0.0033333333333333335,0.0
CASIA2/Au/Au_cha_10137.jpg,0.3566666666666667,0.23,0.0033333333333333335,0.0020346320346320344
CASIA2/Au/Au_cha_10138.jpg,0.9866666666666667,0.8233333333333334,0.0,0.0
CASIA2/Au/Au_cha_10139.jpg,0.29333333333333333,0.11,0.0,0.008166666666666668
CASIA2/Au/Au_cha_10140.jpg,0.2633333333333333,0.1,0.005166666666666667,0.0057857142857142855
CASIA2/Au/Au_cha_10141.jpg,0.47,0.37666666666666665,0.04666666666666667,0.025205026455026452
CASIA2/Au/Au_cha_10144.jpg,0.4533333333333333,0.11,0.006666666666666667,0.008617724867724868
CASIA2/Au/Au_cha_10145.jpg,0.28,0.29,0.0,0.0
CASIA2/Au/Au_cha_10146.jpg,0.18666666666666668,0.06666666666666667,0.0,0.0
CASIA2/Au/Au_cha_10148.jpg,0.37333333333333335,0.55,0.01,0.006666666666666667
CASIA2/Au/Au_cha_10149.jpg,0.44666666666666666,0.5233333333333333,0.0093989898989899,0.0037222222222222223
CASIA2/Au/Au_cha_10150.jpg,0.54,0.37333333333333335,0.0,0.0
CASIA2/Au/Au_cha_10151.jpg,0.6833333333333333,0.48,0.0031341991341991343,0.007251322751322751
CASIA2/Au/Au_cha_10153.jpg,0.47,0.45,0.0,0.0008333333333333334
CASIA2/Au/Au_cha_10154.jpg,0.4533333333333333,0.49666666666666665,0.0,0.0
CASIA2/Au/Au_cha_10155.jpg,0.11666666666666667,0.03666666666666667,0.0,0.0
CASIA2/Au/Au_cha_10157.jpg,0.2866666666666667,0.18666666666666668,0.005555555555555555,0.002857142857142857
CASIA2/Au/Au_cha_10158.jpg,0.5466666666666666,0.6966666666666667,0.16666666666666666,0.19499759499759498
CASIA2/Au/Au_cha_10159.jpg,0.5633333333333334,0.5433333333333333,0.013333333333333334,0.008261904761904762
CASIA2/Au/Au_cha_10160.jpg,0.41333333333333333,0.5966666666666667,0.017431216931216933,0.05761392311392311
CASIA2/Au/Au_cha_10161.jpg,0.8766666666666667,0.7833333333333333,0.04966486291486291,0.03602597402597402
CASIA2/Au/Au_cha_10162.jpg,0.7633333333333333,0.48333333333333334,0.03694131794131794,0.03576190476190476
CASIA2/Au/Au_cha_10163.jpg,0.7133333333333334,0.42333333333333334,0.013676739926739926,0.004261904761904762
CASIA2/Au/Au_cha_10164.jpg,0.9133333333333333,0.85,0.03666666666666667,0.0802962962962963
CASIA2/Au/Au_cha_10165.jpg,0.49666666666666665,0.3933333333333333,0.03666666666666667,0.07604619454619455
CASIA2/Au/Au_cha_10166.jpg,0.49,0.5166666666666667,0.03303835978835979,0.024064814814814813
CASIA2/Au/Au_cha_10167.jpg,0.6966666666666667,0.56,0.00809126984126984,0.01679365079365079
CASIA2/Au/Au_cha_10169.jpg,0.51,0.5333333333333333,0.0,0.025590608465608462
CASIA2/Au/Au_cha_10170.jpg,0.69,0.63,0.04,0.031323953823953816
CASIA2/Au/Au_cha_10171.jpg,0.61,0.6766666666666666,0.09100185925185922,0.07301770451770453
CASIA2/Au/Au_cha_10172.jpg,0.8366666666666667,0.9,0.04,0.058746031746031754
CASIA2/Au/Au_cha_10173.jpg,0.57,0.5066666666666667,0.6957666361416364,0.6745229955229954
CASIA2/Au/Au_cha_10174.jpg,0.7566666666666667,0.7833333333333333,0.6899842749842752,0.6769056221556221
CASIA2/Au/Au_cha_10175.jpg,0.8366666666666667,0.7733333333333333,0.24666666666666667,0.37454244829244826
CASIA2/Au/Au_cha_10176.jpg,0.84,0.89,0.8290257335257337,0.7956115181115184
CASIA2/Au/Au_cha_10177.jpg,0.6966666666666667,0.49333333333333335,0.16666666666666666,0.11114442039442039
CASIA2/Au/Au_cha_10178.jpg,0.7233333333333334,0.6733333333333333,0.033397842897842894,0.023862637362637364
CASIA2/Au/Au_cha_10180.jpg,0.89,0.9433333333333334,0.006666666666666667,0.02924074074074074
CASIA2/Au/Au_cha_10181.jpg,0.61,0.45666666666666667,0.0016666666666666668,0.0
CASIA2/Au/Au_cha_10182.jpg,0.57,0.36333333333333334,0.0033333333333333335,0.0
CASIA2/Au/Au_cha_10183.jpg,0.4533333333333333,0.33666666666666667,0.0,0.0
CASIA2/Au/Au_cha_10184.jpg,0.8266666666666667,0.81,0.0033333333333333335,0.06792857142857142
CASIA2/Au/Au_cha_10185.jpg,0.42333333333333334,0.44666666666666666,0.0,0.0
CASIA2/Au/Au_cha_10186.jpg,0.56,0.3933333333333333,0.08333333333333333,0.08483483183483183
CASIA2/Au/Au_cha_10187.jpg,0.58,0.5366666666666666,0.013333333333333334,0.011666666666666667
CASIA2/Au/Au_cha_10188.jpg,0.5933333333333334,0.54,0.0,0.006136363636363636
CASIA2/Au/Au_cha_10189.jpg,0.6333333333333333,0.41,0.0,0.0
CASIA2/Au/Au_cha_10190.jpg,0.7766666666666666,0.68,0.0033333333333333335,0.021917147667147665
CASIA2/Au/Au_cha_10192.jpg,0.5066666666666667,0.37666666666666665,0.0033333333333333335,0.007893939393939394
CASIA2/Au/Au_cha_10193.jpg,0.9366666666666666,0.9333333333333333,0.09780807155807156,0.10916618566618567
CASIA2/Au/Au_cha_10194.jpg,0.85,0.91,0.95,0.9685329485329485
CASIA2/Au/Au_cha_10195.jpg,0.6,0.6266666666666667,0.006666666666666667,0.02733778258778259
CASIA2/Au/Au_cha_10196.jpg,0.8133333333333334,0.8,0.1303835701335701,0.1082380952380952
CASIA2/Au/Au_cha_10197.jpg,0.6766666666666666,0.6466666666666666,0.0033333333333333335,0.009833333333333335
CASIA2/Au/Au_cha_10198.jpg,0.6166666666666667,0.6066666666666667,0.0033333333333333335,0.0013333333333333335
CASIA2/Au/Au_cha_10200.jpg,0.66,0.57,0.07347174122174122,0.08564646464646464
CASIA2/Au/Au_cha_10201.jpg,0.57,0.5833333333333334,0.006666666666666667,0.003
CASIA2/Au/Au_cha_10202.jpg,0.3,0.24333333333333335,0.0,0.003880952380952381
CASIA2/Au/Au_cha_10203.jpg,0.2866666666666667,0.22333333333333333,0.01,0.012309523809523808
CASIA2/Au/Au_cha_10204.jpg,0.8533333333333334,0.8433333333333334,0.03,0.0412987012987013
CASIA2/Au/Au_cha_10205.jpg,0.5,0.5433333333333333,0.0,0.007023809523809524
CASIA2/Au/Au_cha_10206.jpg,0.8166666666666667,0.84,0.030004273504273503,0.029412698412698408
CASIA2/Au/Au_cha_10207.jpg,0.8,0.7766666666666666,0.0033333333333333335,0.03355820105820106
CASIA2/Au/Au_cha_10208.jpg,0.47,0.43666666666666665,0.0033333333333333335,0.015047619047619048
CASIA2/Au/Au_cha_10209.jpg,0.7433333333333333,0.7333333333333333,0.006666666666666667,0.032768638768638766
CASIA2/Au/Au_cha_10210.jpg,0.28,0.16666666666666666,0.0025,0.0016666666666666668
CASIA2/Au/Au_cha_20001.jpg,0.71,0.71,0.02,0.03922919672919673
CASIA2/Au/Au_cha_20002.jpg,0.36333333333333334,0.37,0.0033333333333333335,0.000787037037037037
CASIA2/Au/Au_cha_20003.jpg,0.6733333333333333,0.6433333333333333,0.006333333333333333,0.006833333333333333
CASIA2/Au/Au_cha_20004.jpg,0.42,0.48333333333333334,0.013333333333333334,0.005416666666666667
CASIA2/Au/Au_cha_20005.jpg,0.37333333333333335,0.41,0.004,0.0013095238095238095
CASIA2/Au/Au_cha_20006.jpg,0.36333333333333334,0.21,0.0033333333333333335,0.006106060606060606
CASIA2/Au/Au_cha_20007.jpg,0.5033333333333333,0.36333333333333334,0.0,0.002
CASIA2/Au/Au_cha_20008.jpg,0.7266666666666667,0.43333333333333335,0.0033333333333333335,0.004722222222222222
CASIA2/Au/Au_cha_20009.jpg,0.27,0.30333333333333334,0.0,0.0013333333333333335
CASIA2/Au/Au_cha_20010.jpg,0.22,0.36666666666666664,0.002333333333333333,0.014611111111111113
CASIA2/Au/Au_cha_20011.jpg,0.17666666666666667,0.22666666666666666,0.014064153439153439,0.028686507936507937
CASIA2/Au/Au_cha_20012.jpg,0.42,0.5433333333333333,0.01582275132275132,0.016645502645502644
CASIA2/Au/Au_cha_20015.jpg,0.24,0.04666666666666667,0.0,0.0
CASIA2/Au/Au_cha_20016.jpg,0.6,0.49333333333333335,0.0,0.0
CASIA2/Au/Au_cha_20017.jpg,0.77,0.5966666666666667,0.0,0.0
CASIA2/Au/Au_cha_20018.jpg,0.16,0.07333333333333333,0.0005555555555555556,0.0
CASIA2/Au/Au_cha_20019.jpg,0.6833333333333333,0.5166666666666667,0.0,0.0008333333333333334
CASIA2/Au/Au_cha_20020.jpg,0.5633333333333334,0.5433333333333333,0.013333333333333334,0.008261904761904762
CASIA2/Au/Au_cha_20022.jpg,0.32,0.3,0.0,0.0016666666666666668
CASIA2/Au/Au_cha_20023.jpg,0.5,0.5433333333333333,0.0,0.007023809523809524
CASIA2/Au/Au_cha_20024.jpg,0.3566666666666667,0.23,0.0033333333333333335,0.0020346320346320344
CASIA2/Au/Au_cha_20025.jpg,0.66,0.57,0.07347174122174122,0.08564646464646464
CASIA2/Au/Au_cha_20027.jpg,0.8133333333333334,0.8,0.1303835701335701,0.1082380952380952
CASIA2/Au/Au_cha_20028.jpg,0.89,0.9433333333333334,0.006666666666666667,0.02924074074074074
CASIA2/Au/Au_cha_20029.jpg,0.84,0.89,0.8290257335257337,0.7956115181115184
CASIA2/Au/Au_cha_20030.jpg,0.8366666666666667,0.7733333333333333,0.24666666666666667,0.37454244829244826
CASIA2/Au/Au_cha_20031.jpg,0.4533333333333333,0.11,0.006666666666666667,0.008617724867724868
CASIA2/Au/Au_cha_20032.jpg,0.7566666666666667,0.7833333333333333,0.6899842749842752,0.6769056221556221
CASIA2/Au/Au_cha_20033.jpg,0.18666666666666668,0.06666666666666667,0.0,0.0
CASIA2/Au/Au_cha_20034.jpg,0.51,0.5333333333333333,0.0,0.025590608465608462
CASIA2/Au/Au_cha_20035.jpg,0.49,0.5166666666666667,0.03303835978835979,0.024064814814814813
CASIA2/Au/Au_cha_20036.jpg,0.49666666666666665,0.3933333333333333,0.03666666666666667,0.07604619454619455
CASIA2/Au/Au_cha_20037.jpg,0.69,0.63,0.04,0.031323953823953816
CASIA2/Au/Au_cha_20038.jpg,0.6833333333333333,0.48,0.0031341991341991343,0.007251322751322751
CASIA2/Au/Au_cha_20040.jpg,0.47,0.45,0.0,0.0008333333333333334
CASIA2/Au/Au_cha_20041.jpg,0.4533333333333333,0.49666666666666665,0.0,0.0
CASIA2/Au/Au_cha_20042.jpg,0.11666666666666667,0.03666666666666667,0.0,0.0
CASIA2/Au/Au_cha_20044.jpg,0.61,0.6766666666666666,0.09100185925185922,0.07301770451770453
CASIA2/Au/Au_cha_20045.jpg,0.5466666666666666,0.6966666666666667,0.16666666666666666,0.19499759499759498
CASIA2/Au/Au_cha_20046.jpg,0.45666666666666667,0.57,0.8543425713719834,0.7720395807895803
CASIA2/Au/Au_cha_20047.jpg,0.41333333333333333,0.5966666666666667,0.017431216931216933,0.05761392311392311
CASIA2/Au/Au_cha_20048.jpg,0.8766666666666667,0.7833333333333333,0.04966486291486291,0.03602597402597402
CASIA2/Au/Au_cha_30001.jpg,0.01,0.0,0.0019047619047619048,0.0
CASIA2/Au/Au_cha_30002.jpg,0.02,0.0033333333333333335,0.0,0.0
CASIA2/Au/Au_cha_30003.jpg,0.0033333333333333335,0.0,0.0,0.0
CASIA2/Au/Au_cha_30004.jpg,0.023333333333333334,0.006666666666666667,0.0,0.0
CASIA2/Au/Au_cha_30005.jpg,0.0,0.0,0.0,0.0
CASIA2/Au/Au_cha_30006.jpg,0.02666666666666667,0.0,0.0,0.0
CASIA2/Au/Au_cha_30007.jpg,0.0033333333333333335,0.006666666666666667,0.0,0.0
CASIA2/Au/Au_cha_30008.jpg,0.016666666666666666,0.02666666666666667,0.0,0.001
CASIA2/Au/Au_cha_30009.jpg,0.03666666666666667,0.006666666666666667,0.0,0.0
CASIA2/Au/Au_cha_30010.jpg,0.02,0.0033333333333333335,0.0,0.0
CASIA2/Au/Au_cha_30012.jpg,0.043333333333333335,0.0,0.0,0.0
CASIA2/Au/Au_cha_30013.jpg,0.0,0.0,0.0,0.0
CASIA2/Au/Au_cha_30014.jpg,0.07666666666666666,0.16666666666666666,0.0,0.003611111111111111
CASIA2/Au/Au_cha_30015.jpg,0.0,0.0,0.0,0.0
CASIA2/Au/Au_cha_30016.jpg,0.0,0.0,0.0,0.0
CASIA2/Au/Au_cha_30017.jpg,0.0,0.0,0.0,0.0
CASIA2/Au/Au_cha_30018.jpg,0.013333333333333334,0.0,0.0,0.0
CASIA2/Au/Au_cha_30020.jpg,0.0,0.0,0.0,0.0
CASIA2/Au/Au_cha_30022.jpg,0.006666666666666667,0.0,0.0,0.0
CASIA2/Au/Au_cha_30023.jpg,0.12666666666666668,0.03,0.0,0.0
CASIA2/Au/Au_cha_30024.jpg,0.0,0.0,0.0,0.0
CASIA2/Au/Au_cha_30025.jpg,0.0,0.0,0.0,0.0
CASIA2/Au/Au_cha_30026.jpg,0.013333333333333334,0.0033333333333333335,0.0,0.0
CASIA2/Au/Au_cha_30027.jpg,0.006666666666666667,0.0,0.0,0.0
CASIA2/Au/Au_cha_30028.jpg,0.24666666666666667,0.07,0.0,0.0
CASIA2/Au/Au_cha_30029.jpg,0.03333333333333333,0.02,0.0,0.0
CASIA2/Au/Au_cha_30030.jpg,0.17,0.13,0.0,0.0
CASIA2/Au/Au_cha_30031.jpg,0.0,0.0,0.0,0.0
CASIA2/Au/Au_cha_30032.jpg,0.07,0.013333333333333334,0.0,0.0
CASIA2/Au/Au_cha_30033.jpg,0.013333333333333334,0.0,0.0,0.0
CASIA2/Au/Au_cha_30034.jpg,0.11,0.0033333333333333335,0.0,0.0
CASIA2/Au/Au_cha_30035.jpg,0.1,0.016666666666666666,0.0,0.0
CASIA2/Au/Au_cha_30036.jpg,0.03333333333333333,0.006666666666666667,0.0,0.0
CASIA2/Au/Au_cha_30037.jpg,0.06666666666666667,0.01,0.0,0.0
CASIA2/Au/Au_cha_30038.jpg,0.006666666666666667,0.0,0.0,0.0
CASIA2/Au/Au_cha_30039.jpg,0.0033333333333333335,0.0,0.0,0.0
CASIA2/Au/Au_cha_30040.jpg,0.23333333333333334,0.05,0.0,0.0
CASIA2/Au/Au_cha_30041.jpg,0.0,0.0,0.0,0.0
CASIA2/Au/Au_cha_30042.jpg,0.22666666666666666,0.16333333333333333,0.0,0.0
CASIA2/Au/Au_cha_30043.jpg,0.12333333333333334,0.0033333333333333335,0.0,0.0
CASIA2/Au/Au_cha_30044.jpg,0.0,0.0033333333333333335,0.0,0.0
CASIA2/Au/Au_cha_30045.jpg,0.0033333333333333335,0.0,0.0,0.0
CASIA2/Au/Au_cha_30046.jpg,0.0,0.0,0.0,0.0
CASIA2/Au/Au_cha_30048.jpg,0.0,0.0,0.0,0.0
CASIA2/Au/Au_cha_30049.jpg,0.0,0.0,0.0,0.0
CASIA2/Au/Au_cha_30050.jpg,0.0,0.0,0.0,0.0
CASIA2/Au/Au_cha_30051.jpg,0.0,0.0,0.0,0.0
CASIA2/Au/Au_cha_30052.jpg,0.0,0.0,0.0,0.0
CASIA2/Au/Au_cha_30053.jpg,0.0,0.0033333333333333335,0.0,0.0
CASIA2/Au/Au_cha_30054.jpg,0.0,0.0,0.0,0.0
CASIA2/Au/Au_cha_30055.jpg,0.0033333333333333335,0.0,0.0,0.0
CASIA2/Au/Au_cha_30056.jpg,0.01,0.01,0.0,0.0
CASIA2/Au/Au_cha_30057.jpg,0.006666666666666667,0.0,0.0,0.0
CASIA2/Au/Au_cha_30058.jpg,0.006666666666666667,0.0,0.0,0.0
CASIA2/Au/Au_cha_30061.jpg,0.0033333333333333335,0.0,0.0,0.0
CASIA2/Au/Au_cha_30062.jpg,0.13,0.02,0.0,0.0
CASIA2/Au/Au_cha_30063.jpg,0.0,0.0,0.0,0.0
CASIA2/Au/Au_cha_30064.jpg,0.10666666666666667,0.01,0.0,0.0
CASIA2/Au/Au_cha_30065.jpg,0.0033333333333333335,0.0,0.0,0.0
CASIA2/Au/Au_cha_30067.jpg,0.01,0.0,0.0,0.0
CASIA2/Au/Au_cha_30068.jpg,0.01,0.0,0.0,0.0
CASIA2/Au/Au_cha_30069.jpg,0.023333333333333334,0.0033333333333333335,0.0,0.0
CASIA2/Au/Au_cha_30071.jpg,0.043333333333333335,0.006666666666666667,0.001,0.0019444444444444442
CASIA2/Au/Au_cha_30072.jpg,0.0,0.0,0.0,0.0
CASIA2/Au/Au_cha_30073.jpg,0.10333333333333333,0.006666666666666667,0.0,0.0
CASIA2/Au/Au_cha_30074.jpg,0.0,0.0,0.0,0.0
CASIA2/Au/Au_cha_30076.jpg,0.0033333333333333335,0.0,0.0,0.0
CASIA2/Au/Au_cha_30077.jpg,0.0,0.0,0.0,0.0
CASIA2/Au/Au_cha_30078.jpg,0.016666666666666666,0.0,0.0,0.0
CASIA2/Au/Au_cha_30079.jpg,0.043333333333333335,0.0,0.0,0.0
CASIA2/Au/Au_cha_30080.jpg,0.013333333333333334,0.0033333333333333335,0.0,0.0
CASIA2/Au/Au_cha_30081.jpg,0.22666666666666666,0.24333333333333335,0.0005555555555555556,0.0013095238095238095
CASIA2/Au/Au_cha_30082.jpg,0.006666666666666667,0.0033333333333333335,0.0,0.0
CASIA2/Au/Au_cha_30083.jpg,0.07666666666666666,0.07666666666666666,0.0,0.0
CASIA2/Au/Au_cha_30084.jpg,0.006666666666666667,0.0,0.0,0.0
CASIA2/Au/Au_cha_30085.jpg,0.05333333333333334,0.006666666666666667,0.0,0.0
CASIA2/Au/Au_cha_30086.jpg,0.2633333333333333,0.06333333333333334,0.0,0.0036565656565656565
CASIA2/Au/Au_cha_30087.jpg,0.043333333333333335,0.0,0.0,0.0
CASIA2/Au/Au_cha_30090.jpg,0.0,0.0,0.0,0.0
CASIA2/Au/Au_cha_30091.jpg,0.25,0.03666666666666667,0.0,0.0
CASIA2/Au/Au_cha_30092.jpg,0.0,0.0,0.0,0.0
CASIA2/Au/Au_cha_30093.jpg,0.0033333333333333335,0.0,0.0,0.0
CASIA2/Au/Au_cha_30095.jpg,0.17333333333333334,0.006666666666666667,0.0,0.0
CASIA2/Au/Au_cha_30096.jpg,0.12666666666666668,0.0,0.0,0.0
CASIA2/Au/Au_cha_30100.jpg,0.18,0.07333333333333333,0.0,0.0
CASIA2/Au/Au_cha_30102.jpg,0.2833333333333333,0.19,0.0,0.0
CASIA2/Au/Au_cha_30103.jpg,0.12333333333333334,0.07333333333333333,0.0,0.0
CASIA2/Au/Au_cha_30104.jpg,0.20666666666666667,0.08,0.0,0.0
CASIA2/Au/Au_cha_30105.jpg,0.38333333333333336,0.2833333333333333,0.0,0.0
CASIA2/Au/Au_cha_30106.jpg,0.25,0.05333333333333334,0.0,0.0
CASIA2/Au/Au_cha_30107.jpg,0.18333333333333332,0.08,0.0,0.0
CASIA2/Au/Au_cha_30108.jpg,0.3233333333333333,0.2866666666666667,0.0,0.0
CASIA2/Au/Au_cha_30110.jpg,0.22333333333333333,0.013333333333333334,0.0,0.0
CASIA2/Au/Au_cha_30112.jpg,0.07,0.0,0.0,0.0
CASIA2/Au/Au_cha_30113.jpg,0.0033333333333333335,0.0,0.0,0.0
CASIA2/Au/Au_cha_30114.jpg,0.0,0.0,0.0,0.0
CASIA2/Au/Au_cha_30115.jpg,0.0033333333333333335,0.0,0.0,0.0
CASIA2/Au/Au_cha_30116.jpg,0.0,0.0,0.0,0.0
CASIA2/Au/Au_cha_30117.jpg,0.03,0.006666666666666667,0.0,0.0
CASIA2/Au/Au_cha_30118.jpg,0.0033333333333333335,0.0033333333333333335,0.0,0.0
CASIA2/Au/Au_cha_30119.jpg,0.02,0.05,0.0,0.0
CASIA2/Au/Au_cha_30120.jpg,0.2,0.03,0.0,0.01020899470899471
CASIA2/Au/Au_cha_30121.jpg,0.006666666666666667,0.0,0.0,0.0
CASIA2/Au/Au_cha_30122.jpg,0.10666666666666667,0.1,0.0,0.0
CASIA2/Au/Au_cha_30123.jpg,0.06333333333333334,0.013333333333333334,0.0,0.0
CASIA2/Au/Au_cha_30124.jpg,0.02,0.0033333333333333335,0.0,0.0
CASIA2/Au/Au_cha_30125.jpg,0.016666666666666666,0.0,0.0,0.0
CASIA2/Au/Au_cha_30126.jpg,0.03,0.0,0.0,0.0
CASIA2/Au/Au_cha_30127.jpg,0.0,0.0,0.0,0.0
CASIA2/Au/Au_cha_30128.jpg,0.0,0.0,0.0,0.0
CASIA2/Au/Au_cha_30129.jpg,0.0,0.0,0.0,0.0
CASIA2/Au/Au_cha_30130.jpg,0.08666666666666667,0.056666666666666664,0.0,0.0016666666666666668
CASIA2/Au/Au_cha_30131.jpg,0.0033333333333333335,0.0,0.0,0.0
CASIA2/Au/Au_cha_30132.jpg,0.04,0.0,0.0,0.0
CASIA2/Au/Au_cha_30133.jpg,0.0033333333333333335,0.0,0.0,0.0
CASIA2/Au/Au_cha_30134.jpg,0.0033333333333333335,0.0,0.0,0.0
CASIA2/Au/Au_cha_30136.jpg,0.03333333333333333,0.0,0.0,0.0
CASIA2/Au/Au_cha_30137.jpg,0.0,0.0,0.0,0.0
CASIA2/Au/Au_cha_30138.jpg,0.07666666666666666,0.0,0.0,0.0
CASIA2/Au/Au_cha_30139.jpg,0.12333333333333334,0.01,0.0,0.0
CASIA2/Au/Au_cha_30140.jpg,0.0,0.0,0.0,0.0
CASIA2/Au/Au_cha_30141.jpg,0.0033333333333333335,0.0,0.0,0.0
CASIA2/Au/Au_cha_30142.jpg,0.006666666666666667,0.0,0.0,0.0
CASIA2/Au/Au_cha_30143.jpg,0.31333333333333335,0.06333333333333334,0.0,0.0
CASIA2/Au/Au_cha_30144.jpg,0.023333333333333334,0.0,0.0,0.0
CASIA2/Au/Au_cha_30145.jpg,0.006666666666666667,0.0,0.0,0.0
CASIA2/Au/Au_cha_30147.jpg,0.02666666666666667,0.006666666666666667,0.0,0.0
CASIA2/Au/Au_cha_30148.jpg,0.0033333333333333335,0.0,0.0,0.0
CASIA2/Au/Au_cha_30149.jpg,0.0,0.0,0.0,0.0
CASIA2/Au/Au_cha_30150.jpg,0.5133333333333333,0.37666666666666665,0.0,0.0025396825396825397
CASIA2/Au/Au_cha_30151.jpg,0.0033333333333333335,0.0,0.0,0.0
CASIA2/Au/Au_cha_30152.jpg,0.0,0.0,0.0,0.0
CASIA2/Au/Au_cha_30153.jpg,0.006666666666666667,0.01,0.0,0.0006666666666666668
CASIA2/Au/Au_cha_30154.jpg,0.03,0.0,0.0,0.0
CASIA2/Au/Au_cha_30155.jpg,0.0,0.0,0.0,0.0
CASIA2/Au/Au_cha_30156.jpg,0.21,0.07666666666666666,0.0,0.0
CASIA2/Au/Au_cha_30157.jpg,0.01,0.07666666666666666,0.0,0.0
CASIA2/Au/Au_cha_30158.jpg,0.056666666666666664,0.006666666666666667,0.0,0.0
CASIA2/Au/Au_cha_30159.jpg,0.02,0.05333333333333334,0.0,0.0
CASIA2/Au/Au_cha_30160.jpg,0.02,0.0,0.0,0.0
CASIA2/Au/Au_cha_30161.jpg,0.10333333333333333,0.20333333333333334,0.0,0.0
CASIA2/Au/Au_cha_30162.jpg,0.02666666666666667,0.0033333333333333335,0.0,0.0
CASIA2/Au/Au_cha_30163.jpg,0.07666666666666666,0.02666666666666667,0.0,0.0
CASIA2/Au/Au_cha_30164.jpg,0.03,0.0,0.0,0.0
CASIA2/Au/Au_cha_30166.jpg,0.006666666666666667,0.0,0.0,0.0
CASIA2/Au/Au_cha_30167.jpg,0.4,0.28,0.0,0.0
CASIA2/Au/Au_cha_30168.jpg,0.0,0.0,0.0,0.0
CASIA2/Au/Au_cha_30169.jpg,0.006666666666666667,0.0,0.0,0.0
CASIA2/Au/Au_cha_30170.jpg,0.006666666666666667,0.0,0.0,0.0
CASIA2/Au/Au_cha_30171.jpg,0.0,0.0,0.0,0.0
CASIA2/Au/Au_cha_30172.jpg,0.0,0.0,0.0,0.0
CASIA2/Au/Au_cha_30173.jpg,0.0033333333333333335,0.0,0.0,0.0
CASIA2/Au/Au_cha_30174.jpg,0.013333333333333334,0.006666666666666667,0.0,0.0
CASIA2/Au/Au_cha_30175.jpg,0.006666666666666667,0.0,0.0,0.0
CASIA2/Au/Au_cha_30176.jpg,0.0033333333333333335,0.0,0.0,0.0
CASIA2/Au/Au_cha_30177.jpg,0.06,0.0,0.0,0.0
CASIA2/Au/Au_cha_30178.jpg,0.0,0.0,0.0,0.0
CASIA2/Au/Au_cha_30179.jpg,0.01,0.0,0.0,0.0
CASIA2/Au/Au_cha_30180.jpg,0.01,0.0,0.0,0.0
CASIA2/Au/Au_cha_30181.jpg,0.006666666666666667,0.0,0.0,0.0
CASIA2/Au/Au_cha_30182.jpg,0.006666666666666667,0.0,0.0,0.0
CASIA2/Au/Au_cha_30183.jpg,0.0,0.0,0.0,0.0
CASIA2/Au/Au_cha_30184.jpg,0.11666666666666667,0.0,0.0,0.0
CASIA2/Au/Au_cha_30185.jpg,0.016666666666666666,0.01,0.0,0.0
CASIA2/Au/Au_cha_30186.jpg,0.006666666666666667,0.0,0.0,0.0
CASIA2/Au/Au_cha_30187.jpg,0.0033333333333333335,0.0,0.0,0.0
CASIA2/Au/Au_cha_30188.jpg,0.09666666666666666,0.03333333333333333,0.0,0.0
CASIA2/Au/Au_cha_30189.jpg,0.013333333333333334,0.0,0.0,0.0
CASIA2/Au/Au_cha_30190.jpg,0.0,0.0033333333333333335,0.0,0.0
CASIA2/Au/Au_cha_30191.jpg,0.24,0.056666666666666664,0.0,0.0
CASIA2/Au/Au_cha_30192.jpg,0.0,0.0,0.0,0.0
CASIA2/Au/Au_cha_30193.jpg,0.0033333333333333335,0.0033333333333333335,0.0,0.0
CASIA2/Au/Au_cha_30195.jpg,0.01,0.01,0.0,0.0
CASIA2/Au/Au_cha_30196.jpg,0.12,0.023333333333333334,0.0,0.0
CASIA2/Au/Au_cha_30197.jpg,0.01,0.0,0.0,0.0
CASIA2/Au/Au_cha_30198.jpg,0.06333333333333334,0.006666666666666667,0.0,0.0
CASIA2/Au/Au_cha_30199.jpg,0.06333333333333334,0.006666666666666667,0.0,0.0
CASIA2/Au/Au_cha_30200.jpg,0.11333333333333333,0.02,0.0,0.0
CASIA2/Au/Au_cha_30201.jpg,0.03333333333333333,0.02666666666666667,0.0,0.0
CASIA2/Au/Au_cha_30202.jpg,0.0033333333333333335,0.0,0.0,0.0
CASIA2/Au/Au_cha_30203.jpg,0.13666666666666666,0.0033333333333333335,0.0,0.0
CASIA2/Au/Au_cha_30205.jpg,0.023333333333333334,0.0,0.0,0.0
CASIA2/Au/Au_cha_30206.jpg,0.14,0.11,0.0,0.0
CASIA2/Au/Au_cha_30207.jpg,0.0,0.0,0.0,0.0
CASIA2/Au/Au_cha_30208.jpg,0.023333333333333334,0.0,0.0,0.0
CASIA2/Au/Au_cha_30210.jpg,0.07333333333333333,0.0,0.0,0.0
CASIA2/Au/Au_cha_30211.jpg,0.29333333333333333,0.12333333333333334,0.0,0.0
CASIA2/Au/Au_cha_30212.jpg,0.13666666666666666,0.006666666666666667,0.0,0.0
CASIA2/Au/Au_cha_30213.jpg,0.0,0.0,0.0,0.0
CASIA2/Au/Au_cha_30214.jpg,0.2866666666666667,0.043333333333333335,0.0,0.0
CASIA2/Au/Au_cha_30215.jpg,0.16,0.043333333333333335,0.0,0.0
CASIA2/Au/Au_cha_30216.jpg,0.04666666666666667,0.006666666666666667,0.0,0.0
CASIA2/Au/Au_cha_30218.jpg,0.013333333333333334,0.0,0.0,0.0
CASIA2/Au/Au_cha_30219.jpg,0.16,0.006666666666666667,0.0,0.0
CASIA2/Au/Au_cha_30222.jpg,0.0,0.0,0.0,0.0
CASIA2/Au/Au_cha_30223.jpg,0.006666666666666667,0.0,0.0,0.0
CASIA2/Au/Au_cha_30224.jpg,0.09333333333333334,0.02666666666666667,0.0,0.0
CASIA2/Au/Au_cha_30225.jpg,0.056666666666666664,0.05333333333333334,0.0,0.0
CASIA2/Au/Au_cha_30226.jpg,0.0033333333333333335,0.0,0.0,0.0
CASIA2/Au/Au_cha_30227.jpg,0.18333333333333332,0.03,0.0,0.0
CASIA2/Au/Au_cha_30228.jpg,0.0,0.0,0.0,0.0
CASIA2/Au/Au_cha_30229.jpg,0.0,0.006666666666666667,0.0008333333333333334,0.0
CASIA2/Au/Au_cha_30230.jpg,0.03333333333333333,0.0,0.0,0.0
CASIA2/Au/Au_cha_30231.jpg,0.24,0.09333333333333334,0.0,0.002380952380952381
CASIA2/Au/Au_cha_30232.jpg,0.016666666666666666,0.0033333333333333335,0.0,0.0
CASIA2/Au/Au_cha_30233.jpg,0.09,0.01,0.0,0.0
CASIA2/Au/Au_cha_30234.jpg,0.0,0.0,0.0,0.0
CASIA2/Au/Au_cha_30235.jpg,0.05333333333333334,0.006666666666666667,0.0,0.0
CASIA2/Au/Au_cha_30236.jpg,0.06666666666666667,0.006666666666666667,0.0,0.0
CASIA2/Au/Au_cha_30237.jpg,0.09,0.006666666666666667,0.0,0.0
CASIA2/Au/Au_cha_30238.jpg,0.0033333333333333335,0.0,0.0,0.0
CASIA2/Au/Au_cha_30239.jpg,0.0,0.0,0.0,0.0
CASIA2/Au/Au_cha_30240.jpg,0.0,0.023333333333333334,0.0,0.0
CASIA2/Au/Au_cha_30241.jpg,0.0,0.0,0.0,0.0
CASIA2/Au/Au_cha_30242.jpg,0.013333333333333334,0.01,0.0018253968253968253,0.003682539682539682
CASIA2/Au/Au_cha_30243.jpg,0.0033333333333333335,0.0033333333333333335,0.0,0.0
CASIA2/Au/Au_cha_30244.jpg,0.14,0.02,0.0,0.0
CASIA2/Au/Au_cha_30245.jpg,0.03,0.0,0.0,0.0
CASIA2/Au/Au_cha_30246.jpg,0.03,0.0,0.0,0.0
CASIA2/Au/Au_cha_30248.jpg,0.0,0.0,0.0,0.0
CASIA2/Au/Au_cha_30250.jpg,0.0,0.0,0.0,0.0
CASIA2/Au/Au_cha_30251.jpg,0.006666666666666667,0.0,0.0,0.0
CASIA2/Au/Au_cha_30252.jpg,0.0033333333333333335,0.0,0.0,0.0
CASIA2/Au/Au_cha_30253.jpg,0.08666666666666667,0.01,0.0,0.0
CASIA2/Au/Au_cha_30254.jpg,0.04666666666666667,0.0,0.0,0.0
CASIA2/Au/Au_cha_30255.jpg,0.0,0.0,0.0,0.0
CASIA2/Au/Au_cha_30256.jpg,0.0,0.0,0.0,0.0
CASIA2/Au/Au_cha_30257.jpg,0.0,0.0,0.0,0.0
CASIA2/Au/Au_cha_30258.jpg,0.0,0.0,0.0,0.0
CASIA2/Au/Au_cha_30259.jpg,0.0033333333333333335,0.0,0.0,0.0
CASIA2/Au/Au_cha_30260.jpg,0.0,0.0,0.0,0.0
CASIA2/Au/Au_cha_30261.jpg,0.05333333333333334,0.013333333333333334,0.0,0.0
CASIA2/Au/Au_cha_30263.jpg,0.0,0.0,0.0011111111111111111,0.002833333333333333
CASIA2/Au/Au_cha_30264.jpg,0.03666666666666667,0.0,0.0,0.0
CASIA2/Au/Au_cha_30265.jpg,0.0033333333333333335,0.0,0.0,0.0
CASIA2/Au/Au_cha_30266.jpg,0.04,0.0,0.0,0.002202380952380952
CASIA2/Au/Au_cha_30268.jpg,0.013333333333333334,0.0,0.0,0.0
CASIA2/Au/Au_cha_30269.jpg,0.23,0.023333333333333334,0.0,0.0
CASIA2/Au/Au_cha_30270.jpg,0.05,0.0,0.0,0.0
CASIA2/Au/Au_cha_30272.jpg,0.0033333333333333335,0.0,0.0,0.0
CASIA2/Au/Au_cha_30273.jpg,0.01,0.0,0.0,0.0
CASIA2/Au/Au_cha_30274.jpg,0.98,0.62,0.0,0.0
CASIA2/Au/Au_cha_30275.jpg,0.11666666666666667,0.02666666666666667,0.0,0.0
CASIA2/Au/Au_cha_30276.jpg,0.0,0.0,0.0,0.0
CASIA2/Au/Au_cha_30278.jpg,0.043333333333333335,0.03,0.0,0.0
CASIA2/Au/Au_cha_30279.jpg,0.06666666666666667,0.0033333333333333335,0.0,0.0
CASIA2/Au/Au_cha_30280.jpg,0.02,0.0033333333333333335,0.0,0.0
CASIA2/Au/Au_cha_30281.jpg,0.02,0.0033333333333333335,0.0,0.0
CASIA2/Au/Au_cha_30282.jpg,0.0,0.0,0.0,0.0
CASIA2/Au/Au_cha_30283.jpg,0.01,0.0,0.0,0.0
CASIA2/Au/Au_cha_30284.jpg,0.11666666666666667,0.0,0.0,0.0
CASIA2/Au/Au_cha_30285.jpg,0.023333333333333334,0.0,0.0,0.0021666666666666666
CASIA2/Au/Au_cha_30286.jpg,0.0,0.0,0.0,0.0
CASIA2/Au/Au_cha_30287.jpg,0.0,0.0,0.0,0.0
CASIA2/Au/Au_cha_30288.jpg,0.07,0.03,0.0,0.0
CASIA2/Au/Au_cha_30289.jpg,0.0033333333333333335,0.0,0.0,0.0
CASIA2/Au/Au_cha_30290.jpg,0.02666666666666667,0.03666666666666667,0.0,0.0
CASIA2/Au/Au_cha_30291.jpg,0.0,0.0,0.0,0.0
CASIA2/Au/Au_cha_30292.jpg,0.006666666666666667,0.0033333333333333335,0.0,0.0
CASIA2/Au/Au_cha_30294.jpg,0.09,0.09333333333333334,0.02526947126947127,0.029851805601805607
CASIA2/Au/Au_cha_30295.jpg,0.0,0.0,0.0,0.0
CASIA2/Au/Au_cha_30296.jpg,0.10333333333333333,0.10666666666666667,0.0,0.006563492063492063
CASIA2/Au/Au_cha_30297.jpg,0.0,0.0,0.0,0.0
CASIA2/Au/Au_cha_30298.jpg,0.043333333333333335,0.0033333333333333335,0.0,0.0
CASIA2/Au/Au_cha_30299.jpg,0.08666666666666667,0.006666666666666667,0.0,0.0
CASIA2/Au/Au_cha_30300.jpg,0.1,0.0033333333333333335,0.0,0.0
CASIA2/Au/Au_cha_30301.jpg,0.0,0.0,0.0,0.0
CASIA2/Au/Au_cha_30302.jpg,0.0033333333333333335,0.0,0.0,0.0
CASIA2/Au/Au_cha_30303.jpg,0.0,0.0,0.0,0.0
CASIA2/Au/Au_cha_30304.jpg,0.1,0.0,0.0,0.0
CASIA2/Au/Au_cha_30305.jpg,0.0,0.0,0.0,0.0
CASIA2/Au/Au_cha_30308.jpg,0.0,0.0,0.0,0.0
CASIA2/Au/Au_cha_30309.jpg,0.0,0.0,0.0,0.0
CASIA2/Au/Au_cha_30310.jpg,0.0,0.0,0.0,0.0
CASIA2/Au/Au_cha_30311.jpg,0.0,0.0,0.0,0.0
CASIA2/Au/Au_cha_30312.jpg,0.03666666666666667,0.0,0.0,0.0
CASIA2/Au/Au_cha_30313.jpg,0.2966666666666667,0.09,0.0,0.0
CASIA2/Au/Au_cha_30314.jpg,0.08333333333333333,0.07,0.0,0.0
CASIA2/Au/Au_cha_30315.jpg,0.26,0.11,0.0,0.0
CASIA2/Au/Au_cha_30316.jpg,0.24,0.04666666666666667,0.0,0.0
CASIA2/Au/Au_cha_30317.jpg,0.17333333333333334,0.056666666666666664,0.0,0.0
CASIA2/Au/Au_cha_30318.jpg,0.5066666666666667,0.16,0.0,0.0
CASIA2/Au/Au_cha_30319.jpg,0.13666666666666666,0.06333333333333334,0.0,0.0
CASIA2/Au/Au_cha_30321.jpg,0.26666666666666666,0.07,0.0,0.0
CASIA2/Au/Au_cha_30322.jpg,0.18,0.07666666666666666,0.0,0.0
CASIA2/Au/Au_cha_30323.jpg,0.08,0.03666666666666667,0.0,0.0
CASIA2/Au/Au_cha_30324.jpg,0.15,0.06,0.0,0.0
CASIA2/Au/Au_cha_30325.jpg,0.38666666666666666,0.09666666666666666,0.0,0.0
CASIA2/Au/Au_cha_30326.jpg,0.31333333333333335,0.22,0.0,0.0
CASIA2/Au/Au_cha_30327.jpg,0.24333333333333335,0.23666666666666666,0.0,0.0
CASIA2/Au/Au_cha_30329.jpg,0.22,0.14,0.0,0.0
CASIA2/Au/Au_cha_30330.jpg,0.33666666666666667,0.10666666666666667,0.0,0.0
CASIA2/Au/Au_cha_30331.jpg,0.18,0.16333333333333333,0.0,0.0
CASIA2/Au/Au_cha_30332.jpg,0.25,0.02666666666666667,0.0,0.0
CASIA2/Au/Au_cha_30333.jpg,0.3,0.17,0.0,0.0008333333333333334
CASIA2/Au/Au_cha_30334.jpg,0.3433333333333333,0.04666666666666667,0.0,0.0
CASIA2/Au/Au_cha_30335.jpg,0.25,0.05333333333333334,0.0,0.0
CASIA2/Au/Au_cha_30337.jpg,0.23,0.05,0.0,0.0
CASIA2/Au/Au_cha_30338.jpg,0.16,0.07666666666666666,0.0,0.0
CASIA2/Au/Au_cha_30339.jpg,0.25,0.03666666666666667,0.0,0.0
CASIA2/Au/Au_cha_30340.jpg,0.15,0.056666666666666664,0.0,0.0
CASIA2/Au/Au_cha_30341.jpg,0.48333333333333334,0.3566666666666667,0.0,0.0
CASIA2/Au/Au_cha_30342.jpg,0.5066666666666667,0.6066666666666667,0.0,0.0016666666666666668
CASIA2/Au/Au_cha_30343.jpg,0.4,0.16666666666666666,0.0,0.0
CASIA2/Au/Au_cha_30345.jpg,0.08,0.016666666666666666,0.0,0.0
CASIA2/Au/Au_cha_30346.jpg,0.31333333333333335,0.28,0.0,0.0
CASIA2/Au/Au_cha_30347.jpg,0.18,0.15666666666666668,0.0,0.0
CASIA2/Au/Au_cha_30349.jpg,0.09,0.09333333333333334,0.0,0.0
CASIA2/Au/Au_cha_30351.jpg,0.04,0.05,0.0,0.0
CASIA2/Au/Au_cha_30352.jpg,0.07333333333333333,0.006666666666666667,0.0,0.0
CASIA2/Au/Au_cha_30353.jpg,0.37,0.18,0.0,0.0
CASIA2/Au/Au_cha_30354.jpg,0.13,0.02,0.0,0.0
CASIA2/Au/Au_cha_30355.jpg,0.21,0.21333333333333335,0.0,0.0
CASIA2/Au/Au_cha_30356.jpg,0.10666666666666667,0.09333333333333334,0.0,0.0
CASIA2/Au/Au_cha_30357.jpg,0.12666666666666668,0.03333333333333333,0.0,0.0
CASIA2/Au/Au_cha_30358.jpg,0.20666666666666667,0.22333333333333333,0.0,0.0
CASIA2/Au/Au_cha_30359.jpg,0.27666666666666667,0.08333333333333333,0.0,0.0
CASIA2/Au/Au_cha_30360.jpg,0.11,0.08333333333333333,0.0,0.0
CASIA2/Au/Au_cha_30361.jpg,0.09,0.04,0.0,0.0
CASIA2/Au/Au_cha_30362.jpg,0.22,0.023333333333333334,0.0,0.0
CASIA2/Au/Au_cha_30363.jpg,0.18333333333333332,0.056666666666666664,0.0,0.0
CASIA2/Au/Au_cha_30364.jpg,0.03666666666666667,0.016666666666666666,0.0,0.0
CASIA2/Au/Au_cha_30365.jpg,0.07666666666666666,0.03,0.0,0.0
CASIA2/Au/Au_cha_30367.jpg,0.11666666666666667,0.05,0.0033333333333333335,0.0003333333333333334
CASIA2/Au/Au_cha_30368.jpg,0.4266666666666667,0.27,0.0,0.0
CASIA2/Au/Au_cha_30369.jpg,0.13666666666666666,0.056666666666666664,0.0,0.0
CASIA2/Au/Au_cha_30370.jpg,0.11666666666666667,0.06333333333333334,0.0,0.0
CASIA2/Au/Au_cha_30373.jpg,0.17333333333333334,0.13,0.0,0.0
CASIA2/Au/Au_cha_30374.jpg,0.4866666666666667,0.08666666666666667,0.0,0.0
CASIA2/Au/Au_cha_30375.jpg,0.22,0.03666666666666667,0.0,0.0
CASIA2/Au/Au_cha_30376.jpg,0.27666666666666667,0.18333333333333332,0.0,0.002
CASIA2/Au/Au_cha_30378.jpg,0.18666666666666668,0.06333333333333334,0.0,0.0
CASIA2/Au/Au_cha_30379.jpg,0.26666666666666666,0.12,0.0,0.0
CASIA2/Au/Au_cha_30380.jpg,0.19,0.2,0.0,0.0
CASIA2/Au/Au_cha_30381.jpg,0.04666666666666667,0.016666666666666666,0.0,0.0
CASIA2/Au/Au_cha_30382.jpg,0.41333333333333333,0.2866666666666667,0.0,0.0
CASIA2/Au/Au_cha_30383.jpg,0.13666666666666666,0.07333333333333333,0.0,0.0
CASIA2/Au/Au_cha_30384.jpg,0.25666666666666665,0.16666666666666666,0.0,0.0
CASIA2/Au/Au_cha_30385.jpg,0.2,0.07,0.0,0.0
CASIA2/Au/Au_cha_30387.jpg,0.38666666666666666,0.2733333333333333,0.0,0.0
CASIA2/Au/Au_cha_30388.jpg,0.20666666666666667,0.11666666666666667,0.0,0.0
CASIA2/Au/Au_cha_30389.jpg,0.10666666666666667,0.11,0.0,0.0
CASIA2/Au/Au_cha_30390.jpg,0.29333333333333333,0.08333333333333333,0.0,0.0033333333333333335
CASIA2/Au/Au_cha_30391.jpg,0.23666666666666666,0.27666666666666667,0.0,0.0
CASIA2/Au/Au_cha_30392.jpg,0.2833333333333333,0.14666666666666667,0.0,0.0
CASIA2/Au/Au_cha_30393.jpg,0.06,0.1,0.0,0.0
CASIA2/Au/Au_cha_30394.jpg,0.24,0.11666666666666667,0.0,0.0
CASIA2/Au/Au_cha_30396.jpg,0.32,0.25,0.0,0.0
CASIA2/Au/Au_cha_30397.jpg,0.12666666666666668,0.04,0.0,0.0
CASIA2/Au/Au_cha_30399.jpg,0.26666666666666666,0.06,0.0,0.0
CASIA2/Au/Au_cha_30400.jpg,0.16666666666666666,0.15333333333333332,0.0,0.0
CASIA2/Au/Au_cha_30402.jpg,0.29333333333333333,0.08333333333333333,0.0,0.0
CASIA2/Au/Au_cha_30403.jpg,0.1,0.11666666666666667,0.0,0.0
CASIA2/Au/Au_cha_30404.jpg,0.06666666666666667,0.043333333333333335,0.0,0.0
CASIA2/Au/Au_cha_30405.jpg,0.22333333333333333,0.07,0.0,0.0
CASIA2/Au/Au_cha_30406.jpg,0.27666666666666667,0.11333333333333333,0.0,0.0
CASIA2/Au/Au_cha_30407.jpg,0.10666666666666667,0.03666666666666667,0.0,0.0
CASIA2/Au/Au_cha_30408.jpg,0.08,0.06666666666666667,0.0,0.0
CASIA2/Au/Au_cha_30409.jpg,0.36333333333333334,0.18,0.0,0.0
CASIA2/Au/Au_cha_30410.jpg,0.44666666666666666,0.38333333333333336,0.0,0.0
CASIA2/Au/Au_cha_30411.jpg,0.38,0.15,0.0,0.0
CASIA2/Au/Au_cha_30412.jpg,0.3,0.11333333333333333,0.0,0.0
CASIA2/Au/Au_cha_30413.jpg,0.23666666666666666,0.10666666666666667,0.0016666666666666668,0.0
CASIA2/Au/Au_cha_30414.jpg,0.18,0.11,0.0,0.0
CASIA2/Au/Au_cha_30415.jpg,0.45,0.07666666666666666,0.0,0.0
CASIA2/Au/Au_cha_30416.jpg,0.02666666666666667,0.016666666666666666,0.0,0.0
CASIA2/Au/Au_cha_30417.jpg,0.4,0.4,0.0,0.0
CASIA2/Au/Au_cha_30418.jpg,0.23666666666666666,0.18,0.0,0.0
CASIA2/Au/Au_cha_30420.jpg,0.18,0.07,0.0,0.0
CASIA2/Au/Au_cha_30421.jpg,0.24666666666666667,0.09,0.0,0.0
CASIA2/Au/Au_cha_30423.jpg,0.25333333333333335,0.14333333333333334,0.0,0.0
CASIA2/Au/Au_cha_30424.jpg,0.12666666666666668,0.02,0.0,0.0
CASIA2/Au/Au_cha_30425.jpg,0.13333333333333333,0.08,0.0,0.0
CASIA2/Au/Au_cha_30426.jpg,0.19666666666666666,0.09,0.0,0.0
CASIA2/Au/Au_cha_30427.jpg,0.44,0.35333333333333333,0.0,0.0
CASIA2/Au/Au_cha_30428.jpg,0.15,0.05333333333333334,0.0,0.0
CASIA2/Au/Au_cha_30431.jpg,0.16333333333333333,0.12666666666666668,0.0,0.0
CASIA2/Au/Au_cha_30432.jpg,0.22333333333333333,0.06333333333333334,0.0,0.0
CASIA2/Au/Au_cha_30434.jpg,0.2,0.16,0.0,0.0
CASIA2/Au/Au_cha_30435.jpg,0.25666666666666665,0.056666666666666664,0.0,0.0016666666666666668
CASIA2/Au/Au_cha_30436.jpg,0.14,0.04,0.0,0.0
CASIA2/Au/Au_cha_30437.jpg,0.49666666666666665,0.13666666666666666,0.0,0.0
CASIA2/Au/Au_cha_30438.jpg,0.14333333333333334,0.023333333333333334,0.0009523809523809524,0.0
CASIA2/Au/Au_cha_30440.jpg,0.09,0.02,0.0,0.0
CASIA2/Au/Au_cha_30441.jpg,0.41333333333333333,0.056666666666666664,0.0,0.0
CASIA2/Au/Au_cha_30442.jpg,0.17666666666666667,0.07666666666666666,0.0,0.0
CASIA2/Au/Au_cha_30443.jpg,0.18666666666666668,0.1,0.0,0.0
CASIA2/Au/Au_cha_30444.jpg,0.5233333333333333,0.48333333333333334,0.0,0.01114983164983165
CASIA2/Au/Au_cha_30445.jpg,0.10333333333333333,0.05333333333333334,0.0,0.0
CASIA2/Au/Au_cha_30446.jpg,0.2633333333333333,0.04666666666666667,0.0,0.0
CASIA2/Au/Au_cha_30447.jpg,0.15,0.05333333333333334,0.0,0.0
CASIA2/Au/Au_cha_30449.jpg,0.17,0.06333333333333334,0.0,0.0
CASIA2/Au/Au_cha_30450.jpg,0.26,0.11333333333333333,0.0,0.0016666666666666668
CASIA2/Au/Au_cha_30453.jpg,0.23333333333333334,0.07333333333333333,0.0,0.0
CASIA2/Au/Au_cha_30454.jpg,0.3433333333333333,0.27,0.0,0.0
CASIA2/Au/Au_cha_30455.jpg,0.39666666666666667,0.13,0.0,0.0
CASIA2/Au/Au_cha_30456.jpg,0.25666666666666665,0.15,0.0,0.002857142857142857
CASIA2/Au/Au_cha_30457.jpg,0.31666666666666665,0.16,0.0,0.0
CASIA2/Au/Au_cha_30458.jpg,0.20666666666666667,0.08333333333333333,0.0,0.0
CASIA2/Au/Au_cha_30459.jpg,0.7666666666666667,0.8066666666666666,0.0,0.004545454545454546
CASIA2/Au/Au_cha_30460.jpg,0.15333333333333332,0.12,0.0,0.0016666666666666668
CASIA2/Au/Au_cha_30462.jpg,0.11666666666666667,0.01,0.0,0.0
CASIA2/Au/Au_cha_30463.jpg,0.08,0.05,0.0,0.0
CASIA2/Au/Au_cha_30464.jpg,0.18,0.06,0.0,0.0
CASIA2/Au/Au_cha_30466.jpg,0.17333333333333334,0.03666666666666667,0.0,0.0
CASIA2/Au/Au_cha_30467.jpg,0.12,0.08666666666666667,0.0,0.0
CASIA2/Au/Au_cha_30468.jpg,0.23666666666666666,0.24666666666666667,0.0,0.0
CASIA2/Au/Au_cha_30469.jpg,0.22666666666666666,0.23333333333333334,0.0,0.0
CASIA2/Au/Au_cha_30470.jpg,0.12,0.07,0.0,0.0
CASIA2/Au/Au_cha_30471.jpg,0.18666666666666668,0.21,0.0,0.0
CASIA2/Au/Au_cha_30472.jpg,0.23666666666666666,0.02666666666666667,0.0,0.0
CASIA2/Au/Au_cha_30473.jpg,0.24666666666666667,0.16666666666666666,0.0,0.0
CASIA2/Au/Au_cha_30474.jpg,0.08666666666666667,0.03,0.0,0.0
CASIA2/Au/Au_cha_30475.jpg,0.43333333333333335,0.4066666666666667,0.0,0.0
CASIA2/Au/Au_cha_30476.jpg,0.28,0.10333333333333333,0.0,0.0
CASIA2/Au/Au_cha_30477.jpg,0.12666666666666668,0.05,0.0,0.0
CASIA2/Au/Au_cha_30478.jpg,0.41,0.38333333333333336,0.0,0.0
CASIA2/Au/Au_cha_30479.jpg,0.38333333333333336,0.20333333333333334,0.0,0.0
CASIA2/Au/Au_cha_30480.jpg,0.07333333333333333,0.04,0.0,0.0
CASIA2/Au/Au_cha_30481.jpg,0.10666666666666667,0.043333333333333335,0.0,0.0
CASIA2/Au/Au_cha_30482.jpg,0.16666666666666666,0.05333333333333334,0.0,0.0
CASIA2/Au/Au_cha_30483.jpg,0.23333333333333334,0.09,0.0,0.0
CASIA2/Au/Au_cha_30484.jpg,0.25666666666666665,0.15333333333333332,0.0,0.0
CASIA2/Au/Au_cha_30485.jpg,0.13666666666666666,0.016666666666666666,0.0,0.0
CASIA2/Au/Au_cha_30486.jpg,0.30333333333333334,0.03333333333333333,0.0,0.0
CASIA2/Au/Au_cha_30487.jpg,0.07666666666666666,0.08333333333333333,0.0,0.0
CASIA2/Au/Au_cha_30488.jpg,0.16,0.056666666666666664,0.0,0.0
CASIA2/Au/Au_cha_30489.jpg,0.08,0.02,0.0,0.0
CASIA2/Au/Au_cha_30490.jpg,0.18,0.14666666666666667,0.0,0.0
CASIA2/Au/Au_cha_30491.jpg,0.36333333333333334,0.31666666666666665,0.0,0.0
CASIA2/Au/Au_cha_30492.jpg,0.32666666666666666,0.12,0.0,0.0
CASIA2/Au/Au_cha_30493.jpg,0.16333333333333333,0.05333333333333334,0.0,0.0
CASIA2/Au/Au_cha_30494.jpg,0.15,0.06,0.0,0.0
CASIA2/Au/Au_cha_30496.jpg,0.09333333333333334,0.01,0.0,0.0
CASIA2/Au/Au_cha_30497.jpg,0.14666666666666667,0.056666666666666664,0.0,0.0
CASIA2/Au/Au_cha_30498.jpg,0.24333333333333335,0.29333333333333333,0.0,0.0
CASIA2/Au/Au_cha_30500.jpg,0.2733333333333333,0.24,0.0,0.0008333333333333334
CASIA2/Au/Au_cha_30501.jpg,0.07666666666666666,0.043333333333333335,0.0,0.0
CASIA2/Au/Au_cha_30502.jpg,0.7166666666666667,0.58,0.0,0.0011111111111111111
CASIA2/Au/Au_cha_30503.jpg,0.5266666666666666,0.2833333333333333,0.0,0.0
CASIA2/Au/Au_cha_30505.jpg,0.35,0.07333333333333333,0.0,0.0
CASIA2/Au/Au_cha_30506.jpg,0.23,0.13666666666666666,0.0,0.0
CASIA2/Au/Au_cha_30507.jpg,0.12,0.056666666666666664,0.0,0.0
CASIA2/Au/Au_cha_30508.jpg,0.17333333333333334,0.06666666666666667,0.0,0.0
CASIA2/Au/Au_cha_30509.jpg,0.2733333333333333,0.06666666666666667,0.0,0.0
CASIA2/Au/Au_cha_30510.jpg,0.07,0.09333333333333334,0.0,0.0
CASIA2/Au/Au_cha_30511.jpg,0.15666666666666668,0.08333333333333333,0.0,0.0
CASIA2/Au/Au_cha_30512.jpg,0.43333333333333335,0.22666666666666666,0.0,0.0
CASIA2/Au/Au_cha_30513.jpg,0.6666666666666666,0.5966666666666667,0.0,0.0021428571428571425
CASIA2/Au/Au_cha_30514.jpg,0.13,0.05,0.0,0.0
CASIA2/Au/Au_cha_30515.jpg,0.07666666666666666,0.03666666666666667,0.0,0.0
CASIA2/Au/Au_cha_30516.jpg,0.24666666666666667,0.25666666666666665,0.0,0.0
CASIA2/Au/Au_cha_30519.jpg,0.17666666666666667,0.21,0.0,0.0
CASIA2/Au/Au_cha_30521.jpg,0.30666666666666664,0.23333333333333334,0.0,0.0
CASIA2/Au/Au_cha_30522.jpg,0.42,0.05,0.0,0.0
CASIA2/Au/Au_cha_30523.jpg,0.21666666666666667,0.09333333333333334,0.0,0.0016666666666666668
CASIA2/Au/Au_cha_30524.jpg,0.07,0.043333333333333335,0.0,0.0
CASIA2/Au/Au_cha_30526.jpg,0.12666666666666668,0.2,0.0,0.0
CASIA2/Au/Au_cha_30527.jpg,0.11333333333333333,0.09666666666666666,0.0,0.0
CASIA2/Au/Au_cha_30528.jpg,0.27,0.10333333333333333,0.0,0.0008333333333333334
CASIA2/Au/Au_cha_30530.jpg,0.25333333333333335,0.26,0.0,0.0
CASIA2/Au/Au_cha_30531.jpg,0.09333333333333334,0.013333333333333334,0.0,0.0
CASIA2/Au/Au_cha_30532.jpg,0.19,0.11333333333333333,0.0,0.0
CASIA2/Au/Au_cha_30534.jpg,0.08,0.08,0.0,0.0
CASIA2/Au/Au_cha_30535.jpg,0.27,0.03666666666666667,0.0,0.0
CASIA2/Au/Au_cha_30536.jpg,0.3566666666666667,0.13666666666666666,0.0,0.0
CASIA2/Au/Au_cha_30537.jpg,0.08,0.016666666666666666,0.0,0.0
CASIA2/Au/Au_cha_30538.jpg,0.016666666666666666,0.016666666666666666,0.0,0.0
CASIA2/Au/Au_cha_30539.jpg,0.13333333333333333,0.21,0.0,0.0
CASIA2/Au/Au_cha_30540.jpg,0.26666666666666666,0.09666666666666666,0.0,0.0
CASIA2/Au/Au_cha_30541.jpg,0.056666666666666664,0.02,0.0,0.0
CASIA2/Au/Au_cha_30542.jpg,0.12,0.03,0.0,0.0
CASIA2/Au/Au_cha_30543.jpg,0.11333333333333333,0.056666666666666664,0.0,0.0
CASIA2/Au/Au_cha_30544.jpg,0.35333333333333333,0.20666666666666667,0.0,0.0
CASIA2/Au/Au_cha_30545.jpg,0.78,0.48333333333333334,0.0,0.0
CASIA2/Au/Au_cha_30546.jpg,0.18333333333333332,0.11333333333333333,0.0,0.0
CASIA2/Au/Au_cha_30547.jpg,0.13666666666666666,0.03666666666666667,0.0,0.0
CASIA2/Au/Au_cha_30548.jpg,0.2,0.06666666666666667,0.0,0.0
CASIA2/Au/Au_cha_30549.jpg,0.3433333333333333,0.11333333333333333,0.0,0.0
CASIA2/Au/Au_cha_30550.jpg,0.22333333333333333,0.07333333333333333,0.0,0.0
CASIA2/Au/Au_cha_30551.jpg,0.16,0.07666666666666666,0.0,0.0
CASIA2/Au/Au_cha_30552.jpg,0.19333333333333333,0.03,0.0,0.0
CASIA2/Au/Au_cha_30554.jpg,0.44,0.35,0.0,0.0
CASIA2/Au/Au_cha_30556.jpg,0.47,0.45,0.0,0.015773809523809527
CASIA2/Au/Au_cha_30557.jpg,0.1,0.15666666666666668,0.0,0.0
CASIA2/Au/Au_cha_30558.jpg,0.38,0.14,0.0,0.0
CASIA2/Au/Au_cha_30559.jpg,0.15666666666666668,0.04,0.0,0.0
CASIA2/Au/Au_cha_30560.jpg,0.6766666666666666,0.53,0.0,0.0
CASIA2/Au/Au_cha_30561.jpg,0.18333333333333332,0.06,0.0,0.0
CASIA2/Au/Au_cha_30562.jpg,0.17,0.13333333333333333,0.0,0.0
CASIA2/Au/Au_cha_30563.jpg,0.06666666666666667,0.08,0.0,0.0
CASIA2/Au/Au_cha_30564.jpg,0.08333333333333333,0.06666666666666667,0.0,0.0
CASIA2/Au/Au_cha_30565.jpg,0.06,0.023333333333333334,0.0,0.0
CASIA2/Au/Au_cha_30566.jpg,0.06666666666666667,0.016666666666666666,0.0,0.0
CASIA2/Au/Au_cha_30567.jpg,0.24666666666666667,0.07,0.0,0.0
CASIA2/Au/Au_cha_30569.jpg,0.12333333333333334,0.17666666666666667,0.0,0.0
CASIA2/Au/Au_cha_30570.jpg,0.56,0.4166666666666667,0.0033333333333333335,0.0
CASIA2/Au/Au_cha_30571.jpg,0.08666666666666667,0.03,0.0,0.0
CASIA2/Au/Au_cha_30572.jpg,0.3333333333333333,0.12666666666666668,0.0,0.0
CASIA2/Au/Au_cha_30573.jpg,0.07,0.016666666666666666,0.0,0.0
CASIA2/Au/Au_cha_30574.jpg,0.13333333333333333,0.03666666666666667,0.0,0.0
CASIA2/Au/Au_cha_30575.jpg,0.33,0.03666666666666667,0.0,0.0
CASIA2/Au/Au_cha_30576.jpg,0.2733333333333333,0.10333333333333333,0.0,0.0
CASIA2/Au/Au_cha_30579.jpg,0.19,0.07333333333333333,0.0,0.0
CASIA2/Au/Au_cha_30580.jpg,0.18,0.11666666666666667,0.0,0.0
CASIA2/Au/Au_cha_30581.jpg,0.14,0.1,0.0,0.0
CASIA2/Au/Au_cha_30583.jpg,0.37666666666666665,0.35333333333333333,0.0,0.0
CASIA2/Au/Au_cha_30584.jpg,0.5066666666666667,0.12,0.0,0.0
CASIA2/Au/Au_cha_30585.jpg,0.15,0.11666666666666667,0.0,0.0
CASIA2/Au/Au_cha_30587.jpg,0.10666666666666667,0.03,0.0,0.0
CASIA2/Au/Au_cha_30588.jpg,0.18666666666666668,0.06333333333333334,0.0,0.0008333333333333334
CASIA2/Au/Au_cha_30589.jpg,0.23333333333333334,0.10666666666666667,0.0,0.0
CASIA2/Au/Au_cha_30590.jpg,0.26,0.03333333333333333,0.0,0.0
CASIA2/Au/Au_cha_30591.jpg,0.16333333333333333,0.01,0.0,0.0
CASIA2/Au/Au_cha_30592.jpg,0.25666666666666665,0.08333333333333333,0.0,0.0
CASIA2/Au/Au_cha_30593.jpg,0.08333333333333333,0.05,0.0,0.0
CASIA2/Au/Au_cha_30595.jpg,0.18,0.056666666666666664,0.0,0.0
CASIA2/Au/Au_cha_30596.jpg,0.2866666666666667,0.13,0.0,0.0
CASIA2/Au/Au_cha_30597.jpg,0.27666666666666667,0.08333333333333333,0.0,0.0
CASIA2/Au/Au_cha_30598.jpg,0.15666666666666668,0.056666666666666664,0.0,0.0
CASIA2/Au/Au_cha_30599.jpg,0.24,0.04666666666666667,0.0,0.0
CASIA2/Au/Au_cha_30601.jpg,0.19333333333333333,0.19333333333333333,0.0,0.0
CASIA2/Au/Au_cha_30602.jpg,0.02666666666666667,0.013333333333333334,0.0,0.0
CASIA2/Au/Au_cha_30603.jpg,0.08333333333333333,0.1,0.0,0.0
CASIA2/Au/Au_cha_30604.jpg,0.19333333333333333,0.10666666666666667,0.0,0.0
CASIA2/Au/Au_cha_30606.jpg,0.20666666666666667,0.09,0.0,0.0
CASIA2/Au/Au_cha_30607.jpg,0.2,0.20666666666666667,0.0,0.0
CASIA2/Au/Au_cha_30608.jpg,0.07,0.04,0.0,0.0
CASIA2/Au/Au_cha_30609.jpg,0.15333333333333332,0.17666666666666667,0.0,0.0
CASIA2/Au/Au_cha_30610.jpg,0.14333333333333334,0.14,0.0,0.0
CASIA2/Au/Au_cha_30612.jpg,0.2833333333333333,0.2966666666666667,0.0,0.0
CASIA2/Au/Au_cha_30613.jpg,0.14,0.013333333333333334,0.0,0.0
CASIA2/Au/Au_cha_30614.jpg,0.1,0.02666666666666667,0.0,0.0
CASIA2/Au/Au_cha_30615.jpg,0.4666666666666667,0.3,0.0,0.0
CASIA2/Au/Au_cha_30616.jpg,0.26666666666666666,0.13333333333333333,0.0,0.0
CASIA2/Au/Au_cha_30617.jpg,0.15,0.13666666666666666,0.0,0.0
CASIA2/Au/Au_cha_30618.jpg,0.5166666666666667,0.2966666666666667,0.0,0.0
CASIA2/Au/Au_cha_30619.jpg,0.03666666666666667,0.013333333333333334,0.0,0.0
CASIA2/Au/Au_cha_30620.jpg,0.34,0.19,0.0,0.0
CASIA2/Au/Au_cha_30621.jpg,0.39,0.2633333333333333,0.0,0.0016666666666666668
CASIA2/Au/Au_cha_30623.jpg,0.21,0.07666666666666666,0.0,0.0
CASIA2/Au/Au_cha_30624.jpg,0.3,0.13333333333333333,0.0,0.0012037037037037036
CASIA2/Au/Au_cha_30625.jpg,0.21,0.10666666666666667,0.0,0.0
CASIA2/Au/Au_cha_30626.jpg,0.08,0.05,0.0,0.0
CASIA2/Au/Au_cha_30627.jpg,0.32666666666666666,0.12,0.0,0.0
CASIA2/Au/Au_cha_30628.jpg,0.28,0.38,0.0,0.0
CASIA2/Au/Au_cha_30629.jpg,0.25666666666666665,0.09666666666666666,0.0,0.0
CASIA2/Au/Au_cha_30630.jpg,0.2866666666666667,0.03666666666666667,0.0,0.0
CASIA2/Au/Au_cha_30631.jpg,0.17333333333333334,0.08,0.0,0.0
CASIA2/Au/Au_cha_30632.jpg,0.33,0.13333333333333333,0.0,0.0
CASIA2/Au/Au_cha_30633.jpg,0.46,0.3933333333333333,0.0,0.0
CASIA2/Au/Au_cha_30634.jpg,0.25333333333333335,0.05333333333333334,0.0,0.0
CASIA2/Au/Au_cha_30635.jpg,0.63,0.16333333333333333,0.0,0.0
CASIA2/Au/Au_cha_30637.jpg,0.18666666666666668,0.1,0.0,0.0
CASIA2/Au/Au_cha_30639.jpg,0.15666666666666668,0.07,0.0,0.0
CASIA2/Au/Au_cha_30641.jpg,0.20666666666666667,0.016666666666666666,0.0,0.0
CASIA2/Au/Au_cha_30643.jpg,0.13,0.06666666666666667,0.0,0.0
CASIA2/Au/Au_cha_30644.jpg,0.17,0.05333333333333334,0.0,0.0
CASIA2/Au/Au_cha_30646.jpg,0.31,0.13,0.0,0.0
CASIA2/Au/Au_cha_30647.jpg,0.5633333333333334,0.44,0.0,0.0
CASIA2/Au/Au_cha_30648.jpg,0.12333333333333334,0.08333333333333333,0.0,0.0
CASIA2/Au/Au_cha_30650.jpg,0.12666666666666668,0.10666666666666667,0.0,0.0
CASIA2/Au/Au_cha_30651.jpg,0.1,0.04666666666666667,0.0,0.0
CASIA2/Au/Au_cha_30652.jpg,0.21,0.14,0.0,0.0
CASIA2/Au/Au_cha_30654.jpg,0.06333333333333334,0.02,0.0,0.0
CASIA2/Au/Au_cha_30655.jpg,0.15333333333333332,0.17666666666666667,0.0,0.0
CASIA2/Au/Au_cha_30656.jpg,0.24333333333333335,0.24333333333333335,0.0,0.0
CASIA2/Au/Au_cha_30657.jpg,0.08666666666666667,0.05,0.0,0.0
CASIA2/Au/Au_cha_30658.jpg,0.23666666666666666,0.22,0.0,0.0
CASIA2/Au/Au_cha_30659.jpg,0.2833333333333333,0.11,0.0,0.0
CASIA2/Au/Au_cha_30660.jpg,0.08,0.13,0.0,0.0
CASIA2/Au/Au_cha_30661.jpg,0.15333333333333332,0.09666666666666666,0.0,0.0
CASIA2/Au/Au_cha_30662.jpg,0.12666666666666668,0.05333333333333334,0.0,0.0
CASIA2/Au/Au_cha_30663.jpg,0.3233333333333333,0.08333333333333333,0.0,0.0
CASIA2/Au/Au_cha_30664.jpg,0.5433333333333333,0.06666666666666667,0.0,0.0
CASIA2/Au/Au_cha_30665.jpg,0.20333333333333334,0.10666666666666667,0.0,0.0
CASIA2/Au/Au_cha_30666.jpg,0.36666666666666664,0.46,0.0,0.0
CASIA2/Au/Au_cha_30667.jpg,0.09666666666666666,0.16,0.0,0.0
CASIA2/Au/Au_cha_30669.jpg,0.22666666666666666,0.07333333333333333,0.0,0.0
CASIA2/Au/Au_cha_30670.jpg,0.43333333333333335,0.38666666666666666,0.0,0.0
CASIA2/Au/Au_cha_30671.jpg,0.07,0.023333333333333334,0.0,0.0
CASIA2/Au/Au_cha_30672.jpg,0.32,0.16333333333333333,0.0,0.0
CASIA2/Au/Au_cha_30673.jpg,0.26666666666666666,0.08666666666666667,0.0,0.0
CASIA2/Au/Au_cha_30674.jpg,0.18,0.12333333333333334,0.0,0.0008333333333333334
CASIA2/Au/Au_cha_30675.jpg,0.043333333333333335,0.03,0.0,0.0
CASIA2/Au/Au_cha_30676.jpg,0.16666666666666666,0.14,0.0,0.0
CASIA2/Au/Au_cha_30677.jpg,0.0,0.0,0.0,0.0
CASIA2/Au/Au_cha_30678.jpg,0.17,0.02666666666666667,0.0,0.0
CASIA2/Au/Au_cha_30679.jpg,0.0033333333333333335,0.0,0.0,0.0
CASIA2/Au/Au_cha_30680.jpg,0.25333333333333335,0.08,0.0,0.0
CASIA2/Au/Au_cha_30682.jpg,0.056666666666666664,0.0033333333333333335,0.0,0.0
CASIA2/Au/Au_cha_30683.jpg,0.18666666666666668,0.14666666666666667,0.0,0.002
CASIA2/Au/Au_cha_30684.jpg,0.0,0.0,0.0,0.0
CASIA2/Au/Au_cha_30685.jpg,0.023333333333333334,0.013333333333333334,0.0,0.0
CASIA2/Au/Au_cha_30687.jpg,0.01,0.0,0.0,0.0
CASIA2/Au/Au_cha_30689.jpg,0.11666666666666667,0.0,0.0,0.0
CASIA2/Au/Au_cha_30690.jpg,0.37333333333333335,0.06333333333333334,0.0,0.0
CASIA2/Au/Au_cha_30691.jpg,0.44333333333333336,0.04,0.0,0.0
CASIA2/Au/Au_cha_30692.jpg,0.03333333333333333,0.0,0.0,0.0
CASIA2/Au/Au_cha_30693.jpg,0.006666666666666667,0.0,0.0,0.0
CASIA2/Au/Au_cha_30694.jpg,0.03666666666666667,0.0,0.0,0.0
CASIA2/Au/Au_cha_30695.jpg,0.0,0.0,0.0,0.0
CASIA2/Au/Au_cha_30696.jpg,0.06333333333333334,0.08333333333333333,0.0,0.0
CASIA2/Au/Au_cha_30697.jpg,0.03666666666666667,0.01,0.0,0.0
CASIA2/Au/Au_cha_30698.jpg,0.3,0.04666666666666667,0.0,0.0
CASIA2/Au/Au_cha_30700.jpg,0.01,0.0,0.0,0.0
CASIA2/Au/Au_cha_30701.jpg,0.02,0.01,0.0,0.0
CASIA2/Au/Au_cha_30702.jpg,0.0,0.0,0.0,0.0
CASIA2/Au/Au_cha_30703.jpg,0.0,0.0,0.0,0.0
CASIA2/Au/Au_cha_30704.jpg,0.02,0.0,0.0,0.0
CASIA2/Au/Au_cha_30705.jpg,0.10666666666666667,0.006666666666666667,0.0,0.0
CASIA2/Au/Au_cha_30706.jpg,0.04666666666666667,0.0033333333333333335,0.0,0.0
CASIA2/Au/Au_cha_30707.jpg,0.1,0.01,0.0,0.0
CASIA2/Au/Au_cha_30708.jpg,0.0,0.0,0.0,0.0
CASIA2/Au/Au_cha_30711.jpg,0.013333333333333334,0.0,0.0,0.0
CASIA2/Au/Au_cha_30712.jpg,0.17666666666666667,0.006666666666666667,0.0,0.0
CASIA2/Au/Au_cha_30713.jpg,0.0,0.0,0.0,0.0
CASIA2/Au/Au_cha_30714.jpg,0.0033333333333333335,0.0,0.0,0.0
CASIA2/Au/Au_cha_30715.jpg,0.0,0.0,0.0,0.0
CASIA2/Au/Au_cha_30718.jpg,0.013333333333333334,0.0,0.0,0.0
CASIA2/Au/Au_cha_30719.jpg,0.21666666666666667,0.01,0.0,0.0
CASIA2/Au/Au_ind_00001.jpg,0.24666666666666667,0.22333333333333333,0.003444444444444445,0.0014814814814814814
CASIA2/Au/Au_ind_00002.jpg,0.42,0.3333333333333333,0.0,0.0
CASIA2/Au/Au_ind_00003.jpg,0.4,0.31333333333333335,0.0,0.0
CASIA2/Au/Au_ind_00004.jpg,0.016666666666666666,0.02666666666666667,0.0,0.0
CASIA2/Au/Au_ind_00005.jpg,0.09,0.05,0.0,0.0
CASIA2/Au/Au_ind_00006.jpg,0.02,0.006666666666666667,0.0,0.0
CASIA2/Au/Au_ind_00007.jpg,0.14,0.12666666666666668,0.0,0.0
CASIA2/Au/Au_ind_00008.jpg,0.16666666666666666,0.04666666666666667,0.0,0.0
CASIA2/Au/Au_ind_00009.jpg,0.54,0.3433333333333333,0.0,0.0
CASIA2/Au/Au_ind_00010.jpg,0.25666666666666665,0.21333333333333335,0.0,0.0
CASIA2/Au/Au_ind_00011.jpg,0.1,0.08333333333333333,0.0,0.0
CASIA2/Au/Au_ind_00012.jpg,0.04,0.016666666666666666,0.0,0.0
CASIA2/Au/Au_ind_00013.jpg,0.23666666666666666,0.006666666666666667,0.0,0.0
CASIA2/Au/Au_ind_00014.jpg,0.0,0.0,0.0,0.0
CASIA2/Au/Au_ind_00015.jpg,0.0,0.0,0.0,0.0
CASIA2/Au/Au_ind_00016.jpg,0.0,0.0,0.0,0.0
CASIA2/Au/Au_ind_00017.jpg,0.08666666666666667,0.0,0.0,0.0
CASIA2/Au/Au_ind_00018.jpg,0.0,0.0,0.0,0.0
CASIA2/Au/Au_ind_00019.jpg,0.07333333333333333,0.013333333333333334,0.0,0.0
CASIA2/Au/Au_ind_00020.jpg,0.0,0.0,0.0,0.0
CASIA2/Au/Au_ind_00021.jpg,0.0,0.0,0.0,0.0
CASIA2/Au/Au_ind_00022.jpg,0.0,0.0,0.0,0.0
CASIA2/Au/Au_ind_00023.jpg,0.07,0.023333333333333334,0.0,0.0
CASIA2/Au/Au_ind_00024.jpg,0.14666666666666667,0.0033333333333333335,0.0,0.0
CASIA2/Au/Au_ind_00027.jpg,0.0,0.0,0.0,0.0
CASIA2/Au/Au_ind_00028.jpg,0.0,0.0,0.0,0.0
CASIA2/Au/Au_ind_00029.jpg,0.006666666666666667,0.0,0.0,0.0
CASIA2/Au/Au_ind_00030.jpg,0.023333333333333334,0.0,0.0,0.0
CASIA2/Au/Au_ind_00031.jpg,0.0,0.0,0.0,0.0
CASIA2/Au/Au_ind_00032.jpg,0.18,0.22333333333333333,0.0,0.0
CASIA2/Au/Au_ind_00033.jpg,0.18,0.07666666666666666,0.0,0.0
CASIA2/Au/Au_ind_00034.jpg,0.25,0.05333333333333334,0.0,0.0
CASIA2/Au/Au_ind_00035.jpg,0.56,0.43,0.0,0.0
CASIA2/Au/Au_ind_00036.jpg,0.10666666666666667,0.11,0.0,0.0
CASIA2/Au/Au_ind_00037.jpg,0.21333333333333335,0.10333333333333333,0.0,0.0
CASIA2/Au/Au_ind_00039.jpg,0.19333333333333333,0.23333333333333334,0.0,0.0
CASIA2/Au/Au_ind_00040.jpg,0.22666666666666666,0.19,0.0,0.0
CASIA2/Au/Au_ind_00041.jpg,0.04666666666666667,0.06333333333333334,0.0,0.0
CASIA2/Au/Au_ind_00042.jpg,0.14333333333333334,0.02666666666666667,0.0,0.0
CASIA2/Au/Au_ind_00044.jpg,0.09666666666666666,0.043333333333333335,0.0,0.0
CASIA2/Au/Au_ind_00045.jpg,0.20666666666666667,0.29,0.0,0.0
CASIA2/Au/Au_ind_00046.jpg,0.59,0.53,0.0,0.0
CASIA2/Au/Au_ind_00047.jpg,0.056666666666666664,0.1,0.0,0.0
CASIA2/Au/Au_ind_00048.jpg,0.11666666666666667,0.14,0.0,0.0
CASIA2/Au/Au_ind_00049.jpg,0.16666666666666666,0.14,0.0,0.0
CASIA2/Au/Au_ind_00050.jpg,0.07,0.07333333333333333,0.0,0.0
CASIA2/Au/Au_ind_00051.jpg,0.06,0.056666666666666664,0.0,0.0
CASIA2/Au/Au_ind_00052.jpg,0.4266666666666667,0.41333333333333333,0.0,0.0
CASIA2/Au/Au_ind_00053.jpg,0.3433333333333333,0.27,0.0,0.0
CASIA2/Au/Au_ind_00054.jpg,0.5033333333333333,0.4033333333333333,0.0,0.0
CASIA2/Au/Au_ind_00055.jpg,0.25333333333333335,0.16666666666666666,0.0,0.0
CASIA2/Au/Au_ind_00057.jpg,0.32,0.24666666666666667,0.0,0.0
CASIA2/Au/Au_ind_00059.jpg,0.11666666666666667,0.04666666666666667,0.0,0.0
CASIA2/Au/Au_ind_00061.jpg,0.13333333333333333,0.08,0.0,0.0
CASIA2/Au/Au_ind_00062.jpg,0.38,0.11333333333333333,0.0,0.0
CASIA2/Au/Au_ind_00063.jpg,0.18333333333333332,0.06333333333333334,0.0,0.0
CASIA2/Au/Au_ind_00066.jpg,0.69,0.6,0.0,0.0
CASIA2/Au/Au_ind_00068.jpg,0.10333333333333333,0.11,0.0,0.0
CASIA2/Au/Au_ind_00069.jpg,0.12333333333333334,0.11,0.0,0.0
CASIA2/Au/Au_ind_00070.jpg,0.4266666666666667,0.16333333333333333,0.0,0.0
CASIA2/Au/Au_ind_00071.jpg,0.6,0.45,0.0,0.0
CASIA2/Au/Au_ind_00072.jpg,0.48,0.39,0.0,0.0
CASIA2/Au/Au_ind_00073.jpg,0.14666666666666667,0.15666666666666668,0.0,0.0
CASIA2/Au/Au_ind_00075.jpg,0.36666666666666664,0.3233333333333333,0.0,0.0
CASIA2/Au/Au_ind_00076.jpg,0.05,0.05,0.00125,0.0
CASIA2/Au/Au_ind_00077.jpg,0.056666666666666664,0.07,0.0,0.0
CASIA2/Au/Au_ind_00078.jpg,0.11333333333333333,0.19666666666666666,0.0,0.0
CASIA2/Au/Au_ind_00079.jpg,0.5966666666666667,0.5766666666666667,0.0,0.0
CASIA2/Au/Au_ind_00080.jpg,0.15,0.10666666666666667,0.0,0.0
CASIA2/Au/Au_ind_00081.jpg,0.06666666666666667,0.07333333333333333,0.0,0.0
CASIA2/Au/Au_ind_00082.jpg,0.14666666666666667,0.03333333333333333,0.0,0.0
CASIA2/Au/Au_ind_00083.jpg,0.07666666666666666,0.08,0.0,0.0
CASIA2/Au/Au_ind_00084.jpg,0.19666666666666666,0.24666666666666667,0.0,0.0
CASIA2/Au/Au_ind_00085.jpg,0.6166666666666667,0.56,0.0,0.0044444444444444444
CASIA2/Au/Au_ind_00086.jpg,0.043333333333333335,0.09666666666666666,0.0,0.0
CASIA2/Au/Au_ind_00087.jpg,0.7333333333333333,0.65,0.0,0.0
CASIA2/Au/Au_ind_00088.jpg,0.24,0.14333333333333334,0.0,0.0
CASIA2/Au/Au_ind_00089.jpg,0.25666666666666665,0.20333333333333334,0.0,0.0
CASIA2/Au/Au_ind_00090.jpg,0.3433333333333333,0.27,0.0,0.0
CASIA2/Au/Au_ind_00092.jpg,0.02666666666666667,0.0,0.0,0.0
CASIA2/Au/Au_ind_00093.jpg,0.0,0.0,0.0,0.0
CASIA2/Au/Au_ind_00095.jpg,0.11,0.006666666666666667,0.0,0.0
CASIA2/Au/Au_ind_00096.jpg,0.043333333333333335,0.0033333333333333335,0.0,0.0
CASIA2/Au/Au_ind_00097.jpg,0.03333333333333333,0.0033333333333333335,0.0,0.0
CASIA2/Au/Au_ind_00099.jpg,0.19333333333333333,0.03666666666666667,0.0,0.0
CASIA2/Au/Au_ind_00100.jpg,0.14666666666666667,0.05333333333333334,0.0,0.0
CASIA2/Au/Au_ind_10001.jpg,0.61,0.61,0.66,0.5682468642468644
CASIA2/Au/Au_ind_10002.jpg,0.72,0.6466666666666666,0.37333333333333335,0.5975896140896141
CASIA2/Au/Au_ind_10101.jpg,0.5666666666666667,0.5033333333333333,0.11196188071188068,0.11247763347763348
CASIA2/Au/Au_ind_10102.jpg,0.8466666666666667,0.95,0.8391599419099417,0.915589641839642
CASIA2/Au/Au_ind_20001.jpg,0.12,0.24,0.0033333333333333335,0.0024814814814814816
CASIA2/Au/Au_ind_20002.jpg,0.03333333333333333,0.21,0.0,0.0027272727272727275
CASIA2/Au/Au_ind_20003.jpg,0.11333333333333333,0.29333333333333333,0.006666666666666667,0.01804761904761905
CASIA2/Au/Au_ind_20004.jpg,0.19666666666666666,0.44,0.0,0.0021666666666666666
CASIA2/Au/Au_ind_20005.jpg,0.3933333333333333,0.5033333333333333,0.02,0.033284391534391534
CASIA2/Au/Au_ind_20006.jpg,0.14666666666666667,0.3333333333333333,0.02666666666666667,0.01809848484848485
CASIA2/Au/Au_ind_20008.jpg,0.74,0.7166666666666667,0.013666666666666669,0.029249999999999995
CASIA2/Au/Au_ind_20009.jpg,0.5666666666666667,0.5133333333333333,0.02666666666666667,0.03283394383394383
CASIA2/Au/Au_ind_20011.jpg,0.7266666666666667,0.5066666666666667,0.01,0.008714285714285714
CASIA2/Au/Au_ind_20013.jpg,0.5766666666666667,0.55,0.008238095238095237,0.0030555555555555553
CASIA2/Au/Au_ind_20014.jpg,0.63,0.8133333333333334,0.0,0.010714285714285714
CASIA2/Au/Au_ind_20015.jpg,0.5633333333333334,0.5933333333333334,0.0,0.0
CASIA2/Au/Au_ind_20016.jpg,0.4766666666666667,0.44,0.0033333333333333335,0.004571428571428572
CASIA2/Au/Au_ind_20017.jpg,0.16,0.45666666666666667,0.006666666666666667,0.005968013468013469
CASIA2/Au/Au_ind_20018.jpg,0.88,0.94,0.0033333333333333335,0.03743506493506493
CASIA2/Au/Au_ind_20019.jpg,0.10333333333333333,0.05333333333333334,0.0,0.001976190476190476
CASIA2/Au/Au_ind_20020.jpg,0.2,0.22666666666666666,0.0,0.0
CASIA2/Au/Au_ind_20021.jpg,0.32,0.25666666666666665,0.0013333333333333335,0.0
CASIA2/Au/Au_ind_20022.jpg,0.39666666666666667,0.38333333333333336,0.0,0.002333333333333333
CASIA2/Au/Au_ind_20023.jpg,0.29333333333333333,0.35333333333333333,0.051035714285714275,0.0678155363155363
CASIA2/Au/Au_ind_20024.jpg,0.4666666666666667,0.5033333333333333,0.03387638287638287,0.0861106301106301
CASIA2/Au/Au_ind_20025.jpg,0.38666666666666666,0.34,0.08,0.03658994708994709
CASIA2/Au/Au_ind_20026.jpg,0.4166666666666667,0.3466666666666667,0.0,0.0025
CASIA2/Au/Au_ind_20027.jpg,0.66,0.5033333333333333,0.012965608465608465,0.01764814814814815
CASIA2/Au/Au_ind_20030.jpg,0.4066666666666667,0.54,0.08,0.12408628408628407
CASIA2/Au/Au_ind_20031.jpg,0.3233333333333333,0.31333333333333335,0.0,0.0
CASIA2/Au/Au_ind_20032.jpg,0.62,0.6133333333333333,0.006666666666666667,0.008075757575757576
CASIA2/Au/Au_ind_20033.jpg,0.73,0.76,0.021835497835497836,0.05793121693121693
CASIA2/Au/Au_ind_20034.jpg,0.6866666666666666,0.71,0.0024242424242424242,0.006309523809523809
CASIA2/Au/Au_ind_20036.jpg,0.5733333333333334,0.41,0.028195406445406444,0.022946886446886448
CASIA2/Au/Au_ind_20037.jpg,0.8566666666666667,0.85,0.5233333333333333,0.6734157329598507
CASIA2/Au/Au_ind_20038.jpg,0.4866666666666667,0.5,0.04666666666666667,0.0496571669071669
CASIA2/Au/Au_ind_20039.jpg,0.3333333333333333,0.28,0.012665945165945167,0.00125
CASIA2/Au/Au_ind_20041.jpg,0.5866666666666667,0.5766666666666667,0.0033333333333333335,0.0052976190476190475
CASIA2/Au/Au_ind_20042.jpg,0.39666666666666667,0.35,0.03333333333333333,0.03304425204425205
CASIA2/Au/Au_ind_20043.jpg,0.45,0.5066666666666667,0.0,0.008935185185185185
CASIA2/Au/Au_ind_20044.jpg,0.2866666666666667,0.41333333333333333,0.0033333333333333335,0.008544973544973546
CASIA2/Au/Au_ind_20045.jpg,0.76,0.8433333333333334,0.023333333333333334,0.029805074555074557
CASIA2/Au/Au_ind_20047.jpg,0.2866666666666667,0.44333333333333336,0.01,0.0075
CASIA2/Au/Au_ind_20048.jpg,0.7566666666666667,0.7066666666666667,0.08923027898027895,0.1150928145928146
CASIA2/Au/Au_ind_20049.jpg,0.6433333333333333,0.84,0.09599795574795575,0.11129497354497356
CASIA2/Au/Au_ind_20051.jpg,0.8566666666666667,0.7333333333333333,0.7036080401080405,0.7885767195767195
CASIA2/Au/Au_ind_20052.jpg,0.44666666666666666,0.4033333333333333,0.043333333333333335,0.03241895141895142
CASIA2/Au/Au_ind_20054.jpg,0.4066666666666667,0.38333333333333336,0.45666666666666667,0.5393658476599651
CASIA2/Au/Au_ind_20055.jpg,0.4,0.48,0.0,0.017273809523809525
CASIA2/Au/Au_ind_20056.jpg,0.6666666666666666,0.6566666666666666,0.007904761904761904,0.020570105820105825
CASIA2/Au/Au_ind_20057.jpg,0.7133333333333334,0.6466666666666666,0.05,0.06769311244311242
CASIA2/Au/Au_ind_20059.jpg,0.7133333333333334,0.8033333333333333,0.08666666666666667,0.15945238095238093
CASIA2/Au/Au_ind_20060.jpg,0.6,0.4533333333333333,0.0,0.0
CASIA2/Au/Au_ind_20061.jpg,0.44,0.3466666666666667,0.0,0.0033333333333333335
CASIA2/Au/Au_ind_20062.jpg,0.3333333333333333,0.11666666666666667,0.0,0.0
CASIA2/Au/Au_ind_20063.jpg,0.3933333333333333,0.31,0.0,0.0
CASIA2/Au/Au_ind_20064.jpg,0.2733333333333333,0.2,0.0,0.0009523809523809524
CASIA2/Au/Au_ind_20065.jpg,0.4633333333333333,0.21333333333333335,0.0,0.0
CASIA2/Au/Au_ind_30001.jpg,0.06,0.006666666666666667,0.0,0.0
CASIA2/Au/Au_ind_30002.jpg,0.06,0.04666666666666667,0.0,0.0
CASIA2/Au/Au_ind_30003.jpg,0.0,0.0,0.0,0.0
CASIA2/Au/Au_ind_30004.jpg,0.23333333333333334,0.15666666666666668,0.0,0.0
CASIA2/Au/Au_ind_30005.jpg,0.12333333333333334,0.12,0.0,0.0
CASIA2/Au/Au_ind_30006.jpg,0.23333333333333334,0.043333333333333335,0.0,0.0
CASIA2/Au/Au_ind_30007.jpg,0.25666666666666665,0.08,0.0,0.0019047619047619048
CASIA2/Au/Au_ind_30009.jpg,0.19666666666666666,0.04666666666666667,0.0,0.0
CASIA2/Au/Au_ind_30010.jpg,0.06333333333333334,0.08333333333333333,0.0,0.0
CASIA2/Au/Au_ind_30012.jpg,0.51,0.05,0.0,0.0
CASIA2/Au/Au_ind_30015.jpg,0.30333333333333334,0.05333333333333334,0.0,0.0
CASIA2/Au/Au_ind_30016.jpg,0.07666666666666666,0.02666666666666667,0.0,0.0
CASIA2/Au/Au_ind_30017.jpg,0.48333333333333334,0.4633333333333333,0.0,0.0
CASIA2/Au/Au_ind_30018.jpg,0.8033333333333333,0.7666666666666667,0.0,0.0
CASIA2/Au/Au_ind_30019.jpg,0.35333333333333333,0.3433333333333333,0.0,0.0
CASIA2/Au/Au_ind_30020.jpg,0.10666666666666667,0.07,0.0,0.0
CASIA2/Au/Au_ind_30021.jpg,0.29333333333333333,0.25666666666666665,0.0,0.0
CASIA2/Au/Au_ind_30022.jpg,0.2833333333333333,0.08666666666666667,0.0,0.0
CASIA2/Au/Au_ind_30024.jpg,0.36333333333333334,0.35333333333333333,0.0,0.0
CASIA2/Au/Au_ind_30025.jpg,0.3233333333333333,0.18,0.0,0.0
CASIA2/Au/Au_ind_30026.jpg,0.4,0.21666666666666667,0.0,0.0
CASIA2/Au/Au_ind_30027.jpg,0.27666666666666667,0.07333333333333333,0.0,0.0
CASIA2/Au/Au_ind_30028.jpg,0.13666666666666666,0.08333333333333333,0.0033333333333333335,0.0
CASIA2/Au/Au_ind_30029.jpg,0.23666666666666666,0.16,0.0,0.0
CASIA2/Au/Au_ind_30030.jpg,0.5433333333333333,0.07,0.0,0.0
CASIA2/Au/Au_ind_30031.jpg,0.7133333333333334,0.6266666666666667,0.0,0.0
CASIA2/Au/Au_ind_30032.jpg,0.1,0.03333333333333333,0.0,0.0
CASIA2/Au/Au_ind_30033.jpg,0.5866666666666667,0.33,0.0,0.0
CASIA2/Au/Au_ind_30037.jpg,0.3433333333333333,0.2633333333333333,0.0,0.0
CASIA2/Au/Au_ind_30038.jpg,0.11333333333333333,0.16666666666666666,0.0,0.0
CASIA2/Au/Au_ind_30039.jpg,0.20333333333333334,0.07666666666666666,0.0,0.0
CASIA2/Au/Au_ind_30040.jpg,0.07666666666666666,0.08666666666666667,0.0,0.0
CASIA2/Au/Au_ind_30041.jpg,0.30333333333333334,0.2,0.0,0.0
CASIA2/Au/Au_ind_30043.jpg,0.2633333333333333,0.29,0.0,0.0
CASIA2/Au/Au_ind_30044.jpg,0.7033333333333334,0.6466666666666666,0.0,0.0
CASIA2/Au/Au_ind_30045.jpg,0.0033333333333333335,0.0033333333333333335,0.0,0.0
CASIA2/Au/Au_ind_30046.jpg,0.0,0.0,0.0,0.0
CASIA2/Au/Au_ind_30047.jpg,0.08333333333333333,0.0033333333333333335,0.0,0.0
CASIA2/Au/Au_ind_30048.jpg,0.04,0.0033333333333333335,0.0,0.0
CASIA2/Au/Au_ind_30049.jpg,0.12,0.0,0.0,0.0
CASIA2/Au/Au_ind_30050.jpg,0.023333333333333334,0.0,0.0,0.0
CASIA2/Au/Au_ind_30051.jpg,0.0,0.0,0.0,0.0
CASIA2/Au/Au_ind_30053.jpg,0.09666666666666666,0.0,0.0,0.0
CASIA2/Au/Au_ind_30054.jpg,0.08333333333333333,0.01,0.0,0.0
CASIA2/Au/Au_ind_30055.jpg,0.043333333333333335,0.0,0.0,0.0
CASIA2/Au/Au_ind_30056.jpg,0.006666666666666667,0.0,0.0,0.0
CASIA2/Au/Au_ind_30057.jpg,0.38,0.06,0.0,0.0
CASIA2/Au/Au_ind_30058.jpg,0.4166666666666667,0.2733333333333333,0.0,0.0025555555555555553
CASIA2/Au/Au_ind_30059.jpg,0.4266666666666667,0.41333333333333333,0.0,0.0
CASIA2/Au/Au_ind_30060.jpg,0.4266666666666667,0.3233333333333333,0.0,0.003076923076923077
CASIA2/Au/Au_ind_30061.jpg,0.10666666666666667,0.11,0.0,0.0
CASIA2/Au/Au_ind_30063.jpg,0.04666666666666667,0.023333333333333334,0.0,0.0
CASIA2/Au/Au_ind_30064.jpg,0.20666666666666667,0.006666666666666667,0.0,0.0
CASIA2/Au/Au_ind_30065.jpg,0.23333333333333334,0.06333333333333334,0.0,0.0
CASIA2/Au/Au_ind_30066.jpg,0.31666666666666665,0.04,0.0,0.0
CASIA2/Au/Au_ind_30067.jpg,0.09333333333333334,0.006666666666666667,0.0,0.0
CASIA2/Au/Au_ind_30068.jpg,0.11666666666666667,0.04666666666666667,0.0,0.0
CASIA2/Au/Au_ind_30070.jpg,0.18666666666666668,0.07666666666666666,0.0,0.0
CASIA2/Au/Au_ind_30071.jpg,0.3566666666666667,0.22333333333333333,0.0,0.0
CASIA2/Au/Au_ind_30072.jpg,0.18,0.09,0.0,0.0
CASIA2/Au/Au_ind_30073.jpg,0.2733333333333333,0.08,0.0,0.0
CASIA2/Au/Au_ind_30074.jpg,0.11666666666666667,0.02666666666666667,0.0,0.0
CASIA2/Au/Au_ind_30075.jpg,0.31666666666666665,0.07333333333333333,0.0,0.0
CASIA2/Au/Au_ind_30078.jpg,0.02666666666666667,0.02,0.0,0.0
CASIA2/Au/Au_ind_30079.jpg,0.39,0.06333333333333334,0.0,0.0
CASIA2/Au/Au_ind_30081.jpg,0.25333333333333335,0.06,0.0,0.0
CASIA2/Au/Au_ind_30082.jpg,0.15333333333333332,0.023333333333333334,0.0,0.0
CASIA2/Au/Au_ind_30084.jpg,0.16666666666666666,0.07,0.0,0.0
CASIA2/Au/Au_ind_30085.jpg,0.12,0.016666666666666666,0.0,0.0
CASIA2/Au/Au_ind_30086.jpg,0.72,0.6633333333333333,0.0,0.0
CASIA2/Au/Au_ind_30087.jpg,0.23333333333333334,0.07,0.0,0.0
CASIA2/Au/Au_ind_30088.jpg,0.13,0.03333333333333333,0.0,0.0
CASIA2/Au/Au_ind_30089.jpg,0.3466666666666667,0.1,0.0,0.0
CASIA2/Au/Au_ind_30090.jpg,0.2833333333333333,0.20333333333333334,0.0,0.0
CASIA2/Au/Au_ind_30091.jpg,0.24333333333333335,0.043333333333333335,0.0,0.0
CASIA2/Au/Au_ind_30093.jpg,0.07666666666666666,0.03333333333333333,0.0,0.0
CASIA2/Au/Au_ind_30094.jpg,0.27666666666666667,0.23333333333333334,0.0,0.0015
CASIA2/Au/Au_ind_30095.jpg,0.05333333333333334,0.03333333333333333,0.0,0.0
CASIA2/Au/Au_ind_30096.jpg,0.25333333333333335,0.03333333333333333,0.0,0.0
CASIA2/Au/Au_ind_30098.jpg,0.17,0.09333333333333334,0.0,0.0
CASIA2/Au/Au_ind_30101.jpg,0.3333333333333333,0.17666666666666667,0.0,0.0
CASIA2/Au/Au_ind_30102.jpg,0.02666666666666667,0.013333333333333334,0.0,0.0
CASIA2/Au/Au_ind_30106.jpg,0.06,0.016666666666666666,0.0,0.0
CASIA2/Au/Au_ind_30107.jpg,0.09666666666666666,0.043333333333333335,0.0,0.0
CASIA2/Au/Au_ind_30109.jpg,0.21333333333333335,0.0033333333333333335,0.0,0.0
CASIA2/Au/Au_ind_30110.jpg,0.10666666666666667,0.07,0.0,0.0
CASIA2/Au/Au_ind_30112.jpg,0.10333333333333333,0.013333333333333334,0.0,0.0
CASIA2/Au/Au_ind_30113.jpg,0.11333333333333333,0.04666666666666667,0.0,0.0
CASIA2/Au/Au_ind_30115.jpg,0.21,0.05,0.0,0.0
CASIA2/Au/Au_ind_30116.jpg,0.37333333333333335,0.056666666666666664,0.0,0.0
CASIA2/Au/Au_ind_30118.jpg,0.11,0.03666666666666667,0.0008333333333333334,0.0008333333333333334
CASIA2/Au/Au_ind_30119.jpg,0.26,0.04666666666666667,0.0,0.0
CASIA2/Au/Au_ind_30120.jpg,0.08666666666666667,0.04666666666666667,0.0,0.0
CASIA2/Au/Au_ind_30122.jpg,0.2,0.05333333333333334,0.0,0.0
CASIA2/Au/Au_ind_30123.jpg,0.16666666666666666,0.07,0.0,0.0
CASIA2/Au/Au_ind_30124.jpg,0.13666666666666666,0.05,0.0,0.0
CASIA2/Au/Au_ind_30125.jpg,0.1,0.03333333333333333,0.0,0.0
CASIA2/Au/Au_ind_30127.jpg,0.08666666666666667,0.06,0.0,0.0
CASIA2/Au/Au_ind_30128.jpg,0.11666666666666667,0.11666666666666667,0.0,0.0
CASIA2/Au/Au_ind_30129.jpg,0.07666666666666666,0.07666666666666666,0.0,0.0005555555555555556
CASIA2/Au/Au_ind_30130.jpg,0.29333333333333333,0.07666666666666666,0.0,0.0006666666666666668
CASIA2/Au/Au_ind_30131.jpg,0.15,0.13666666666666666,0.0,0.0
CASIA2/Au/Au_ind_30132.jpg,0.08,0.02,0.0,0.0
CASIA2/Au/Au_ind_30133.jpg,0.20666666666666667,0.03,0.0,0.0
CASIA2/Au/Au_ind_30134.jpg,0.03333333333333333,0.02666666666666667,0.0,0.0
CASIA2/Au/Au_ind_30135.jpg,0.19333333333333333,0.18,0.0,0.0
CASIA2/Au/Au_ind_30136.jpg,0.056666666666666664,0.013333333333333334,0.0,0.0
CASIA2/Au/Au_ind_30137.jpg,0.3566666666666667,0.35,0.0,0.0
CASIA2/Au/Au_ind_30138.jpg,0.2866666666666667,0.22,0.0,0.0
CASIA2/Au/Au_ind_30139.jpg,0.08666666666666667,0.03333333333333333,0.0,0.0
CASIA2/Au/Au_ind_30140.jpg,0.3333333333333333,0.28,0.0,0.0
CASIA2/Au/Au_ind_30141.jpg,0.7066666666666667,0.6666666666666666,0.0,0.0
CASIA2/Au/Au_ind_30142.jpg,0.19666666666666666,0.056666666666666664,0.0,0.0
CASIA2/Au/Au_ind_30143.jpg,0.12,0.1,0.0,0.0
CASIA2/Au/Au_ind_30144.jpg,0.35,0.24666666666666667,0.0,0.0
CASIA2/Au/Au_ind_30145.jpg,0.23,0.18333333333333332,0.0,0.0
CASIA2/Au/Au_ind_30146.jpg,0.5433333333333333,0.37666666666666665,0.0,0.0
CASIA2/Au/Au_ind_30147.jpg,0.5766666666666667,0.48,0.0,0.0
CASIA2/Au/Au_ind_30148.jpg,0.44333333333333336,0.3,0.0,0.0
CASIA2/Au/Au_ind_30149.jpg,0.19333333333333333,0.043333333333333335,0.0,0.0
CASIA2/Au/Au_ind_30150.jpg,0.22666666666666666,0.19,0.0,0.0
CASIA2/Au/Au_ind_30151.jpg,0.2633333333333333,0.18666666666666668,0.0044444444444444444,0.0
CASIA2/Au/Au_ind_30152.jpg,0.3333333333333333,0.07333333333333333,0.0,0.0
CASIA2/Au/Au_ind_30153.jpg,0.11,0.08333333333333333,0.0033333333333333335,0.0015
CASIA2/Au/Au_ind_30154.jpg,0.17333333333333334,0.14666666666666667,0.0,0.0
CASIA2/Au/Au_ind_30155.jpg,0.1,0.03333333333333333,0.0,0.0
CASIA2/Au/Au_ind_30156.jpg,0.20666666666666667,0.1,0.0,0.0008333333333333334
CASIA2/Au/Au_ind_30158.jpg,0.11,0.11666666666666667,0.0,0.0
CASIA2/Au/Au_ind_30161.jpg,0.19,0.12,0.0,0.0
CASIA2/Au/Au_ind_30162.jpg,0.16666666666666666,0.03333333333333333,0.0,0.0
CASIA2/Au/Au_ind_30163.jpg,0.06,0.06333333333333334,0.0,0.0
CASIA2/Au/Au_ind_30164.jpg,0.12666666666666668,0.05,0.0,0.0
CASIA2/Au/Au_ind_30165.jpg,0.02666666666666667,0.03,0.0,0.0
CASIA2/Au/Au_ind_30166.jpg,0.07,0.0,0.0,0.0
CASIA2/Au/Au_ind_30167.jpg,0.08666666666666667,0.013333333333333334,0.0,0.0
CASIA2/Au/Au_ind_30168.jpg,0.37666666666666665,0.31333333333333335,0.0,0.0
CASIA2/Au/Au_ind_30169.jpg,0.6466666666666666,0.22666666666666666,0.0,0.0
CASIA2/Au/Au_ind_30170.jpg,0.24666666666666667,0.05333333333333334,0.0,0.0
CASIA2/Au/Au_ind_30171.jpg,0.03666666666666667,0.01,0.0,0.0
CASIA2/Au/Au_ind_30172.jpg,0.1,0.09,0.0,0.0
CASIA2/Au/Au_ind_30173.jpg,0.14666666666666667,0.05333333333333334,0.0,0.0
CASIA2/Au/Au_ind_30175.jpg,0.32,0.24666666666666667,0.0,0.0
CASIA2/Au/Au_nat_00002.jpg,0.06333333333333334,0.01,0.0,0.0
CASIA2/Au/Au_nat_00003.jpg,0.09,0.0033333333333333335,0.0,0.0
CASIA2/Au/Au_nat_00004.jpg,0.02,0.0033333333333333335,0.0,0.0
CASIA2/Au/Au_nat_00005.jpg,0.03666666666666667,0.0,0.0,0.0
CASIA2/Au/Au_nat_00007.jpg,0.10333333333333333,0.0033333333333333335,0.0,0.0
CASIA2/Au/Au_nat_00008.jpg,0.023333333333333334,0.0,0.0,0.0
CASIA2/Au/Au_nat_00009.jpg,0.0,0.0,0.0,0.0
CASIA2/Au/Au_nat_00010.jpg,0.04,0.0,0.0,0.0
CASIA2/Au/Au_nat_00011.jpg,0.03333333333333333,0.006666666666666667,0.0,0.0
CASIA2/Au/Au_nat_00012.jpg,0.0033333333333333335,0.0033333333333333335,0.0,0.0
CASIA2/Au/Au_nat_00013.jpg,0.1,0.0033333333333333335,0.0,0.0
CASIA2/Au/Au_nat_00014.jpg,0.0033333333333333335,0.0,0.0,0.0
CASIA2/Au/Au_nat_00015.jpg,0.0033333333333333335,0.0,0.0,0.0
CASIA2/Au/Au_nat_00016.jpg,0.006666666666666667,0.0,0.0,0.0
CASIA2/Au/Au_nat_00017.jpg,0.06333333333333334,0.0,0.0,0.0
CASIA2/Au/Au_nat_00018.jpg,0.24333333333333335,0.01,0.0,0.0
CASIA2/Au/Au_nat_00019.jpg,0.0,0.0,0.0,0.0
CASIA2/Au/Au_nat_00020.jpg,0.02666666666666667,0.0,0.0,0.00037037037037037035
CASIA2/Au/Au_nat_00021.jpg,0.0033333333333333335,0.0,0.0,0.0
CASIA2/Au/Au_nat_00022.jpg,0.08666666666666667,0.0,0.0,0.0
CASIA2/Au/Au_nat_00023.jpg,0.21333333333333335,0.016666666666666666,0.0,0.0025
CASIA2/Au/Au_nat_00024.jpg,0.0,0.0,0.0,0.0
CASIA2/Au/Au_nat_00026.jpg,0.0,0.0,0.0,0.0
CASIA2/Au/Au_nat_00027.jpg,0.0,0.0,0.0,0.0
CASIA2/Au/Au_nat_00028.jpg,0.22333333333333333,0.03333333333333333,0.0,0.0
CASIA2/Au/Au_nat_00029.jpg,0.013333333333333334,0.0,0.0,0.0
CASIA2/Au/Au_nat_00030.jpg,0.01,0.0,0.0,0.0
CASIA2/Au/Au_nat_00031.jpg,0.05333333333333334,0.0,0.0,0.0
CASIA2/Au/Au_nat_00032.jpg,0.08333333333333333,0.0,0.0,0.0
CASIA2/Au/Au_nat_00033.jpg,0.01,0.0,0.0,0.0
CASIA2/Au/Au_nat_00035.jpg,0.0,0.0,0.0,0.0
CASIA2/Au/Au_nat_00036.jpg,0.013333333333333334,0.01,0.0,0.0
CASIA2/Au/Au_nat_00037.jpg,0.013333333333333334,0.0,0.0,0.0
CASIA2/Au/Au_nat_00038.jpg,0.03333333333333333,0.0,0.0,0.0
CASIA2/Au/Au_nat_00039.jpg,0.013333333333333334,0.0,0.0,0.0
CASIA2/Au/Au_nat_00040.jpg,0.0,0.0,0.0,0.0
CASIA2/Au/Au_nat_00041.jpg,0.09666666666666666,0.0033333333333333335,0.0,0.0
CASIA2/Au/Au_nat_00042.jpg,0.01,0.0,0.0,0.0
CASIA2/Au/Au_nat_00043.jpg,0.0033333333333333335,0.0,0.0,0.0
CASIA2/Au/Au_nat_00044.jpg,0.20333333333333334,0.013333333333333334,0.0,0.0
CASIA2/Au/Au_nat_00045.jpg,0.31,0.04,0.0,0.0
CASIA2/Au/Au_nat_00046.jpg,0.25,0.19333333333333333,0.0,0.0
CASIA2/Au/Au_nat_00048.jpg,0.09,0.02,0.0,0.0
CASIA2/Au/Au_nat_00049.jpg,0.25,0.02666666666666667,0.0,0.0
CASIA2/Au/Au_nat_00050.jpg,0.26666666666666666,0.06333333333333334,0.0,0.0005555555555555556
CASIA2/Au/Au_nat_00051.jpg,0.59,0.4,0.0,0.0022222222222222222
CASIA2/Au/Au_nat_00052.jpg,0.23666666666666666,0.14,0.0,0.0
CASIA2/Au/Au_nat_00053.jpg,0.32,0.23333333333333334,0.0,0.0
CASIA2/Au/Au_nat_00054.jpg,0.23333333333333334,0.1,0.0,0.0
CASIA2/Au/Au_nat_00055.jpg,0.16333333333333333,0.07333333333333333,0.0,0.0
CASIA2/Au/Au_nat_00056.jpg,0.91,0.86,0.0,0.013735070485070484
CASIA2/Au/Au_nat_00058.jpg,0.11333333333333333,0.043333333333333335,0.0,0.0006666666666666668
CASIA2/Au/Au_nat_00059.jpg,0.24,0.14666666666666667,0.0,0.0
CASIA2/Au/Au_nat_00060.jpg,0.16666666666666666,0.20333333333333334,0.0,0.0
CASIA2/Au/Au_nat_00061.jpg,0.31333333333333335,0.056666666666666664,0.0,0.0
CASIA2/Au/Au_nat_00062.jpg,0.45,0.16,0.0037301587301587303,0.0033333333333333335
CASIA2/Au/Au_nat_00063.jpg,0.29,0.26666666666666666,0.0,0.0
CASIA2/Au/Au_nat_00065.jpg,0.11,0.17666666666666667,0.0,0.0
CASIA2/Au/Au_nat_00066.jpg,0.21,0.12666666666666668,0.002380952380952381,0.0
CASIA2/Au/Au_nat_00068.jpg,0.38666666666666666,0.28,0.0,0.0
CASIA2/Au/Au_nat_00069.jpg,0.1,0.02,0.0,0.0
CASIA2/Au/Au_nat_00070.jpg,0.02666666666666667,0.21333333333333335,0.0,0.014416666666666668
CASIA2/Au/Au_nat_00072.jpg,0.23333333333333334,0.17,0.0,0.002
CASIA2/Au/Au_nat_00073.jpg,0.24333333333333335,0.18666666666666668,0.0,0.0
CASIA2/Au/Au_nat_00074.jpg,0.47,0.7466666666666667,0.001989417989417989,0.0011111111111111111
CASIA2/Au/Au_nat_00075.jpg,0.1,0.20666666666666667,0.0,0.0
CASIA2/Au/Au_nat_00076.jpg,0.17666666666666667,0.08,0.0,0.0
CASIA2/Au/Au_nat_00078.jpg,0.0,0.0033333333333333335,0.0,0.0
CASIA2/Au/Au_nat_00079.jpg,0.19333333333333333,0.03666666666666667,0.0013333333333333335,0.0008333333333333334
CASIA2/Au/Au_nat_00080.jpg,0.41,0.42333333333333334,0.0033333333333333335,0.0008333333333333334
CASIA2/Au/Au_nat_00081.jpg,0.2733333333333333,0.14,0.0,0.0
CASIA2/Au/Au_nat_00082.jpg,0.18666666666666668,0.16333333333333333,0.0,0.0
CASIA2/Au/Au_nat_00084.jpg,0.6033333333333334,0.5166666666666667,0.0,0.0
CASIA2/Au/Au_nat_00085.jpg,0.13666666666666666,0.15,0.0,0.0
CASIA2/Au/Au_nat_00088.jpg,0.29,0.19333333333333333,0.0,0.0
CASIA2/Au/Au_nat_00089.jpg,0.13666666666666666,0.13666666666666666,0.0025833333333333333,0.0
CASIA2/Au/Au_nat_00091.jpg,0.27,0.23,0.0,0.0016666666666666668
CASIA2/Au/Au_nat_00092.jpg,0.26666666666666666,0.35,0.0,0.0
CASIA2/Au/Au_nat_00093.jpg,0.2633333333333333,0.26,0.0,0.0
CASIA2/Au/Au_nat_00094.jpg,0.19333333333333333,0.08,0.0,0.0
CASIA2/Au/Au_nat_00095.jpg,0.72,0.45,0.0,0.0
CASIA2/Au/Au_nat_00096.jpg,0.04666666666666667,0.07333333333333333,0.0,0.0
CASIA2/Au/Au_nat_00097.jpg,0.39666666666666667,0.20333333333333334,0.0,0.0031111111111111114
CASIA2/Au/Au_nat_00098.jpg,0.38666666666666666,0.32666666666666666,0.0,0.0
CASIA2/Au/Au_nat_00099.jpg,0.3466666666666667,0.12333333333333334,0.0,0.0
CASIA2/Au/Au_nat_00100.jpg,0.11333333333333333,0.13,0.0,0.0
CASIA2/Au/Au_nat_10001.jpg,0.6866666666666666,0.5833333333333334,0.30666666666666664,0.3908366725866726
CASIA2/Au/Au_nat_10003.jpg,0.5666666666666667,0.33,0.03245382395382395,0.003888888888888889
CASIA2/Au/Au_nat_10101.jpg,0.9466666666666667,0.8266666666666667,0.007592592592592593,0.012388888888888889
CASIA2/Au/Au_nat_10102.jpg,0.4533333333333333,0.4533333333333333,0.043333333333333335,0.007312169312169312
CASIA2/Au/Au_nat_10103.jpg,0.29,0.2733333333333333,0.01,0.0019444444444444442
CASIA2/Au/Au_nat_10104.jpg,0.45,0.6466666666666666,0.9733333333333334,0.9035199800199799
CASIA2/Au/Au_nat_10105.jpg,0.58,0.7066666666666667,0.6700732045732044,0.7362154234654233
CASIA2/Au/Au_nat_10106.jpg,0.5,0.69,0.8928411495911496,0.8480050320050319
CASIA2/Au/Au_nat_10108.jpg,0.32,0.83,0.6426710095460095,0.7330919728419732
CASIA2/Au/Au_nat_10109.jpg,0.51,0.7966666666666666,0.69,0.793625148000148
CASIA2/Au/Au_nat_10110.jpg,0.7233333333333334,0.79,0.64,0.7666817164317167
CASIA2/Au/Au_nat_10111.jpg,0.5766666666666667,0.8433333333333334,0.8916173641173644,0.9738822751322751
CASIA2/Au/Au_nat_10113.jpg,0.6966666666666667,0.76,0.73,0.8402049336828747
CASIA2/Au/Au_nat_10115.jpg,0.41333333333333333,0.9033333333333333,0.8847470029970029,0.9308658008658012
CASIA2/Au/Au_nat_10117.jpg,0.69,0.8433333333333334,0.9066666666666666,0.9377424704924706
CASIA2/Au/Au_nat_10118.jpg,0.41,0.85,0.87,0.8275469252969252
CASIA2/Au/Au_nat_10119.jpg,0.6266666666666667,0.87,0.8866666666666667,0.9305073352573356
CASIA2/Au/Au_nat_10120.jpg,0.32666666666666666,0.8466666666666667,0.7766666666666666,0.8388058053058054
CASIA2/Au/Au_nat_10121.jpg,0.8733333333333333,0.9,0.9058398730898735,0.9431935286935288
CASIA2/Au/Au_nat_10122.jpg,0.2866666666666667,0.62,0.7898597328597333,0.6648825711325709
CASIA2/Au/Au_nat_10123.jpg,0.35333333333333333,0.5866666666666667,0.7166666666666667,0.623364774114774
CASIA2/Au/Au_nat_10124.jpg,0.17666666666666667,0.8266666666666667,0.895529701779702,0.9387776575276575
CASIA2/Au/Au_nat_10125.jpg,0.6733333333333333,0.9066666666666666,0.6633333333333333,0.8298057590557592
CASIA2/Au/Au_nat_10126.jpg,0.5266666666666666,0.8933333333333333,0.6766666666666666,0.7664880674880675
CASIA2/Au/Au_nat_10127.jpg,0.22333333333333333,0.93,0.956594276094276,0.9915025252525252
CASIA2/Au/Au_nat_10128.jpg,0.5266666666666666,0.6933333333333334,0.86,0.7107768250268255
CASIA2/Au/Au_nat_10129.jpg,0.5233333333333333,0.8833333333333333,0.7166666666666667,0.8801829004329004
CASIA2/Au/Au_nat_10130.jpg,0.6366666666666667,0.84,0.68,0.781144355644356
CASIA2/Au/Au_nat_10131.bmp,0.30666666666666664,0.17333333333333334,0.0,0.00693073593073593
CASIA2/Au/Au_nat_10132.bmp,0.09333333333333334,0.3,0.043333333333333335,0.10369650719650716
CASIA2/Au/Au_nat_10133.bmp,0.17333333333333334,0.4266666666666667,0.02,0.1274066119066119
CASIA2/Au/Au_nat_10134.bmp,0.12666666666666668,0.38333333333333336,0.006666666666666667,0.08261151811151811
CASIA2/Au/Au_nat_10135.bmp,0.55,0.69,0.08,0.15279002206943387
CASIA2/Au/Au_nat_10136.bmp,0.2,0.41333333333333333,0.023333333333333334,0.07293720821661998
CASIA2/Au/Au_nat_10137.bmp,0.18333333333333332,0.15333333333333332,0.018265873015873013,0.029629629629629624
CASIA2/Au/Au_nat_10139.bmp,0.29,0.22,0.0033333333333333335,0.015453518703518705
CASIA2/Au/Au_nat_10140.bmp,0.33,0.15,0.0,0.014453703703703701
CASIA2/Au/Au_nat_10142.bmp,0.42,0.11,0.009518518518518518,0.019507936507936505
CASIA2/Au/Au_nat_10143.bmp,0.26,0.08666666666666667,0.0054444444444444445,0.010333333333333333
CASIA2/Au/Au_nat_10144.bmp,0.04666666666666667,0.20333333333333334,0.10029706404706402,0.11330483405483403
CASIA2/Au/Au_nat_10145.bmp,0.44333333333333336,0.29333333333333333,0.0,0.0535974025974026
CASIA2/Au/Au_nat_10146.bmp,0.4,0.27666666666666667,0.006666666666666667,0.04401010101010101
CASIA2/Au/Au_nat_10147.bmp,0.55,0.34,0.0033333333333333335,0.012485569985569987
CASIA2/Au/Au_nat_10148.bmp,0.15,0.10333333333333333,0.03848015873015873,0.029267676767676772
CASIA2/Au/Au_nat_10149.bmp,0.5066666666666667,0.10333333333333333,0.0,0.027702741702741705
CASIA2/Au/Au_nat_10150.bmp,0.33,0.06666666666666667,0.05695563695563697,0.03137830687830687
CASIA2/Au/Au_nat_10151.bmp,0.16666666666666666,0.04666666666666667,0.03,0.02898412698412698
CASIA2/Au/Au_nat_10152.bmp,0.29,0.16333333333333333,0.06264326414326414,0.09842929292929291
CASIA2/Au/Au_nat_10153.bmp,0.19333333333333333,0.14666666666666667,0.00488888888888889,0.01573015873015873
CASIA2/Au/Au_nat_10155.bmp,0.22,0.06666666666666667,0.03134535834535835,0.039625060125060126
CASIA2/Au/Au_nat_10157.bmp,0.8,0.7466666666666667,0.02041125541125541,0.07589814814814816
CASIA2/Au/Au_nat_10158.bmp,0.26,0.06,0.0,0.007777777777777778
CASIA2/Au/Au_nat_10160.bmp,0.3433333333333333,0.21,0.0,0.022846560846560848
CASIA2/Au/Au_nat_10161.bmp,0.5466666666666666,0.2833333333333333,0.025129629629629634,0.04461904761904762
CASIA2/Au/Au_nat_10162.bmp,0.24333333333333335,0.05333333333333334,0.03020238095238095,0.044083333333333335
CASIA2/Au/Au_nat_10163.bmp,0.38,0.26,0.042117724867724866,0.057417989417989417
CASIA2/Au/Au_nat_10164.bmp,0.15,0.13,0.0033333333333333335,0.031456876456876455
CASIA2/Au/Au_nat_10165.bmp,0.38666666666666666,0.31666666666666665,0.08568650793650794,0.09232142857142857
CASIA2/Au/Au_nat_10167.bmp,0.4266666666666667,0.21666666666666667,0.007007936507936506,0.032178571428571424
CASIA2/Au/Au_nat_10168.bmp,0.13666666666666666,0.04,0.03,0.0340515873015873
CASIA2/Au/Au_nat_10169.bmp,0.26,0.18,0.006666666666666667,0.04835719835719836
CASIA2/Au/Au_nat_20001.jpg,0.47,0.43666666666666665,0.0061507936507936515,0.012933261183261184
CASIA2/Au/Au_nat_20002.jpg,0.7266666666666667,0.8133333333333334,0.0033333333333333335,0.013164021164021163
CASIA2/Au/Au_nat_20003.jpg,0.6,0.5866666666666667,0.008067460317460317,0.0027777777777777775
CASIA2/Au/Au_nat_20004.jpg,0.43,0.32666666666666666,0.0014285714285714286,0.0
CASIA2/Au/Au_nat_20005.jpg,0.5166666666666667,0.49666666666666665,0.02,0.051152597402597394
CASIA2/Au/Au_nat_20006.jpg,0.28,0.20333333333333334,0.0033333333333333335,0.0019047619047619048
CASIA2/Au/Au_nat_20007.jpg,0.5066666666666667,0.5466666666666666,0.013333333333333334,0.005712454212454212
CASIA2/Au/Au_nat_20008.jpg,0.42,0.41,0.0,0.005777777777777778
CASIA2/Au/Au_nat_20009.jpg,0.44666666666666666,0.36333333333333334,0.0033333333333333335,0.013025132275132275
CASIA2/Au/Au_nat_20010.jpg,0.4666666666666667,0.4066666666666667,0.006666666666666667,0.02766835016835017
CASIA2/Au/Au_nat_20011.jpg,0.41,0.38666666666666666,0.006666666666666667,0.002888888888888889
CASIA2/Au/Au_nat_20013.jpg,0.53,0.44,0.005,0.004166666666666667
CASIA2/Au/Au_nat_20014.jpg,0.4166666666666667,0.37333333333333335,0.0,0.0
CASIA2/Au/Au_nat_20015.jpg,0.6266666666666667,0.5333333333333333,0.02666666666666667,0.009796296296296298
CASIA2/Au/Au_nat_20017.jpg,0.41333333333333333,0.38,0.0014285714285714286,0.0005555555555555556
CASIA2/Au/Au_nat_20018.jpg,0.43,0.4166666666666667,0.013333333333333334,0.005740740740740741
CASIA2/Au/Au_nat_20019.jpg,0.5066666666666667,0.45,0.0055,0.012696969696969696
CASIA2/Au/Au_nat_20020.jpg,0.28,0.45666666666666667,0.0,0.004333333333333333
CASIA2/Au/Au_nat_20021.jpg,0.5133333333333333,0.43,0.04690079365079365,0.011166666666666667
CASIA2/Au/Au_nat_20022.jpg,0.35,0.41333333333333333,0.0033333333333333335,0.005851851851851852
CASIA2/Au/Au_nat_20023.jpg,0.7233333333333334,0.72,0.03311724386724387,0.021914529914529916
CASIA2/Au/Au_nat_20024.jpg,0.52,0.5233333333333333,0.016666666666666666,0.002380952380952381
CASIA2/Au/Au_nat_20025.jpg,0.44,0.49666666666666665,0.0033181818181818178,0.0038888888888888883
CASIA2/Au/Au_nat_20026.jpg,0.44666666666666666,0.43333333333333335,0.0,0.0077662337662337665
CASIA2/Au/Au_nat_20027.jpg,0.2833333333333333,0.24666666666666667,0.019601851851851853,0.0008333333333333334
CASIA2/Au/Au_nat_20028.jpg,0.44333333333333336,0.35333333333333333,0.0,0.002976190476190476
CASIA2/Au/Au_nat_20029.jpg,0.41333333333333333,0.41,0.0016666666666666668,0.006238095238095238
CASIA2/Au/Au_nat_20030.jpg,0.47333333333333333,0.28,0.006666666666666667,0.0014285714285714286
CASIA2/Au/Au_nat_20031.jpg,0.7466666666666667,0.8133333333333334,0.005666666666666666,0.009067460317460318
CASIA2/Au/Au_nat_20032.jpg,0.08666666666666667,0.15666666666666668,0.010666666666666668,0.0
CASIA2/Au/Au_nat_20033.jpg,0.12,0.20666666666666667,0.016666666666666666,0.009462962962962961
CASIA2/Au/Au_nat_20034.jpg,0.7466666666666667,0.7933333333333333,0.0033333333333333335,0.010055555555555555
CASIA2/Au/Au_nat_20035.jpg,0.49666666666666665,0.4533333333333333,0.0,0.015455840455840454
CASIA2/Au/Au_nat_20036.jpg,0.75,0.86,0.0,0.03929761904761904
CASIA2/Au/Au_nat_20037.jpg,0.91,0.87,0.0,0.09350384800384798
CASIA2/Au/Au_nat_20038.jpg,0.02666666666666667,0.4066666666666667,0.0033333333333333335,0.03518506493506494
CASIA2/Au/Au_nat_20040.jpg,0.22666666666666666,0.39666666666666667,0.0,0.010706349206349207
CASIA2/Au/Au_nat_20041.jpg,0.19333333333333333,0.5266666666666666,0.0,0.028611111111111108
CASIA2/Au/Au_nat_20042.jpg,0.15333333333333332,0.4866666666666667,0.0,0.0072362637362637355
CASIA2/Au/Au_nat_20044.jpg,0.14333333333333334,0.5733333333333334,0.0,0.013928571428571429
CASIA2/Au/Au_nat_20045.jpg,0.03,0.18333333333333332,0.0,0.009318181818181817
CASIA2/Au/Au_nat_20046.jpg,0.25,0.48,0.023981601731601736,0.14524050024050025
CASIA2/Au/Au_nat_20047.jpg,0.13333333333333333,0.4033333333333333,0.006666666666666667,0.019321428571428573
CASIA2/Au/Au_nat_20048.jpg,0.39,0.3566666666666667,0.006666666666666667,0.05354064454064453
CASIA2/Au/Au_nat_20050.jpg,0.64,0.4533333333333333,0.35,0.3107375864875865
CASIA2/Au/Au_nat_20051.jpg,0.3466666666666667,0.27,0.009785714285714286,0.005476190476190476
CASIA2/Au/Au_nat_20052.jpg,0.27666666666666667,0.36,0.006666666666666667,0.001
CASIA2/Au/Au_nat_20053.jpg,0.30333333333333334,0.37333333333333335,0.01,0.010435185185185184
CASIA2/Au/Au_nat_20055.jpg,0.42,0.42333333333333334,0.007484126984126983,0.014923076923076923
CASIA2/Au/Au_nat_20057.jpg,0.02666666666666667,0.07,0.04201382876382876,0.04628804528804528
CASIA2/Au/Au_nat_20058.jpg,0.05333333333333334,0.09333333333333334,0.07752597402597403,0.07942183742183741
CASIA2/Au/Au_nat_20059.jpg,0.24333333333333335,0.23333333333333334,0.02,0.049978632478632476
CASIA2/Au/Au_nat_20060.jpg,0.11333333333333333,0.17666666666666667,0.044125661375661374,0.047505291005291
CASIA2/Au/Au_nat_20061.jpg,0.18333333333333332,0.16333333333333333,0.0378452380952381,0.04047354497354497
CASIA2/Au/Au_nat_20062.jpg,0.55,0.5033333333333333,0.0033333333333333335,0.0035555555555555553
CASIA2/Au/Au_nat_20063.jpg,0.6633333333333333,0.4533333333333333,0.019181457431457428,0.022896584896584898
CASIA2/Au/Au_nat_20064.jpg,0.39666666666666667,0.4266666666666667,0.01,0.010571428571428572
CASIA2/Au/Au_nat_20065.jpg,0.3,0.35333333333333333,0.03463095238095239,0.050527777777777776
CASIA2/Au/Au_nat_20066.jpg,0.4766666666666667,0.4766666666666667,0.03334343434343434,0.02398100048100048
CASIA2/Au/Au_nat_20068.jpg,0.3233333333333333,0.4166666666666667,0.08370828245828248,0.06666137566137566
CASIA2/Au/Au_nat_20070.jpg,0.51,0.6433333333333333,0.05089455914455914,0.03023412698412699
CASIA2/Au/Au_nat_20071.jpg,0.7,0.6833333333333333,0.022960317460317462,0.05667989417989418
CASIA2/Au/Au_nat_20073.jpg,0.5,0.38333333333333336,0.0033333333333333335,0.015521164021164019
CASIA2/Au/Au_nat_20074.jpg,0.6666666666666666,0.5133333333333333,0.016666666666666666,0.08040211640211642
CASIA2/Au/Au_nat_20075.jpg,0.5733333333333334,0.49,0.08,0.047455266955266966
CASIA2/Au/Au_nat_20076.jpg,0.2,0.03666666666666667,0.0,0.0011111111111111111
CASIA2/Au/Au_nat_20078.jpg,0.5966666666666667,0.43,0.0,0.004166666666666667
CASIA2/Au/Au_nat_20079.jpg,0.31666666666666665,0.37666666666666665,0.0,0.0
CASIA2/Au/Au_nat_20080.jpg,0.4533333333333333,0.3933333333333333,0.0,0.0019047619047619048
CASIA2/Au/Au_nat_20081.jpg,0.21666666666666667,0.19666666666666666,0.0,0.0
CASIA2/Au/Au_nat_20082.jpg,0.3933333333333333,0.36,0.0,0.0025
CASIA2/Au/Au_nat_20083.jpg,0.43333333333333335,0.44666666666666666,0.0033333333333333335,0.0
CASIA2/Au/Au_nat_20085.jpg,0.4266666666666667,0.41,0.0033333333333333335,0.0
CASIA2/Au/Au_nat_20086.jpg,0.38333333333333336,0.4633333333333333,0.0,0.006932900432900433
CASIA2/Au/Au_nat_20087.jpg,0.2833333333333333,0.23,0.004666666666666666,0.0
CASIA2/Au/Au_nat_20088.jpg,0.31333333333333335,0.37666666666666665,0.02666666666666667,0.022204064454064452
CASIA2/Au/Au_nat_20089.jpg,0.42,0.36,0.0,0.0005555555555555556
CASIA2/Au/Au_nat_20092.jpg,0.45,0.36,0.006111111111111111,0.003
CASIA2/Au/Au_nat_20093.jpg,0.55,0.45666666666666667,0.0,0.009197968697968698
CASIA2/Au/Au_nat_20094.jpg,0.4633333333333333,0.4033333333333333,0.0,0.003444444444444444
CASIA2/Au/Au_nat_20096.jpg,0.33666666666666667,0.4166666666666667,0.008833333333333334,0.002666666666666667
CASIA2/Au/Au_nat_20097.jpg,0.45,0.15333333333333332,0.0,0.0
CASIA2/Au/Au_nat_20098.jpg,0.27,0.30666666666666664,0.7778760776260776,0.7628132145632144
CASIA2/Au/Au_nat_20099.jpg,0.56,0.29,0.005,0.0033333333333333335
CASIA2/Au/Au_nat_20100.jpg,0.49666666666666665,0.5733333333333334,0.02,0.049372895622895624
CASIA2/Au/Au_nat_30001.jpg,0.0,0.0,0.0,0.0
CASIA2/Au/Au_nat_30002.jpg,0.006666666666666667,0.0033333333333333335,0.0,0.0
CASIA2/Au/Au_nat_30003.jpg,0.0033333333333333335,0.0,0.0,0.0
CASIA2/Au/Au_nat_30004.jpg,0.0033333333333333335,0.0,0.0,0.0
CASIA2/Au/Au_nat_30005.jpg,0.0,0.0,0.0,0.0
CASIA2/Au/Au_nat_30006.jpg,0.02,0.0,0.0,0.0
CASIA2/Au/Au_nat_30007.jpg,0.0033333333333333335,0.0,0.0,0.0
CASIA2/Au/Au_nat_30008.jpg,0.0,0.0,0.0,0.0
CASIA2/Au/Au_nat_30009.jpg,0.006666666666666667,0.0,0.0,0.0
CASIA2/Au/Au_nat_30010.jpg,0.01,0.0,0.0,0.001976190476190476
CASIA2/Au/Au_nat_30011.jpg,0.0,0.0,0.0,0.0
CASIA2/Au/Au_nat_30012.jpg,0.023333333333333334,0.006666666666666667,0.0,0.0
CASIA2/Au/Au_nat_30014.jpg,0.0033333333333333335,0.0,0.0,0.0
CASIA2/Au/Au_nat_30015.jpg,0.016666666666666666,0.0033333333333333335,0.0,0.0025
CASIA2/Au/Au_nat_30016.jpg,0.03666666666666667,0.043333333333333335,0.0,0.0
CASIA2/Au/Au_nat_30017.jpg,0.006666666666666667,0.0,0.0,0.0
CASIA2/Au/Au_nat_30018.jpg,0.0,0.0,0.0,0.0
CASIA2/Au/Au_nat_30019.jpg,0.02,0.0,0.0,0.0
CASIA2/Au/Au_nat_30020.jpg,0.03,0.0033333333333333335,0.0011111111111111111,0.0
CASIA2/Au/Au_nat_30021.jpg,0.03,0.0033333333333333335,0.0,0.0
CASIA2/Au/Au_nat_30024.jpg,0.023333333333333334,0.0,0.0,0.0
CASIA2/Au/Au_nat_30025.jpg,0.10666666666666667,0.0033333333333333335,0.0,0.0
CASIA2/Au/Au_nat_30027.jpg,0.06333333333333334,0.01,0.0,0.0
CASIA2/Au/Au_nat_30029.jpg,0.13333333333333333,0.016666666666666666,0.0,0.0023148148148148147
CASIA2/Au/Au_nat_30030.jpg,0.09,0.0033333333333333335,0.0,0.0
CASIA2/Au/Au_nat_30031.jpg,0.05333333333333334,0.0,0.0,0.0
CASIA2/Au/Au_nat_30032.jpg,0.013333333333333334,0.013333333333333334,0.0,0.004570707070707071
CASIA2/Au/Au_nat_30033.jpg,0.02,0.0033333333333333335,0.0,0.0
CASIA2/Au/Au_nat_30034.jpg,0.03666666666666667,0.0,0.0,0.0
CASIA2/Au/Au_nat_30036.jpg,0.10333333333333333,0.0033333333333333335,0.0,0.0
CASIA2/Au/Au_nat_30037.jpg,0.023333333333333334,0.0,0.0,0.0
CASIA2/Au/Au_nat_30038.jpg,0.29,0.056666666666666664,0.0,0.0
CASIA2/Au/Au_nat_30039.jpg,0.016666666666666666,0.0,0.0,0.0
CASIA2/Au/Au_nat_30040.jpg,0.0,0.0,0.0,0.0
CASIA2/Au/Au_nat_30041.jpg,0.023333333333333334,0.0,0.0,0.0
CASIA2/Au/Au_nat_30042.jpg,0.02666666666666667,0.0,0.0,0.0
CASIA2/Au/Au_nat_30043.jpg,0.04,0.0,0.0,0.0
CASIA2/Au/Au_nat_30045.jpg,0.06,0.01,0.0,0.004814814814814814
CASIA2/Au/Au_nat_30046.jpg,0.03333333333333333,0.006666666666666667,0.0,0.0
CASIA2/Au/Au_nat_30047.jpg,0.0033333333333333335,0.0033333333333333335,0.0,0.0
CASIA2/Au/Au_nat_30048.jpg,0.0,0.0,0.0,0.0
CASIA2/Au/Au_nat_30049.jpg,0.18333333333333332,0.023333333333333334,0.0,0.003981481481481482
CASIA2/Au/Au_nat_30050.jpg,0.01,0.0,0.0,0.0
CASIA2/Au/Au_nat_30051.jpg,0.1,0.0,0.0,0.0
CASIA2/Au/Au_nat_30052.jpg,0.03333333333333333,0.0,0.0,0.0
CASIA2/Au/Au_nat_30053.jpg,0.013333333333333334,0.0,0.0,0.0
CASIA2/Au/Au_nat_30054.jpg,0.05333333333333334,0.0,0.0,0.0
CASIA2/Au/Au_nat_30055.jpg,0.02,0.01,0.0033333333333333335,0.005833333333333334
CASIA2/Au/Au_nat_30056.jpg,0.4533333333333333,0.12333333333333334,0.0,0.004018518518518519
CASIA2/Au/Au_nat_30058.jpg,0.016666666666666666,0.0,0.0,0.0
CASIA2/Au/Au_nat_30059.jpg,0.016666666666666666,0.0,0.0,0.0
CASIA2/Au/Au_nat_30060.jpg,0.39666666666666667,0.25,0.0,0.0015
CASIA2/Au/Au_nat_30061.jpg,0.006666666666666667,0.0,0.0,0.0
CASIA2/Au/Au_nat_30062.jpg,0.023333333333333334,0.0033333333333333335,0.0,0.0
CASIA2/Au/Au_nat_30063.jpg,0.013333333333333334,0.0033333333333333335,0.0,0.0
CASIA2/Au/Au_nat_30064.jpg,0.016666666666666666,0.0,0.0,0.0
CASIA2/Au/Au_nat_30065.jpg,0.0,0.0033333333333333335,0.0,0.0
CASIA2/Au/Au_nat_30066.jpg,0.0,0.0,0.0,0.0
CASIA2/Au/Au_nat_30067.jpg,0.056666666666666664,0.0033333333333333335,0.0,0.0
CASIA2/Au/Au_nat_30068.jpg,0.07666666666666666,0.0033333333333333335,0.0,0.0
CASIA2/Au/Au_nat_30069.jpg,0.0,0.0,0.0,0.0
CASIA2/Au/Au_nat_30070.jpg,0.0,0.006666666666666667,0.0,0.0
CASIA2/Au/Au_nat_30071.jpg,0.07666666666666666,0.0,0.0,0.0
CASIA2/Au/Au_nat_30073.jpg,0.0,0.0,0.0,0.0
CASIA2/Au/Au_nat_30074.jpg,0.02,0.0033333333333333335,0.0,0.0
CASIA2/Au/Au_nat_30075.jpg,0.0,0.0,0.0,0.0
CASIA2/Au/Au_nat_30076.jpg,0.03,0.0,0.0,0.0
CASIA2/Au/Au_nat_30077.jpg,0.0,0.0,0.0,0.0
CASIA2/Au/Au_nat_30079.jpg,0.06666666666666667,0.0033333333333333335,0.0,0.0
CASIA2/Au/Au_nat_30080.jpg,0.0,0.0,0.0,0.0
CASIA2/Au/Au_nat_30081.jpg,0.12666666666666668,0.0033333333333333335,0.0,0.0
CASIA2/Au/Au_nat_30082.jpg,0.0,0.0,0.0,0.0
CASIA2/Au/Au_nat_30083.jpg,0.0,0.0,0.0,0.0
CASIA2/Au/Au_nat_30085.jpg,0.0,0.0,0.0,0.0
CASIA2/Au/Au_nat_30086.jpg,0.006666666666666667,0.0,0.0,0.0
CASIA2/Au/Au_nat_30087.jpg,0.0,0.0,0.0,0.0
CASIA2/Au/Au_nat_30088.jpg,0.0033333333333333335,0.0,0.0,0.0016666666666666668
CASIA2/Au/Au_nat_30089.jpg,0.01,0.0,0.0,0.0
CASIA2/Au/Au_nat_30090.jpg,0.006666666666666667,0.0,0.0,0.0
CASIA2/Au/Au_nat_30091.jpg,0.0,0.0,0.0,0.0
CASIA2/Au/Au_nat_30092.jpg,0.07,0.0,0.0,0.0011111111111111111
CASIA2/Au/Au_nat_30093.jpg,0.0,0.0033333333333333335,0.0,0.0
CASIA2/Au/Au_nat_30094.jpg,0.0,0.0,0.0,0.0
CASIA2/Au/Au_nat_30095.jpg,0.0,0.0,0.0,0.0
CASIA2/Au/Au_nat_30096.jpg,0.0,0.0,0.0,0.0
CASIA2/Au/Au_nat_30098.jpg,0.1,0.0,0.0,0.0
CASIA2/Au/Au_nat_30099.jpg,0.06666666666666667,0.006666666666666667,0.0,0.0
CASIA2/Au/Au_nat_30100.jpg,0.023333333333333334,0.0033333333333333335,0.0,0.0
CASIA2/Au/Au_nat_30101.jpg,0.0,0.0,0.0,0.0
CASIA2/Au/Au_nat_30102.jpg,0.023333333333333334,0.0,0.0,0.0
CASIA2/Au/Au_nat_30103.jpg,0.0033333333333333335,0.0,0.0,0.0
CASIA2/Au/Au_nat_30104.jpg,0.02,0.0,0.0,0.0
CASIA2/Au/Au_nat_30105.jpg,0.0,0.0,0.0,0.0
CASIA2/Au/Au_nat_30107.jpg,0.0033333333333333335,0.0,0.0,0.0
CASIA2/Au/Au_nat_30108.jpg,0.09333333333333334,0.0033333333333333335,0.0,0.0
CASIA2/Au/Au_nat_30109.jpg,0.03,0.0,0.0,0.0
CASIA2/Au/Au_nat_30110.jpg,0.016666666666666666,0.0,0.0,0.0
CASIA2/Au/Au_nat_30111.jpg,0.0,0.0,0.0,0.0
CASIA2/Au/Au_nat_30112.jpg,0.0033333333333333335,0.0,0.0,0.0
CASIA2/Au/Au_nat_30113.jpg,0.006666666666666667,0.0,0.0,0.0
CASIA2/Au/Au_nat_30114.jpg,0.013333333333333334,0.0,0.0,0.0
CASIA2/Au/Au_nat_30115.jpg,0.0,0.0,0.0,0.0
CASIA2/Au/Au_nat_30116.jpg,0.0,0.0,0.0,0.0
CASIA2/Au/Au_nat_30117.jpg,0.0,0.0,0.0,0.0
CASIA2/Au/Au_nat_30118.jpg,0.013333333333333334,0.0,0.0,0.0
CASIA2/Au/Au_nat_30119.jpg,0.013333333333333334,0.0,0.0,0.0
CASIA2/Au/Au_nat_30120.jpg,0.02666666666666667,0.0,0.0,0.0
CASIA2/Au/Au_nat_30121.jpg,0.006666666666666667,0.01,0.0033333333333333335,0.0
CASIA2/Au/Au_nat_30123.jpg,0.043333333333333335,0.01,0.0,0.0
CASIA2/Au/Au_nat_30124.jpg,0.0033333333333333335,0.0,0.0,0.0
CASIA2/Au/Au_nat_30125.jpg,0.006666666666666667,0.0,0.0,0.0
CASIA2/Au/Au_nat_30127.jpg,0.10666666666666667,0.11,0.0,0.0
CASIA2/Au/Au_nat_30128.jpg,0.0,0.0,0.0,0.0
CASIA2/Au/Au_nat_30129.jpg,0.0,0.0,0.0,0.0
CASIA2/Au/Au_nat_30130.jpg,0.01,0.0,0.0,0.0
CASIA2/Au/Au_nat_30131.jpg,0.02666666666666667,0.0,0.0,0.0
CASIA2/Au/Au_nat_30132.jpg,0.0,0.0,0.0,0.0
CASIA2/Au/Au_nat_30134.jpg,0.0033333333333333335,0.0,0.0,0.0
CASIA2/Au/Au_nat_30135.jpg,0.0,0.0,0.0,0.0
CASIA2/Au/Au_nat_30136.jpg,0.0,0.0,0.0,0.0
CASIA2/Au/Au_nat_30137.jpg,0.0,0.0,0.0,0.0
CASIA2/Au/Au_nat_30138.jpg,0.043333333333333335,0.006666666666666667,0.0,0.0
CASIA2/Au/Au_nat_30139.jpg,0.013333333333333334,0.0,0.0,0.0
CASIA2/Au/Au_nat_30140.jpg,0.0033333333333333335,0.0,0.0,0.0
CASIA2/Au/Au_nat_30141.jpg,0.03,0.0033333333333333335,0.0,0.0
CASIA2/Au/Au_nat_30142.jpg,0.0,0.0,0.0,0.0
CASIA2/Au/Au_nat_30143.jpg,0.13333333333333333,0.01,0.0,0.0
CASIA2/Au/Au_nat_30144.jpg,0.4766666666666667,0.03333333333333333,0.0,0.0
CASIA2/Au/Au_nat_30145.jpg,0.06666666666666667,0.0033333333333333335,0.0,0.0
CASIA2/Au/Au_nat_30146.jpg,0.006666666666666667,0.0,0.0,0.0
CASIA2/Au/Au_nat_30147.jpg,0.0033333333333333335,0.0,0.0,0.0
CASIA2/Au/Au_nat_30148.jpg,0.07,0.0,0.0,0.0
CASIA2/Au/Au_nat_30149.jpg,0.27666666666666667,0.03666666666666667,0.0,0.0
CASIA2/Au/Au_nat_30150.jpg,0.04,0.0,0.0,0.0
CASIA2/Au/Au_nat_30151.jpg,0.23666666666666666,0.006666666666666667,0.0,0.0
CASIA2/Au/Au_nat_30153.jpg,0.06,0.0033333333333333335,0.0,0.0
CASIA2/Au/Au_nat_30154.jpg,0.0,0.0,0.0,0.0
CASIA2/Au/Au_nat_30155.jpg,0.05333333333333334,0.006666666666666667,0.0,0.0
CASIA2/Au/Au_nat_30156.jpg,0.006666666666666667,0.0,0.0,0.0
CASIA2/Au/Au_nat_30158.jpg,0.0,0.0,0.0,0.0
CASIA2/Au/Au_nat_30159.jpg,0.0,0.0,0.0,0.0
CASIA2/Au/Au_nat_30160.jpg,0.04666666666666667,0.02,0.0,0.0
CASIA2/Au/Au_nat_30161.jpg,0.0,0.0,0.0,0.0
CASIA2/Au/Au_nat_30162.jpg,0.03,0.0033333333333333335,0.0,0.0
CASIA2/Au/Au_nat_30164.jpg,0.0033333333333333335,0.0,0.0,0.0
CASIA2/Au/Au_nat_30165.jpg,0.07,0.0033333333333333335,0.0,0.0008333333333333334
CASIA2/Au/Au_nat_30166.jpg,0.0033333333333333335,0.0,0.0,0.0
CASIA2/Au/Au_nat_30167.jpg,0.03666666666666667,0.0,0.0,0.0
CASIA2/Au/Au_nat_30168.jpg,0.0,0.0,0.0,0.0
CASIA2/Au/Au_nat_30169.jpg,0.0033333333333333335,0.04,0.0,0.0
CASIA2/Au/Au_nat_30170.jpg,0.35,0.04,0.0,0.0008333333333333334
CASIA2/Au/Au_nat_30171.jpg,0.006666666666666667,0.01,0.0,0.0
CASIA2/Au/Au_nat_30172.jpg,0.28,0.19666666666666666,0.0,0.0024017094017094016
CASIA2/Au/Au_nat_30173.jpg,0.13333333333333333,0.0,0.0,0.0
CASIA2/Au/Au_nat_30174.jpg,0.0033333333333333335,0.0,0.0,0.0
CASIA2/Au/Au_nat_30175.jpg,0.006666666666666667,0.0,0.0,0.0
CASIA2/Au/Au_nat_30176.jpg,0.03,0.0,0.0,0.0
CASIA2/Au/Au_nat_30177.jpg,0.023333333333333334,0.0,0.0,0.0
CASIA2/Au/Au_nat_30178.jpg,0.016666666666666666,0.01,0.0,0.0
CASIA2/Au/Au_nat_30179.jpg,0.05,0.0,0.0,0.0
CASIA2/Au/Au_nat_30180.jpg,0.0,0.0,0.0,0.0
CASIA2/Au/Au_nat_30181.jpg,0.01,0.0,0.0,0.0
CASIA2/Au/Au_nat_30183.jpg,0.0,0.0,0.0,0.0
CASIA2/Au/Au_nat_30184.jpg,0.02,0.0,0.0,0.0
CASIA2/Au/Au_nat_30185.jpg,0.0,0.0,0.0,0.0
CASIA2/Au/Au_nat_30186.jpg,0.0,0.01,0.0,0.0
CASIA2/Au/Au_nat_30188.jpg,0.006666666666666667,0.0,0.0,0.0
CASIA2/Au/Au_nat_30189.jpg,0.013333333333333334,0.0,0.0,0.0
CASIA2/Au/Au_nat_30190.jpg,0.006666666666666667,0.0,0.0,0.0
CASIA2/Au/Au_nat_30191.jpg,0.016666666666666666,0.0,0.0,0.0
CASIA2/Au/Au_nat_30192.jpg,0.01,0.0,0.0,0.0
CASIA2/Au/Au_nat_30194.jpg,0.013333333333333334,0.0,0.0,0.0011111111111111111
CASIA2/Au/Au_nat_30195.jpg,0.06,0.013333333333333334,0.0,0.0
CASIA2/Au/Au_nat_30196.jpg,0.0,0.0,0.0,0.0
CASIA2/Au/Au_nat_30197.jpg,0.016666666666666666,0.0,0.0,0.0
CASIA2/Au/Au_nat_30198.jpg,0.02666666666666667,0.0,0.0,0.0
CASIA2/Au/Au_nat_30199.jpg,0.12333333333333334,0.01,0.0,0.0
CASIA2/Au/Au_nat_30200.jpg,0.0,0.0033333333333333335,0.0,0.0
CASIA2/Au/Au_nat_30201.jpg,0.03,0.0033333333333333335,0.0020833333333333333,0.0006666666666666668
CASIA2/Au/Au_nat_30203.jpg,0.0033333333333333335,0.0,0.0,0.0
CASIA2/Au/Au_nat_30204.jpg,0.09333333333333334,0.0033333333333333335,0.0,0.0
CASIA2/Au/Au_nat_30205.jpg,0.04,0.0033333333333333335,0.002407407407407407,0.005079365079365079
CASIA2/Au/Au_nat_30206.jpg,0.14,0.01,0.0,0.0
CASIA2/Au/Au_nat_30207.jpg,0.12666666666666668,0.043333333333333335,0.0,0.0
CASIA2/Au/Au_nat_30208.jpg,0.09333333333333334,0.013333333333333334,0.0,0.0008333333333333334
CASIA2/Au/Au_nat_30210.jpg,0.33,0.30666666666666664,0.0,0.0008333333333333334
CASIA2/Au/Au_nat_30211.jpg,0.06333333333333334,0.0,0.0,0.0
CASIA2/Au/Au_nat_30212.jpg,0.0,0.0033333333333333335,0.0,0.0
CASIA2/Au/Au_nat_30213.jpg,0.04,0.043333333333333335,0.0,0.0
CASIA2/Au/Au_nat_30214.jpg,0.06666666666666667,0.013333333333333334,0.0,0.0
CASIA2/Au/Au_nat_30215.jpg,0.14666666666666667,0.0033333333333333335,0.0,0.0
CASIA2/Au/Au_nat_30216.jpg,0.04,0.0,0.0,0.0
CASIA2/Au/Au_nat_30217.jpg,0.023333333333333334,0.0,0.0,0.0
CASIA2/Au/Au_nat_30218.jpg,0.06,0.006666666666666667,0.0,0.0
CASIA2/Au/Au_nat_30219.jpg,0.02,0.0033333333333333335,0.0,0.0
CASIA2/Au/Au_nat_30220.jpg,0.01,0.006666666666666667,0.0,0.002738095238095238
CASIA2/Au/Au_nat_30222.jpg,0.0,0.0,0.0,0.0
CASIA2/Au/Au_nat_30223.jpg,0.0,0.0,0.0,0.0
CASIA2/Au/Au_nat_30224.jpg,0.05333333333333334,0.0,0.0,0.0
CASIA2/Au/Au_nat_30225.jpg,0.20333333333333334,0.02,0.0,0.0
CASIA2/Au/Au_nat_30226.jpg,0.02,0.0,0.0,0.0
CASIA2/Au/Au_nat_30227.jpg,0.05333333333333334,0.0033333333333333335,0.0,0.0
CASIA2/Au/Au_nat_30228.jpg,0.03666666666666667,0.0,0.0,0.0
CASIA2/Au/Au_nat_30229.jpg,0.0,0.0033333333333333335,0.0,0.0
CASIA2/Au/Au_nat_30230.jpg,0.11333333333333333,0.09666666666666666,0.0,0.0
CASIA2/Au/Au_nat_30231.jpg,0.13,0.04,0.0,0.0
CASIA2/Au/Au_nat_30232.jpg,0.013333333333333334,0.0,0.0,0.0
CASIA2/Au/Au_nat_30233.jpg,0.0,0.0,0.0,0.0
CASIA2/Au/Au_nat_30234.jpg,0.23,0.08,0.0,0.006583333333333333
CASIA2/Au/Au_nat_30235.jpg,0.19333333333333333,0.17,0.0,0.004814814814814815
CASIA2/Au/Au_nat_30236.jpg,0.48333333333333334,0.42333333333333334,0.0,0.003981481481481482
CASIA2/Au/Au_nat_30237.jpg,0.14666666666666667,0.0033333333333333335,0.0,0.0
CASIA2/Au/Au_nat_30238.jpg,0.22333333333333333,0.14,0.0,0.0
CASIA2/Au/Au_nat_30239.jpg,0.043333333333333335,0.01,0.0,0.0
CASIA2/Au/Au_nat_30240.jpg,0.006666666666666667,0.0033333333333333335,0.0,0.0
CASIA2/Au/Au_nat_30241.jpg,0.11,0.15666666666666668,0.0,0.0
CASIA2/Au/Au_nat_30242.jpg,0.02,0.0033333333333333335,0.0,0.0
CASIA2/Au/Au_nat_30243.jpg,0.01,0.0,0.0,0.0
CASIA2/Au/Au_nat_30244.jpg,0.01,0.006666666666666667,0.0,0.0
CASIA2/Au/Au_nat_30245.jpg,0.02666666666666667,0.04,0.0,0.0
CASIA2/Au/Au_nat_30247.jpg,0.023333333333333334,0.06666666666666667,0.0033333333333333335,0.0006666666666666668
CASIA2/Au/Au_nat_30248.jpg,0.06,0.09666666666666666,0.0,0.0
CASIA2/Au/Au_nat_30250.jpg,0.016666666666666666,0.0,0.0,0.0
CASIA2/Au/Au_nat_30251.jpg,0.0,0.006666666666666667,0.0,0.0
CASIA2/Au/Au_nat_30252.jpg,0.016666666666666666,0.08,0.0,0.008060606060606062
CASIA2/Au/Au_nat_30253.jpg,0.03666666666666667,0.0,0.0,0.0
CASIA2/Au/Au_nat_30254.jpg,0.006666666666666667,0.0,0.0,0.0
CASIA2/Au/Au_nat_30256.jpg,0.02,0.0,0.0,0.0
CASIA2/Au/Au_nat_30257.jpg,0.12,0.0,0.0,0.0
CASIA2/Au/Au_nat_30258.jpg,0.30666666666666664,0.013333333333333334,0.0,0.0
CASIA2/Au/Au_nat_30260.jpg,0.006666666666666667,0.0033333333333333335,0.0,0.0
CASIA2/Au/Au_nat_30261.jpg,0.02,0.05333333333333334,0.0,0.0
CASIA2/Au/Au_nat_30262.jpg,0.0,0.0,0.0,0.0
CASIA2/Au/Au_nat_30263.jpg,0.23666666666666666,0.13333333333333333,0.0,0.0025
CASIA2/Au/Au_nat_30264.jpg,0.09333333333333334,0.023333333333333334,0.0,0.0
CASIA2/Au/Au_nat_30265.jpg,0.016666666666666666,0.0,0.0,0.0
CASIA2/Au/Au_nat_30266.jpg,0.0,0.0,0.0,0.0
CASIA2/Au/Au_nat_30267.jpg,0.49,0.23,0.0,0.0
CASIA2/Au/Au_nat_30268.jpg,0.16,0.05333333333333334,0.0,0.00291005291005291
CASIA2/Au/Au_nat_30269.jpg,0.023333333333333334,0.0033333333333333335,0.0,0.0
CASIA2/Au/Au_nat_30270.jpg,0.52,0.12666666666666668,0.0,0.0
CASIA2/Au/Au_nat_30271.jpg,0.96,0.29,0.0,0.014247835497835497
CASIA2/Au/Au_nat_30272.jpg,0.12666666666666668,0.18666666666666668,0.0,0.0
CASIA2/Au/Au_nat_30273.jpg,0.0,0.0,0.0,0.0
CASIA2/Au/Au_nat_30274.jpg,0.006666666666666667,0.0,0.0,0.0
CASIA2/Au/Au_nat_30275.jpg,0.06,0.0033333333333333335,0.0,0.0
CASIA2/Au/Au_nat_30276.jpg,0.09666666666666666,0.02666666666666667,0.0,0.0
CASIA2/Au/Au_nat_30277.jpg,0.08333333333333333,0.14666666666666667,0.0,0.003611111111111112
CASIA2/Au/Au_nat_30278.jpg,0.17333333333333334,0.09,0.0,0.0008333333333333334
CASIA2/Au/Au_nat_30280.jpg,0.0,0.0,0.0,0.0
CASIA2/Au/Au_nat_30281.jpg,0.02666666666666667,0.0,0.0,0.0
CASIA2/Au/Au_nat_30282.jpg,0.15333333333333332,0.023333333333333334,0.0,0.0
CASIA2/Au/Au_nat_30283.jpg,0.0033333333333333335,0.0,0.0,0.0
CASIA2/Au/Au_nat_30284.jpg,0.02,0.0,0.0,0.0
CASIA2/Au/Au_nat_30285.jpg,0.05333333333333334,0.0,0.0,0.0
CASIA2/Au/Au_nat_30286.jpg,0.0033333333333333335,0.0,0.0,0.0
CASIA2/Au/Au_nat_30287.jpg,0.21666666666666667,0.01,0.0,0.0005555555555555556
CASIA2/Au/Au_nat_30288.jpg,0.06333333333333334,0.0,0.0,0.0
CASIA2/Au/Au_nat_30289.jpg,0.023333333333333334,0.0,0.0,0.0
CASIA2/Au/Au_nat_30290.jpg,0.24333333333333335,0.01,0.0,0.0
CASIA2/Au/Au_nat_30291.jpg,0.0,0.0,0.0,0.0
CASIA2/Au/Au_nat_30292.jpg,0.04,0.0,0.0,0.0
CASIA2/Au/Au_nat_30293.jpg,0.013333333333333334,0.0,0.0,0.0
CASIA2/Au/Au_nat_30294.jpg,0.16,0.006666666666666667,0.0,0.0
CASIA2/Au/Au_nat_30295.jpg,0.02666666666666667,0.0,0.0,0.00037037037037037035
CASIA2/Au/Au_nat_30296.jpg,0.0033333333333333335,0.0033333333333333335,0.0,0.0
CASIA2/Au/Au_nat_30297.jpg,0.06333333333333334,0.0,0.0,0.0
CASIA2/Au/Au_nat_30298.jpg,0.07333333333333333,0.0,0.0,0.0
CASIA2/Au/Au_nat_30301.jpg,0.0033333333333333335,0.0,0.0,0.0
CASIA2/Au/Au_nat_30302.jpg,0.0,0.0,0.0,0.0
CASIA2/Au/Au_nat_30303.jpg,0.22333333333333333,0.03333333333333333,0.0,0.0
CASIA2/Au/Au_nat_30304.jpg,0.10333333333333333,0.0,0.0,0.0
CASIA2/Au/Au_nat_30305.jpg,0.03666666666666667,0.006666666666666667,0.0,0.0
CASIA2/Au/Au_nat_30306.jpg,0.013333333333333334,0.0,0.0,0.0
CASIA2/Au/Au_nat_30307.jpg,0.01,0.0,0.0,0.0
CASIA2/Au/Au_nat_30308.jpg,0.0,0.0,0.0,0.0
CASIA2/Au/Au_nat_30309.jpg,0.006666666666666667,0.0,0.0,0.0
CASIA2/Au/Au_nat_30310.jpg,0.0,0.0,0.0,0.0
CASIA2/Au/Au_nat_30311.jpg,0.05333333333333334,0.0,0.0,0.0
CASIA2/Au/Au_nat_30312.jpg,0.0033333333333333335,0.0,0.0,0.0
CASIA2/Au/Au_nat_30314.jpg,0.0,0.0,0.0,0.0
CASIA2/Au/Au_nat_30315.jpg,0.013333333333333334,0.03333333333333333,0.0,0.0017424242424242424
CASIA2/Au/Au_nat_30316.jpg,0.006666666666666667,0.0,0.0,0.0
CASIA2/Au/Au_nat_30317.jpg,0.0,0.0,0.0,0.0
CASIA2/Au/Au_nat_30318.jpg,0.11,0.0,0.0,0.0
CASIA2/Au/Au_nat_30319.jpg,0.03,0.0,0.0,0.0
CASIA2/Au/Au_nat_30321.jpg,0.01,0.0,0.0,0.0
CASIA2/Au/Au_nat_30322.jpg,0.12,0.0,0.0,0.0
CASIA2/Au/Au_nat_30323.jpg,0.02,0.0,0.0,0.0
CASIA2/Au/Au_nat_30324.jpg,0.043333333333333335,0.0,0.0,0.0
CASIA2/Au/Au_nat_30327.jpg,0.016666666666666666,0.0,0.0,0.0
CASIA2/Au/Au_nat_30328.jpg,0.016666666666666666,0.0,0.0,0.0
CASIA2/Au/Au_nat_30329.jpg,0.06666666666666667,0.006666666666666667,0.0,0.0
CASIA2/Au/Au_nat_30330.jpg,0.006666666666666667,0.0,0.0,0.0
CASIA2/Au/Au_nat_30331.jpg,0.013333333333333334,0.013333333333333334,0.0,0.0
CASIA2/Au/Au_nat_30332.jpg,0.0,0.0,0.0,0.0
CASIA2/Au/Au_nat_30333.jpg,0.11666666666666667,0.0033333333333333335,0.0,0.0
CASIA2/Au/Au_nat_30334.jpg,0.0,0.0,0.0,0.0
CASIA2/Au/Au_nat_30335.jpg,0.0,0.0,0.0,0.0
CASIA2/Au/Au_nat_30336.jpg,0.006666666666666667,0.0,0.0,0.0
CASIA2/Au/Au_nat_30337.jpg,0.15,0.006666666666666667,0.0,0.0
CASIA2/Au/Au_nat_30338.jpg,0.18666666666666668,0.03,0.0,0.0
CASIA2/Au/Au_nat_30340.jpg,0.02,0.0033333333333333335,0.0,0.0
CASIA2/Au/Au_nat_30341.jpg,0.0,0.0,0.0,0.0
CASIA2/Au/Au_nat_30342.jpg,0.03,0.0,0.0,0.0
CASIA2/Au/Au_nat_30344.jpg,0.023333333333333334,0.0,0.0,0.0
CASIA2/Au/Au_nat_30346.jpg,0.12333333333333334,0.03333333333333333,0.0,0.0
CASIA2/Au/Au_nat_30347.jpg,0.03333333333333333,0.0,0.0,0.0
CASIA2/Au/Au_nat_30348.jpg,0.0033333333333333335,0.0,0.0,0.0
CASIA2/Au/Au_nat_30349.jpg,0.10666666666666667,0.0033333333333333335,0.0,0.0
CASIA2/Au/Au_nat_30350.jpg,0.006666666666666667,0.0033333333333333335,0.0,0.0
CASIA2/Au/Au_nat_30351.jpg,0.05,0.06333333333333334,0.0,0.0
CASIA2/Au/Au_nat_30352.jpg,0.08333333333333333,0.05333333333333334,0.01,0.006
CASIA2/Au/Au_nat_30353.jpg,0.0033333333333333335,0.0,0.0020833333333333333,0.0006666666666666668
CASIA2/Au/Au_nat_30354.jpg,0.0,0.0,0.0,0.0
CASIA2/Au/Au_nat_30355.jpg,0.0,0.0,0.0,0.0
CASIA2/Au/Au_nat_30356.jpg,0.0,0.02,0.0,0.0
CASIA2/Au/Au_nat_30357.jpg,0.0033333333333333335,0.023333333333333334,0.0,0.0025
CASIA2/Au/Au_nat_30358.jpg,0.0033333333333333335,0.0,0.0,0.0
CASIA2/Au/Au_nat_30360.jpg,0.02666666666666667,0.0033333333333333335,0.0,0.0
CASIA2/Au/Au_nat_30362.jpg,0.0,0.0,0.0,0.0
CASIA2/Au/Au_nat_30363.jpg,0.0,0.0,0.0,0.0
CASIA2/Au/Au_nat_30364.jpg,0.0,0.0033333333333333335,0.0,0.0
CASIA2/Au/Au_nat_30365.jpg,0.02666666666666667,0.0033333333333333335,0.0,0.0
CASIA2/Au/Au_nat_30366.jpg,0.18333333333333332,0.02666666666666667,0.0,0.0
CASIA2/Au/Au_nat_30367.jpg,0.03666666666666667,0.03333333333333333,0.0,0.0
CASIA2/Au/Au_nat_30368.jpg,0.08333333333333333,0.0,0.0,0.0
CASIA2/Au/Au_nat_30369.jpg,0.0033333333333333335,0.0,0.0,0.0
CASIA2/Au/Au_nat_30371.jpg,0.01,0.0,0.0,0.0
CASIA2/Au/Au_nat_30374.jpg,0.2833333333333333,0.08,0.0,0.0
CASIA2/Au/Au_nat_30375.jpg,0.006666666666666667,0.0033333333333333335,0.0,0.0
CASIA2/Au/Au_nat_30376.jpg,0.016666666666666666,0.023333333333333334,0.0,0.0
CASIA2/Au/Au_nat_30378.jpg,0.12,0.016666666666666666,0.0,0.0
CASIA2/Au/Au_nat_30379.jpg,0.0033333333333333335,0.006666666666666667,0.0,0.0
CASIA2/Au/Au_nat_30380.jpg,0.07666666666666666,0.0033333333333333335,0.0,0.0
CASIA2/Au/Au_nat_30381.jpg,0.006666666666666667,0.006666666666666667,0.0,0.0
CASIA2/Au/Au_nat_30382.jpg,0.0,0.0,0.0,0.0
CASIA2/Au/Au_nat_30383.jpg,0.02,0.0,0.0,0.0
CASIA2/Au/Au_nat_30384.jpg,0.04666666666666667,0.013333333333333334,0.0,0.0
CASIA2/Au/Au_nat_30385.jpg,0.0,0.0,0.0,0.0
CASIA2/Au/Au_nat_30386.jpg,0.0,0.0,0.0,0.0
CASIA2/Au/Au_nat_30387.jpg,0.013333333333333334,0.01,0.0,0.0
CASIA2/Au/Au_nat_30390.jpg,0.0,0.0,0.0,0.0
CASIA2/Au/Au_nat_30392.jpg,0.02,0.01,0.0,0.0
CASIA2/Au/Au_nat_30393.jpg,0.0,0.0,0.0,0.0
CASIA2/Au/Au_nat_30394.jpg,0.013333333333333334,0.0,0.0,0.0
CASIA2/Au/Au_nat_30395.jpg,0.01,0.0,0.0,0.0
CASIA2/Au/Au_nat_30396.jpg,0.10333333333333333,0.006666666666666667,0.0011111111111111111,0.0
CASIA2/Au/Au_nat_30397.jpg,0.013333333333333334,0.0,0.0,0.0
CASIA2/Au/Au_nat_30398.jpg,0.30333333333333334,0.016666666666666666,0.0,0.0
CASIA2/Au/Au_nat_30399.jpg,0.0,0.0,0.0,0.0
CASIA2/Au/Au_nat_30400.jpg,0.016666666666666666,0.0,0.0,0.0
CASIA2/Au/Au_nat_30402.jpg,0.17333333333333334,0.0033333333333333335,0.0,0.0
CASIA2/Au/Au_nat_30403.jpg,0.0,0.0,0.0,0.0
CASIA2/Au/Au_nat_30404.jpg,0.12666666666666668,0.04,0.0,0.0
CASIA2/Au/Au_nat_30405.jpg,0.11,0.0033333333333333335,0.0,0.0
CASIA2/Au/Au_nat_30406.jpg,0.65,0.09666666666666666,0.0,0.0
CASIA2/Au/Au_nat_30407.jpg,0.38333333333333336,0.15,0.0,0.004333333333333333
CASIA2/Au/Au_nat_30408.jpg,0.0033333333333333335,0.0,0.0,0.0
CASIA2/Au/Au_nat_30409.jpg,0.20333333333333334,0.1,0.0,0.0
CASIA2/Au/Au_nat_30410.jpg,0.08,0.0,0.0,0.0
CASIA2/Au/Au_nat_30411.jpg,0.01,0.0,0.0,0.0
CASIA2/Au/Au_nat_30412.jpg,0.016666666666666666,0.0033333333333333335,0.0,0.0
CASIA2/Au/Au_nat_30413.jpg,0.0033333333333333335,0.03,0.0,0.0
CASIA2/Au/Au_nat_30414.jpg,0.02,0.05333333333333334,0.0,0.0
CASIA2/Au/Au_nat_30416.jpg,0.013333333333333334,0.0033333333333333335,0.0,0.0
CASIA2/Au/Au_nat_30417.jpg,0.16,0.0033333333333333335,0.0,0.0
CASIA2/Au/Au_nat_30418.jpg,0.03333333333333333,0.0,0.0,0.0
CASIA2/Au/Au_nat_30419.jpg,0.016666666666666666,0.0,0.0,0.0
CASIA2/Au/Au_nat_30420.jpg,0.013333333333333334,0.0,0.0,0.0
CASIA2/Au/Au_nat_30421.jpg,0.0033333333333333335,0.006666666666666667,0.0,0.0
CASIA2/Au/Au_nat_30423.jpg,0.09666666666666666,0.023333333333333334,0.0,0.0
CASIA2/Au/Au_nat_30424.jpg,0.0,0.0,0.0,0.0
CASIA2/Au/Au_nat_30425.jpg,0.03333333333333333,0.0,0.0,0.0
CASIA2/Au/Au_nat_30426.jpg,0.02,0.02,0.0,0.0
CASIA2/Au/Au_nat_30427.jpg,0.0033333333333333335,0.016666666666666666,0.0,0.0005555555555555556
CASIA2/Au/Au_nat_30428.jpg,0.013333333333333334,0.0,0.0,0.0
CASIA2/Au/Au_nat_30429.jpg,0.09666666666666666,0.0033333333333333335,0.0,0.0
CASIA2/Au/Au_nat_30430.jpg,0.02666666666666667,0.02666666666666667,0.0,0.0
CASIA2/Au/Au_nat_30432.jpg,0.27,0.006666666666666667,0.0,0.0
CASIA2/Au/Au_nat_30433.jpg,0.013333333333333334,0.0,0.0,0.0
CASIA2/Au/Au_nat_30434.jpg,0.07333333333333333,0.0,0.0,0.0
CASIA2/Au/Au_nat_30435.jpg,0.04666666666666667,0.0,0.0,0.0
CASIA2/Au/Au_nat_30436.jpg,0.13,0.01,0.0,0.0
CASIA2/Au/Au_nat_30437.jpg,0.16,0.0033333333333333335,0.0,0.0
CASIA2/Au/Au_nat_30438.jpg,0.01,0.0,0.0,0.0
CASIA2/Au/Au_nat_30439.jpg,0.016666666666666666,0.0,0.0033333333333333335,0.0
CASIA2/Au/Au_nat_30440.jpg,0.36333333333333334,0.09666666666666666,0.0,0.0
CASIA2/Au/Au_nat_30441.jpg,0.0033333333333333335,0.0,0.0,0.0
CASIA2/Au/Au_nat_30442.jpg,0.006666666666666667,0.01,0.0,0.0
CASIA2/Au/Au_nat_30443.jpg,0.06,0.10666666666666667,0.0,0.002121212121212121
CASIA2/Au/Au_nat_30445.jpg,0.0,0.0,0.0,0.0
CASIA2/Au/Au_nat_30446.jpg,0.0,0.0,0.0,0.0
CASIA2/Au/Au_nat_30447.jpg,0.20333333333333334,0.013333333333333334,0.0,0.0
CASIA2/Au/Au_nat_30448.jpg,0.31,0.04,0.0,0.0
CASIA2/Au/Au_nat_30451.jpg,0.1,0.0,0.0,0.0
CASIA2/Au/Au_nat_30452.jpg,0.006666666666666667,0.0,0.0,0.0
CASIA2/Au/Au_nat_30453.jpg,0.006666666666666667,0.0,0.0,0.0
CASIA2/Au/Au_nat_30454.jpg,0.0,0.0,0.0,0.0
CASIA2/Au/Au_nat_30456.jpg,0.0,0.0,0.0,0.0
CASIA2/Au/Au_nat_30457.jpg,0.006666666666666667,0.0,0.0,0.0
CASIA2/Au/Au_nat_30458.jpg,0.0033333333333333335,0.0,0.0,0.0
CASIA2/Au/Au_nat_30461.jpg,0.0033333333333333335,0.0,0.0,0.0
CASIA2/Au/Au_nat_30462.jpg,0.04,0.0,0.0,0.0
CASIA2/Au/Au_nat_30463.jpg,0.006666666666666667,0.0,0.0,0.0
CASIA2/Au/Au_nat_30464.jpg,0.0,0.0,0.0,0.0
CASIA2/Au/Au_nat_30465.jpg,0.04666666666666667,0.0033333333333333335,0.0,0.0
CASIA2/Au/Au_nat_30466.jpg,0.02,0.0033333333333333335,0.0,0.0
CASIA2/Au/Au_nat_30467.jpg,0.056666666666666664,0.006666666666666667,0.0,0.0
CASIA2/Au/Au_nat_30468.jpg,0.0,0.0,0.0,0.0
CASIA2/Au/Au_nat_30469.jpg,0.04,0.02,0.0,0.0
CASIA2/Au/Au_nat_30470.jpg,0.0,0.0,0.0,0.0
CASIA2/Au/Au_nat_30471.jpg,0.02666666666666667,0.0033333333333333335,0.0,0.0
CASIA2/Au/Au_nat_30472.jpg,0.023333333333333334,0.0,0.0,0.0
CASIA2/Au/Au_nat_30473.jpg,0.01,0.0,0.0,0.0
CASIA2/Au/Au_nat_30474.jpg,0.016666666666666666,0.0,0.0,0.0
CASIA2/Au/Au_nat_30475.jpg,0.0033333333333333335,0.0,0.0,0.0
CASIA2/Au/Au_nat_30476.jpg,0.0,0.0,0.0,0.0
CASIA2/Au/Au_nat_30477.jpg,0.013333333333333334,0.0,0.0,0.0
CASIA2/Au/Au_nat_30478.jpg,0.0,0.0,0.0,0.0
CASIA2/Au/Au_nat_30479.jpg,0.01,0.0,0.0,0.0
CASIA2/Au/Au_nat_30481.jpg,0.01,0.0,0.0,0.0
CASIA2/Au/Au_nat_30482.jpg,0.0,0.0,0.0,0.0
CASIA2/Au/Au_nat_30483.jpg,0.056666666666666664,0.0,0.0,0.0
CASIA2/Au/Au_nat_30484.jpg,0.023333333333333334,0.0,0.0,0.0
CASIA2/Au/Au_nat_30485.jpg,0.006666666666666667,0.0,0.0,0.0
CASIA2/Au/Au_nat_30486.jpg,0.20333333333333334,0.016666666666666666,0.0,0.0
CASIA2/Au/Au_nat_30487.jpg,0.0,0.0,0.0,0.0
CASIA2/Au/Au_nat_30488.jpg,0.0,0.0,0.0,0.0
CASIA2/Au/Au_nat_30490.jpg,0.3566666666666667,0.056666666666666664,0.0,0.0
CASIA2/Au/Au_nat_30491.jpg,0.006666666666666667,0.0,0.0,0.0
CASIA2/Au/Au_nat_30492.jpg,0.0,0.0,0.0,0.0
CASIA2/Au/Au_nat_30493.jpg,0.1,0.01,0.0,0.0
CASIA2/Au/Au_nat_30494.jpg,0.0033333333333333335,0.0,0.0,0.0
CASIA2/Au/Au_nat_30495.jpg,0.006666666666666667,0.0,0.0,0.0
CASIA2/Au/Au_nat_30496.jpg,0.043333333333333335,0.0033333333333333335,0.0,0.0
CASIA2/Au/Au_nat_30497.jpg,0.10333333333333333,0.08333333333333333,0.0,0.0
CASIA2/Au/Au_nat_30500.jpg,0.21,0.02666666666666667,0.0,0.0
CASIA2/Au/Au_nat_30501.jpg,0.0,0.0,0.0,0.0
CASIA2/Au/Au_nat_30502.jpg,0.0033333333333333335,0.0,0.0,0.0
CASIA2/Au/Au_nat_30503.jpg,0.42333333333333334,0.016666666666666666,0.0,0.0
CASIA2/Au/Au_nat_30504.jpg,0.0,0.0,0.0,0.0
CASIA2/Au/Au_nat_30505.jpg,0.0033333333333333335,0.0,0.0,0.0
CASIA2/Au/Au_nat_30506.jpg,0.016666666666666666,0.0,0.0,0.0
CASIA2/Au/Au_nat_30507.jpg,0.0,0.0,0.0,0.0
CASIA2/Au/Au_nat_30508.jpg,0.0,0.0,0.0,0.0
CASIA2/Au/Au_nat_30511.jpg,0.0033333333333333335,0.0,0.0,0.0
CASIA2/Au/Au_nat_30512.jpg,0.0,0.0,0.0,0.0
CASIA2/Au/Au_nat_30513.jpg,0.0,0.0,0.0,0.0
CASIA2/Au/Au_nat_30514.jpg,0.06,0.02666666666666667,0.0,0.0
CASIA2/Au/Au_nat_30515.jpg,0.02,0.0033333333333333335,0.0,0.0
CASIA2/Au/Au_nat_30516.jpg,0.0033333333333333335,0.0,0.0,0.0
CASIA2/Au/Au_nat_30517.jpg,0.0,0.0,0.0,0.0
CASIA2/Au/Au_nat_30519.jpg,0.01,0.0,0.0,0.0
CASIA2/Au/Au_nat_30520.jpg,0.013333333333333334,0.0,0.0,0.0
CASIA2/Au/Au_nat_30521.jpg,0.0,0.0,0.0,0.0
CASIA2/Au/Au_nat_30522.jpg,0.02666666666666667,0.006666666666666667,0.0,0.0
CASIA2/Au/Au_nat_30523.jpg,0.13,0.0033333333333333335,0.0,0.0
CASIA2/Au/Au_nat_30524.jpg,0.12333333333333334,0.0,0.0,0.0
CASIA2/Au/Au_nat_30525.jpg,0.12666666666666668,0.006666666666666667,0.0,0.0
CASIA2/Au/Au_nat_30526.jpg,0.0,0.0,0.0,0.0
CASIA2/Au/Au_nat_30527.jpg,0.0033333333333333335,0.0,0.0,0.0
CASIA2/Au/Au_nat_30528.jpg,0.0033333333333333335,0.0,0.0,0.0
CASIA2/Au/Au_nat_30529.jpg,0.0,0.0,0.0,0.0
CASIA2/Au/Au_nat_30530.jpg,0.056666666666666664,0.013333333333333334,0.0,0.0
CASIA2/Au/Au_nat_30531.jpg,0.11333333333333333,0.023333333333333334,0.0,0.0
CASIA2/Au/Au_nat_30532.jpg,0.04666666666666667,0.0033333333333333335,0.0,0.0
CASIA2/Au/Au_nat_30533.jpg,0.12,0.006666666666666667,0.0,0.0
CASIA2/Au/Au_nat_30534.jpg,0.0033333333333333335,0.0,0.0,0.0
CASIA2/Au/Au_nat_30535.jpg,0.006666666666666667,0.0,0.0,0.0
CASIA2/Au/Au_nat_30537.jpg,0.39666666666666667,0.02,0.0,0.0
CASIA2/Au/Au_nat_30539.jpg,0.11,0.056666666666666664,0.0,0.0
CASIA2/Au/Au_nat_30540.jpg,0.03,0.0033333333333333335,0.0,0.0
CASIA2/Au/Au_nat_30541.jpg,0.0,0.0,0.0,0.0
CASIA2/Au/Au_nat_30542.jpg,0.0033333333333333335,0.0,0.0,0.0
CASIA2/Au/Au_nat_30543.jpg,0.016666666666666666,0.0,0.0,0.0
CASIA2/Au/Au_nat_30544.jpg,0.0,0.0,0.0,0.0
CASIA2/Au/Au_nat_30545.jpg,0.0,0.0,0.0,0.0
CASIA2/Au/Au_nat_30546.jpg,0.02666666666666667,0.006666666666666667,0.0,0.0
CASIA2/Au/Au_nat_30547.jpg,0.06666666666666667,0.0033333333333333335,0.0,0.0
CASIA2/Au/Au_nat_30548.jpg,0.33666666666666667,0.01,0.0,0.0
CASIA2/Au/Au_nat_30549.jpg,0.0033333333333333335,0.0,0.0,0.0
CASIA2/Au/Au_nat_30551.jpg,0.023333333333333334,0.0,0.0,0.0
CASIA2/Au/Au_nat_30552.jpg,0.17,0.05,0.0016666666666666668,0.0006666666666666668
CASIA2/Au/Au_nat_30553.jpg,0.016666666666666666,0.0,0.0,0.0
CASIA2/Au/Au_nat_30554.jpg,0.0,0.0,0.0,0.0
CASIA2/Au/Au_nat_30555.jpg,0.02,0.006666666666666667,0.0,0.0
CASIA2/Au/Au_nat_30556.jpg,0.03333333333333333,0.01,0.0,0.001923076923076923
CASIA2/Au/Au_nat_30557.jpg,0.02,0.0033333333333333335,0.0,0.0
CASIA2/Au/Au_nat_30560.jpg,0.0033333333333333335,0.0,0.0,0.0
CASIA2/Au/Au_nat_30561.jpg,0.0033333333333333335,0.0,0.0,0.0019047619047619048
CASIA2/Au/Au_nat_30563.jpg,0.006666666666666667,0.0,0.0,0.0
CASIA2/Au/Au_nat_30564.jpg,0.006666666666666667,0.0,0.0,0.0
CASIA2/Au/Au_nat_30565.jpg,0.02666666666666667,0.0,0.0,0.0
CASIA2/Au/Au_nat_30566.jpg,0.006666666666666667,0.0,0.0,0.0
CASIA2/Au/Au_nat_30567.jpg,0.07666666666666666,0.016666666666666666,0.0,0.0
CASIA2/Au/Au_nat_30569.jpg,0.0,0.0,0.002380952380952381,0.0
CASIA2/Au/Au_nat_30570.jpg,0.0,0.0,0.0,0.0
CASIA2/Au/Au_nat_30571.jpg,0.06,0.016666666666666666,0.0,0.0
CASIA2/Au/Au_nat_30573.jpg,0.0033333333333333335,0.0,0.0,0.0
CASIA2/Au/Au_nat_30574.jpg,0.03333333333333333,0.0,0.0,0.0
CASIA2/Au/Au_nat_30576.jpg,0.013333333333333334,0.0,0.0,0.0
CASIA2/Au/Au_nat_30577.jpg,0.0,0.0,0.0,0.0
CASIA2/Au/Au_nat_30578.jpg,0.09666666666666666,0.023333333333333334,0.0,0.0
CASIA2/Au/Au_nat_30580.jpg,0.016666666666666666,0.0,0.0,0.0
CASIA2/Au/Au_nat_30581.jpg,0.08666666666666667,0.0,0.0,0.0
CASIA2/Au/Au_nat_30583.jpg,0.0,0.0,0.0,0.0
CASIA2/Au/Au_nat_30584.jpg,0.05333333333333334,0.0033333333333333335,0.0,0.0
CASIA2/Au/Au_nat_30588.jpg,0.0,0.013333333333333334,0.0,0.0
CASIA2/Au/Au_nat_30590.jpg,0.013333333333333334,0.0,0.0,0.0
CASIA2/Au/Au_nat_30592.jpg,0.0033333333333333335,0.0,0.0,0.0
CASIA2/Au/Au_nat_30593.jpg,0.06666666666666667,0.0033333333333333335,0.0,0.0
CASIA2/Au/Au_nat_30594.jpg,0.0033333333333333335,0.0,0.0,0.0
CASIA2/Au/Au_nat_30595.jpg,0.0,0.0,0.0,0.002666666666666667
CASIA2/Au/Au_nat_30596.jpg,0.0,0.0,0.0,0.0
CASIA2/Au/Au_nat_30597.jpg,0.013333333333333334,0.0,0.0,0.0
CASIA2/Au/Au_nat_30598.jpg,0.02666666666666667,0.0,0.0,0.0
CASIA2/Au/Au_nat_30600.jpg,0.03,0.0033333333333333335,0.0,0.0
CASIA2/Au/Au_nat_30601.jpg,0.09666666666666666,0.0033333333333333335,0.0,0.0
CASIA2/Au/Au_nat_30602.jpg,0.0,0.0,0.0,0.0
CASIA2/Au/Au_nat_30603.jpg,0.10666666666666667,0.0033333333333333335,0.0,0.0
CASIA2/Au/Au_nat_30605.jpg,0.04,0.0,0.0,0.0
CASIA2/Au/Au_nat_30606.jpg,0.07666666666666666,0.01,0.0,0.0
CASIA2/Au/Au_nat_30607.jpg,0.04666666666666667,0.006666666666666667,0.0,0.0
CASIA2/Au/Au_nat_30609.jpg,0.16333333333333333,0.01,0.0,0.0014814814814814814
CASIA2/Au/Au_nat_30610.jpg,0.06,0.0,0.0,0.0
CASIA2/Au/Au_nat_30612.jpg,0.18,0.006666666666666667,0.0,0.0
CASIA2/Au/Au_nat_30613.jpg,0.16666666666666666,0.0033333333333333335,0.0,0.0
CASIA2/Au/Au_nat_30614.jpg,0.01,0.03666666666666667,0.0,0.0
CASIA2/Au/Au_nat_30615.jpg,0.35,0.04,0.0,0.0019047619047619048
CASIA2/Au/Au_nat_30616.jpg,0.03666666666666667,0.006666666666666667,0.0,0.0
CASIA2/Au/Au_nat_30617.jpg,0.016666666666666666,0.0,0.0,0.0
CASIA2/Au/Au_nat_30618.jpg,0.06666666666666667,0.0,0.0,0.0
CASIA2/Au/Au_nat_30619.jpg,0.09,0.06,0.002261904761904762,0.008796897546897546
CASIA2/Au/Au_nat_30620.jpg,0.06333333333333334,0.05,0.0,0.005190476190476191
CASIA2/Au/Au_nat_30621.jpg,0.023333333333333334,0.01,0.0,0.0
CASIA2/Au/Au_nat_30622.jpg,0.14333333333333334,0.02666666666666667,0.0,0.0
CASIA2/Au/Au_nat_30623.jpg,0.01,0.006666666666666667,0.0007407407407407407,0.0027777777777777775
CASIA2/Au/Au_nat_30625.jpg,0.0033333333333333335,0.0,0.0,0.0
CASIA2/Au/Au_nat_30626.jpg,0.0,0.0,0.0,0.0
CASIA2/Au/Au_nat_30627.jpg,0.0,0.0,0.0,0.0
CASIA2/Au/Au_nat_30628.jpg,0.006666666666666667,0.016666666666666666,0.0,0.0
CASIA2/Au/Au_nat_30629.jpg,0.0,0.0,0.0,0.0
CASIA2/Au/Au_nat_30630.jpg,0.2866666666666667,0.023333333333333334,0.0,0.0
CASIA2/Au/Au_nat_30631.jpg,0.0,0.0,0.0,0.0
CASIA2/Au/Au_nat_30632.jpg,0.14,0.0033333333333333335,0.0,0.0
CASIA2/Au/Au_nat_30633.jpg,0.0,0.0,0.0,0.0
CASIA2/Au/Au_nat_30634.jpg,0.0,0.0,0.0,0.0
CASIA2/Au/Au_nat_30636.jpg,0.0,0.0,0.0,0.0
CASIA2/Au/Au_nat_30637.jpg,0.0033333333333333335,0.0033333333333333335,0.0,0.0
CASIA2/Au/Au_nat_30638.jpg,0.05333333333333334,0.023333333333333334,0.006666666666666667,0.0006666666666666668
CASIA2/Au/Au_nat_30639.jpg,0.07,0.016666666666666666,0.0,0.0
CASIA2/Au/Au_nat_30641.jpg,0.01,0.01,0.0,0.0
CASIA2/Au/Au_nat_30642.jpg,0.0,0.0033333333333333335,0.0,0.0
CASIA2/Au/Au_nat_30643.jpg,0.0033333333333333335,0.0,0.0,0.0
CASIA2/Au/Au_nat_30645.jpg,0.0,0.0,0.0,0.0
CASIA2/Au/Au_nat_30647.jpg,0.06333333333333334,0.0,0.0,0.0
CASIA2/Au/Au_nat_30648.jpg,0.10333333333333333,0.0,0.0,0.0
CASIA2/Au/Au_nat_30650.jpg,0.0033333333333333335,0.0,0.0,0.0
CASIA2/Au/Au_nat_30651.jpg,0.04,0.006666666666666667,0.0,0.0
CASIA2/Au/Au_nat_30652.jpg,0.0,0.0,0.0,0.0
CASIA2/Au/Au_nat_30653.jpg,0.013333333333333334,0.0,0.0,0.0
CASIA2/Au/Au_nat_30654.jpg,0.043333333333333335,0.0,0.0,0.0
CASIA2/Au/Au_nat_30655.jpg,0.21666666666666667,0.02,0.0,0.0
CASIA2/Au/Au_nat_30656.jpg,0.0,0.0,0.0,0.0
CASIA2/Au/Au_nat_30657.jpg,0.08,0.006666666666666667,0.0,0.0008333333333333334
CASIA2/Au/Au_nat_30658.jpg,0.06666666666666667,0.006666666666666667,0.0,0.0
CASIA2/Au/Au_nat_30659.jpg,0.0033333333333333335,0.0,0.0,0.0016666666666666668
CASIA2/Au/Au_nat_30660.jpg,0.013333333333333334,0.0,0.0,0.0
CASIA2/Au/Au_nat_30661.jpg,0.0,0.0,0.0,0.0
CASIA2/Au/Au_nat_30662.jpg,0.10666666666666667,0.0,0.0,0.0
CASIA2/Au/Au_nat_30664.jpg,0.023333333333333334,0.0,0.0,0.0
CASIA2/Au/Au_nat_30665.jpg,0.0,0.0,0.0,0.0
CASIA2/Au/Au_nat_30666.jpg,0.02,0.0033333333333333335,0.0,0.0
CASIA2/Au/Au_nat_30667.jpg,0.3433333333333333,0.03666666666666667,0.0,0.0
CASIA2/Au/Au_nat_30668.jpg,0.01,0.0,0.0,0.0
CASIA2/Au/Au_nat_30669.jpg,0.006666666666666667,0.0,0.0,0.0
CASIA2/Au/Au_nat_30671.jpg,0.0033333333333333335,0.0,0.0,0.0
CASIA2/Au/Au_nat_30672.jpg,0.016666666666666666,0.0033333333333333335,0.0,0.0
CASIA2/Au/Au_nat_30673.jpg,0.06,0.0,0.0,0.0
CASIA2/Au/Au_nat_30674.jpg,0.03666666666666667,0.01,0.0,0.0
CASIA2/Au/Au_nat_30675.jpg,0.0,0.0,0.0,0.0
CASIA2/Au/Au_nat_30676.jpg,0.0,0.0,0.0,0.0
CASIA2/Au/Au_nat_30677.jpg,0.0,0.0,0.0,0.0
CASIA2/Au/Au_nat_30678.jpg,0.056666666666666664,0.0,0.0,0.0
CASIA2/Au/Au_nat_30679.jpg,0.0,0.0,0.0,0.0
CASIA2/Au/Au_nat_30680.jpg,0.0,0.0,0.0,0.0
CASIA2/Au/Au_nat_30682.jpg,0.0,0.0,0.0,0.0
CASIA2/Au/Au_nat_30683.jpg,0.02,0.0,0.0,0.0
CASIA2/Au/Au_nat_30684.jpg,0.06333333333333334,0.0,0.0,0.0
CASIA2/Au/Au_nat_30685.jpg,0.0033333333333333335,0.0,0.0,0.0
CASIA2/Au/Au_nat_30687.jpg,0.08666666666666667,0.12333333333333334,0.004861111111111111,0.005348484848484848
CASIA2/Au/Au_nat_30688.jpg,0.11666666666666667,0.006666666666666667,0.0,0.0
CASIA2/Au/Au_nat_30689.jpg,0.01,0.013333333333333334,0.0,0.0005555555555555556
CASIA2/Au/Au_nat_30690.jpg,0.01,0.0,0.0,0.0008333333333333334
CASIA2/Au/Au_nat_30691.jpg,0.006666666666666667,0.0,0.0,0.0
CASIA2/Au/Au_nat_30692.jpg,0.13666666666666666,0.023333333333333334,0.0,0.007619047619047619
CASIA2/Au/Au_nat_30693.jpg,0.0033333333333333335,0.0,0.0,0.0
CASIA2/Au/Au_nat_30695.jpg,0.006666666666666667,0.0,0.0,0.0
CASIA2/Au/Au_nat_30696.jpg,0.0033333333333333335,0.0,0.0,0.0
CASIA2/Au/Au_nat_30697.jpg,0.0033333333333333335,0.0,0.0,0.0
CASIA2/Au/Au_nat_30698.jpg,0.016666666666666666,0.0,0.0033333333333333335,0.0008333333333333334
CASIA2/Au/Au_nat_30699.jpg,0.05333333333333334,0.0,0.0,0.0
CASIA2/Au/Au_nat_30700.jpg,0.023333333333333334,0.006666666666666667,0.0008333333333333334,0.0
CASIA2/Au/Au_nat_30701.jpg,0.0033333333333333335,0.0033333333333333335,0.0,0.0
CASIA2/Au/Au_nat_30702.jpg,0.023333333333333334,0.0,0.0,0.0
CASIA2/Au/Au_nat_30705.jpg,0.21,0.07,0.002261904761904762,0.01263023088023088
CASIA2/Au/Au_nat_30706.jpg,0.0033333333333333335,0.0,0.0,0.0
CASIA2/Au/Au_nat_30707.jpg,0.24333333333333335,0.03666666666666667,0.0,0.0016666666666666668
CASIA2/Au/Au_nat_30708.jpg,0.11,0.06333333333333334,0.0011111111111111111,0.006047619047619048
CASIA2/Au/Au_nat_30709.jpg,0.0,0.0,0.0,0.0
CASIA2/Au/Au_nat_30710.jpg,0.0,0.0,0.0,0.0
CASIA2/Au/Au_nat_30712.jpg,0.01,0.0,0.0,0.0
CASIA2/Au/Au_nat_30713.jpg,0.07666666666666666,0.013333333333333334,0.0,0.0
CASIA2/Au/Au_nat_30714.jpg,0.0,0.0,0.0,0.0
CASIA2/Au/Au_nat_30715.jpg,0.09333333333333334,0.016666666666666666,0.0,0.0
CASIA2/Au/Au_nat_30716.jpg,0.21666666666666667,0.0,0.0,0.0
CASIA2/Au/Au_nat_30717.jpg,0.0033333333333333335,0.0,0.0,0.0
CASIA2/Au/Au_nat_30718.jpg,0.0,0.0,0.0,0.0
CASIA2/Au/Au_nat_30719.jpg,0.006666666666666667,0.0,0.0,0.0
CASIA2/Au/Au_nat_30720.jpg,0.14666666666666667,0.06,0.0,0.0
CASIA2/Au/Au_nat_30721.jpg,0.02666666666666667,0.0,0.0,0.0
CASIA2/Au/Au_nat_30723.jpg,0.0,0.0033333333333333335,0.0,0.0
CASIA2/Au/Au_nat_30725.jpg,0.0,0.0,0.0,0.0
CASIA2/Au/Au_nat_30726.jpg,0.016666666666666666,0.0,0.0,0.0
CASIA2/Au/Au_nat_30727.jpg,0.0,0.0,0.0,0.0
CASIA2/Au/Au_nat_30728.jpg,0.0,0.0,0.0,0.0
CASIA2/Au/Au_nat_30729.jpg,0.0033333333333333335,0.006666666666666667,0.0,0.0
CASIA2/Au/Au_nat_30730.jpg,0.0,0.0,0.0,0.0
CASIA2/Au/Au_nat_30731.jpg,0.0,0.0,0.0,0.0
CASIA2/Au/Au_nat_30732.jpg,0.0,0.0,0.0,0.0
CASIA2/Au/Au_nat_30733.jpg,0.013333333333333334,0.0033333333333333335,0.0,0.0
CASIA2/Au/Au_nat_30734.jpg,0.0,0.0,0.0,0.0
CASIA2/Au/Au_nat_30735.jpg,0.016666666666666666,0.0,0.0,0.0
CASIA2/Au/Au_nat_30736.jpg,0.056666666666666664,0.006666666666666667,0.0,0.0
CASIA2/Au/Au_pla_00001.jpg,0.24333333333333335,0.07,0.0,0.0
CASIA2/Au/Au_pla_00002.jpg,0.33,0.12,0.0,0.0008333333333333334
CASIA2/Au/Au_pla_00003.jpg,0.06666666666666667,0.02,0.0,0.0
CASIA2/Au/Au_pla_00004.jpg,0.0,0.0,0.0,0.0
CASIA2/Au/Au_pla_00005.jpg,0.023333333333333334,0.02,0.0,0.0
CASIA2/Au/Au_pla_00006.jpg,0.0033333333333333335,0.0033333333333333335,0.0,0.0
CASIA2/Au/Au_pla_00007.jpg,0.0,0.0,0.0,0.0
CASIA2/Au/Au_pla_00008.jpg,0.006666666666666667,0.0,0.0,0.0
CASIA2/Au/Au_pla_00009.jpg,0.043333333333333335,0.006666666666666667,0.0,0.0
CASIA2/Au/Au_pla_00010.jpg,0.08666666666666667,0.06,0.0,0.005333333333333334
CASIA2/Au/Au_pla_00011.jpg,0.01,0.01,0.0,0.0
CASIA2/Au/Au_pla_00012.jpg,0.016666666666666666,0.03666666666666667,0.0033333333333333335,0.0
CASIA2/Au/Au_pla_00013.jpg,0.04666666666666667,0.0,0.0,0.0
CASIA2/Au/Au_pla_00014.jpg,0.0,0.0033333333333333335,0.0,0.0
CASIA2/Au/Au_pla_00015.jpg,0.17666666666666667,0.11333333333333333,0.0,0.0
CASIA2/Au/Au_pla_00018.jpg,0.0033333333333333335,0.0,0.0,0.0
CASIA2/Au/Au_pla_00020.jpg,0.06,0.0033333333333333335,0.0,0.0
CASIA2/Au/Au_pla_00021.jpg,0.16666666666666666,0.22666666666666666,0.0,0.0004166666666666667
CASIA2/Au/Au_pla_00023.jpg,0.02666666666666667,0.0,0.0,0.0
CASIA2/Au/Au_pla_00024.jpg,0.0,0.006666666666666667,0.0,0.0
CASIA2/Au/Au_pla_00025.jpg,0.006666666666666667,0.0033333333333333335,0.0,0.0
CASIA2/Au/Au_pla_00026.jpg,0.03333333333333333,0.08666666666666667,0.0,0.0
CASIA2/Au/Au_pla_00028.jpg,0.04,0.0,0.0,0.0
CASIA2/Au/Au_pla_00029.jpg,0.02,0.006666666666666667,0.0,0.0
CASIA2/Au/Au_pla_00030.jpg,0.23,0.18333333333333332,0.0,0.0
CASIA2/Au/Au_pla_00031.jpg,0.12333333333333334,0.023333333333333334,0.0,0.0
CASIA2/Au/Au_pla_00032.jpg,0.10666666666666667,0.1,0.0,0.001
CASIA2/Au/Au_pla_00033.jpg,0.0033333333333333335,0.0,0.0,0.0
CASIA2/Au/Au_pla_00034.jpg,0.12,0.01,0.0,0.0
CASIA2/Au/Au_pla_00035.jpg,0.03333333333333333,0.09333333333333334,0.0,0.0
CASIA2/Au/Au_pla_00036.jpg,0.03,0.0,0.0,0.0
CASIA2/Au/Au_pla_00037.jpg,0.0033333333333333335,0.0,0.0,0.0
CASIA2/Au/Au_pla_00038.jpg,0.07666666666666666,0.03666666666666667,0.0,0.0
CASIA2/Au/Au_pla_00039.jpg,0.006666666666666667,0.0,0.0,0.0
CASIA2/Au/Au_pla_00040.jpg,0.013333333333333334,0.0,0.0,0.0
CASIA2/Au/Au_pla_00043.jpg,0.013333333333333334,0.01,0.0,0.0
CASIA2/Au/Au_pla_00044.jpg,0.0,0.0,0.0,0.0
CASIA2/Au/Au_pla_00045.jpg,0.06333333333333334,0.04666666666666667,0.0,0.0
CASIA2/Au/Au_pla_00047.jpg,0.013333333333333334,0.0,0.0,0.0
CASIA2/Au/Au_pla_00048.jpg,0.07333333333333333,0.04,0.0,0.0
CASIA2/Au/Au_pla_00049.jpg,0.26666666666666666,0.2833333333333333,0.0,0.0
CASIA2/Au/Au_pla_00050.jpg,0.03666666666666667,0.0,0.0,0.0
CASIA2/Au/Au_pla_00051.jpg,0.0033333333333333335,0.0,0.0,0.0
CASIA2/Au/Au_pla_00052.jpg,0.0,0.0,0.0,0.0
CASIA2/Au/Au_pla_00053.jpg,0.0,0.0,0.0,0.0
CASIA2/Au/Au_pla_00054.jpg,0.006666666666666667,0.0,0.0,0.0
CASIA2/Au/Au_pla_00055.jpg,0.0,0.0,0.0,0.0
CASIA2/Au/Au_pla_00057.jpg,0.0,0.0,0.0,0.0
CASIA2/Au/Au_pla_00059.jpg,0.02,0.0,0.0,0.0
CASIA2/Au/Au_pla_00060.jpg,0.01,0.0033333333333333335,0.0,0.0
CASIA2/Au/Au_pla_00061.jpg,0.11333333333333333,0.20666666666666667,0.0,0.004722222222222222
CASIA2/Au/Au_pla_00062.jpg,0.01,0.0,0.0,0.0
CASIA2/Au/Au_pla_00063.jpg,0.006666666666666667,0.0,0.0,0.0
CASIA2/Au/Au_pla_00064.jpg,0.0033333333333333335,0.0,0.0,0.0
CASIA2/Au/Au_pla_00065.jpg,0.043333333333333335,0.08,0.0,0.0
CASIA2/Au/Au_pla_00066.jpg,0.023333333333333334,0.0033333333333333335,0.0,0.0
CASIA2/Au/Au_pla_00068.jpg,0.0,0.0,0.0,0.0
CASIA2/Au/Au_pla_00069.jpg,0.006666666666666667,0.013333333333333334,0.0,0.0
CASIA2/Au/Au_pla_00070.jpg,0.006666666666666667,0.0,0.0,0.0
CASIA2/Au/Au_pla_00071.jpg,0.04,0.0,0.0,0.0
CASIA2/Au/Au_pla_00072.jpg,0.10333333333333333,0.08,0.0,0.0
CASIA2/Au/Au_pla_00073.jpg,0.09,0.23666666666666666,0.0,0.0
CASIA2/Au/Au_pla_00074.jpg,0.34,0.5133333333333333,0.0,0.0
CASIA2/Au/Au_pla_00075.jpg,0.15333333333333332,0.023333333333333334,0.0,0.0
CASIA2/Au/Au_pla_00076.jpg,0.07666666666666666,0.12666666666666668,0.0026851851851851854,0.0006666666666666668
CASIA2/Au/Au_pla_00077.jpg,0.043333333333333335,0.13666666666666666,0.0013333333333333335,0.0
CASIA2/Au/Au_pla_00078.jpg,0.31,0.4,0.004944444444444444,0.004666666666666667
CASIA2/Au/Au_pla_00081.jpg,0.016666666666666666,0.19,0.0,0.0
CASIA2/Au/Au_pla_00082.jpg,0.16333333333333333,0.4866666666666667,0.0,0.0
CASIA2/Au/Au_pla_00083.jpg,0.1,0.13333333333333333,0.0,0.0
CASIA2/Au/Au_pla_00084.jpg,0.0,0.08333333333333333,0.0,0.0008333333333333334
CASIA2/Au/Au_pla_00085.jpg,0.2733333333333333,0.08666666666666667,0.0,0.0
CASIA2/Au/Au_pla_00086.jpg,0.12333333333333334,0.11,0.0025833333333333333,0.0
CASIA2/Au/Au_pla_00087.jpg,0.08666666666666667,0.13,0.0,0.0
CASIA2/Au/Au_pla_00088.jpg,0.0033333333333333335,0.06666666666666667,0.0033333333333333335,0.0
CASIA2/Au/Au_pla_00089.jpg,0.09666666666666666,0.10333333333333333,0.0013333333333333335,0.0
CASIA2/Au/Au_pla_00090.jpg,0.37333333333333335,0.45,0.0,0.0025
CASIA2/Au/Au_pla_00093.jpg,0.2,0.07333333333333333,0.0,0.0
CASIA2/Au/Au_pla_00094.jpg,0.03333333333333333,0.54,0.0,0.0
CASIA2/Au/Au_pla_00095.jpg,0.17,0.17666666666666667,0.0,0.0
CASIA2/Au/Au_pla_00098.jpg,0.02666666666666667,0.14666666666666667,0.0013333333333333335,0.0
CASIA2/Au/Au_pla_00099.jpg,0.06666666666666667,0.14,0.0,0.0
CASIA2/Au/Au_pla_00100.jpg,0.006666666666666667,0.13,0.0,0.001851851851851852
CASIA2/Au/Au_pla_10001.jpg,0.7366666666666667,0.5366666666666666,0.7782577237577235,0.5939666999666998
CASIA2/Au/Au_pla_10003.jpg,0.5033333333333333,0.30333333333333334,0.0,0.0
CASIA2/Au/Au_pla_10101.jpg,0.8566666666666667,0.73,0.0033333333333333335,0.007334776334776335
CASIA2/Au/Au_pla_10102.jpg,0.6433333333333333,0.5133333333333333,0.03562187812187812,0.030003367003367
CASIA2/Au/Au_pla_10103.jpg,0.4033333333333333,0.3333333333333333,0.040183862433862426,0.013498316498316499
CASIA2/Au/Au_pla_10106.jpg,0.43333333333333335,0.5166666666666667,0.018309283309283306,0.04547314722314722
CASIA2/Au/Au_pla_10107.jpg,0.13,0.31666666666666665,0.035005291005291005,0.01714646464646465
CASIA2/Au/Au_pla_10108.jpg,0.12333333333333334,0.14,0.06,0.048251221001221006
CASIA2/Au/Au_pla_10109.jpg,0.09333333333333334,0.12333333333333334,0.016666666666666666,0.027714285714285716
CASIA2/Au/Au_pla_10110.jpg,0.38,0.47333333333333333,0.04157299182299182,0.014655423280423283
CASIA2/Au/Au_pla_10111.jpg,0.73,0.49666666666666665,0.006666666666666667,0.023523809523809523
CASIA2/Au/Au_pla_10112.jpg,0.31333333333333335,0.30666666666666664,0.02365921115921116,0.029594877344877344
CASIA2/Au/Au_pla_10113.jpg,0.17333333333333334,0.19666666666666666,0.03,0.0049801587301587305
CASIA2/Au/Au_pla_10115.jpg,0.44333333333333336,0.42,0.02,0.008047619047619047
CASIA2/Au/Au_pla_10116.jpg,0.31666666666666665,0.22666666666666666,0.043333333333333335,0.03417582417582418
CASIA2/Au/Au_pla_10117.jpg,0.38,0.23,0.03666666666666667,0.018253968253968255
CASIA2/Au/Au_pla_10118.jpg,0.29333333333333333,0.2633333333333333,0.03,0.0570180375180375
CASIA2/Au/Au_pla_10119.jpg,0.42333333333333334,0.2633333333333333,0.006666666666666667,0.03408597883597884
CASIA2/Au/Au_pla_10120.jpg,0.3933333333333333,0.6166666666666667,0.8666666666666667,0.8304482924482925
CASIA2/Au/Au_pla_10121.jpg,0.5033333333333333,0.6433333333333333,0.9233333333333333,0.8845684223184228
CASIA2/Au/Au_pla_10123.jpg,0.48,0.83,0.8633333333333333,0.9434119769119769
CASIA2/Au/Au_pla_10124.jpg,0.45666666666666667,0.9266666666666666,0.8033333333333333,0.892863492988493
CASIA2/Au/Au_pla_10125.jpg,0.38333333333333336,0.89,0.8614367484367483,0.9256415343915345
CASIA2/Au/Au_pla_10126.bmp,0.5166666666666667,0.3,0.18,0.2543465608465608
CASIA2/Au/Au_pla_10127.bmp,0.6533333333333333,0.5533333333333333,0.07666666666666666,0.17480158730158735
CASIA2/Au/Au_pla_10128.bmp,0.32,0.20333333333333334,0.0,0.02070533170533171
CASIA2/Au/Au_pla_20001.jpg,0.35,0.42333333333333334,0.0033333333333333335,0.0
CASIA2/Au/Au_pla_20002.jpg,0.6266666666666667,0.6466666666666666,0.013333333333333334,0.032379870129870134
CASIA2/Au/Au_pla_20003.jpg,0.43333333333333335,0.2733333333333333,0.006666666666666667,0.0
CASIA2/Au/Au_pla_20004.jpg,0.24,0.25666666666666665,0.014583333333333334,0.002407407407407407
CASIA2/Au/Au_pla_20005.jpg,0.59,0.6333333333333333,0.0039722222222222225,0.0052751322751322756
CASIA2/Au/Au_pla_20006.jpg,0.19333333333333333,0.42,0.004777777777777778,0.0025
CASIA2/Au/Au_pla_20007.jpg,0.21333333333333335,0.24666666666666667,0.01036904761904762,0.014725589225589225
CASIA2/Au/Au_pla_20008.jpg,0.5366666666666666,0.6166666666666667,0.004712962962962963,0.0017037037037037036
CASIA2/Au/Au_pla_20009.jpg,0.42,0.4633333333333333,0.02609559884559885,0.023543650793650797
CASIA2/Au/Au_pla_20011.jpg,0.5633333333333334,0.39666666666666667,0.046298534798534796,0.0702011692011692
CASIA2/Au/Au_pla_20013.jpg,0.2966666666666667,0.4633333333333333,0.0033333333333333335,0.004722222222222221
CASIA2/Au/Au_pla_20014.jpg,0.6533333333333333,0.45666666666666667,0.028263888888888894,0.0453531746031746
CASIA2/Au/Au_pla_20015.jpg,0.7433333333333333,0.43,0.018660714285714284,0.04569179894179894
CASIA2/Au/Au_pla_20017.jpg,0.35333333333333333,0.3933333333333333,0.013333333333333334,0.005559523809523809
CASIA2/Au/Au_pla_20018.jpg,0.46,0.5166666666666667,0.017988095238095237,0.007833333333333333
CASIA2/Au/Au_pla_20019.jpg,0.3466666666666667,0.52,0.0,0.0
CASIA2/Au/Au_pla_20020.jpg,0.5366666666666666,0.72,0.6033333333333334,0.5109454711954714
CASIA2/Au/Au_pla_20021.jpg,0.19,0.37,0.06,0.06852513227513227
CASIA2/Au/Au_pla_20022.jpg,0.66,0.7566666666666667,0.07333333333333333,0.06662169312169312
CASIA2/Au/Au_pla_20023.jpg,0.5733333333333334,0.44,0.043333333333333335,0.07417893217893216
CASIA2/Au/Au_pla_20024.jpg,0.19666666666666666,0.36333333333333334,0.013123015873015871,0.0115
CASIA2/Au/Au_pla_20025.jpg,0.7166666666666667,0.41,0.49,0.4893122895622896
CASIA2/Au/Au_pla_20026.jpg,0.31333333333333335,0.38666666666666666,0.016666666666666666,0.013865079365079367
CASIA2/Au/Au_pla_20027.jpg,0.18666666666666668,0.24666666666666667,0.02,0.016788359788359786
CASIA2/Au/Au_pla_20028.jpg,0.3,0.25333333333333335,0.0,0.006499999999999999
CASIA2/Au/Au_pla_20029.jpg,0.10666666666666667,0.33666666666666667,0.1382390757390757,0.098487012987013
CASIA2/Au/Au_pla_20030.jpg,0.4266666666666667,0.3233333333333333,0.19920076220076222,0.13651310726310723
CASIA2/Au/Au_pla_20031.jpg,0.3466666666666667,0.31666666666666665,0.13860101010101006,0.09943915343915342
CASIA2/Au/Au_pla_20032.jpg,0.43333333333333335,0.2966666666666667,0.023285714285714285,0.021515873015873013
CASIA2/Au/Au_pla_20033.jpg,0.2833333333333333,0.30666666666666664,0.04,0.027696127946127944
CASIA2/Au/Au_pla_20034.jpg,0.2,0.37666666666666665,0.0033333333333333335,0.04200625300625301
CASIA2/Au/Au_pla_20035.jpg,0.17,0.30666666666666664,0.0,0.016047619047619047
CASIA2/Au/Au_pla_20036.jpg,0.6566666666666666,0.6433333333333333,0.0511480463980464,0.06059283309283308
CASIA2/Au/Au_pla_20037.jpg,0.23,0.37,0.0033333333333333335,0.02824963924963925
CASIA2/Au/Au_pla_20038.jpg,0.3933333333333333,0.31333333333333335,0.0,0.0
CASIA2/Au/Au_pla_20039.jpg,0.35,0.37,0.05518091168091168,0.03826190476190476
CASIA2/Au/Au_pla_20040.jpg,0.6466666666666666,0.51,0.0,0.005277777777777778
CASIA2/Au/Au_pla_20041.jpg,0.8733333333333333,0.84,0.014789682539682538,0.09024999999999997
CASIA2/Au/Au_pla_20042.jpg,0.24666666666666667,0.45666666666666667,0.01,0.017138888888888888
CASIA2/Au/Au_pla_20043.jpg,0.6033333333333334,0.46,0.04432804232804233,0.040280469530469536
CASIA2/Au/Au_pla_20044.jpg,0.5266666666666666,0.4033333333333333,0.05704711029711029,0.08929497354497355
CASIA2/Au/Au_pla_20045.jpg,0.41,0.45666666666666667,0.06395604395604397,0.08487421837421838
CASIA2/Au/Au_pla_20046.jpg,0.37333333333333335,0.32666666666666666,0.027002405002405,0.0682369944869945
CASIA2/Au/Au_pla_20047.jpg,0.5133333333333333,0.4866666666666667,0.02,0.04953956228956229
CASIA2/Au/Au_pla_20048.jpg,0.19666666666666666,0.41,0.015698412698412698,0.03428090428090427
CASIA2/Au/Au_pla_20050.jpg,0.37666666666666665,0.44,0.04666666666666667,0.07199404299404298
CASIA2/Au/Au_pla_20051.jpg,0.42333333333333334,0.44666666666666666,0.006666666666666667,0.01834096459096459
CASIA2/Au/Au_pla_20052.jpg,0.2866666666666667,0.35,0.03,0.02790873015873016
CASIA2/Au/Au_pla_20053.jpg,0.59,0.39,0.02666666666666667,0.06832010582010581
CASIA2/Au/Au_pla_20054.jpg,0.3566666666666667,0.36666666666666664,0.013782828282828286,0.03064306064306064
CASIA2/Au/Au_pla_20055.jpg,0.39,0.38666666666666666,0.05,0.09431794131794129
CASIA2/Au/Au_pla_20056.jpg,0.6133333333333333,0.7366666666666667,0.043333333333333335,0.10095610870610873
CASIA2/Au/Au_pla_20057.jpg,0.38333333333333336,0.44333333333333336,0.18333333333333332,0.2313097920597921
CASIA2/Au/Au_pla_20058.jpg,0.12,0.31666666666666665,0.0033333333333333335,0.031099206349206345
CASIA2/Au/Au_pla_20059.jpg,0.3433333333333333,0.23,0.0033333333333333335,0.004388888888888889
CASIA2/Au/Au_pla_20060.jpg,0.5633333333333334,0.5466666666666666,0.006666666666666667,0.010722222222222223
CASIA2/Au/Au_pla_20061.jpg,0.2733333333333333,0.26,0.006666666666666667,0.00803030303030303
CASIA2/Au/Au_pla_20062.jpg,0.28,0.25666666666666665,0.01527910052910053,0.005365319865319866
CASIA2/Au/Au_pla_20063.jpg,0.18333333333333332,0.38,0.014274225774225775,0.005476190476190476
CASIA2/Au/Au_pla_20065.jpg,0.88,0.8866666666666667,0.02967592592592593,0.06379365079365079
CASIA2/Au/Au_pla_20066.jpg,0.21,0.17333333333333334,0.0033333333333333335,0.0
CASIA2/Au/Au_pla_20067.jpg,0.5166666666666667,0.4633333333333333,0.48,0.45177890954361544
CASIA2/Au/Au_pla_20068.jpg,0.31333333333333335,0.19,0.0033333333333333335,0.0
CASIA2/Au/Au_pla_20070.jpg,0.5766666666666667,0.47,0.056666666666666664,0.052958994708994706
CASIA2/Au/Au_pla_20071.jpg,0.5233333333333333,0.4866666666666667,0.39792489454989455,0.45302181152181153
CASIA2/Au/Au_pla_20073.jpg,0.2733333333333333,0.36,0.08,0.08637974987974988
CASIA2/Au/Au_pla_20074.jpg,0.54,0.5966666666666667,0.008,0.004839826839826839
CASIA2/Au/Au_pla_20075.jpg,0.28,0.4066666666666667,0.0,0.0020370370370370373
CASIA2/Au/Au_pla_20076.jpg,0.37333333333333335,0.4033333333333333,0.0033333333333333335,0.0008333333333333334
CASIA2/Au/Au_pla_20077.jpg,0.46,0.21666666666666667,0.03927200577200578,0.024404197654197657
CASIA2/Au/Au_pla_20078.jpg,0.52,0.44333333333333336,0.01,0.012044159544159543
CASIA2/Au/Au_pla_20079.jpg,0.47333333333333333,0.5033333333333333,0.0,0.0
CASIA2/Au/Au_pla_20080.jpg,0.4633333333333333,0.43666666666666665,0.44333333333333336,0.5493642659083837
CASIA2/Au/Au_pla_20081.jpg,0.48,0.58,0.009107142857142857,0.017032828282828285
CASIA2/Au/Au_pla_20082.jpg,0.6533333333333333,0.6633333333333333,0.006333333333333333,0.0
CASIA2/Au/Au_pla_20083.jpg,0.38,0.2833333333333333,0.0,0.021085978835978833
CASIA2/Au/Au_pla_20084.jpg,0.19333333333333333,0.23,0.00125,0.0095
CASIA2/Au/Au_pla_20085.jpg,0.30666666666666664,0.23,0.0,0.0
CASIA2/Au/Au_pla_20086.jpg,0.32,0.4033333333333333,0.011111111111111112,0.0027777777777777775
CASIA2/Au/Au_pla_20087.jpg,0.31333333333333335,0.5066666666666667,0.5799082913274092,0.49414800014800014
CASIA2/Au/Au_pla_20088.jpg,0.24333333333333335,0.43333333333333335,0.03666666666666667,0.08572282347282345
CASIA2/Au/Au_pla_20089.jpg,0.4166666666666667,0.3466666666666667,0.4,0.313920126170126
CASIA2/Au/Au_pla_20090.jpg,0.39,0.4033333333333333,0.43,0.30161300736300733
CASIA2/Au/Au_pla_20091.jpg,0.32666666666666666,0.37666666666666665,0.0,0.0022222222222222222
CASIA2/Au/Au_pla_20092.jpg,0.4,0.26666666666666666,0.006683372183372183,0.007286990786990787
CASIA2/Au/Au_pla_20093.jpg,0.45666666666666667,0.5633333333333334,0.016666666666666666,0.024230158730158727
CASIA2/Au/Au_pla_20094.jpg,0.29333333333333333,0.25666666666666665,0.02,0.0425
CASIA2/Au/Au_pla_20096.jpg,0.14333333333333334,0.24333333333333335,0.009416666666666667,0.005120370370370371
CASIA2/Au/Au_pla_20097.jpg,0.15333333333333332,0.36,0.01,0.009098484848484849
CASIA2/Au/Au_pla_20098.jpg,0.25666666666666665,0.27666666666666667,0.0033333333333333335,0.0
CASIA2/Au/Au_pla_20099.jpg,0.21,0.2,0.49666666666666665,0.5045209142709143
CASIA2/Au/Au_pla_20100.jpg,0.4066666666666667,0.23,0.7133333333333334,0.49269269619269607
CASIA2/Au/Au_pla_30001.jpg,0.006666666666666667,0.0,0.0,0.0
CASIA2/Au/Au_pla_30003.jpg,0.0,0.0,0.0,0.0
CASIA2/Au/Au_pla_30004.jpg,0.006666666666666667,0.0,0.0,0.0
CASIA2/Au/Au_pla_30005.jpg,0.45,0.06333333333333334,0.0,0.0
CASIA2/Au/Au_pla_30006.jpg,0.13333333333333333,0.056666666666666664,0.0,0.0
CASIA2/Au/Au_pla_30007.jpg,0.09666666666666666,0.06666666666666667,0.0,0.0
CASIA2/Au/Au_pla_30009.jpg,0.11,0.06666666666666667,0.0,0.0
CASIA2/Au/Au_pla_30010.jpg,0.25333333333333335,0.06333333333333334,0.0009523809523809524,0.0
CASIA2/Au/Au_pla_30012.jpg,0.08,0.05333333333333334,0.0,0.0
CASIA2/Au/Au_pla_30013.jpg,0.10666666666666667,0.056666666666666664,0.0,0.0
CASIA2/Au/Au_pla_30014.jpg,0.14,0.09,0.0,0.0
CASIA2/Au/Au_pla_30017.jpg,0.10666666666666667,0.13666666666666666,0.0,0.0
CASIA2/Au/Au_pla_30019.jpg,0.27,0.13666666666666666,0.0,0.0022539682539682543
CASIA2/Au/Au_pla_30020.jpg,0.15,0.16333333333333333,0.0,0.0
CASIA2/Au/Au_pla_30021.jpg,0.11666666666666667,0.11333333333333333,0.0,0.0
CASIA2/Au/Au_pla_30023.jpg,0.19,0.07,0.0,0.0
CASIA2/Au/Au_pla_30024.jpg,0.5566666666666666,0.16666666666666666,0.0,0.0
CASIA2/Au/Au_pla_30026.jpg,0.12333333333333334,0.013333333333333334,0.0,0.0
CASIA2/Au/Au_pla_30029.jpg,0.13666666666666666,0.04666666666666667,0.0,0.0
CASIA2/Au/Au_pla_30030.jpg,0.16333333333333333,0.06666666666666667,0.0,0.0004761904761904762
CASIA2/Au/Au_pla_30031.jpg,0.32,0.16333333333333333,0.0,0.0
CASIA2/Au/Au_pla_30032.jpg,0.19,0.17,0.0,0.0016666666666666668
CASIA2/Au/Au_pla_30033.jpg,0.056666666666666664,0.03333333333333333,0.0,0.0
CASIA2/Au/Au_pla_30034.jpg,0.10666666666666667,0.06666666666666667,0.0,0.0
CASIA2/Au/Au_pla_30035.jpg,0.21333333333333335,0.07666666666666666,0.0,0.0
CASIA2/Au/Au_pla_30036.jpg,0.20666666666666667,0.056666666666666664,0.0,0.0
CASIA2/Au/Au_pla_30038.jpg,0.056666666666666664,0.07666666666666666,0.0,0.0
CASIA2/Au/Au_pla_30039.jpg,0.20333333333333334,0.03,0.0,0.0
CASIA2/Au/Au_pla_30040.jpg,0.22666666666666666,0.023333333333333334,0.0,0.0004761904761904762
CASIA2/Au/Au_pla_30042.jpg,0.45666666666666667,0.35,0.0,0.0
CASIA2/Au/Au_pla_30043.jpg,0.06,0.02666666666666667,0.0,0.0
CASIA2/Au/Au_pla_30044.jpg,0.27666666666666667,0.06,0.0,0.0
CASIA2/Au/Au_pla_30045.jpg,0.23666666666666666,0.06666666666666667,0.0,0.0
CASIA2/Au/Au_pla_30047.jpg,0.11666666666666667,0.12,0.0,0.0
CASIA2/Au/Au_pla_30049.jpg,0.03666666666666667,0.02666666666666667,0.0,0.0
CASIA2/Au/Au_pla_30050.jpg,0.23666666666666666,0.21,0.0,0.0
CASIA2/Au/Au_pla_30051.jpg,0.1,0.016666666666666666,0.0,0.0
CASIA2/Au/Au_pla_30054.jpg,0.10666666666666667,0.1,0.0,0.0014814814814814814
CASIA2/Au/Au_pla_30055.jpg,0.33666666666666667,0.3,0.0,0.0
CASIA2/Au/Au_pla_30056.jpg,0.16,0.056666666666666664,0.0,0.0
CASIA2/Au/Au_pla_30057.jpg,0.15666666666666668,0.16333333333333333,0.0,0.0
CASIA2/Au/Au_pla_30058.jpg,0.04,0.05333333333333334,0.0,0.0
CASIA2/Au/Au_pla_30059.jpg,0.41333333333333333,0.36,0.0,0.0
CASIA2/Au/Au_pla_30060.jpg,0.11,0.07666666666666666,0.0,0.0
CASIA2/Au/Au_pla_30061.jpg,0.19,0.17333333333333334,0.0,0.0
CASIA2/Au/Au_pla_30063.jpg,0.3,0.15,0.0013333333333333335,0.0
CASIA2/Au/Au_pla_30064.jpg,0.2633333333333333,0.22,0.0,0.0014285714285714286
CASIA2/Au/Au_pla_30065.jpg,0.06333333333333334,0.02,0.0,0.0
CASIA2/Au/Au_pla_30066.jpg,0.07333333333333333,0.14333333333333334,0.0,0.0
CASIA2/Au/Au_pla_30067.jpg,0.17666666666666667,0.23333333333333334,0.0,0.0
CASIA2/Au/Au_pla_30068.jpg,0.19333333333333333,0.3433333333333333,0.0,0.0
CASIA2/Au/Au_pla_30069.jpg,0.17,0.11666666666666667,0.0,0.0
CASIA2/Au/Au_pla_30070.jpg,0.11333333333333333,0.02,0.0,0.0
CASIA2/Au/Au_pla_30071.jpg,0.04,0.03666666666666667,0.0,0.0
CASIA2/Au/Au_pla_30072.jpg,0.12333333333333334,0.07,0.0,0.0006060606060606061
CASIA2/Au/Au_pla_30073.jpg,0.17,0.12333333333333334,0.0,0.0
CASIA2/Au/Au_pla_30074.jpg,0.18333333333333332,0.13,0.0,0.0
CASIA2/Au/Au_pla_30075.jpg,0.09333333333333334,0.04666666666666667,0.0,0.0
CASIA2/Au/Au_pla_30076.jpg,0.31666666666666665,0.10333333333333333,0.0,0.0
CASIA2/Au/Au_pla_30077.jpg,0.09,0.043333333333333335,0.0,0.0
CASIA2/Au/Au_pla_30078.jpg,0.016666666666666666,0.02,0.0009523809523809524,0.0
CASIA2/Au/Au_pla_30079.jpg,0.32666666666666666,0.12666666666666668,0.0,0.0
CASIA2/Au/Au_pla_30080.jpg,0.056666666666666664,0.02666666666666667,0.0,0.0
CASIA2/Au/Au_pla_30081.jpg,0.29333333333333333,0.14666666666666667,0.0,0.0
CASIA2/Au/Au_pla_30082.jpg,0.17666666666666667,0.06333333333333334,0.0,0.0008333333333333334
CASIA2/Au/Au_pla_30085.jpg,0.17333333333333334,0.13333333333333333,0.0,0.0
CASIA2/Au/Au_pla_30086.jpg,0.39,0.22666666666666666,0.0,0.0
CASIA2/Au/Au_pla_30087.jpg,0.27666666666666667,0.21666666666666667,0.0,0.0
CASIA2/Au/Au_pla_30088.jpg,0.47333333333333333,0.26666666666666666,0.0,0.0
CASIA2/Au/Au_pla_30089.jpg,0.05,0.03333333333333333,0.0,0.0
CASIA2/Au/Au_pla_30091.jpg,0.26,0.08,0.0016666666666666668,0.0
CASIA2/Au/Au_pla_30093.jpg,0.4666666666666667,0.24666666666666667,0.0,0.0014285714285714286
CASIA2/Au/Au_pla_30095.jpg,0.21333333333333335,0.18333333333333332,0.0,0.0
CASIA2/Au/Au_pla_30096.jpg,0.18,0.13666666666666666,0.0,0.0
CASIA2/Au/Au_pla_30097.jpg,0.12666666666666668,0.04,0.0,0.0
CASIA2/Au/Au_pla_30099.jpg,0.19666666666666666,0.05,0.0,0.0016666666666666668
CASIA2/Au/Au_pla_30100.jpg,0.11333333333333333,0.06333333333333334,0.0,0.0
CASIA2/Au/Au_pla_30101.jpg,0.14333333333333334,0.04,0.0008333333333333334,0.0
CASIA2/Au/Au_pla_30102.jpg,0.10333333333333333,0.07666666666666666,0.0,0.0
CASIA2/Au/Au_pla_30103.jpg,0.016666666666666666,0.05333333333333334,0.0,0.0
CASIA2/Au/Au_pla_30104.jpg,0.21,0.10333333333333333,0.0,0.0
CASIA2/Au/Au_pla_30105.jpg,0.24333333333333335,0.08,0.0,0.0
CASIA2/Au/Au_pla_30107.jpg,0.14333333333333334,0.08666666666666667,0.0,0.0
CASIA2/Au/Au_pla_30108.jpg,0.10333333333333333,0.07666666666666666,0.0,0.0
CASIA2/Au/Au_pla_30110.jpg,0.31333333333333335,0.06333333333333334,0.0,0.0
CASIA2/Au/Au_pla_30111.jpg,0.27,0.15,0.0,0.0
CASIA2/Au/Au_pla_30112.jpg,0.09333333333333334,0.08,0.0,0.0
CASIA2/Au/Au_pla_30113.jpg,0.21,0.14666666666666667,0.0,0.0
CASIA2/Au/Au_pla_30114.jpg,0.12,0.013333333333333334,0.0,0.0
CASIA2/Au/Au_pla_30116.jpg,0.10333333333333333,0.04,0.0,0.0
CASIA2/Au/Au_pla_30117.jpg,0.19,0.15666666666666668,0.0,0.0
CASIA2/Au/Au_pla_30118.jpg,0.03333333333333333,0.023333333333333334,0.0,0.0
CASIA2/Au/Au_pla_30119.jpg,0.02,0.03,0.0,0.0
CASIA2/Au/Au_pla_30121.jpg,0.16666666666666666,0.04,0.0,0.0
CASIA2/Au/Au_pla_30122.jpg,0.26,0.08666666666666667,0.0,0.0
CASIA2/Au/Au_pla_30123.jpg,0.17,0.13,0.0,0.0
CASIA2/Au/Au_pla_30124.jpg,0.2,0.15,0.0,0.0
CASIA2/Au/Au_pla_30125.jpg,0.08666666666666667,0.04666666666666667,0.0,0.0
CASIA2/Au/Au_pla_30126.jpg,0.14333333333333334,0.08333333333333333,0.0,0.0
CASIA2/Au/Au_pla_30127.jpg,0.2,0.23,0.0,0.0
CASIA2/Au/Au_pla_30128.jpg,0.16666666666666666,0.23666666666666666,0.0016666666666666668,0.0022222222222222222
CASIA2/Au/Au_pla_30129.jpg,0.06,0.11333333333333333,0.0,0.0
CASIA2/Au/Au_pla_30130.jpg,0.16666666666666666,0.08333333333333333,0.0033333333333333335,0.003287037037037037
CASIA2/Au/Au_pla_30131.jpg,0.10666666666666667,0.03666666666666667,0.0,0.0033333333333333335
CASIA2/Au/Au_pla_30132.jpg,0.11,0.03333333333333333,0.0,0.0
CASIA2/Au/Au_pla_30134.jpg,0.06333333333333334,0.09666666666666666,0.0,0.0006666666666666668
CASIA2/Au/Au_pla_30135.jpg,0.17666666666666667,0.24666666666666667,0.0,0.0
CASIA2/Au/Au_pla_30136.jpg,0.05,0.023333333333333334,0.002666666666666667,0.0
CASIA2/Au/Au_pla_30137.jpg,0.21333333333333335,0.24,0.0,0.0
CASIA2/Au/Au_pla_30138.jpg,0.25666666666666665,0.24333333333333335,0.0,0.0035846560846560845
CASIA2/Au/Au_pla_30140.jpg,0.3566666666666667,0.12333333333333334,0.0,0.0
CASIA2/Au/Au_pla_30141.jpg,0.05,0.03666666666666667,0.0,0.0016666666666666668
CASIA2/Au/Au_pla_30142.jpg,0.07666666666666666,0.013333333333333334,0.0,0.0
CASIA2/Au/Au_pla_30143.jpg,0.31333333333333335,0.13333333333333333,0.0,0.0
CASIA2/Au/Au_pla_30145.jpg,0.016666666666666666,0.016666666666666666,0.0,0.0008333333333333334
CASIA2/Au/Au_pla_30146.jpg,0.17,0.09333333333333334,0.0,0.0
CASIA2/Au/Au_pla_30147.jpg,0.13333333333333333,0.03,0.0,0.0
CASIA2/Au/Au_pla_30148.jpg,0.22,0.19,0.0,0.0
CASIA2/Au/Au_pla_30149.jpg,0.13666666666666666,0.06,0.0,0.0
CASIA2/Au/Au_pla_30151.jpg,0.02666666666666667,0.04,0.0,0.0006666666666666668
CASIA2/Au/Au_pla_30152.jpg,0.5266666666666666,0.12333333333333334,0.0,0.0
CASIA2/Au/Au_pla_30153.jpg,0.09,0.04666666666666667,0.0,0.0
CASIA2/Au/Au_pla_30154.jpg,0.30333333333333334,0.18666666666666668,0.0013333333333333335,0.0
CASIA2/Au/Au_pla_30155.jpg,0.19666666666666666,0.23,0.0,0.0
CASIA2/Au/Au_pla_30156.jpg,0.15666666666666668,0.05333333333333334,0.0,0.0
CASIA2/Au/Au_pla_30157.jpg,0.10333333333333333,0.02,0.0,0.0
CASIA2/Au/Au_pla_30158.jpg,0.24,0.09666666666666666,0.0,0.0
CASIA2/Au/Au_pla_30159.jpg,0.0,0.013333333333333334,0.0,0.0033333333333333335
CASIA2/Au/Au_pla_30160.jpg,0.37666666666666665,0.07666666666666666,0.0,0.0
CASIA2/Au/Au_pla_30161.jpg,0.14666666666666667,0.08,0.0,0.0
CASIA2/Au/Au_pla_30162.jpg,0.08,0.04666666666666667,0.0,0.0
CASIA2/Au/Au_pla_30163.jpg,0.13666666666666666,0.03666666666666667,0.0,0.0
CASIA2/Au/Au_pla_30164.jpg,0.12,0.17666666666666667,0.0033333333333333335,0.0
CASIA2/Au/Au_pla_30165.jpg,0.09666666666666666,0.016666666666666666,0.0,0.0008333333333333334
CASIA2/Au/Au_pla_30167.jpg,0.25666666666666665,0.14666666666666667,0.0,0.0
CASIA2/Au/Au_pla_30168.jpg,0.016666666666666666,0.006666666666666667,0.0,0.002666666666666667
CASIA2/Au/Au_pla_30169.jpg,0.17333333333333334,0.06666666666666667,0.0,0.0008333333333333334
CASIA2/Au/Au_pla_30170.jpg,0.08,0.10666666666666667,0.0,0.0
CASIA2/Au/Au_pla_30171.jpg,0.28,0.20333333333333334,0.0,0.0
CASIA2/Au/Au_pla_30172.jpg,0.12333333333333334,0.043333333333333335,0.0,0.0
CASIA2/Au/Au_pla_30173.jpg,0.4866666666666667,0.2966666666666667,0.0,0.0044444444444444444
CASIA2/Au/Au_pla_30174.jpg,0.08666666666666667,0.12,0.0,0.0
CASIA2/Au/Au_pla_30175.jpg,0.15666666666666668,0.04666666666666667,0.0,0.0
CASIA2/Au/Au_pla_30176.jpg,0.30666666666666664,0.25,0.0,0.0033333333333333335
CASIA2/Au/Au_pla_30178.jpg,0.02,0.07,0.0,0.0
CASIA2/Au/Au_pla_30179.jpg,0.15666666666666668,0.05,0.0,0.0
CASIA2/Au/Au_pla_30180.jpg,0.23666666666666666,0.18333333333333332,0.0,0.008238095238095239
CASIA2/Au/Au_pla_30181.jpg,0.32666666666666666,0.056666666666666664,0.0,0.0
CASIA2/Au/Au_pla_30182.jpg,0.13333333333333333,0.18666666666666668,0.0,0.000787037037037037
CASIA2/Au/Au_pla_30183.jpg,0.13,0.20666666666666667,0.0009523809523809524,0.005287037037037037
CASIA2/Au/Au_pla_30184.jpg,0.06,0.06666666666666667,0.0,0.0
CASIA2/Au/Au_pla_30185.jpg,0.09333333333333334,0.056666666666666664,0.0033333333333333335,0.0004761904761904762
CASIA2/Au/Au_pla_30186.jpg,0.19666666666666666,0.11,0.0,0.0
CASIA2/Au/Au_pla_30187.jpg,0.3,0.11666666666666667,0.0,0.0
CASIA2/Au/Au_pla_30188.jpg,0.07333333333333333,0.0033333333333333335,0.0,0.0
CASIA2/Au/Au_pla_30189.jpg,0.17333333333333334,0.10333333333333333,0.0,0.0
CASIA2/Au/Au_pla_30190.jpg,0.11,0.07333333333333333,0.0,0.0
CASIA2/Au/Au_pla_30191.jpg,0.05333333333333334,0.023333333333333334,0.0,0.0
CASIA2/Au/Au_pla_30192.jpg,0.3,0.18666666666666668,0.0,0.0
CASIA2/Au/Au_pla_30193.jpg,0.18333333333333332,0.12333333333333334,0.0,0.0
CASIA2/Au/Au_pla_30194.jpg,0.36,0.21333333333333335,0.0,0.0
CASIA2/Au/Au_pla_30195.jpg,0.08666666666666667,0.013333333333333334,0.0,0.0008333333333333334
CASIA2/Au/Au_pla_30196.jpg,0.14,0.12333333333333334,0.0,0.0
CASIA2/Au/Au_pla_30197.jpg,0.13333333333333333,0.07333333333333333,0.0,0.0
CASIA2/Au/Au_pla_30199.jpg,0.24333333333333335,0.14333333333333334,0.0,0.0
CASIA2/Au/Au_pla_30200.jpg,0.01,0.006666666666666667,0.0,0.0
CASIA2/Au/Au_pla_30201.jpg,0.16666666666666666,0.14333333333333334,0.0,0.0
CASIA2/Au/Au_pla_30202.jpg,0.06333333333333334,0.15666666666666668,0.0,0.0
CASIA2/Au/Au_pla_30203.jpg,0.08333333333333333,0.04,0.0,0.0
CASIA2/Au/Au_pla_30204.jpg,0.41333333333333333,0.11333333333333333,0.0,0.0038888888888888883
CASIA2/Au/Au_pla_30205.jpg,0.2,0.18,0.0,0.001388888888888889
CASIA2/Au/Au_pla_30207.jpg,0.0,0.0,0.0,0.0
CASIA2/Au/Au_pla_30208.jpg,0.02,0.0,0.0,0.0
CASIA2/Au/Au_pla_30209.jpg,0.043333333333333335,0.006666666666666667,0.0,0.0
CASIA2/Au/Au_pla_30210.jpg,0.11,0.0033333333333333335,0.0,0.0
CASIA2/Au/Au_pla_30211.jpg,0.08,0.043333333333333335,0.0,0.0006666666666666668
CASIA2/Au/Au_pla_30212.jpg,0.0033333333333333335,0.0,0.0,0.0
CASIA2/Au/Au_pla_30213.jpg,0.06333333333333334,0.07333333333333333,0.0,0.0
CASIA2/Au/Au_pla_30214.jpg,0.07666666666666666,0.03,0.0,0.0
CASIA2/Au/Au_pla_30215.jpg,0.08666666666666667,0.04,0.0,0.0
CASIA2/Au/Au_pla_30216.jpg,0.26666666666666666,0.11,0.0,0.0
CASIA2/Au/Au_pla_30217.jpg,0.023333333333333334,0.006666666666666667,0.0,0.0
CASIA2/Au/Au_pla_30222.jpg,0.06,0.0,0.0,0.0
CASIA2/Au/Au_pla_30223.jpg,0.006666666666666667,0.0033333333333333335,0.0,0.0
CASIA2/Au/Au_pla_30224.jpg,0.013333333333333334,0.0,0.0,0.0
CASIA2/Au/Au_pla_30225.jpg,0.0,0.0,0.0,0.0
CASIA2/Au/Au_pla_30226.jpg,0.01,0.0,0.0,0.0
CASIA2/Au/Au_pla_30227.jpg,0.016666666666666666,0.0033333333333333335,0.0,0.0
CASIA2/Au/Au_pla_30228.jpg,0.05,0.03666666666666667,0.0,0.0
CASIA2/Au/Au_pla_30229.jpg,0.056666666666666664,0.12,0.0,0.0
CASIA2/Au/Au_pla_30231.jpg,0.06666666666666667,0.12333333333333334,0.0,0.00125
CASIA2/Au/Au_pla_30232.jpg,0.09,0.056666666666666664,0.0,0.0019047619047619048
CASIA2/Au/Au_pla_30233.jpg,0.07666666666666666,0.03333333333333333,0.0,0.0
CASIA2/Au/Au_pla_30234.jpg,0.043333333333333335,0.006666666666666667,0.0,0.0
CASIA2/Au/Au_pla_30235.jpg,0.09333333333333334,0.043333333333333335,0.0,0.0
CASIA2/Au/Au_pla_30236.jpg,0.03333333333333333,0.006666666666666667,0.0,0.0
CASIA2/Au/Au_pla_30237.jpg,0.0,0.0,0.0,0.0
CASIA2/Au/Au_pla_30239.jpg,0.013333333333333334,0.0,0.0,0.0
CASIA2/Au/Au_pla_30241.jpg,0.07333333333333333,0.07,0.0,0.0016666666666666668
CASIA2/Au/Au_pla_30242.jpg,0.0,0.0,0.0,0.0
CASIA2/Au/Au_pla_30243.jpg,0.043333333333333335,0.0,0.0,0.0
CASIA2/Au/Au_pla_30244.jpg,0.0033333333333333335,0.0,0.0,0.0
CASIA2/Au/Au_pla_30246.jpg,0.0,0.0,0.0,0.0021428571428571425
CASIA2/Au/Au_pla_30247.jpg,0.056666666666666664,0.016666666666666666,0.0,0.0
CASIA2/Au/Au_pla_30248.jpg,0.32666666666666666,0.14,0.0,0.0022222222222222222
CASIA2/Au/Au_pla_30249.jpg,0.2633333333333333,0.11333333333333333,0.0,0.0
CASIA2/Au/Au_pla_30250.jpg,0.07,0.03333333333333333,0.0,0.0
CASIA2/Au/Au_pla_30251.jpg,0.11,0.013333333333333334,0.0,0.0
CASIA2/Au/Au_pla_30252.jpg,0.013333333333333334,0.006666666666666667,0.0,0.0
CASIA2/Au/Au_pla_30253.jpg,0.0,0.0,0.0,0.0
CASIA2/Au/Au_pla_30254.jpg,0.01,0.0,0.0,0.0
CASIA2/Au/Au_pla_30255.jpg,0.006666666666666667,0.0,0.0,0.0
CASIA2/Au/Au_pla_30256.jpg,0.016666666666666666,0.006666666666666667,0.0,0.0
CASIA2/Au/Au_pla_30257.jpg,0.013333333333333334,0.006666666666666667,0.0,0.0
CASIA2/Au/Au_pla_30258.jpg,0.0033333333333333335,0.0,0.0,0.0
CASIA2/Au/Au_pla_30259.jpg,0.07,0.01,0.0,0.0
CASIA2/Au/Au_pla_30260.jpg,0.0,0.0,0.0,0.0
CASIA2/Au/Au_pla_30261.jpg,0.0,0.0,0.0,0.0
CASIA2/Au/Au_pla_30265.jpg,0.06,0.0033333333333333335,0.0,0.0
CASIA2/Au/Au_pla_30266.jpg,0.03,0.013333333333333334,0.0,0.0
CASIA2/Au/Au_pla_30267.jpg,0.17666666666666667,0.01,0.0,0.0
CASIA2/Au/Au_pla_30268.jpg,0.01,0.03666666666666667,0.0,0.0005555555555555556
CASIA2/Au/Au_pla_30269.jpg,0.023333333333333334,0.0,0.0,0.0
CASIA2/Au/Au_pla_30270.jpg,0.0,0.0,0.0,0.0
CASIA2/Au/Au_pla_30271.jpg,0.0,0.02,0.0,0.0
CASIA2/Au/Au_pla_30272.jpg,0.05,0.0033333333333333335,0.0,0.0
CASIA2/Au/Au_pla_30273.jpg,0.01,0.06333333333333334,0.0,0.0
CASIA2/Au/Au_pla_30274.jpg,0.03,0.0,0.0,0.0
CASIA2/Au/Au_pla_30275.jpg,0.0033333333333333335,0.0033333333333333335,0.0,0.0
CASIA2/Au/Au_pla_30276.jpg,0.05333333333333334,0.03333333333333333,0.0,0.0
CASIA2/Au/Au_pla_30278.jpg,0.0,0.0,0.0,0.0
CASIA2/Au/Au_pla_30279.jpg,0.023333333333333334,0.01,0.0,0.002738095238095238
CASIA2/Au/Au_pla_30280.jpg,0.013333333333333334,0.01,0.0,0.0
CASIA2/Au/Au_pla_30281.jpg,0.16666666666666666,0.22666666666666666,0.0,0.0004166666666666667
CASIA2/Au/Au_pla_30283.jpg,0.013333333333333334,0.01,0.0,0.0
CASIA2/Au/Au_pla_30284.jpg,0.13333333333333333,0.12666666666666668,0.0,0.0
CASIA2/Au/Au_pla_30286.jpg,0.09,0.10666666666666667,0.0,0.0
CASIA2/Au/Au_pla_30287.jpg,0.02666666666666667,0.0033333333333333335,0.0,0.0
CASIA2/Au/Au_pla_30288.jpg,0.0,0.013333333333333334,0.0,0.0
CASIA2/Au/Au_pla_30290.jpg,0.03,0.006666666666666667,0.0,0.0
CASIA2/Au/Au_pla_30292.jpg,0.0,0.0,0.0,0.0
CASIA2/Au/Au_pla_30293.jpg,0.0033333333333333335,0.0,0.0,0.0
CASIA2/Au/Au_pla_30294.jpg,0.0033333333333333335,0.0,0.0,0.0
CASIA2/Au/Au_pla_30296.jpg,0.01,0.0,0.0,0.0
CASIA2/Au/Au_pla_30297.jpg,0.5133333333333333,0.21666666666666667,0.0,0.0
CASIA2/Au/Au_pla_30298.jpg,0.013333333333333334,0.023333333333333334,0.0,0.0
CASIA2/Au/Au_pla_30299.jpg,0.05,0.0,0.0,0.0
CASIA2/Au/Au_pla_30301.jpg,0.023333333333333334,0.0,0.0,0.0
CASIA2/Au/Au_pla_30302.jpg,0.16333333333333333,0.05,0.0,0.0
CASIA2/Au/Au_pla_30303.jpg,0.0,0.056666666666666664,0.0,0.0
CASIA2/Au/Au_pla_30304.jpg,0.04666666666666667,0.006666666666666667,0.0,0.0
CASIA2/Au/Au_pla_30305.jpg,0.0,0.0,0.0,0.0
CASIA2/Au/Au_pla_30306.jpg,0.02,0.04666666666666667,0.0,0.0033333333333333335
CASIA2/Au/Au_pla_30307.jpg,0.016666666666666666,0.01,0.0,0.0
CASIA2/Au/Au_pla_30308.jpg,0.04666666666666667,0.01,0.0,0.0
CASIA2/Au/Au_pla_30309.jpg,0.0,0.0,0.0,0.0
CASIA2/Au/Au_pla_30310.jpg,0.15666666666666668,0.09666666666666666,0.006666666666666667,0.004648148148148148
CASIA2/Au/Au_pla_30312.jpg,0.013333333333333334,0.01,0.0,0.0
CASIA2/Au/Au_pla_30313.jpg,0.10333333333333333,0.02,0.0,0.0
CASIA2/Au/Au_pla_30314.jpg,0.016666666666666666,0.0033333333333333335,0.0,0.0
CASIA2/Au/Au_pla_30315.jpg,0.043333333333333335,0.013333333333333334,0.0,0.0
CASIA2/Au/Au_pla_30316.jpg,0.006666666666666667,0.0,0.0,0.0
CASIA2/Au/Au_pla_30317.jpg,0.01,0.01,0.0,0.0
CASIA2/Au/Au_pla_30318.jpg,0.08333333333333333,0.0033333333333333335,0.0,0.0
CASIA2/Au/Au_pla_30319.jpg,0.06,0.0,0.0,0.0
CASIA2/Au/Au_pla_30320.jpg,0.0,0.0,0.0,0.0
CASIA2/Au/Au_pla_30323.jpg,0.0,0.0,0.0,0.0
CASIA2/Au/Au_pla_30325.jpg,0.0,0.0,0.0,0.0
CASIA2/Au/Au_pla_30326.jpg,0.0,0.0,0.0,0.0
CASIA2/Au/Au_pla_30327.jpg,0.013333333333333334,0.0,0.0,0.0
CASIA2/Au/Au_pla_30328.jpg,0.01,0.006666666666666667,0.0,0.0
CASIA2/Au/Au_pla_30329.jpg,0.03333333333333333,0.02,0.0,0.0033333333333333335
CASIA2/Au/Au_pla_30330.jpg,0.04666666666666667,0.0,0.0033333333333333335,0.0
CASIA2/Au/Au_pla_30331.jpg,0.01,0.006666666666666667,0.0,0.0
CASIA2/Au/Au_pla_30332.jpg,0.016666666666666666,0.006666666666666667,0.0,0.0
CASIA2/Au/Au_pla_30333.jpg,0.0,0.0,0.0,0.0
CASIA2/Au/Au_pla_30334.jpg,0.006666666666666667,0.0,0.0,0.0
CASIA2/Au/Au_pla_30335.jpg,0.023333333333333334,0.006666666666666667,0.0,0.0
CASIA2/Au/Au_pla_30336.jpg,0.0,0.0,0.0,0.0
CASIA2/Au/Au_pla_30337.jpg,0.0,0.0,0.0,0.0
CASIA2/Au/Au_pla_30339.jpg,0.01,0.0,0.0,0.0
CASIA2/Au/Au_pla_30341.jpg,0.02666666666666667,0.006666666666666667,0.0,0.0
CASIA2/Au/Au_pla_30342.jpg,0.023333333333333334,0.05333333333333334,0.0,0.0011111111111111111
CASIA2/Au/Au_pla_30343.jpg,0.0,0.0,0.0,0.0
CASIA2/Au/Au_pla_30344.jpg,0.016666666666666666,0.0033333333333333335,0.0,0.0
CASIA2/Au/Au_pla_30346.jpg,0.01,0.0,0.0,0.0
CASIA2/Au/Au_pla_30347.jpg,0.09333333333333334,0.013333333333333334,0.0,0.0
CASIA2/Au/Au_pla_30349.jpg,0.11666666666666667,0.06666666666666667,0.0,0.0
CASIA2/Au/Au_pla_30350.jpg,0.0033333333333333335,0.0033333333333333335,0.0,0.0
CASIA2/Au/Au_pla_30352.jpg,0.08333333333333333,0.06333333333333334,0.0,0.0
CASIA2/Au/Au_pla_30353.jpg,0.0033333333333333335,0.0,0.0,0.0
CASIA2/Au/Au_pla_30354.jpg,0.0,0.0,0.0,0.0
CASIA2/Au/Au_pla_30355.jpg,0.0,0.0,0.0,0.0
CASIA2/Au/Au_pla_30356.jpg,0.0,0.0,0.0,0.0
CASIA2/Au/Au_pla_30357.jpg,0.013333333333333334,0.0033333333333333335,0.0,0.0
CASIA2/Au/Au_pla_30358.jpg,0.006666666666666667,0.16333333333333333,0.0,0.0
CASIA2/Au/Au_pla_30359.jpg,0.0033333333333333335,0.0,0.0,0.0
CASIA2/Au/Au_pla_30360.jpg,0.02,0.01,0.0,0.0
CASIA2/Au/Au_pla_30361.jpg,0.11333333333333333,0.12,0.0,0.0
CASIA2/Au/Au_pla_30362.jpg,0.006666666666666667,0.0,0.0,0.0
CASIA2/Au/Au_pla_30363.jpg,0.013333333333333334,0.0033333333333333335,0.0,0.0
CASIA2/Au/Au_pla_30364.jpg,0.016666666666666666,0.0033333333333333335,0.0,0.0
CASIA2/Au/Au_pla_30366.jpg,0.0,0.0,0.0,0.0
CASIA2/Au/Au_pla_30367.jpg,0.0,0.0,0.0,0.0
CASIA2/Au/Au_pla_30368.jpg,0.0,0.0,0.0,0.0
CASIA2/Au/Au_pla_30369.jpg,0.44666666666666666,0.4633333333333333,0.0,0.0073888888888888875
CASIA2/Au/Au_pla_30370.jpg,0.4766666666666667,0.22666666666666666,0.0,0.0
CASIA2/Au/Au_pla_30371.jpg,0.18,0.29333333333333333,0.0,0.0
CASIA2/Au/Au_pla_30372.jpg,0.02,0.02666666666666667,0.0,0.0
CASIA2/Au/Au_pla_30373.jpg,0.10333333333333333,0.04,0.0,0.0
CASIA2/Au/Au_pla_30374.jpg,0.006666666666666667,0.0,0.0,0.0
CASIA2/Au/Au_pla_30375.jpg,0.02,0.0,0.0,0.0
CASIA2/Au/Au_pla_30376.jpg,0.013333333333333334,0.01,0.0,0.0
CASIA2/Au/Au_pla_30377.jpg,0.09333333333333334,0.13,0.0033333333333333335,0.008555555555555554
CASIA2/Au/Au_pla_30379.jpg,0.013333333333333334,0.0,0.0,0.0
CASIA2/Au/Au_pla_30380.jpg,0.016666666666666666,0.0,0.0,0.0
CASIA2/Au/Au_pla_30381.jpg,0.016666666666666666,0.0,0.0,0.0
CASIA2/Au/Au_pla_30382.jpg,0.056666666666666664,0.07,0.0,0.0
CASIA2/Au/Au_pla_30383.jpg,0.01,0.0033333333333333335,0.0,0.0
CASIA2/Au/Au_pla_30384.jpg,0.14666666666666667,0.0033333333333333335,0.0,0.0
CASIA2/Au/Au_pla_30386.jpg,0.38,0.18666666666666668,0.0025,0.0
CASIA2/Au/Au_pla_30388.jpg,0.013333333333333334,0.0,0.0,0.0
CASIA2/Au/Au_pla_30390.jpg,0.016666666666666666,0.0,0.0,0.0
CASIA2/Au/Au_pla_30391.jpg,0.06333333333333334,0.043333333333333335,0.0,0.0
CASIA2/Au/Au_pla_30392.jpg,0.0033333333333333335,0.0033333333333333335,0.0,0.0
CASIA2/Au/Au_pla_30393.jpg,0.10333333333333333,0.0033333333333333335,0.0,0.0
CASIA2/Au/Au_pla_30395.jpg,0.04,0.01,0.0,0.0
CASIA2/Au/Au_pla_30396.jpg,0.06,0.006666666666666667,0.0,0.0
CASIA2/Au/Au_pla_30397.jpg,0.03666666666666667,0.006666666666666667,0.0,0.0
CASIA2/Au/Au_pla_30398.jpg,0.023333333333333334,0.0,0.0,0.0
CASIA2/Au/Au_pla_30399.jpg,0.01,0.016666666666666666,0.0,0.0022222222222222222
CASIA2/Au/Au_pla_30400.jpg,0.17666666666666667,0.08,0.0,0.0
CASIA2/Au/Au_pla_30401.jpg,0.07333333333333333,0.09666666666666666,0.0,0.007976190476190475
CASIA2/Au/Au_pla_30402.jpg,0.0033333333333333335,0.0,0.0,0.0
CASIA2/Au/Au_pla_30403.jpg,0.01,0.03666666666666667,0.0,0.0
CASIA2/Au/Au_pla_30404.jpg,0.01,0.07333333333333333,0.0,0.006666666666666667
CASIA2/Au/Au_pla_30405.jpg,0.013333333333333334,0.0,0.0,0.0
CASIA2/Au/Au_pla_30406.jpg,0.15333333333333332,0.013333333333333334,0.0,0.0
CASIA2/Au/Au_pla_30407.jpg,0.0,0.006666666666666667,0.0,0.0
CASIA2/Au/Au_pla_30408.jpg,0.04666666666666667,0.0,0.0,0.0
CASIA2/Au/Au_pla_30410.jpg,0.11,0.24,0.005142857142857143,0.0005555555555555556
CASIA2/Au/Au_pla_30411.jpg,0.10333333333333333,0.013333333333333334,0.0,0.0
CASIA2/Au/Au_pla_30412.jpg,0.0,0.0,0.0,0.0
CASIA2/Au/Au_pla_30413.jpg,0.0033333333333333335,0.0,0.0,0.0
CASIA2/Au/Au_pla_30414.jpg,0.013333333333333334,0.0,0.0,0.0
CASIA2/Au/Au_pla_30415.jpg,0.016666666666666666,0.01,0.0,0.0
CASIA2/Au/Au_pla_30416.jpg,0.056666666666666664,0.19666666666666666,0.0,0.0
CASIA2/Au/Au_pla_30419.jpg,0.013333333333333334,0.0,0.0,0.0
CASIA2/Au/Au_pla_30420.jpg,0.006666666666666667,0.05333333333333334,0.0,0.0
CASIA2/Au/Au_pla_30422.jpg,0.0033333333333333335,0.0033333333333333335,0.0,0.0
CASIA2/Au/Au_pla_30423.jpg,0.05333333333333334,0.0,0.0,0.0
CASIA2/Au/Au_pla_30425.jpg,0.0,0.0,0.0,0.0
CASIA2/Au/Au_pla_30426.jpg,0.0,0.0,0.0,0.0
CASIA2/Au/Au_pla_30427.jpg,0.006666666666666667,0.0,0.0,0.0
CASIA2/Au/Au_pla_30428.jpg,0.08666666666666667,0.0033333333333333335,0.0,0.0
CASIA2/Au/Au_pla_30429.jpg,0.006666666666666667,0.0,0.0,0.0
CASIA2/Au/Au_pla_30430.jpg,0.01,0.0033333333333333335,0.0,0.0
CASIA2/Au/Au_pla_30431.jpg,0.0033333333333333335,0.0,0.0,0.0
CASIA2/Au/Au_pla_30432.jpg,0.006666666666666667,0.0,0.0,0.0
CASIA2/Au/Au_pla_30435.jpg,0.0,0.0,0.0,0.0
CASIA2/Au/Au_pla_30436.jpg,0.0,0.0,0.0,0.0
CASIA2/Au/Au_pla_30437.jpg,0.0,0.0,0.0,0.0
CASIA2/Au/Au_pla_30438.jpg,0.06,0.0033333333333333335,0.0,0.0
CASIA2/Au/Au_pla_30439.jpg,0.0,0.0,0.0,0.0
CASIA2/Au/Au_pla_30441.jpg,0.04666666666666667,0.0,0.0,0.0
CASIA2/Au/Au_pla_30443.jpg,0.006666666666666667,0.0,0.0,0.0
CASIA2/Au/Au_pla_30444.jpg,0.0033333333333333335,0.0,0.0,0.0
CASIA2/Au/Au_pla_30445.jpg,0.023333333333333334,0.02,0.0,0.0008333333333333334
CASIA2/Au/Au_pla_30446.jpg,0.01,0.0,0.0,0.0
CASIA2/Au/Au_pla_30447.jpg,0.0,0.0,0.0,0.0
CASIA2/Au/Au_pla_30448.jpg,0.05,0.013333333333333334,0.0,0.0
CASIA2/Au/Au_pla_30449.jpg,0.006666666666666667,0.0,0.0,0.0
CASIA2/Au/Au_pla_30450.jpg,0.03333333333333333,0.04,0.0,0.00125
CASIA2/Au/Au_pla_30451.jpg,0.006666666666666667,0.006666666666666667,0.0,0.0
CASIA2/Au/Au_pla_30452.jpg,0.0,0.0,0.0,0.0
CASIA2/Au/Au_pla_30454.jpg,0.04666666666666667,0.07666666666666666,0.004666666666666666,0.0059642857142857145
CASIA2/Au/Au_pla_30455.jpg,0.0,0.0,0.0,0.0
CASIA2/Au/Au_pla_30456.jpg,0.0,0.0,0.0,0.0
CASIA2/Au/Au_pla_30458.jpg,0.0033333333333333335,0.0,0.0,0.0
CASIA2/Au/Au_pla_30459.jpg,0.0033333333333333335,0.0,0.0,0.0
CASIA2/Au/Au_pla_30460.jpg,0.0033333333333333335,0.0,0.0,0.0
CASIA2/Au/Au_pla_30461.jpg,0.0,0.0,0.0,0.0
CASIA2/Au/Au_pla_30463.jpg,0.66,0.16,0.0,0.0
CASIA2/Au/Au_pla_30464.jpg,0.04,0.006666666666666667,0.0,0.0
CASIA2/Au/Au_pla_30465.jpg,0.016666666666666666,0.006666666666666667,0.0,0.0031666666666666666
CASIA2/Au/Au_pla_30466.jpg,0.02,0.0,0.0,0.0
CASIA2/Au/Au_pla_30468.jpg,0.0,0.0,0.0,0.0
CASIA2/Au/Au_pla_30469.jpg,0.05,0.02666666666666667,0.0,0.0
CASIA2/Au/Au_pla_30470.jpg,0.013333333333333334,0.0033333333333333335,0.0,0.0
CASIA2/Au/Au_pla_30471.jpg,0.0,0.0,0.0,0.0
CASIA2/Au/Au_pla_30473.jpg,0.023333333333333334,0.0,0.0,0.0
CASIA2/Au/Au_pla_30474.jpg,0.006666666666666667,0.0,0.0,0.0
CASIA2/Au/Au_pla_30475.jpg,0.0033333333333333335,0.0,0.0,0.0
CASIA2/Au/Au_pla_30478.jpg,0.0033333333333333335,0.0033333333333333335,0.0,0.0
CASIA2/Au/Au_pla_30479.jpg,0.016666666666666666,0.006666666666666667,0.0,0.0
CASIA2/Au/Au_pla_30480.jpg,0.0033333333333333335,0.0,0.0,0.0
CASIA2/Au/Au_pla_30481.jpg,0.01,0.0,0.0,0.0
CASIA2/Au/Au_pla_30482.jpg,0.06,0.03,0.0,0.0
CASIA2/Au/Au_pla_30483.jpg,0.0,0.0,0.0,0.0
CASIA2/Au/Au_pla_30485.jpg,0.0,0.01,0.0033333333333333335,0.0
CASIA2/Au/Au_pla_30486.jpg,0.0,0.0,0.0,0.0
CASIA2/Au/Au_pla_30487.jpg,0.15666666666666668,0.02666666666666667,0.0,0.0
CASIA2/Au/Au_pla_30488.jpg,0.0,0.0,0.0,0.0
CASIA2/Au/Au_pla_30489.jpg,0.0,0.0,0.0,0.0
CASIA2/Au/Au_pla_30491.jpg,0.006666666666666667,0.0,0.0,0.0
CASIA2/Au/Au_pla_30493.jpg,0.0,0.0,0.0,0.0
CASIA2/Au/Au_pla_30494.jpg,0.0,0.0,0.0,0.0
CASIA2/Au/Au_pla_30495.jpg,0.01,0.0,0.0,0.0
CASIA2/Au/Au_pla_30496.jpg,0.013333333333333334,0.0,0.0,0.0
CASIA2/Au/Au_pla_30497.jpg,0.0,0.0,0.0,0.0
CASIA2/Au/Au_pla_30498.jpg,0.0,0.0033333333333333335,0.0,0.0
CASIA2/Au/Au_pla_30499.jpg,0.0,0.0,0.0,0.0
CASIA2/Au/Au_pla_30500.jpg,0.03,0.0,0.0,0.0
CASIA2/Au/Au_pla_30501.jpg,0.013333333333333334,0.016666666666666666,0.0,0.0
CASIA2/Au/Au_pla_30502.jpg,0.023333333333333334,0.0,0.0,0.0
CASIA2/Au/Au_pla_30503.jpg,0.006666666666666667,0.0,0.0,0.0
CASIA2/Au/Au_pla_30504.jpg,0.07,0.0,0.0,0.0
CASIA2/Au/Au_pla_30505.jpg,0.0033333333333333335,0.03,0.0,0.0
CASIA2/Au/Au_pla_30506.jpg,0.01,0.0,0.0,0.0
CASIA2/Au/Au_pla_30508.jpg,0.0033333333333333335,0.0,0.0,0.0
CASIA2/Au/Au_pla_30510.jpg,0.0,0.006666666666666667,0.0,0.0
CASIA2/Au/Au_pla_30511.jpg,0.0033333333333333335,0.0033333333333333335,0.0,0.0
CASIA2/Au/Au_pla_30512.jpg,0.0,0.0,0.0,0.0
CASIA2/Au/Au_pla_30513.jpg,0.0033333333333333335,0.0,0.0,0.0
CASIA2/Au/Au_pla_30514.jpg,0.0,0.0,0.0,0.0
CASIA2/Au/Au_pla_30515.jpg,0.0,0.0,0.0,0.0
CASIA2/Au/Au_pla_30516.jpg,0.0033333333333333335,0.01,0.0,0.0
CASIA2/Au/Au_pla_30517.jpg,0.01,0.0033333333333333335,0.0,0.0
CASIA2/Au/Au_pla_30518.jpg,0.0,0.0,0.0,0.0
CASIA2/Au/Au_pla_30519.jpg,0.0,0.0033333333333333335,0.0,0.0
CASIA2/Au/Au_pla_30520.jpg,0.09,0.016666666666666666,0.0,0.0
CASIA2/Au/Au_pla_30522.jpg,0.0,0.0,0.0,0.000909090909090909
CASIA2/Au/Au_pla_30523.jpg,0.023333333333333334,0.0033333333333333335,0.0,0.0
CASIA2/Au/Au_pla_30524.jpg,0.0,0.0,0.0,0.0
CASIA2/Au/Au_pla_30525.jpg,0.01,0.0,0.0,0.0
CASIA2/Au/Au_pla_30526.jpg,0.01,0.0,0.0,0.001
CASIA2/Au/Au_pla_30528.jpg,0.006666666666666667,0.0,0.0,0.0
CASIA2/Au/Au_pla_30530.jpg,0.0,0.0,0.0,0.0
CASIA2/Au/Au_pla_30532.jpg,0.006666666666666667,0.0,0.0,0.0
CASIA2/Au/Au_pla_30533.jpg,0.0033333333333333335,0.0,0.0,0.0
CASIA2/Au/Au_pla_30534.jpg,0.0,0.0,0.0,0.0
CASIA2/Au/Au_pla_30535.jpg,0.03,0.0,0.0,0.0
CASIA2/Au/Au_pla_30537.jpg,0.0,0.0,0.0,0.0
CASIA2/Au/Au_pla_30538.jpg,0.0,0.0,0.0,0.0
CASIA2/Au/Au_pla_30540.jpg,0.0,0.0,0.0,0.0
CASIA2/Au/Au_pla_30542.jpg,0.006666666666666667,0.0,0.0,0.0
CASIA2/Au/Au_pla_30543.jpg,0.0,0.0,0.0,0.0
CASIA2/Au/Au_pla_30544.jpg,0.0,0.006666666666666667,0.0,0.0
CASIA2/Au/Au_pla_30545.jpg,0.0,0.0,0.0,0.0
CASIA2/Au/Au_pla_30546.jpg,0.006666666666666667,0.0,0.0,0.0
CASIA2/Au/Au_pla_30547.jpg,0.0033333333333333335,0.0,0.0,0.0
CASIA2/Au/Au_pla_30548.jpg,0.0,0.0,0.0,0.0
CASIA2/Au/Au_pla_30549.jpg,0.11,0.0033333333333333335,0.0,0.0
CASIA2/Au/Au_pla_30550.jpg,0.0,0.0,0.0,0.0
CASIA2/Au/Au_pla_30551.jpg,0.0,0.0,0.0,0.0
CASIA2/Au/Au_pla_30553.jpg,0.0,0.0,0.0,0.0
CASIA2/Au/Au_pla_30554.jpg,0.0,0.0,0.0,0.0
CASIA2/Au/Au_pla_30555.jpg,0.07,0.08,0.0,0.0
CASIA2/Au/Au_pla_30556.jpg,0.03333333333333333,0.0033333333333333335,0.0,0.0
CASIA2/Au/Au_pla_30557.jpg,0.0033333333333333335,0.0,0.0,0.0
CASIA2/Au/Au_pla_30558.jpg,0.056666666666666664,0.013333333333333334,0.0,0.0
CASIA2/Au/Au_pla_30559.jpg,0.0033333333333333335,0.0,0.0,0.0
CASIA2/Au/Au_pla_30560.jpg,0.0,0.0,0.0,0.0
CASIA2/Au/Au_pla_30561.jpg,0.0,0.0,0.0,0.0
CASIA2/Au/Au_pla_30563.jpg,0.0,0.0,0.0,0.0
CASIA2/Au/Au_pla_30564.jpg,0.0033333333333333335,0.0,0.0,0.0
CASIA2/Au/Au_pla_30565.jpg,0.0,0.0,0.0,0.0
CASIA2/Au/Au_pla_30566.jpg,0.02,0.0,0.0,0.0
CASIA2/Au/Au_pla_30568.jpg,0.01,0.0033333333333333335,0.0,0.0
CASIA2/Au/Au_pla_30569.jpg,0.0,0.0,0.0,0.0
CASIA2/Au/Au_pla_30570.jpg,0.0,0.0,0.0,0.0
CASIA2/Au/Au_pla_30571.jpg,0.04666666666666667,0.0,0.0,0.0
CASIA2/Au/Au_pla_30572.jpg,0.0,0.0,0.0,0.0
CASIA2/Au/Au_pla_30573.jpg,0.0,0.0,0.0,0.0
CASIA2/Au/Au_pla_30574.jpg,0.01,0.01,0.0,0.0
CASIA2/Au/Au_pla_30575.jpg,0.0,0.0033333333333333335,0.0,0.0
CASIA2/Au/Au_pla_30576.jpg,0.01,0.0,0.0,0.0
CASIA2/Au/Au_pla_30577.jpg,0.006666666666666667,0.0,0.0,0.0
CASIA2/Au/Au_pla_30578.jpg,0.023333333333333334,0.0,0.0,0.0
CASIA2/Au/Au_pla_30579.jpg,0.016666666666666666,0.0,0.0,0.0
CASIA2/Au/Au_pla_30580.jpg,0.02666666666666667,0.0033333333333333335,0.0,0.0
CASIA2/Au/Au_pla_30581.jpg,0.06666666666666667,0.0033333333333333335,0.0,0.0
CASIA2/Au/Au_pla_30582.jpg,0.0,0.0,0.0,0.0
CASIA2/Au/Au_pla_30583.jpg,0.0,0.0,0.0,0.0
CASIA2/Au/Au_pla_30584.jpg,0.0,0.0,0.0,0.0
CASIA2/Au/Au_pla_30586.jpg,0.0,0.0,0.0,0.0
CASIA2/Au/Au_pla_30587.jpg,0.01,0.0033333333333333335,0.0,0.0
CASIA2/Au/Au_pla_30588.jpg,0.0,0.0,0.0,0.0
CASIA2/Au/Au_pla_30589.jpg,0.0,0.0,0.0,0.0
CASIA2/Au/Au_pla_30590.jpg,0.0,0.0,0.0,0.0
CASIA2/Au/Au_pla_30591.jpg,0.006666666666666667,0.0,0.0,0.0
CASIA2/Au/Au_pla_30593.jpg,0.0,0.0,0.0,0.0
CASIA2/Au/Au_pla_30594.jpg,0.0,0.0,0.0,0.0
CASIA2/Au/Au_pla_30595.jpg,0.013333333333333334,0.006666666666666667,0.0,0.0
CASIA2/Au/Au_pla_30596.jpg,0.0,0.0,0.0,0.0
CASIA2/Au/Au_pla_30597.jpg,0.0,0.0,0.0,0.0
CASIA2/Au/Au_pla_30598.jpg,0.023333333333333334,0.0,0.0,0.0
CASIA2/Au/Au_pla_30600.jpg,0.0,0.0,0.0,0.0
CASIA2/Au/Au_pla_30601.jpg,0.0,0.0,0.0,0.0
CASIA2/Au/Au_pla_30602.jpg,0.0,0.0,0.0,0.0
CASIA2/Au/Au_pla_30603.jpg,0.0,0.0,0.0,0.0
CASIA2/Au/Au_pla_30604.jpg,0.0,0.0,0.0,0.0
CASIA2/Au/Au_pla_30605.jpg,0.0033333333333333335,0.0,0.0,0.0
CASIA2/Au/Au_pla_30606.jpg,0.01,0.006666666666666667,0.0,0.0
CASIA2/Au/Au_pla_30607.jpg,0.0,0.0,0.0,0.0
CASIA2/Au/Au_pla_30608.jpg,0.0,0.0,0.0,0.0
CASIA2/Au/Au_pla_30609.jpg,0.0033333333333333335,0.0,0.0,0.0
CASIA2/Au/Au_pla_30610.jpg,0.0,0.0,0.0,0.0
CASIA2/Au/Au_pla_30611.jpg,0.01,0.0,0.0016666666666666668,0.0
CASIA2/Au/Au_pla_30613.jpg,0.0,0.0,0.0,0.0
CASIA2/Au/Au_pla_30614.jpg,0.0,0.0,0.0,0.0
CASIA2/Au/Au_pla_30615.jpg,0.023333333333333334,0.013333333333333334,0.0,0.0
CASIA2/Au/Au_pla_30616.jpg,0.043333333333333335,0.0033333333333333335,0.0,0.0
CASIA2/Au/Au_pla_30618.jpg,0.0033333333333333335,0.0,0.0,0.0
CASIA2/Au/Au_pla_30619.jpg,0.11333333333333333,0.0033333333333333335,0.0,0.0
CASIA2/Au/Au_pla_30620.jpg,0.013333333333333334,0.0,0.0,0.0
CASIA2/Au/Au_pla_30621.jpg,0.023333333333333334,0.006666666666666667,0.0,0.0
CASIA2/Au/Au_pla_30622.jpg,0.06666666666666667,0.01,0.0,0.0
CASIA2/Au/Au_pla_30623.jpg,0.03666666666666667,0.006666666666666667,0.0,0.0
CASIA2/Au/Au_pla_30625.jpg,0.0,0.0,0.0,0.0
CASIA2/Au/Au_pla_30626.jpg,0.0,0.0,0.0,0.0
CASIA2/Au/Au_pla_30627.jpg,0.0033333333333333335,0.02666666666666667,0.0,0.0
CASIA2/Au/Au_pla_30628.jpg,0.006666666666666667,0.0,0.0,0.0
CASIA2/Au/Au_pla_30629.jpg,0.006666666666666667,0.0,0.0,0.0
CASIA2/Au/Au_pla_30630.jpg,0.0033333333333333335,0.0,0.0,0.0
CASIA2/Au/Au_pla_30632.jpg,0.06,0.0,0.0,0.0
CASIA2/Au/Au_pla_30633.jpg,0.08666666666666667,0.01,0.0,0.0
CASIA2/Au/Au_pla_30634.jpg,0.01,0.0033333333333333335,0.0,0.0
CASIA2/Au/Au_pla_30635.jpg,0.02,0.0,0.0,0.0
CASIA2/Au/Au_pla_30636.jpg,0.0,0.0,0.0,0.0
CASIA2/Au/Au_pla_30637.jpg,0.04,0.0,0.0,0.0
CASIA2/Au/Au_pla_30638.jpg,0.0,0.0,0.0,0.0
CASIA2/Au/Au_pla_30639.jpg,0.016666666666666666,0.0,0.0,0.0
CASIA2/Au/Au_pla_30641.jpg,0.01,0.0,0.0,0.0
CASIA2/Au/Au_pla_30642.jpg,0.02,0.02666666666666667,0.0,0.0
CASIA2/Au/Au_pla_30643.jpg,0.04666666666666667,0.02666666666666667,0.0,0.0
CASIA2/Au/Au_pla_30644.jpg,0.0,0.0,0.0,0.0
CASIA2/Au/Au_pla_30646.jpg,0.0,0.0,0.0,0.0
CASIA2/Au/Au_pla_30647.jpg,0.01,0.0,0.0,0.0
CASIA2/Au/Au_pla_30648.jpg,0.016666666666666666,0.01,0.0,0.0
CASIA2/Au/Au_pla_30649.jpg,0.0033333333333333335,0.0,0.0,0.000909090909090909
CASIA2/Au/Au_pla_30650.jpg,0.0,0.0,0.0,0.0
CASIA2/Au/Au_pla_30651.jpg,0.01,0.0,0.0,0.0
CASIA2/Au/Au_pla_30652.jpg,0.043333333333333335,0.01,0.0,0.0014814814814814814
CASIA2/Au/Au_pla_30654.jpg,0.03,0.0,0.0,0.0
CASIA2/Au/Au_pla_30655.jpg,0.0,0.0,0.0,0.0
CASIA2/Au/Au_pla_30656.jpg,0.01,0.0,0.0,0.0
CASIA2/Au/Au_pla_30657.jpg,0.016666666666666666,0.0,0.0,0.0
CASIA2/Au/Au_pla_30658.jpg,0.02666666666666667,0.0033333333333333335,0.0,0.0
CASIA2/Au/Au_pla_30660.jpg,0.0,0.0,0.0,0.0
CASIA2/Au/Au_pla_30662.jpg,0.0033333333333333335,0.0,0.0,0.0
CASIA2/Au/Au_pla_30663.jpg,0.0,0.0033333333333333335,0.0,0.0
CASIA2/Au/Au_pla_30664.jpg,0.02666666666666667,0.0,0.0,0.0
CASIA2/Au/Au_pla_30665.jpg,0.0033333333333333335,0.0,0.0,0.0
CASIA2/Au/Au_pla_30666.jpg,0.0,0.0,0.0,0.0
CASIA2/Au/Au_pla_30667.jpg,0.006666666666666667,0.0,0.0,0.0
CASIA2/Au/Au_pla_30668.jpg,0.0,0.0,0.0,0.0
CASIA2/Au/Au_pla_30669.jpg,0.056666666666666664,0.01,0.0025,0.0
CASIA2/Au/Au_pla_30670.jpg,0.0,0.0,0.0,0.0
CASIA2/Au/Au_pla_30671.jpg,0.02666666666666667,0.0,0.0,0.0
CASIA2/Au/Au_pla_30672.jpg,0.10333333333333333,0.0,0.0,0.0
CASIA2/Au/Au_pla_30673.jpg,0.05,0.006666666666666667,0.0,0.0
CASIA2/Au/Au_pla_30675.jpg,0.0,0.0,0.0,0.0
CASIA2/Au/Au_pla_30677.jpg,0.0,0.0,0.0,0.0
CASIA2/Au/Au_pla_30678.jpg,0.0033333333333333335,0.0,0.0,0.004380952380952381
CASIA2/Au/Au_pla_30679.jpg,0.006666666666666667,0.0,0.0,0.0
CASIA2/Au/Au_pla_30680.jpg,0.0033333333333333335,0.0,0.0,0.0
CASIA2/Au/Au_pla_30681.jpg,0.006666666666666667,0.0,0.00646969696969697,0.01373412698412698
CASIA2/Au/Au_pla_30682.jpg,0.01,0.0,0.0,0.0
CASIA2/Au/Au_pla_30683.jpg,0.0033333333333333335,0.0,0.0,0.0
CASIA2/Au/Au_pla_30684.jpg,0.01,0.0,0.0,0.0
CASIA2/Au/Au_pla_30685.jpg,0.0033333333333333335,0.0,0.0,0.0
CASIA2/Au/Au_pla_30686.jpg,0.0,0.0,0.0,0.0
CASIA2/Au/Au_pla_30687.jpg,0.09666666666666666,0.01,0.0,0.0
CASIA2/Au/Au_pla_30688.jpg,0.0,0.0,0.0,0.0
CASIA2/Au/Au_pla_30689.jpg,0.0,0.0,0.0,0.0
CASIA2/Au/Au_pla_30691.jpg,0.0,0.0033333333333333335,0.0,0.0
CASIA2/Au/Au_pla_30692.jpg,0.016666666666666666,0.0,0.0,0.0
CASIA2/Au/Au_pla_30693.jpg,0.1,0.0,0.0,0.0
CASIA2/Au/Au_pla_30694.jpg,0.02666666666666667,0.006666666666666667,0.0,0.0
CASIA2/Au/Au_pla_30695.jpg,0.0,0.0,0.0,0.0
CASIA2/Au/Au_pla_30696.jpg,0.01,0.043333333333333335,0.0,0.0005555555555555556
CASIA2/Au/Au_pla_30698.jpg,0.0,0.0,0.0,0.0
CASIA2/Au/Au_pla_30699.jpg,0.0,0.0,0.0,0.0
CASIA2/Au/Au_pla_30700.jpg,0.006666666666666667,0.0,0.0,0.0
CASIA2/Au/Au_pla_30701.jpg,0.0,0.0,0.0,0.0
CASIA2/Au/Au_pla_30702.jpg,0.0,0.0,0.0,0.0
CASIA2/Au/Au_pla_30703.jpg,0.02,0.013333333333333334,0.0,0.0
CASIA2/Au/Au_pla_30704.jpg,0.0033333333333333335,0.0,0.0,0.0
CASIA2/Au/Au_pla_30706.jpg,0.0033333333333333335,0.006666666666666667,0.0,0.0
CASIA2/Au/Au_pla_30708.jpg,0.0,0.0,0.0,0.0
CASIA2/Au/Au_pla_30709.jpg,0.006666666666666667,0.0,0.0,0.0
CASIA2/Au/Au_pla_30710.jpg,0.043333333333333335,0.0,0.0,0.0
CASIA2/Au/Au_pla_30711.jpg,0.0,0.0,0.0,0.0
CASIA2/Au/Au_pla_30712.jpg,0.0033333333333333335,0.0,0.0,0.0
CASIA2/Au/Au_pla_30713.jpg,0.02666666666666667,0.0,0.0,0.0
CASIA2/Au/Au_pla_30716.jpg,0.0033333333333333335,0.006666666666666667,0.0,0.000909090909090909
CASIA2/Au/Au_pla_30717.jpg,0.0,0.0,0.0033333333333333335,0.0033333333333333335
CASIA2/Au/Au_pla_30718.jpg,0.006666666666666667,0.0033333333333333335,0.0,0.0
CASIA2/Au/Au_pla_30719.jpg,0.0,0.0,0.0,0.0
CASIA2/Au/Au_pla_30720.jpg,0.19,0.056666666666666664,0.0,0.0
CASIA2/Au/Au_pla_30721.jpg,0.006666666666666667,0.0,0.0,0.0
CASIA2/Au/Au_pla_30722.jpg,0.04666666666666667,0.01,0.0,0.0
CASIA2/Au/Au_pla_30724.jpg,0.0,0.0,0.0,0.0
CASIA2/Au/Au_pla_30725.jpg,0.006666666666666667,0.0033333333333333335,0.0,0.0
CASIA2/Au/Au_pla_30727.jpg,0.27,0.02666666666666667,0.0,0.0
CASIA2/Au/Au_pla_30728.jpg,0.0033333333333333335,0.0,0.0,0.0
CASIA2/Au/Au_pla_30729.jpg,0.02,0.0,0.0,0.0
CASIA2/Au/Au_pla_30730.jpg,0.1,0.03,0.0,0.0
CASIA2/Au/Au_pla_30731.jpg,0.0033333333333333335,0.0,0.0,0.0
CASIA2/Au/Au_pla_30733.jpg,0.0033333333333333335,0.0,0.0,0.0
CASIA2/Au/Au_pla_30734.jpg,0.02,0.0,0.0,0.0
CASIA2/Au/Au_pla_30735.jpg,0.11,0.016666666666666666,0.0,0.0008333333333333334
CASIA2/Au/Au_pla_30736.jpg,0.07333333333333333,0.01,0.0,0.0
CASIA2/Au/Au_pla_30737.jpg,0.16,0.056666666666666664,0.0,0.0
CASIA2/Au/Au_pla_30738.jpg,0.13,0.01,0.0,0.0
CASIA2/Au/Au_pla_30739.jpg,0.0,0.0,0.0,0.0
CASIA2/Au/Au_pla_30741.jpg,0.08333333333333333,0.006666666666666667,0.0,0.0
CASIA2/Au/Au_pla_30742.jpg,0.04,0.0,0.0,0.0
CASIA2/Au/Au_pla_30743.jpg,0.06,0.0,0.0,0.0
CASIA2/Au/Au_pla_30744.jpg,0.18,0.07333333333333333,0.0,0.0
CASIA2/Au/Au_sec_00003.jpg,0.09,0.07333333333333333,0.0,0.0
CASIA2/Au/Au_sec_00004.jpg,0.5433333333333333,0.4166666666666667,0.0,0.0
CASIA2/Au/Au_sec_00005.jpg,0.16,0.08333333333333333,0.0,0.0
CASIA2/Au/Au_sec_00006.jpg,0.6233333333333333,0.45,0.0,0.0
CASIA2/Au/Au_sec_00007.jpg,0.66,0.5966666666666667,0.0,0.0
CASIA2/Au/Au_sec_00009.jpg,0.08666666666666667,0.023333333333333334,0.0,0.0
CASIA2/Au/Au_sec_00011.jpg,0.24666666666666667,0.32666666666666666,0.15333333333333332,0.19666690716690718
CASIA2/Au/Au_sec_00012.jpg,0.14666666666666667,0.29333333333333333,0.17431746031746032,0.1409775132275132
CASIA2/Au/Au_sec_00013.jpg,0.13333333333333333,0.06,0.0,0.0
CASIA2/Au/Au_sec_00015.jpg,0.01,0.0033333333333333335,0.0,0.0
CASIA2/Au/Au_sec_00016.jpg,0.0,0.016666666666666666,0.0,0.0
CASIA2/Au/Au_sec_00017.jpg,0.04,0.016666666666666666,0.0,0.0
CASIA2/Au/Au_sec_00018.jpg,0.006666666666666667,0.02,0.0,0.0
CASIA2/Au/Au_sec_00019.jpg,0.0,0.0,0.0,0.0
CASIA2/Au/Au_sec_00020.jpg,0.0,0.03333333333333333,0.0,0.0
CASIA2/Au/Au_sec_00021.jpg,0.0033333333333333335,0.006666666666666667,0.0,0.0
CASIA2/Au/Au_sec_00022.jpg,0.0,0.0,0.0,0.0
CASIA2/Au/Au_sec_00023.jpg,0.0,0.0,0.0,0.0
CASIA2/Au/Au_sec_00025.jpg,0.27,0.056666666666666664,0.0,0.0
CASIA2/Au/Au_sec_00026.jpg,0.14666666666666667,0.11333333333333333,0.0,0.0006666666666666668
CASIA2/Au/Au_sec_00027.jpg,0.023333333333333334,0.0,0.0,0.0
CASIA2/Au/Au_sec_00028.jpg,0.07333333333333333,0.013333333333333334,0.0,0.0
CASIA2/Au/Au_sec_00029.jpg,0.006666666666666667,0.0033333333333333335,0.0,0.0
CASIA2/Au/Au_sec_00030.jpg,0.0,0.0,0.0,0.0
CASIA2/Au/Au_sec_00031.jpg,0.03666666666666667,0.0033333333333333335,0.0,0.0
CASIA2/Au/Au_sec_00032.jpg,0.04,0.0,0.0,0.0
CASIA2/Au/Au_sec_00034.jpg,0.006666666666666667,0.0,0.0,0.0
CASIA2/Au/Au_sec_00035.jpg,0.006666666666666667,0.0,0.0,0.0
CASIA2/Au/Au_sec_00036.jpg,0.09666666666666666,0.0,0.0,0.0
CASIA2/Au/Au_sec_00037.jpg,0.04666666666666667,0.0033333333333333335,0.0033333333333333335,0.0
CASIA2/Au/Au_sec_00038.jpg,0.05,0.0033333333333333335,0.0,0.0
CASIA2/Au/Au_sec_00039.jpg,0.03,0.0,0.0,0.0
CASIA2/Au/Au_sec_00040.jpg,0.13,0.02666666666666667,0.0,0.0
CASIA2/Au/Au_sec_00041.jpg,0.03333333333333333,0.0,0.0,0.0
CASIA2/Au/Au_sec_00042.jpg,0.01,0.0,0.0,0.0
CASIA2/Au/Au_sec_00044.jpg,0.11,0.006666666666666667,0.0,0.0
CASIA2/Au/Au_sec_00046.jpg,0.12,0.02666666666666667,0.0,0.0
CASIA2/Au/Au_sec_00047.jpg,0.2733333333333333,0.03666666666666667,0.0,0.0
CASIA2/Au/Au_sec_00048.jpg,0.16333333333333333,0.03,0.0,0.0
CASIA2/Au/Au_sec_00049.jpg,0.43,0.36666666666666664,0.0,0.0016666666666666668
CASIA2/Au/Au_sec_00050.jpg,0.24,0.14,0.0,0.0
CASIA2/Au/Au_sec_00051.jpg,0.38666666666666666,0.2,0.0,0.0
CASIA2/Au/Au_sec_00052.jpg,0.39666666666666667,0.35333333333333333,0.0,0.0
CASIA2/Au/Au_sec_00053.jpg,0.13333333333333333,0.056666666666666664,0.0,0.0
CASIA2/Au/Au_sec_00054.jpg,0.36,0.3233333333333333,0.0,0.0
CASIA2/Au/Au_sec_00057.jpg,0.18,0.013333333333333334,0.0,0.0
CASIA2/Au/Au_sec_00058.jpg,0.23,0.03666666666666667,0.0,0.0
CASIA2/Au/Au_sec_00059.jpg,0.7233333333333334,0.51,0.0,0.0033333333333333335
CASIA2/Au/Au_sec_00060.jpg,0.09666666666666666,0.06666666666666667,0.0,0.0
CASIA2/Au/Au_sec_00061.jpg,0.09333333333333334,0.08333333333333333,0.0,0.0
CASIA2/Au/Au_sec_00063.jpg,0.26,0.19666666666666666,0.0,0.0
CASIA2/Au/Au_sec_00064.jpg,0.2866666666666667,0.18666666666666668,0.0,0.0
CASIA2/Au/Au_sec_00065.jpg,0.2,0.09666666666666666,0.0,0.0
CASIA2/Au/Au_sec_00066.jpg,0.25333333333333335,0.3433333333333333,0.1255720390720391,0.057784391534391515
CASIA2/Au/Au_sec_00068.jpg,0.02666666666666667,0.2,0.0,0.0
CASIA2/Au/Au_sec_00069.jpg,0.16666666666666666,0.06333333333333334,0.0,0.0
CASIA2/Au/Au_sec_00070.jpg,0.0033333333333333335,0.39,0.0006666666666666668,0.0
CASIA2/Au/Au_sec_00071.jpg,0.17666666666666667,0.06666666666666667,0.0,0.0
CASIA2/Au/Au_sec_00072.jpg,0.13666666666666666,0.05,0.0025833333333333333,0.0
CASIA2/Au/Au_sec_00073.jpg,0.29333333333333333,0.23333333333333334,0.0,0.0
CASIA2/Au/Au_sec_00075.jpg,0.26666666666666666,0.08666666666666667,0.0,0.0033333333333333335
CASIA2/Au/Au_sec_00077.jpg,0.04666666666666667,0.31666666666666665,0.0,0.0011111111111111111
CASIA2/Au/Au_sec_00078.jpg,0.08,0.5266666666666666,0.0,0.0
CASIA2/Au/Au_sec_00079.jpg,0.17,0.18666666666666668,0.0035714285714285713,0.0
CASIA2/Au/Au_sec_00080.jpg,0.18666666666666668,0.37333333333333335,0.0013333333333333335,0.0
CASIA2/Au/Au_sec_00083.jpg,0.09,0.10333333333333333,0.0,0.0
CASIA2/Au/Au_sec_00084.jpg,0.16,0.08333333333333333,0.0,0.0
CASIA2/Au/Au_sec_00086.jpg,0.1,0.06,0.0,0.0
CASIA2/Au/Au_sec_00087.jpg,0.10333333333333333,0.09333333333333334,0.0,0.0
CASIA2/Au/Au_sec_00088.jpg,0.27,0.33666666666666667,0.15,0.11134391534391536
CASIA2/Au/Au_sec_00089.jpg,0.25,0.4033333333333333,0.0,0.0
CASIA2/Au/Au_sec_00090.jpg,0.36,0.17,0.0033333333333333335,0.0008333333333333334
CASIA2/Au/Au_sec_00091.jpg,0.09666666666666666,0.09,0.0,0.0
CASIA2/Au/Au_sec_00093.jpg,0.15,0.04666666666666667,0.0,0.0
CASIA2/Au/Au_sec_00094.jpg,0.10333333333333333,0.09666666666666666,0.0,0.0
CASIA2/Au/Au_sec_00095.jpg,0.3433333333333333,0.21333333333333335,0.0,0.0
CASIA2/Au/Au_sec_00096.jpg,0.6833333333333333,0.45666666666666667,0.0,0.0
CASIA2/Au/Au_sec_00097.jpg,0.15,0.03666666666666667,0.0,0.0
CASIA2/Au/Au_sec_00098.jpg,0.39666666666666667,0.16,0.0,0.0016666666666666668
CASIA2/Au/Au_sec_00099.jpg,0.2833333333333333,0.06333333333333334,0.0,0.0
CASIA2/Au/Au_sec_00100.jpg,0.39666666666666667,0.17666666666666667,0.0,0.0
CASIA2/Au/Au_sec_10001.jpg,0.6666666666666666,0.47333333333333333,0.6687670847670847,0.532366581131287
CASIA2/Au/Au_sec_10002.jpg,0.9033333333333333,0.7366666666666667,0.12247547604900542,0.19575336700336696
CASIA2/Au/Au_sec_10003.jpg,0.43666666666666665,0.43333333333333335,0.04906084656084657,0.02259259259259259
CASIA2/Au/Au_sec_10101.jpg,0.48,0.4066666666666667,0.0,0.0018560606060606063
CASIA2/Au/Au_sec_10102.jpg,0.37666666666666665,0.38666666666666666,0.0,0.0
CASIA2/Au/Au_sec_10103.jpg,0.38,0.44666666666666666,0.0033333333333333335,0.0008333333333333334
CASIA2/Au/Au_sec_10104.jpg,0.5266666666666666,0.6066666666666667,0.039539682539682534,0.068242784992785
CASIA2/Au/Au_sec_10105.jpg,0.44333333333333336,0.47,0.049539682539682536,0.05470707070707071
CASIA2/Au/Au_sec_10106.jpg,0.51,0.5566666666666666,0.04751383801383801,0.039645502645502644
CASIA2/Au/Au_sec_10107.jpg,0.7533333333333333,0.5,0.0033333333333333335,0.0017171717171717172
CASIA2/Au/Au_sec_10108.jpg,0.26666666666666666,0.36333333333333334,0.0,0.0006666666666666668
CASIA2/Au/Au_sec_10109.jpg,0.5,0.4033333333333333,0.0,0.0008333333333333334
CASIA2/Au/Au_sec_10112.jpg,0.43333333333333335,0.33,0.0,0.0019047619047619048
CASIA2/Au/Au_sec_10113.jpg,0.55,0.61,0.03737301587301587,0.047962000962000956
CASIA2/Au/Au_sec_10114.jpg,0.4066666666666667,0.48333333333333334,0.006888888888888888,0.03853246753246752
CASIA2/Au/Au_sec_10115.jpg,0.81,0.9233333333333333,0.7482828005328005,0.8681381673881674
CASIA2/Au/Au_sec_10116.bmp,0.36666666666666664,0.3333333333333333,0.03928876678876679,0.08267460317460318
CASIA2/Au/Au_sec_20001.jpg,0.24,0.4066666666666667,0.0,0.005555555555555555
CASIA2/Au/Au_sec_20002.jpg,0.43666666666666665,0.49666666666666665,0.0014285714285714286,0.0
CASIA2/Au/Au_sec_20003.jpg,0.35333333333333333,0.33,0.0,0.004722222222222221
CASIA2/Au/Au_sec_20004.jpg,0.28,0.33666666666666667,0.00753968253968254,0.005
CASIA2/Au/Au_sec_20005.jpg,0.63,0.6466666666666666,0.00919047619047619,0.02258730158730159
CASIA2/Au/Au_sec_20006.jpg,0.5833333333333334,0.6266666666666667,0.0033333333333333335,0.004642857142857143
CASIA2/Au/Au_sec_20007.jpg,0.7266666666666667,0.8033333333333333,0.01,0.10850889850889853
CASIA2/Au/Au_sec_20009.jpg,0.56,0.62,0.005833333333333334,0.010962962962962963
CASIA2/Au/Au_sec_20010.jpg,0.10333333333333333,0.24,0.0,0.005285714285714286
CASIA2/Au/Au_sec_20011.jpg,0.4666666666666667,0.5166666666666667,0.0,0.002
CASIA2/Au/Au_sec_20012.jpg,0.26666666666666666,0.3,0.01,0.0
CASIA2/Au/Au_sec_20013.jpg,0.69,0.5666666666666667,0.0033333333333333335,0.006666666666666667
CASIA2/Au/Au_sec_20014.jpg,0.2733333333333333,0.34,0.0,0.0033333333333333335
CASIA2/Au/Au_sec_20016.jpg,0.16666666666666666,0.2833333333333333,0.002888888888888889,0.0013333333333333335
CASIA2/Au/Au_sec_20017.jpg,0.5233333333333333,0.75,0.0016666666666666668,0.0044444444444444444
CASIA2/Au/Au_sec_20018.jpg,0.13666666666666666,0.43333333333333335,0.0,0.0215515873015873
CASIA2/Au/Au_sec_20019.jpg,0.27,0.31333333333333335,0.03333333333333333,0.04710596810596811
CASIA2/Au/Au_sec_20020.jpg,0.2,0.36666666666666664,0.0,0.011333333333333332
CASIA2/Au/Au_sec_20021.jpg,0.91,0.9133333333333333,0.006666666666666667,0.02269047619047619
CASIA2/Au/Au_sec_20022.jpg,0.07,0.2966666666666667,0.0,0.011146825396825398
CASIA2/Au/Au_sec_20023.jpg,0.02666666666666667,0.33666666666666667,0.02666666666666667,0.03856313131313131
CASIA2/Au/Au_sec_20024.jpg,0.7566666666666667,0.7466666666666667,0.006717171717171717,0.047702020202020204
CASIA2/Au/Au_sec_20025.jpg,0.6,0.5766666666666667,0.011333333333333332,0.023891737891737888
CASIA2/Au/Au_sec_20027.jpg,0.09333333333333334,0.32666666666666666,0.016345238095238093,0.06757142857142857
CASIA2/Au/Au_sec_20028.jpg,0.07333333333333333,0.47,0.03666666666666667,0.09515343915343913
CASIA2/Au/Au_sec_20031.jpg,0.37666666666666665,0.4266666666666667,0.006612554112554112,0.01189153439153439
CASIA2/Au/Au_sec_20033.jpg,0.2833333333333333,0.5366666666666666,0.006666666666666667,0.021151515151515147
CASIA2/Au/Au_sec_20034.jpg,0.67,0.62,0.013333333333333334,0.03977861952861953
CASIA2/Au/Au_sec_20036.jpg,0.7533333333333333,0.7233333333333334,0.008183150183150184,0.008629629629629628
CASIA2/Au/Au_sec_20037.jpg,0.26,0.5933333333333334,0.0014285714285714286,0.02664153439153439
CASIA2/Au/Au_sec_20039.jpg,0.35,0.5466666666666666,0.03,0.0708531746031746
CASIA2/Au/Au_sec_20040.jpg,0.20333333333333334,0.2833333333333333,0.01,0.026055555555555557
CASIA2/Au/Au_sec_20041.jpg,0.8533333333333334,0.85,0.004,0.008333333333333333
CASIA2/Au/Au_sec_20042.jpg,0.09333333333333334,0.23666666666666666,0.00974404761904762,0.015148148148148148
CASIA2/Au/Au_sec_20043.jpg,0.23333333333333334,0.51,0.0,0.0016666666666666668
CASIA2/Au/Au_sec_20044.jpg,0.5433333333333333,0.5533333333333333,0.0,0.006476190476190476
CASIA2/Au/Au_sec_20046.jpg,0.056666666666666664,0.13333333333333333,0.052572510822510826,0.06391666666666666
CASIA2/Au/Au_sec_20047.jpg,0.7566666666666667,0.71,0.0,0.04386171236171236
CASIA2/Au/Au_sec_20048.jpg,0.23666666666666666,0.32,0.03174206349206349,0.04097222222222223
CASIA2/Au/Au_sec_20049.jpg,0.31333333333333335,0.5766666666666667,0.015017195767195766,0.01858994708994709
CASIA2/Au/Au_sec_20050.jpg,0.18,0.15,0.0,0.004095238095238095
CASIA2/Au/Au_sec_20051.jpg,0.15666666666666668,0.2833333333333333,0.031121813371813373,0.10468253968253967
CASIA2/Au/Au_sec_20052.jpg,0.17666666666666667,0.3466666666666667,0.0033333333333333335,0.007814814814814814
CASIA2/Au/Au_sec_20053.jpg,0.04666666666666667,0.17333333333333334,0.013333333333333334,0.034360750360750356
CASIA2/Au/Au_sec_20054.jpg,0.17666666666666667,0.4266666666666667,0.005698412698412699,0.024809523809523806
CASIA2/Au/Au_sec_20055.jpg,0.4533333333333333,0.65,0.0,0.044575877825877824
CASIA2/Au/Au_sec_20056.jpg,0.39666666666666667,0.36666666666666664,0.0,0.004166666666666667
CASIA2/Au/Au_sec_20057.jpg,0.4266666666666667,0.6766666666666666,0.01,0.05341979316979317
CASIA2/Au/Au_sec_20058.jpg,0.07666666666666666,0.2733333333333333,0.008994708994708995,0.009962000962000962
CASIA2/Au/Au_sec_20059.jpg,0.8966666666666666,0.8533333333333334,0.0016666666666666668,0.04595835645835647
CASIA2/Au/Au_sec_20060.jpg,0.19,0.3,0.0,0.004833333333333334
CASIA2/Au/Au_sec_20063.jpg,0.44333333333333336,0.4866666666666667,0.12,0.1368860028860029
CASIA2/Au/Au_sec_20064.jpg,0.8033333333333333,0.8133333333333334,0.0,0.014666666666666668
CASIA2/Au/Au_sec_20065.jpg,0.8166666666666667,0.8133333333333334,0.0,0.003666666666666667
CASIA2/Au/Au_sec_20066.jpg,0.54,0.67,0.4466633597883595,0.4964874662374663
CASIA2/Au/Au_sec_20067.jpg,0.8333333333333334,0.7533333333333333,0.013646825396825395,0.01145141895141895
CASIA2/Au/Au_sec_20068.jpg,0.62,0.6866666666666666,0.0,0.020293650793650794
CASIA2/Au/Au_sec_20069.jpg,0.4166666666666667,0.51,0.013333333333333334,0.012738095238095238
CASIA2/Au/Au_sec_20070.jpg,0.31,0.32666666666666666,0.0,0.014888888888888889
CASIA2/Au/Au_sec_20072.jpg,0.06,0.06,0.0,0.0
CASIA2/Au/Au_sec_20073.jpg,0.26666666666666666,0.18333333333333332,0.0,0.0
CASIA2/Au/Au_sec_20074.jpg,0.5033333333333333,0.37666666666666665,0.0,0.0
CASIA2/Au/Au_sec_20075.jpg,0.27,0.04666666666666667,0.0,0.0
CASIA2/Au/Au_sec_20076.jpg,0.12,0.14,0.0,0.0016666666666666668
CASIA2/Au/Au_sec_20078.jpg,0.06,0.056666666666666664,0.0011111111111111111,0.0
CASIA2/Au/Au_sec_20080.jpg,0.4533333333333333,0.1,0.0,0.0
CASIA2/Au/Au_sec_20081.jpg,0.53,0.33,0.002380952380952381,0.0008333333333333334
CASIA2/Au/Au_sec_20082.jpg,0.26,0.23333333333333334,0.0033333333333333335,0.0
CASIA2/Au/Au_sec_20083.jpg,0.023333333333333334,0.04,0.0,0.0
CASIA2/Au/Au_sec_20084.jpg,0.17666666666666667,0.12,0.0,0.0
CASIA2/Au/Au_sec_20085.jpg,0.6733333333333333,0.5166666666666667,0.0,0.0
CASIA2/Au/Au_sec_20086.jpg,0.4166666666666667,0.33,0.0033333333333333335,0.0
CASIA2/Au/Au_sec_20087.jpg,0.18333333333333332,0.07,0.0,0.0
CASIA2/Au/Au_sec_20088.jpg,0.11,0.11666666666666667,0.0,0.0008333333333333334
CASIA2/Au/Au_sec_20089.jpg,0.2833333333333333,0.07666666666666666,0.0,0.0
CASIA2/Au/Au_sec_20090.jpg,0.29333333333333333,0.25,0.006666666666666667,0.0
CASIA2/Au/Au_sec_20091.jpg,0.31666666666666665,0.15333333333333332,0.0,0.0
CASIA2/Au/Au_sec_20092.jpg,0.44,0.07,0.0,0.0
CASIA2/Au/Au_sec_20093.jpg,0.43666666666666665,0.09333333333333334,0.0,0.0
CASIA2/Au/Au_sec_20094.jpg,0.08333333333333333,0.3233333333333333,0.0033333333333333335,0.004380952380952381
CASIA2/Au/Au_sec_20095.jpg,0.2633333333333333,0.20333333333333334,0.0,0.0
CASIA2/Au/Au_sec_20096.jpg,0.6866666666666666,0.5166666666666667,0.0,0.0033333333333333335
CASIA2/Au/Au_sec_20097.jpg,0.7033333333333334,0.7966666666666666,0.02,0.05296428571428572
CASIA2/Au/Au_sec_20099.jpg,0.2833333333333333,0.09,0.0,0.0
CASIA2/Au/Au_sec_20100.jpg,0.18333333333333332,0.08,0.0,0.0
CASIA2/Au/Au_sec_30001.jpg,0.0,0.0,0.0,0.0
CASIA2/Au/Au_sec_30002.jpg,0.02,0.0033333333333333335,0.0,0.0
CASIA2/Au/Au_sec_30003.jpg,0.48,0.12333333333333334,0.0,0.0
CASIA2/Au/Au_sec_30004.jpg,0.0,0.0,0.0,0.0
CASIA2/Au/Au_sec_30005.jpg,0.02666666666666667,0.0,0.0,0.0
CASIA2/Au/Au_sec_30006.jpg,0.0,0.0,0.0,0.0
CASIA2/Au/Au_sec_30007.jpg,0.0,0.0,0.0,0.0
CASIA2/Au/Au_sec_30008.jpg,0.006666666666666667,0.0033333333333333335,0.0,0.0
CASIA2/Au/Au_sec_30009.jpg,0.006666666666666667,0.0,0.0,0.0
CASIA2/Au/Au_sec_30010.jpg,0.01,0.0,0.0,0.0
CASIA2/Au/Au_sec_30011.jpg,0.023333333333333334,0.0,0.0,0.0
CASIA2/Au/Au_sec_30012.jpg,0.21666666666666667,0.01,0.0,0.0
CASIA2/Au/Au_sec_30013.jpg,0.0,0.0,0.0,0.0
CASIA2/Au/Au_sec_30014.jpg,0.01,0.0,0.0,0.0
CASIA2/Au/Au_sec_30015.jpg,0.04,0.0,0.0,0.0
CASIA2/Au/Au_sec_30018.jpg,0.12,0.03333333333333333,0.0,0.0
CASIA2/Au/Au_sec_30019.jpg,0.01,0.0,0.0,0.0
CASIA2/Au/Au_sec_30022.jpg,0.14666666666666667,0.006666666666666667,0.0,0.0
CASIA2/Au/Au_sec_30024.jpg,0.0,0.0,0.0,0.0
CASIA2/Au/Au_sec_30025.jpg,0.06,0.0,0.0,0.0
CASIA2/Au/Au_sec_30026.jpg,0.01,0.0033333333333333335,0.0,0.0
CASIA2/Au/Au_sec_30028.jpg,0.4533333333333333,0.02666666666666667,0.0,0.0
CASIA2/Au/Au_sec_30029.jpg,0.03333333333333333,0.07,0.0,0.0
CASIA2/Au/Au_sec_30031.jpg,0.0,0.0,0.0,0.0
CASIA2/Au/Au_sec_30033.jpg,0.03333333333333333,0.0,0.0,0.0
CASIA2/Au/Au_sec_30034.jpg,0.0,0.0,0.0,0.0
CASIA2/Au/Au_sec_30035.jpg,0.04,0.006666666666666667,0.0,0.0
CASIA2/Au/Au_sec_30036.jpg,0.13666666666666666,0.006666666666666667,0.0,0.0
CASIA2/Au/Au_sec_30038.jpg,0.02,0.02666666666666667,0.0,0.0
CASIA2/Au/Au_sec_30039.jpg,0.03,0.0,0.0,0.0
CASIA2/Au/Au_sec_30040.jpg,0.23333333333333334,0.03,0.0,0.0
CASIA2/Au/Au_sec_30041.jpg,0.23333333333333334,0.04,0.0,0.0
CASIA2/Au/Au_sec_30042.jpg,0.23666666666666666,0.1,0.0009523809523809524,0.0
CASIA2/Au/Au_sec_30043.jpg,0.12,0.18666666666666668,0.0,0.0005555555555555556
CASIA2/Au/Au_sec_30044.jpg,0.1,0.02666666666666667,0.0,0.0
CASIA2/Au/Au_sec_30045.jpg,0.08,0.04,0.0,0.0
CASIA2/Au/Au_sec_30046.jpg,0.06,0.03,0.005,0.0
CASIA2/Au/Au_sec_30047.jpg,0.19333333333333333,0.06333333333333334,0.0,0.0
CASIA2/Au/Au_sec_30048.jpg,0.19333333333333333,0.14,0.0,0.0
CASIA2/Au/Au_sec_30049.jpg,0.23666666666666666,0.2866666666666667,0.0,0.0
CASIA2/Au/Au_sec_30051.jpg,0.09666666666666666,0.07333333333333333,0.0,0.0
CASIA2/Au/Au_sec_30052.jpg,0.14,0.07,0.0,0.0
CASIA2/Au/Au_sec_30053.jpg,0.10333333333333333,0.07666666666666666,0.0,0.0
CASIA2/Au/Au_sec_30054.jpg,0.6366666666666667,0.57,0.0,0.0
CASIA2/Au/Au_sec_30056.jpg,0.07666666666666666,0.09333333333333334,0.0,0.0
CASIA2/Au/Au_sec_30057.jpg,0.09666666666666666,0.03666666666666667,0.0,0.0
CASIA2/Au/Au_sec_30058.jpg,0.17,0.03666666666666667,0.0,0.0
CASIA2/Au/Au_sec_30060.jpg,0.02,0.01,0.0,0.0
CASIA2/Au/Au_sec_30063.jpg,0.5833333333333334,0.6033333333333334,0.0,0.0
CASIA2/Au/Au_sec_30064.jpg,0.25333333333333335,0.056666666666666664,0.0,0.0
CASIA2/Au/Au_sec_30065.jpg,0.4866666666666667,0.49,0.0,0.0
CASIA2/Au/Au_sec_30066.jpg,0.28,0.05,0.0,0.0
CASIA2/Au/Au_sec_30067.jpg,0.10333333333333333,0.02666666666666667,0.0,0.0
CASIA2/Au/Au_sec_30068.jpg,0.5466666666666666,0.38666666666666666,0.0,0.0
CASIA2/Au/Au_sec_30069.jpg,0.4,0.27,0.0,0.0
CASIA2/Au/Au_sec_30070.jpg,0.21333333333333335,0.13666666666666666,0.0,0.0
CASIA2/Au/Au_sec_30072.jpg,0.24666666666666667,0.20333333333333334,0.0,0.0
CASIA2/Au/Au_sec_30074.jpg,0.4033333333333333,0.04,0.0,0.0
CASIA2/Au/Au_sec_30075.jpg,0.05333333333333334,0.01,0.0,0.0
CASIA2/Au/Au_sec_30076.jpg,0.23333333333333334,0.16,0.0,0.0
CASIA2/Au/Au_sec_30077.jpg,0.09,0.09333333333333334,0.0,0.0
CASIA2/Au/Au_sec_30078.jpg,0.5333333333333333,0.42333333333333334,0.0,0.0021666666666666666
CASIA2/Au/Au_sec_30079.jpg,0.11666666666666667,0.05,0.0,0.0
CASIA2/Au/Au_sec_30080.jpg,0.35333333333333333,0.3566666666666667,0.001726190476190476,0.0
CASIA2/Au/Au_sec_30081.jpg,0.5833333333333334,0.3333333333333333,0.0,0.004357142857142857
CASIA2/Au/Au_sec_30082.jpg,0.47,0.36666666666666664,0.0,0.00030303030303030303
CASIA2/Au/Au_sec_30083.jpg,0.3233333333333333,0.06333333333333334,0.0,0.0
CASIA2/Au/Au_sec_30084.jpg,0.02,0.006666666666666667,0.0,0.0
CASIA2/Au/Au_sec_30085.jpg,0.14,0.03,0.0,0.0
CASIA2/Au/Au_sec_30086.jpg,0.24333333333333335,0.02666666666666667,0.0,0.0
CASIA2/Au/Au_sec_30087.jpg,0.27666666666666667,0.05333333333333334,0.0,0.0
CASIA2/Au/Au_sec_30088.jpg,0.4,0.22,0.0,0.0
CASIA2/Au/Au_sec_30089.jpg,0.37333333333333335,0.17333333333333334,0.0,0.0
CASIA2/Au/Au_sec_30090.jpg,0.26666666666666666,0.16666666666666666,0.0,0.0
CASIA2/Au/Au_sec_30091.jpg,0.23,0.22333333333333333,0.0,0.0
CASIA2/Au/Au_sec_30092.jpg,0.27,0.07,0.0,0.0
CASIA2/Au/Au_sec_30093.jpg,0.14333333333333334,0.15666666666666668,0.0,0.0
CASIA2/Au/Au_sec_30094.jpg,0.15666666666666668,0.07333333333333333,0.0,0.0
CASIA2/Au/Au_sec_30095.jpg,0.06666666666666667,0.06333333333333334,0.0,0.0
CASIA2/Au/Au_sec_30096.jpg,0.07333333333333333,0.05,0.0,0.0
CASIA2/Au/Au_sec_30097.jpg,0.056666666666666664,0.03333333333333333,0.0,0.0015
CASIA2/Au/Au_sec_30098.jpg,0.19333333333333333,0.13333333333333333,0.0,0.0
CASIA2/Au/Au_sec_30099.jpg,0.09666666666666666,0.056666666666666664,0.0,0.0
CASIA2/Au/Au_sec_30100.jpg,0.24,0.15,0.0,0.0
CASIA2/Au/Au_sec_30101.jpg,0.06,0.04,0.0,0.0
CASIA2/Au/Au_sec_30102.jpg,0.16,0.04,0.0,0.0
CASIA2/Au/Au_sec_30103.jpg,0.07,0.06333333333333334,0.0,0.0
CASIA2/Au/Au_sec_30104.jpg,0.08666666666666667,0.02666666666666667,0.0,0.0
CASIA2/Au/Au_sec_30105.jpg,0.12,0.07,0.0,0.0
CASIA2/Au/Au_sec_30106.jpg,0.38333333333333336,0.19333333333333333,0.0,0.0
CASIA2/Au/Au_sec_30107.jpg,0.49333333333333335,0.3566666666666667,0.0,0.0
CASIA2/Au/Au_sec_30109.jpg,0.07,0.02,0.0,0.0
CASIA2/Au/Au_sec_30110.jpg,0.25333333333333335,0.07333333333333333,0.0,0.0
CASIA2/Au/Au_sec_30112.jpg,0.16,0.07666666666666666,0.0,0.0
CASIA2/Au/Au_sec_30113.jpg,0.06,0.02,0.0,0.0
CASIA2/Au/Au_sec_30114.jpg,0.06666666666666667,0.07,0.0,0.0
CASIA2/Au/Au_sec_30115.jpg,0.02,0.023333333333333334,0.0,0.0
CASIA2/Au/Au_sec_30116.jpg,0.13,0.06666666666666667,0.0,0.0
CASIA2/Au/Au_sec_30118.jpg,0.36333333333333334,0.11,0.0,0.0
CASIA2/Au/Au_sec_30119.jpg,0.4,0.3333333333333333,0.0,0.00196969696969697
CASIA2/Au/Au_sec_30120.jpg,0.31666666666666665,0.26,0.0,0.0
CASIA2/Au/Au_sec_30121.jpg,0.23666666666666666,0.11333333333333333,0.0,0.0
CASIA2/Au/Au_sec_30122.jpg,0.17,0.02666666666666667,0.0,0.0
CASIA2/Au/Au_sec_30123.jpg,0.04666666666666667,0.04666666666666667,0.0,0.0
CASIA2/Au/Au_sec_30124.jpg,0.2833333333333333,0.21,0.0,0.0
CASIA2/Au/Au_sec_30125.jpg,0.25666666666666665,0.11333333333333333,0.0,0.0
CASIA2/Au/Au_sec_30126.jpg,0.15333333333333332,0.07333333333333333,0.0,0.0
CASIA2/Au/Au_sec_30127.jpg,0.13333333333333333,0.03333333333333333,0.0,0.0
CASIA2/Au/Au_sec_30129.jpg,0.11666666666666667,0.03,0.0,0.0
CASIA2/Au/Au_sec_30130.jpg,0.31666666666666665,0.28,0.0008333333333333334,0.0008333333333333334
CASIA2/Au/Au_sec_30131.jpg,0.06,0.01,0.0,0.0
CASIA2/Au/Au_sec_30132.jpg,0.07333333333333333,0.02,0.0,0.0
CASIA2/Au/Au_sec_30133.jpg,0.34,0.16,0.0,0.0
CASIA2/Au/Au_sec_30134.jpg,0.7233333333333334,0.6733333333333333,0.0,0.0
CASIA2/Au/Au_sec_30135.jpg,0.15,0.12333333333333334,0.0,0.0
CASIA2/Au/Au_sec_30136.jpg,0.08666666666666667,0.03,0.0,0.0
CASIA2/Au/Au_sec_30137.jpg,0.22,0.20666666666666667,0.0,0.0
CASIA2/Au/Au_sec_30138.jpg,0.11333333333333333,0.1,0.0,0.0
CASIA2/Au/Au_sec_30140.jpg,0.30333333333333334,0.21333333333333335,0.0,0.0
CASIA2/Au/Au_sec_30141.jpg,0.5566666666666666,0.33,0.0,0.0
CASIA2/Au/Au_sec_30142.jpg,0.24333333333333335,0.09666666666666666,0.0,0.0
CASIA2/Au/Au_sec_30143.jpg,0.2966666666666667,0.2633333333333333,0.0,0.0
CASIA2/Au/Au_sec_30144.jpg,0.26,0.25333333333333335,0.0,0.0
CASIA2/Au/Au_sec_30145.jpg,0.11666666666666667,0.06333333333333334,0.0,0.0
CASIA2/Au/Au_sec_30147.jpg,0.25,0.056666666666666664,0.0,0.0
CASIA2/Au/Au_sec_30148.jpg,0.17666666666666667,0.09333333333333334,0.0,0.0
CASIA2/Au/Au_sec_30149.jpg,0.12333333333333334,0.013333333333333334,0.0,0.0
CASIA2/Au/Au_sec_30151.jpg,0.35333333333333333,0.27,0.0,0.0
CASIA2/Au/Au_sec_30152.jpg,0.20666666666666667,0.05,0.0,0.0
CASIA2/Au/Au_sec_30153.jpg,0.1,0.1,0.0,0.0
CASIA2/Au/Au_sec_30156.jpg,0.13333333333333333,0.03333333333333333,0.0,0.0
CASIA2/Au/Au_sec_30157.jpg,0.09,0.03,0.0,0.0
CASIA2/Au/Au_sec_30158.jpg,0.13,0.023333333333333334,0.0,0.0
CASIA2/Au/Au_sec_30160.jpg,0.12333333333333334,0.09,0.0,0.0
CASIA2/Au/Au_sec_30162.jpg,0.21666666666666667,0.11333333333333333,0.0,0.0
CASIA2/Au/Au_sec_30163.jpg,0.43333333333333335,0.31666666666666665,0.0,0.0
CASIA2/Au/Au_sec_30164.jpg,0.4066666666666667,0.29333333333333333,0.0,0.0
CASIA2/Au/Au_sec_30166.jpg,0.23666666666666666,0.09666666666666666,0.0,0.0
CASIA2/Au/Au_sec_30168.jpg,0.5366666666666666,0.3566666666666667,0.0,0.0
CASIA2/Au/Au_sec_30169.jpg,0.21333333333333335,0.17333333333333334,0.0,0.0
CASIA2/Au/Au_sec_30170.jpg,0.21666666666666667,0.08333333333333333,0.0,0.0
CASIA2/Au/Au_sec_30171.jpg,0.51,0.36333333333333334,0.0,0.0
CASIA2/Au/Au_sec_30172.jpg,0.28,0.17666666666666667,0.0,0.0
CASIA2/Au/Au_sec_30173.jpg,0.15,0.06666666666666667,0.0,0.0
CASIA2/Au/Au_sec_30174.jpg,0.37333333333333335,0.23,0.0,0.0
CASIA2/Au/Au_sec_30175.jpg,0.06666666666666667,0.01,0.0,0.0
CASIA2/Au/Au_sec_30176.jpg,0.03666666666666667,0.016666666666666666,0.0,0.0
CASIA2/Au/Au_sec_30177.jpg,0.44666666666666666,0.25333333333333335,0.0,0.0
CASIA2/Au/Au_sec_30179.jpg,0.08333333333333333,0.03333333333333333,0.0,0.0
CASIA2/Au/Au_sec_30180.jpg,0.4533333333333333,0.43333333333333335,0.0,0.0
CASIA2/Au/Au_sec_30181.jpg,0.2966666666666667,0.09333333333333334,0.0,0.0
CASIA2/Au/Au_sec_30182.jpg,0.10333333333333333,0.04,0.0,0.0
CASIA2/Au/Au_sec_30183.jpg,0.55,0.5766666666666667,0.0,0.0
CASIA2/Au/Au_sec_30184.jpg,0.8166666666666667,0.7266666666666667,0.0,0.0
CASIA2/Au/Au_sec_30185.jpg,0.15,0.09,0.0,0.0016666666666666668
CASIA2/Au/Au_sec_30186.jpg,0.5033333333333333,0.5733333333333334,0.0,0.0
CASIA2/Au/Au_sec_30187.jpg,0.32666666666666666,0.19666666666666666,0.0,0.0
CASIA2/Au/Au_sec_30188.jpg,0.12333333333333334,0.06666666666666667,0.0,0.0
CASIA2/Au/Au_sec_30189.jpg,0.13666666666666666,0.05,0.0,0.0
CASIA2/Au/Au_sec_30190.jpg,0.13,0.10666666666666667,0.0,0.0
CASIA2/Au/Au_sec_30191.jpg,0.17333333333333334,0.22,0.0,0.0
CASIA2/Au/Au_sec_30193.jpg,0.34,0.3466666666666667,0.0,0.0
CASIA2/Au/Au_sec_30195.jpg,0.14666666666666667,0.10333333333333333,0.0,0.0
CASIA2/Au/Au_sec_30196.jpg,0.10333333333333333,0.08333333333333333,0.0,0.0
CASIA2/Au/Au_sec_30198.jpg,0.6766666666666666,0.54,0.0,0.0036243386243386246
CASIA2/Au/Au_sec_30199.jpg,0.25333333333333335,0.09666666666666666,0.0,0.0
CASIA2/Au/Au_sec_30200.jpg,0.14,0.07666666666666666,0.0,0.0
CASIA2/Au/Au_sec_30201.jpg,0.11,0.08333333333333333,0.0,0.0
CASIA2/Au/Au_sec_30202.jpg,0.25666666666666665,0.07333333333333333,0.0,0.0
CASIA2/Au/Au_sec_30204.jpg,0.13666666666666666,0.07333333333333333,0.0,0.0
CASIA2/Au/Au_sec_30206.jpg,0.24,0.07666666666666666,0.0009523809523809524,0.0
CASIA2/Au/Au_sec_30207.jpg,0.09333333333333334,0.07,0.0,0.0
CASIA2/Au/Au_sec_30209.jpg,0.5,0.4,0.0,0.0
CASIA2/Au/Au_sec_30211.jpg,0.26666666666666666,0.07333333333333333,0.0,0.0
CASIA2/Au/Au_sec_30213.jpg,0.3,0.18333333333333332,0.0,0.0
CASIA2/Au/Au_sec_30214.jpg,0.6633333333333333,0.5166666666666667,0.0,0.0
CASIA2/Au/Au_sec_30215.jpg,0.03,0.01,0.0,0.0
CASIA2/Au/Au_sec_30216.jpg,0.61,0.34,0.0,0.0
CASIA2/Au/Au_sec_30217.jpg,0.06333333333333334,0.03333333333333333,0.0,0.0
CASIA2/Au/Au_sec_30218.jpg,0.02666666666666667,0.006666666666666667,0.0,0.0
CASIA2/Au/Au_sec_30219.jpg,0.18333333333333332,0.19666666666666666,0.0,0.0
CASIA2/Au/Au_sec_30220.jpg,0.43333333333333335,0.22666666666666666,0.0,0.0
CASIA2/Au/Au_sec_30221.jpg,0.44333333333333336,0.35,0.0,0.0
CASIA2/Au/Au_sec_30222.jpg,0.6366666666666667,0.46,0.0,0.0
CASIA2/Au/Au_sec_30223.jpg,0.04666666666666667,0.03,0.0,0.0
CASIA2/Au/Au_sec_30224.jpg,0.09666666666666666,0.06,0.0,0.0008333333333333334
CASIA2/Au/Au_sec_30225.jpg,0.07666666666666666,0.023333333333333334,0.0,0.0
CASIA2/Au/Au_sec_30226.jpg,0.26666666666666666,0.15666666666666668,0.0,0.0
CASIA2/Au/Au_sec_30228.jpg,0.3233333333333333,0.21,0.0,0.0
CASIA2/Au/Au_sec_30229.jpg,0.17666666666666667,0.03,0.0,0.0
CASIA2/Au/Au_sec_30230.jpg,0.023333333333333334,0.0,0.0,0.0013333333333333335
CASIA2/Au/Au_sec_30231.jpg,0.07,0.01,0.0,0.0
CASIA2/Au/Au_sec_30233.jpg,0.0033333333333333335,0.0,0.0,0.0
CASIA2/Au/Au_sec_30234.jpg,0.07,0.0,0.0,0.0
CASIA2/Au/Au_sec_30235.jpg,0.01,0.0,0.0,0.0
CASIA2/Au/Au_sec_30236.jpg,0.14666666666666667,0.013333333333333334,0.0,0.0
CASIA2/Au/Au_sec_30237.jpg,0.01,0.0,0.0,0.0
CASIA2/Au/Au_sec_30238.jpg,0.01,0.0,0.0,0.0
CASIA2/Au/Au_sec_30239.jpg,0.0033333333333333335,0.0,0.0,0.0
CASIA2/Au/Au_sec_30240.jpg,0.10666666666666667,0.01,0.0,0.0
CASIA2/Au/Au_sec_30241.jpg,0.0033333333333333335,0.0,0.0,0.0
CASIA2/Au/Au_sec_30242.jpg,0.0,0.0,0.0,0.0
CASIA2/Au/Au_sec_30243.jpg,0.89,0.15,0.0,0.006111111111111111
CASIA2/Au/Au_sec_30244.jpg,0.0,0.0,0.0,0.0
CASIA2/Au/Au_sec_30245.jpg,0.16,0.01,0.0,0.0
CASIA2/Au/Au_sec_30246.jpg,0.06333333333333334,0.04666666666666667,0.0,0.0
CASIA2/Au/Au_sec_30248.jpg,0.013333333333333334,0.0,0.0,0.0
CASIA2/Au/Au_sec_30249.jpg,0.08666666666666667,0.023333333333333334,0.0,0.0
CASIA2/Au/Au_sec_30250.jpg,0.03666666666666667,0.0,0.0,0.0
CASIA2/Au/Au_sec_30251.jpg,0.04666666666666667,0.006666666666666667,0.0,0.0
CASIA2/Au/Au_sec_30252.jpg,0.08,0.043333333333333335,0.0,0.0
CASIA2/Au/Au_sec_30253.jpg,0.0,0.0,0.0,0.0
CASIA2/Au/Au_sec_30256.jpg,0.023333333333333334,0.016666666666666666,0.0,0.0
CASIA2/Au/Au_sec_30257.jpg,0.006666666666666667,0.0,0.0,0.0
CASIA2/Au/Au_sec_30259.jpg,0.10666666666666667,0.0,0.0,0.0
CASIA2/Au/Au_sec_30260.jpg,0.06,0.016666666666666666,0.0,0.0
CASIA2/Au/Au_sec_30262.jpg,0.043333333333333335,0.0,0.0,0.0
CASIA2/Au/Au_sec_30263.jpg,0.023333333333333334,0.0033333333333333335,0.0,0.0
CASIA2/Au/Au_sec_30264.jpg,0.09666666666666666,0.0033333333333333335,0.0,0.0
CASIA2/Au/Au_sec_30265.jpg,0.0,0.0,0.0,0.0
CASIA2/Au/Au_sec_30266.jpg,0.056666666666666664,0.02,0.0,0.0
CASIA2/Au/Au_sec_30267.jpg,0.016666666666666666,0.0,0.0,0.0
CASIA2/Au/Au_sec_30268.jpg,0.23666666666666666,0.006666666666666667,0.0,0.0
CASIA2/Au/Au_sec_30269.jpg,0.20666666666666667,0.03666666666666667,0.0,0.0
CASIA2/Au/Au_sec_30270.jpg,0.46,0.14666666666666667,0.0,0.0
CASIA2/Au/Au_sec_30271.jpg,0.006666666666666667,0.0,0.0,0.0
CASIA2/Au/Au_sec_30272.jpg,0.04666666666666667,0.006666666666666667,0.0,0.0
CASIA2/Au/Au_sec_30273.jpg,0.0033333333333333335,0.0,0.0,0.0
CASIA2/Au/Au_sec_30274.jpg,0.14666666666666667,0.15333333333333332,0.0,0.0
CASIA2/Au/Au_sec_30275.jpg,0.023333333333333334,0.0033333333333333335,0.0,0.0
CASIA2/Au/Au_sec_30277.jpg,0.0033333333333333335,0.0,0.0,0.0
CASIA2/Au/Au_sec_30278.jpg,0.0033333333333333335,0.0,0.0,0.0
CASIA2/Au/Au_sec_30279.jpg,0.0,0.0,0.0,0.0033333333333333335
CASIA2/Au/Au_sec_30281.jpg,0.01,0.013333333333333334,0.0,0.0
CASIA2/Au/Au_sec_30282.jpg,0.05,0.0,0.0,0.0
CASIA2/Au/Au_sec_30284.jpg,0.016666666666666666,0.0,0.0,0.0
CASIA2/Au/Au_sec_30285.jpg,0.11,0.0,0.0,0.0
CASIA2/Au/Au_sec_30286.jpg,0.07666666666666666,0.016666666666666666,0.0,0.0
CASIA2/Au/Au_sec_30287.jpg,0.0033333333333333335,0.0,0.0,0.0
CASIA2/Au/Au_sec_30288.jpg,0.016666666666666666,0.0,0.0,0.0
CASIA2/Au/Au_sec_30289.jpg,0.10666666666666667,0.043333333333333335,0.0033333333333333335,0.0
CASIA2/Au/Au_sec_30290.jpg,0.03333333333333333,0.006666666666666667,0.0,0.0
CASIA2/Au/Au_sec_30291.jpg,0.07666666666666666,0.0,0.0,0.0
CASIA2/Au/Au_sec_30292.jpg,0.0033333333333333335,0.0,0.0,0.0
CASIA2/Au/Au_sec_30293.jpg,0.0,0.0,0.0,0.0
CASIA2/Au/Au_sec_30294.jpg,0.01,0.0,0.0,0.0
CASIA2/Au/Au_sec_30296.jpg,0.16666666666666666,0.006666666666666667,0.0,0.0
CASIA2/Au/Au_sec_30297.jpg,0.14666666666666667,0.0033333333333333335,0.0,0.0
CASIA2/Au/Au_sec_30300.jpg,0.02666666666666667,0.0,0.0,0.0
CASIA2/Au/Au_sec_30301.jpg,0.11666666666666667,0.016666666666666666,0.0,0.0
CASIA2/Au/Au_sec_30302.jpg,0.0,0.0,0.0,0.0
CASIA2/Au/Au_sec_30303.jpg,0.07,0.01,0.0,0.0
CASIA2/Au/Au_sec_30304.jpg,0.07666666666666666,0.006666666666666667,0.0,0.0
CASIA2/Au/Au_sec_30307.jpg,0.023333333333333334,0.0,0.0,0.0
CASIA2/Au/Au_sec_30308.jpg,0.04,0.0033333333333333335,0.0,0.0
CASIA2/Au/Au_sec_30309.jpg,0.06,0.006666666666666667,0.0,0.0
CASIA2/Au/Au_sec_30310.jpg,0.03666666666666667,0.023333333333333334,0.0,0.0
CASIA2/Au/Au_sec_30312.jpg,0.056666666666666664,0.01,0.0,0.0
CASIA2/Au/Au_sec_30313.jpg,0.08333333333333333,0.0,0.0,0.0
CASIA2/Au/Au_sec_30314.jpg,0.11,0.0033333333333333335,0.0,0.0
CASIA2/Au/Au_sec_30315.jpg,0.0,0.006666666666666667,0.0,0.0
CASIA2/Au/Au_sec_30316.jpg,0.0,0.0,0.0,0.0
CASIA2/Au/Au_sec_30317.jpg,0.07333333333333333,0.013333333333333334,0.0,0.0
CASIA2/Au/Au_sec_30318.jpg,0.006666666666666667,0.0033333333333333335,0.0,0.0
CASIA2/Au/Au_sec_30319.jpg,0.0,0.0,0.0,0.0
CASIA2/Au/Au_sec_30320.jpg,0.0,0.0,0.0,0.0
CASIA2/Au/Au_sec_30321.jpg,0.0,0.0,0.0,0.0
CASIA2/Au/Au_sec_30322.jpg,0.0,0.0,0.0,0.0
CASIA2/Au/Au_sec_30323.jpg,0.043333333333333335,0.0,0.0,0.0
CASIA2/Au/Au_sec_30324.jpg,0.02,0.013333333333333334,0.0,0.0
CASIA2/Au/Au_sec_30325.jpg,0.006666666666666667,0.0,0.0,0.0
CASIA2/Au/Au_sec_30326.jpg,0.006666666666666667,0.0033333333333333335,0.0,0.0
CASIA2/Au/Au_sec_30327.jpg,0.09,0.013333333333333334,0.0,0.0
CASIA2/Au/Au_sec_30328.jpg,0.01,0.0,0.0,0.0
CASIA2/Au/Au_sec_30329.jpg,0.12,0.006666666666666667,0.0,0.0
CASIA2/Au/Au_sec_30330.jpg,0.11,0.006666666666666667,0.0033333333333333335,0.0
CASIA2/Au/Au_sec_30331.jpg,0.11666666666666667,0.0,0.0,0.0
CASIA2/Au/Au_sec_30332.jpg,0.056666666666666664,0.0033333333333333335,0.0,0.0
CASIA2/Au/Au_sec_30333.jpg,0.22,0.013333333333333334,0.0,0.0
CASIA2/Au/Au_sec_30334.jpg,0.05333333333333334,0.04666666666666667,0.0,0.0
CASIA2/Au/Au_sec_30335.jpg,0.09666666666666666,0.08333333333333333,0.0,0.0
CASIA2/Au/Au_sec_30337.jpg,0.02,0.0,0.0,0.0
CASIA2/Au/Au_sec_30338.jpg,0.0033333333333333335,0.03333333333333333,0.0,0.0
CASIA2/Au/Au_sec_30339.jpg,0.02666666666666667,0.016666666666666666,0.0,0.0
CASIA2/Au/Au_sec_30340.jpg,0.0,0.0033333333333333335,0.0,0.0
CASIA2/Au/Au_sec_30341.jpg,0.0033333333333333335,0.03666666666666667,0.0,0.0
CASIA2/Au/Au_sec_30342.jpg,0.0033333333333333335,0.013333333333333334,0.0,0.0
CASIA2/Au/Au_sec_30343.jpg,0.0,0.0,0.0,0.0
CASIA2/Au/Au_sec_30344.jpg,0.16666666666666666,0.016666666666666666,0.0,0.0
CASIA2/Au/Au_sec_30345.jpg,0.0,0.0,0.0,0.0
CASIA2/Au/Au_sec_30346.jpg,0.006666666666666667,0.02,0.0,0.0
CASIA2/Au/Au_sec_30347.jpg,0.05333333333333334,0.12333333333333334,0.0,0.0
CASIA2/Au/Au_sec_30348.jpg,0.04666666666666667,0.016666666666666666,0.0,0.0
CASIA2/Au/Au_sec_30349.jpg,0.25666666666666665,0.05333333333333334,0.0,0.0033333333333333335
CASIA2/Au/Au_sec_30350.jpg,0.006666666666666667,0.0,0.0,0.0
CASIA2/Au/Au_sec_30351.jpg,0.0033333333333333335,0.01,0.0,0.0
CASIA2/Au/Au_sec_30352.jpg,0.23333333333333334,0.06333333333333334,0.0,0.0
CASIA2/Au/Au_sec_30353.jpg,0.04666666666666667,0.0033333333333333335,0.0,0.0
CASIA2/Au/Au_sec_30354.jpg,0.0,0.0,0.0,0.0
CASIA2/Au/Au_sec_30355.jpg,0.16666666666666666,0.11333333333333333,0.0,0.0
CASIA2/Au/Au_sec_30356.jpg,0.11,0.0,0.0,0.0
CASIA2/Au/Au_sec_30357.jpg,0.07333333333333333,0.02,0.0,0.0
CASIA2/Au/Au_sec_30358.jpg,0.5433333333333333,0.15333333333333332,0.0,0.0
CASIA2/Au/Au_sec_30359.jpg,0.0033333333333333335,0.0033333333333333335,0.0,0.0
CASIA2/Au/Au_sec_30360.jpg,0.01,0.0,0.0,0.0
CASIA2/Au/Au_sec_30361.jpg,0.0,0.0,0.0,0.0
CASIA2/Au/Au_sec_30362.jpg,0.0033333333333333335,0.0,0.0,0.0
CASIA2/Au/Au_sec_30363.jpg,0.0033333333333333335,0.0,0.0,0.0
CASIA2/Au/Au_sec_30364.jpg,0.02,0.0033333333333333335,0.0,0.0
CASIA2/Au/Au_sec_30365.jpg,0.05333333333333334,0.0,0.0,0.0
CASIA2/Au/Au_sec_30366.jpg,0.02666666666666667,0.0033333333333333335,0.0,0.0
CASIA2/Au/Au_sec_30367.jpg,0.22333333333333333,0.01,0.0,0.0
CASIA2/Au/Au_sec_30368.jpg,0.12,0.03,0.0,0.0
CASIA2/Au/Au_sec_30369.jpg,0.0033333333333333335,0.0,0.0,0.0
CASIA2/Au/Au_sec_30370.jpg,0.0,0.0033333333333333335,0.0,0.0
CASIA2/Au/Au_sec_30372.jpg,0.05,0.006666666666666667,0.0,0.0
CASIA2/Au/Au_sec_30374.jpg,0.006666666666666667,0.0,0.0,0.0
CASIA2/Au/Au_sec_30375.jpg,0.22666666666666666,0.02666666666666667,0.0,0.0
CASIA2/Au/Au_sec_30376.jpg,0.08,0.03333333333333333,0.0,0.0
CASIA2/Au/Au_sec_30377.jpg,0.006666666666666667,0.006666666666666667,0.0,0.0
CASIA2/Au/Au_sec_30378.jpg,0.07333333333333333,0.0033333333333333335,0.0,0.0
CASIA2/Au/Au_sec_30379.jpg,0.2633333333333333,0.023333333333333334,0.0,0.0
CASIA2/Au/Au_sec_30380.jpg,0.0,0.0,0.0,0.0
CASIA2/Au/Au_sec_30381.jpg,0.55,0.18666666666666668,0.0,0.0008333333333333334
CASIA2/Au/Au_sec_30382.jpg,0.17666666666666667,0.043333333333333335,0.0,0.0
CASIA2/Au/Au_sec_30383.jpg,0.0,0.0,0.0,0.0
CASIA2/Au/Au_sec_30384.jpg,0.06333333333333334,0.0,0.0,0.0
CASIA2/Au/Au_sec_30386.jpg,0.02666666666666667,0.0,0.0,0.0
CASIA2/Au/Au_sec_30387.jpg,0.06333333333333334,0.006666666666666667,0.0,0.0
CASIA2/Au/Au_sec_30388.jpg,0.14666666666666667,0.0033333333333333335,0.0,0.0
CASIA2/Au/Au_sec_30389.jpg,0.07333333333333333,0.04,0.0,0.0
CASIA2/Au/Au_sec_30390.jpg,0.06,0.0,0.0,0.0
CASIA2/Au/Au_sec_30391.jpg,0.13666666666666666,0.10333333333333333,0.0,0.0
CASIA2/Au/Au_sec_30392.jpg,0.14666666666666667,0.20666666666666667,0.0,0.0
CASIA2/Au/Au_sec_30393.jpg,0.16,0.023333333333333334,0.0,0.0
CASIA2/Au/Au_sec_30394.jpg,0.13333333333333333,0.02666666666666667,0.0,0.0
CASIA2/Au/Au_sec_30395.jpg,0.22666666666666666,0.15,0.0013333333333333335,0.0
CASIA2/Au/Au_sec_30396.jpg,0.16,0.07,0.0,0.0
CASIA2/Au/Au_sec_30397.jpg,0.08666666666666667,0.0033333333333333335,0.0033333333333333335,0.0
CASIA2/Au/Au_sec_30398.jpg,0.05,0.0033333333333333335,0.0,0.0
CASIA2/Au/Au_sec_30399.jpg,0.34,0.18333333333333332,0.0,0.0
CASIA2/Au/Au_sec_30400.jpg,0.11,0.06666666666666667,0.0,0.0
CASIA2/Au/Au_sec_30402.jpg,0.06,0.21,0.0,0.0
CASIA2/Au/Au_sec_30403.jpg,0.02,0.0,0.0,0.0
CASIA2/Au/Au_sec_30404.jpg,0.08333333333333333,0.02,0.0,0.0
CASIA2/Au/Au_sec_30405.jpg,0.10666666666666667,0.0033333333333333335,0.0,0.0
CASIA2/Au/Au_sec_30406.jpg,0.27,0.1,0.0,0.0
CASIA2/Au/Au_sec_30407.jpg,0.016666666666666666,0.0,0.0,0.0
CASIA2/Au/Au_sec_30408.jpg,0.12,0.08,0.0,0.0
CASIA2/Au/Au_sec_30409.jpg,0.23666666666666666,0.11333333333333333,0.0,0.0
CASIA2/Au/Au_sec_30410.jpg,0.0,0.02666666666666667,0.0,0.0
CASIA2/Au/Au_sec_30411.jpg,0.09,0.01,0.0,0.0
CASIA2/Au/Au_sec_30412.jpg,0.05333333333333334,0.0,0.0,0.0
CASIA2/Au/Au_sec_30413.jpg,0.06666666666666667,0.10333333333333333,0.0,0.0
CASIA2/Au/Au_sec_30414.jpg,0.16,0.29,0.0,0.0
CASIA2/Au/Au_sec_30415.jpg,0.27666666666666667,0.08666666666666667,0.0,0.0
CASIA2/Au/Au_sec_30416.jpg,0.07,0.023333333333333334,0.0,0.0
CASIA2/Au/Au_sec_30417.jpg,0.2733333333333333,0.04666666666666667,0.0,0.0
CASIA2/Au/Au_sec_30418.jpg,0.06666666666666667,0.01,0.0,0.0
CASIA2/Au/Au_sec_30420.jpg,0.07,0.10333333333333333,0.0,0.0
CASIA2/Au/Au_sec_30422.jpg,0.15,0.05,0.0,0.0
CASIA2/Au/Au_sec_30423.jpg,0.29333333333333333,0.06333333333333334,0.0,0.0013333333333333335
CASIA2/Au/Au_sec_30424.jpg,0.12333333333333334,0.18666666666666668,0.0,0.0009523809523809524
CASIA2/Au/Au_sec_30425.jpg,0.4633333333333333,0.31,0.0,0.0
CASIA2/Au/Au_sec_30426.jpg,0.07666666666666666,0.006666666666666667,0.0,0.0
CASIA2/Au/Au_sec_30427.jpg,0.06333333333333334,0.01,0.0,0.0
CASIA2/Au/Au_sec_30428.jpg,0.06,0.02,0.0,0.0
CASIA2/Au/Au_sec_30431.jpg,0.05333333333333334,0.013333333333333334,0.0,0.0
CASIA2/Au/Au_sec_30432.jpg,0.056666666666666664,0.0,0.0,0.0
CASIA2/Au/Au_sec_30433.jpg,0.06333333333333334,0.0033333333333333335,0.0,0.0
CASIA2/Au/Au_sec_30434.jpg,0.11,0.06666666666666667,0.0,0.0
CASIA2/Au/Au_sec_30435.jpg,0.4266666666666667,0.06333333333333334,0.0,0.0
CASIA2/Au/Au_sec_30436.jpg,0.17333333333333334,0.06,0.0,0.0
CASIA2/Au/Au_sec_30438.jpg,0.013333333333333334,0.0,0.0,0.0
CASIA2/Au/Au_sec_30439.jpg,0.27,0.12666666666666668,0.0,0.0
CASIA2/Au/Au_sec_30440.jpg,0.13,0.02666666666666667,0.0,0.0
CASIA2/Au/Au_sec_30441.jpg,0.07,0.0033333333333333335,0.0,0.0
CASIA2/Au/Au_sec_30442.jpg,0.27666666666666667,0.13333333333333333,0.0,0.0
CASIA2/Au/Au_sec_30443.jpg,0.37666666666666665,0.05333333333333334,0.0,0.0
CASIA2/Au/Au_sec_30444.jpg,0.24333333333333335,0.03666666666666667,0.0,0.0
CASIA2/Au/Au_sec_30445.jpg,0.19,0.04,0.0,0.0
CASIA2/Au/Au_sec_30446.jpg,0.04666666666666667,0.016666666666666666,0.0,0.0
CASIA2/Au/Au_sec_30447.jpg,0.2633333333333333,0.14,0.0,0.0
CASIA2/Au/Au_sec_30448.jpg,0.0033333333333333335,0.0,0.0,0.0
CASIA2/Au/Au_sec_30449.jpg,0.02,0.0033333333333333335,0.0,0.0
CASIA2/Au/Au_sec_30450.jpg,0.01,0.08333333333333333,0.0,0.0
CASIA2/Au/Au_sec_30451.jpg,0.36333333333333334,0.03666666666666667,0.0,0.0
CASIA2/Au/Au_sec_30452.jpg,0.43333333333333335,0.17666666666666667,0.0,0.0
CASIA2/Au/Au_sec_30453.jpg,0.03666666666666667,0.0,0.0,0.0
CASIA2/Au/Au_sec_30454.jpg,0.09666666666666666,0.06666666666666667,0.0,0.0
CASIA2/Au/Au_sec_30456.jpg,0.03666666666666667,0.0,0.0,0.0
CASIA2/Au/Au_sec_30457.jpg,0.0,0.0,0.0,0.0
CASIA2/Au/Au_sec_30458.jpg,0.19,0.01,0.0,0.0
CASIA2/Au/Au_sec_30459.jpg,0.18333333333333332,0.01,0.0,0.0
CASIA2/Au/Au_sec_30460.jpg,0.11333333333333333,0.013333333333333334,0.0,0.0
CASIA2/Au/Au_sec_30461.jpg,0.10333333333333333,0.013333333333333334,0.0,0.0
CASIA2/Au/Au_sec_30462.jpg,0.06333333333333334,0.01,0.0,0.0
CASIA2/Au/Au_sec_30463.jpg,0.15,0.013333333333333334,0.0,0.0
CASIA2/Au/Au_sec_30464.jpg,0.10666666666666667,0.0,0.0,0.0
CASIA2/Au/Au_sec_30465.jpg,0.0033333333333333335,0.0,0.0,0.0
CASIA2/Au/Au_sec_30466.jpg,0.16333333333333333,0.08,0.0,0.0
CASIA2/Au/Au_sec_30467.jpg,0.17666666666666667,0.043333333333333335,0.0,0.0
CASIA2/Au/Au_sec_30468.jpg,0.04666666666666667,0.0033333333333333335,0.0,0.0
CASIA2/Au/Au_sec_30469.jpg,0.15333333333333332,0.12333333333333334,0.0,0.0
CASIA2/Au/Au_sec_30471.jpg,0.04,0.0,0.0,0.0
CASIA2/Au/Au_sec_30472.jpg,0.02,0.0,0.0,0.0
CASIA2/Au/Au_sec_30474.jpg,0.016666666666666666,0.0,0.0,0.0
CASIA2/Au/Au_sec_30477.jpg,0.013333333333333334,0.0,0.0,0.0
CASIA2/Au/Au_sec_30478.jpg,0.0,0.0,0.0,0.0
CASIA2/Au/Au_sec_30479.jpg,0.0,0.0,0.0,0.0
CASIA2/Au/Au_sec_30480.jpg,0.0033333333333333335,0.0,0.0,0.0
CASIA2/Au/Au_sec_30481.jpg,0.06666666666666667,0.0033333333333333335,0.0,0.0
CASIA2/Au/Au_sec_30482.jpg,0.0,0.0,0.0,0.0
CASIA2/Au/Au_sec_30484.jpg,0.016666666666666666,0.0,0.0,0.0
CASIA2/Au/Au_sec_30485.jpg,0.11,0.0033333333333333335,0.0,0.0
CASIA2/Au/Au_sec_30486.jpg,0.2833333333333333,0.25333333333333335,0.0,0.01393915343915344
CASIA2/Au/Au_sec_30487.jpg,0.08333333333333333,0.0033333333333333335,0.0,0.0
CASIA2/Au/Au_sec_30488.jpg,0.023333333333333334,0.0033333333333333335,0.0,0.0
CASIA2/Au/Au_sec_30489.jpg,0.10666666666666667,0.006666666666666667,0.0,0.0
CASIA2/Au/Au_sec_30490.jpg,0.07666666666666666,0.016666666666666666,0.0,0.0
CASIA2/Au/Au_sec_30491.jpg,0.15333333333333332,0.03,0.0,0.0
CASIA2/Au/Au_sec_30493.jpg,0.0033333333333333335,0.0,0.0,0.0
CASIA2/Au/Au_sec_30494.jpg,0.0,0.0,0.0,0.0
CASIA2/Au/Au_sec_30495.jpg,0.15333333333333332,0.016666666666666666,0.0,0.0
CASIA2/Au/Au_sec_30496.jpg,0.02666666666666667,0.01,0.0,0.0
CASIA2/Au/Au_sec_30497.jpg,0.18333333333333332,0.22666666666666666,0.0,0.0006666666666666668
CASIA2/Au/Au_sec_30498.jpg,0.0,0.0,0.0,0.0
CASIA2/Au/Au_sec_30499.jpg,0.01,0.0,0.0,0.0
CASIA2/Au/Au_sec_30500.jpg,0.0,0.0,0.0,0.0
CASIA2/Au/Au_sec_30501.jpg,0.05,0.0,0.0,0.0
CASIA2/Au/Au_sec_30502.jpg,0.09333333333333334,0.0033333333333333335,0.0,0.0
CASIA2/Au/Au_sec_30503.jpg,0.14666666666666667,0.14,0.0,0.0
CASIA2/Au/Au_sec_30504.jpg,0.05333333333333334,0.0033333333333333335,0.0,0.0
CASIA2/Au/Au_sec_30505.jpg,0.02,0.03666666666666667,0.0,0.0
CASIA2/Au/Au_sec_30506.jpg,0.29,0.09666666666666666,0.0,0.0
CASIA2/Au/Au_sec_30507.jpg,0.12,0.0,0.0,0.00037037037037037035
CASIA2/Au/Au_sec_30508.jpg,0.18,0.18666666666666668,0.0,0.0
CASIA2/Au/Au_sec_30509.jpg,0.01,0.0,0.0,0.0
CASIA2/Au/Au_sec_30510.jpg,0.32,0.016666666666666666,0.0,0.0
CASIA2/Au/Au_sec_30511.jpg,0.44333333333333336,0.04,0.0,0.0
CASIA2/Au/Au_sec_30512.jpg,0.0,0.0,0.0,0.0
CASIA2/Au/Au_sec_30513.jpg,0.37666666666666665,0.043333333333333335,0.0,0.0
CASIA2/Au/Au_sec_30514.jpg,0.0,0.0,0.0,0.0
CASIA2/Au/Au_sec_30516.jpg,0.25333333333333335,0.13666666666666666,0.0,0.0
CASIA2/Au/Au_sec_30517.jpg,0.0,0.0,0.0,0.0
CASIA2/Au/Au_sec_30518.jpg,0.17666666666666667,0.12333333333333334,0.0,0.0
CASIA2/Au/Au_sec_30519.jpg,0.6766666666666666,0.3933333333333333,0.0,0.002888888888888889
CASIA2/Au/Au_sec_30520.jpg,0.04666666666666667,0.006666666666666667,0.0,0.0
CASIA2/Au/Au_sec_30521.jpg,0.32666666666666666,0.15666666666666668,0.0,0.0
CASIA2/Au/Au_sec_30522.jpg,0.17,0.02,0.0,0.0
CASIA2/Au/Au_sec_30523.jpg,0.09333333333333334,0.0033333333333333335,0.0,0.0
CASIA2/Au/Au_sec_30524.jpg,0.17333333333333334,0.14666666666666667,0.0,0.0
CASIA2/Au/Au_sec_30525.jpg,0.016666666666666666,0.006666666666666667,0.0,0.0
CASIA2/Au/Au_sec_30526.jpg,0.0,0.0,0.0,0.0
CASIA2/Au/Au_sec_30527.jpg,0.006666666666666667,0.0,0.0,0.0
CASIA2/Au/Au_sec_30528.jpg,0.19,0.09,0.0,0.0
CASIA2/Au/Au_sec_30529.jpg,0.07666666666666666,0.0033333333333333335,0.0,0.0
CASIA2/Au/Au_sec_30531.jpg,0.0,0.0,0.0,0.0
CASIA2/Au/Au_sec_30532.jpg,0.056666666666666664,0.0033333333333333335,0.0,0.0016666666666666668
CASIA2/Au/Au_sec_30533.jpg,0.07333333333333333,0.0033333333333333335,0.0,0.0
CASIA2/Au/Au_sec_30534.jpg,0.10333333333333333,0.01,0.0,0.0
CASIA2/Au/Au_sec_30535.jpg,0.043333333333333335,0.016666666666666666,0.0,0.0
CASIA2/Au/Au_sec_30536.jpg,0.08,0.006666666666666667,0.0,0.0
CASIA2/Au/Au_sec_30538.jpg,0.016666666666666666,0.0,0.0,0.0
CASIA2/Au/Au_sec_30539.jpg,0.03333333333333333,0.03666666666666667,0.0,0.0
CASIA2/Au/Au_sec_30540.jpg,0.0,0.0,0.0,0.0
CASIA2/Au/Au_sec_30542.jpg,0.06,0.016666666666666666,0.0,0.0
CASIA2/Au/Au_sec_30544.jpg,0.0,0.0,0.0,0.0
CASIA2/Au/Au_sec_30545.jpg,0.05333333333333334,0.0033333333333333335,0.0,0.0
CASIA2/Au/Au_sec_30546.jpg,0.056666666666666664,0.04,0.0,0.000909090909090909
CASIA2/Au/Au_sec_30547.jpg,0.013333333333333334,0.0,0.0,0.0
CASIA2/Au/Au_sec_30548.jpg,0.0,0.0,0.0,0.0
CASIA2/Au/Au_sec_30549.jpg,0.03333333333333333,0.0033333333333333335,0.0,0.0
CASIA2/Au/Au_sec_30551.jpg,0.22333333333333333,0.13333333333333333,0.0,0.0
CASIA2/Au/Au_sec_30552.jpg,0.023333333333333334,0.0033333333333333335,0.0,0.0
CASIA2/Au/Au_sec_30553.jpg,0.04666666666666667,0.03333333333333333,0.0,0.0
CASIA2/Au/Au_sec_30554.jpg,0.09666666666666666,0.04,0.0,0.0
CASIA2/Au/Au_sec_30555.jpg,0.24333333333333335,0.06666666666666667,0.0,0.0
CASIA2/Au/Au_sec_30556.jpg,0.3,0.14333333333333334,0.0,0.0
CASIA2/Au/Au_sec_30557.jpg,0.2966666666666667,0.20333333333333334,0.0,0.0
CASIA2/Au/Au_sec_30558.jpg,0.44,0.31,0.0,0.0
CASIA2/Au/Au_sec_30559.jpg,0.3233333333333333,0.26666666666666666,0.0,0.0
CASIA2/Au/Au_sec_30561.jpg,0.12666666666666668,0.04,0.0,0.0
CASIA2/Au/Au_sec_30562.jpg,0.13333333333333333,0.10666666666666667,0.0,0.0
CASIA2/Au/Au_sec_30563.jpg,0.06666666666666667,0.11666666666666667,0.0,0.0
CASIA2/Au/Au_sec_30564.jpg,0.08666666666666667,0.03,0.0,0.0
CASIA2/Au/Au_sec_30565.jpg,0.18333333333333332,0.04,0.0,0.0
CASIA2/Au/Au_sec_30566.jpg,0.2833333333333333,0.17,0.0,0.0
CASIA2/Au/Au_sec_30567.jpg,0.16666666666666666,0.15333333333333332,0.0,0.0
CASIA2/Au/Au_sec_30568.jpg,0.1,0.0033333333333333335,0.0,0.0
CASIA2/Au/Au_sec_30572.jpg,0.18,0.22333333333333333,0.0,0.0
CASIA2/Au/Au_sec_30573.jpg,0.06333333333333334,0.056666666666666664,0.0,0.0
CASIA2/Au/Au_sec_30574.jpg,0.09333333333333334,0.07666666666666666,0.0,0.0
CASIA2/Au/Au_sec_30576.jpg,0.3566666666666667,0.15666666666666668,0.0,0.0
CASIA2/Au/Au_sec_30577.jpg,0.09333333333333334,0.043333333333333335,0.0,0.0
CASIA2/Au/Au_sec_30578.jpg,0.49666666666666665,0.3433333333333333,0.0,0.0
CASIA2/Au/Au_sec_30579.jpg,0.20333333333333334,0.06333333333333334,0.0,0.0
CASIA2/Au/Au_sec_30580.jpg,0.42,0.25333333333333335,0.0,0.0
CASIA2/Au/Au_sec_30581.jpg,0.08333333333333333,0.05,0.0,0.0
CASIA2/Au/Au_sec_30583.jpg,0.06,0.09666666666666666,0.0,0.0
CASIA2/Au/Au_sec_30584.jpg,0.32,0.20333333333333334,0.0,0.0
CASIA2/Au/Au_sec_30585.jpg,0.06333333333333334,0.013333333333333334,0.0,0.0
CASIA2/Au/Au_sec_30586.jpg,0.043333333333333335,0.04,0.0,0.0
CASIA2/Au/Au_sec_30587.jpg,0.11,0.1,0.0,0.0
CASIA2/Au/Au_sec_30588.jpg,0.21,0.04,0.0,0.0
CASIA2/Au/Au_sec_30589.jpg,0.16,0.13,0.0,0.0
CASIA2/Au/Au_sec_30590.jpg,0.17,0.09333333333333334,0.0,0.0
CASIA2/Au/Au_sec_30591.jpg,0.4,0.35,0.0,0.0
CASIA2/Au/Au_sec_30592.jpg,0.20666666666666667,0.023333333333333334,0.0,0.0
CASIA2/Au/Au_sec_30593.jpg,0.1,0.023333333333333334,0.0,0.0
CASIA2/Au/Au_sec_30595.jpg,0.5233333333333333,0.4066666666666667,0.0,0.0
CASIA2/Au/Au_sec_30596.jpg,0.06666666666666667,0.07,0.0,0.0
CASIA2/Au/Au_sec_30598.jpg,0.17333333333333334,0.03666666666666667,0.0,0.0
CASIA2/Au/Au_sec_30599.jpg,0.03333333333333333,0.02666666666666667,0.0,0.0
CASIA2/Au/Au_sec_30600.jpg,0.06666666666666667,0.03666666666666667,0.0,0.0
CASIA2/Au/Au_sec_30601.jpg,0.21333333333333335,0.08,0.0,0.0
CASIA2/Au/Au_sec_30602.jpg,0.5166666666666667,0.2,0.0,0.0
CASIA2/Au/Au_sec_30603.jpg,0.13333333333333333,0.09666666666666666,0.0,0.0
CASIA2/Au/Au_sec_30604.jpg,0.16,0.056666666666666664,0.0,0.0
CASIA2/Au/Au_sec_30605.jpg,0.41,0.2733333333333333,0.0,0.0
CASIA2/Au/Au_sec_30606.jpg,0.14333333333333334,0.08666666666666667,0.0,0.0
CASIA2/Au/Au_sec_30607.jpg,0.13,0.15666666666666668,0.0,0.0
CASIA2/Au/Au_sec_30608.jpg,0.33666666666666667,0.16,0.0,0.0030555555555555553
CASIA2/Au/Au_sec_30609.jpg,0.5666666666666667,0.45666666666666667,0.0,0.0
CASIA2/Au/Au_sec_30610.jpg,0.2633333333333333,0.22333333333333333,0.0,0.0
CASIA2/Au/Au_sec_30612.jpg,0.08,0.006666666666666667,0.0,0.0
CASIA2/Au/Au_sec_30613.jpg,0.056666666666666664,0.02666666666666667,0.0,0.0
CASIA2/Au/Au_sec_30614.jpg,0.02666666666666667,0.023333333333333334,0.0,0.0
CASIA2/Au/Au_sec_30615.jpg,0.27666666666666667,0.14666666666666667,0.0,0.0
CASIA2/Au/Au_sec_30616.jpg,0.04,0.03333333333333333,0.0,0.0
CASIA2/Au/Au_sec_30617.jpg,0.04,0.016666666666666666,0.0,0.0
CASIA2/Au/Au_sec_30619.jpg,0.08333333333333333,0.02,0.0008333333333333334,0.0
CASIA2/Au/Au_sec_30620.jpg,0.25,0.14,0.0,0.0
CASIA2/Au/Au_sec_30621.jpg,0.21333333333333335,0.08,0.0,0.0
CASIA2/Au/Au_sec_30622.jpg,0.013333333333333334,0.023333333333333334,0.0,0.0
CASIA2/Au/Au_sec_30623.jpg,0.19,0.07666666666666666,0.0,0.0
CASIA2/Au/Au_sec_30624.jpg,0.37666666666666665,0.043333333333333335,0.0,0.0
CASIA2/Au/Au_sec_30625.jpg,0.09666666666666666,0.08333333333333333,0.0,0.0
CASIA2/Au/Au_sec_30626.jpg,0.12666666666666668,0.06666666666666667,0.0,0.0
CASIA2/Au/Au_sec_30627.jpg,0.07666666666666666,0.03333333333333333,0.0,0.0
CASIA2/Au/Au_sec_30628.jpg,0.19,0.1,0.0,0.0
CASIA2/Au/Au_sec_30629.jpg,0.13666666666666666,0.08666666666666667,0.0,0.0
CASIA2/Au/Au_sec_30631.jpg,0.08666666666666667,0.02666666666666667,0.0,0.0
CASIA2/Au/Au_sec_30632.jpg,0.26,0.013333333333333334,0.0,0.0
CASIA2/Au/Au_sec_30634.jpg,0.26,0.13666666666666666,0.0,0.0
CASIA2/Au/Au_sec_30635.jpg,0.24,0.23333333333333334,0.0,0.0
CASIA2/Au/Au_sec_30637.jpg,0.13666666666666666,0.03,0.0,0.0
CASIA2/Au/Au_sec_30638.jpg,0.10666666666666667,0.02666666666666667,0.0,0.0
CASIA2/Au/Au_sec_30639.jpg,0.38666666666666666,0.37,0.0,0.0
CASIA2/Au/Au_sec_30641.jpg,0.23333333333333334,0.23,0.0,0.0
CASIA2/Au/Au_sec_30642.jpg,0.016666666666666666,0.013333333333333334,0.0,0.0
CASIA2/Au/Au_sec_30643.jpg,0.043333333333333335,0.03,0.0,0.0
CASIA2/Au/Au_sec_30645.jpg,0.16666666666666666,0.10666666666666667,0.0,0.0
CASIA2/Au/Au_sec_30646.jpg,0.27,0.18333333333333332,0.0,0.0
CASIA2/Au/Au_sec_30647.jpg,0.24,0.05,0.0,0.0
CASIA2/Au/Au_sec_30648.jpg,0.26666666666666666,0.18,0.0,0.0
CASIA2/Au/Au_sec_30650.jpg,0.38,0.3466666666666667,0.0,0.0
CASIA2/Au/Au_sec_30652.jpg,0.19,0.09,0.0,0.0
CASIA2/Au/Au_sec_30653.jpg,0.12,0.05,0.0,0.0
CASIA2/Au/Au_sec_30654.jpg,0.23,0.25666666666666665,0.0,0.0
CASIA2/Au/Au_sec_30655.jpg,0.36,0.33,0.0,0.0
CASIA2/Au/Au_sec_30656.jpg,0.12666666666666668,0.10333333333333333,0.0,0.0
CASIA2/Au/Au_sec_30657.jpg,0.24333333333333335,0.2633333333333333,0.0,0.0
CASIA2/Au/Au_sec_30658.jpg,0.07666666666666666,0.06666666666666667,0.0,0.0
CASIA2/Au/Au_sec_30660.jpg,0.13666666666666666,0.056666666666666664,0.0,0.0
CASIA2/Au/Au_sec_30661.jpg,0.34,0.18333333333333332,0.0,0.0
CASIA2/Au/Au_sec_30663.jpg,0.11,0.056666666666666664,0.0,0.0
CASIA2/Au/Au_sec_30664.jpg,0.18666666666666668,0.13333333333333333,0.0,0.0014814814814814814
CASIA2/Au/Au_sec_30665.jpg,0.14666666666666667,0.05,0.0,0.0
CASIA2/Au/Au_sec_30666.jpg,0.16333333333333333,0.17,0.0,0.0
CASIA2/Au/Au_sec_30667.jpg,0.16333333333333333,0.08,0.0,0.0
CASIA2/Au/Au_sec_30668.jpg,0.16333333333333333,0.12333333333333334,0.0,0.0
CASIA2/Au/Au_sec_30669.jpg,0.5133333333333333,0.36,0.0,0.0
CASIA2/Au/Au_sec_30670.jpg,0.15333333333333332,0.11,0.0,0.0
CASIA2/Au/Au_sec_30671.jpg,0.10333333333333333,0.013333333333333334,0.0,0.0
CASIA2/Au/Au_sec_30672.jpg,0.02,0.05333333333333334,0.0,0.0
CASIA2/Au/Au_sec_30673.jpg,0.12333333333333334,0.06333333333333334,0.0,0.0
CASIA2/Au/Au_sec_30675.jpg,0.09,0.02666666666666667,0.0,0.0
CASIA2/Au/Au_sec_30676.jpg,0.07666666666666666,0.02,0.0,0.0
CASIA2/Au/Au_sec_30677.jpg,0.2833333333333333,0.16,0.0,0.0
CASIA2/Au/Au_sec_30679.jpg,0.49,0.3466666666666667,0.0,0.0013333333333333335
CASIA2/Au/Au_sec_30680.jpg,0.20666666666666667,0.05,0.0,0.0
CASIA2/Au/Au_sec_30681.jpg,0.08,0.06666666666666667,0.0,0.0
CASIA2/Au/Au_sec_30682.jpg,0.51,0.4,0.0,0.0
CASIA2/Au/Au_sec_30683.jpg,0.08,0.023333333333333334,0.0,0.0
CASIA2/Au/Au_sec_30684.jpg,0.14333333333333334,0.08666666666666667,0.0,0.0
CASIA2/Au/Au_sec_30685.jpg,0.11666666666666667,0.13,0.0,0.0
CASIA2/Au/Au_sec_30686.jpg,0.06,0.013333333333333334,0.0,0.0
CASIA2/Au/Au_sec_30687.jpg,0.2733333333333333,0.18666666666666668,0.0,0.0
CASIA2/Au/Au_sec_30688.jpg,0.06666666666666667,0.03333333333333333,0.0,0.0
CASIA2/Au/Au_sec_30689.jpg,0.1,0.02,0.0,0.0
CASIA2/Au/Au_sec_30690.jpg,0.10666666666666667,0.02666666666666667,0.0,0.0
CASIA2/Au/Au_sec_30691.jpg,0.0033333333333333335,0.0,0.0,0.0
CASIA2/Au/Au_sec_30692.jpg,0.006666666666666667,0.0,0.0,0.0
CASIA2/Au/Au_sec_30693.jpg,0.06333333333333334,0.15333333333333332,0.0,0.0
CASIA2/Au/Au_sec_30695.jpg,0.03666666666666667,0.0033333333333333335,0.0,0.0
CASIA2/Au/Au_sec_30696.jpg,0.11,0.03,0.0,0.0
CASIA2/Au/Au_sec_30697.jpg,0.06,0.006666666666666667,0.0,0.0011111111111111111
CASIA2/Au/Au_sec_30698.jpg,0.22333333333333333,0.12,0.0,0.0
CASIA2/Au/Au_sec_30699.jpg,0.006666666666666667,0.0,0.0,0.0
CASIA2/Au/Au_sec_30701.jpg,0.0,0.0,0.0,0.0
CASIA2/Au/Au_sec_30702.jpg,0.12333333333333334,0.016666666666666666,0.0033333333333333335,0.0061111111111111106
CASIA2/Au/Au_sec_30704.jpg,0.02666666666666667,0.01,0.0,0.0
CASIA2/Au/Au_sec_30705.jpg,0.15,0.043333333333333335,0.0,0.0
CASIA2/Au/Au_sec_30706.jpg,0.016666666666666666,0.0,0.0,0.0
CASIA2/Au/Au_sec_30708.jpg,0.01,0.013333333333333334,0.0,0.0
CASIA2/Au/Au_sec_30710.jpg,0.01,0.0,0.0,0.0
CASIA2/Au/Au_sec_30711.jpg,0.02,0.0033333333333333335,0.0,0.0
CASIA2/Au/Au_sec_30712.jpg,0.013333333333333334,0.0,0.0,0.0
CASIA2/Au/Au_sec_30714.jpg,0.02666666666666667,0.0,0.0,0.0
CASIA2/Au/Au_sec_30715.jpg,0.03,0.0,0.0,0.0
CASIA2/Au/Au_sec_30716.jpg,0.02666666666666667,0.0,0.0,0.0
CASIA2/Au/Au_sec_30717.jpg,0.0,0.0,0.0,0.0
CASIA2/Au/Au_sec_30718.jpg,0.0033333333333333335,0.0,0.0,0.0
CASIA2/Au/Au_sec_30719.jpg,0.0033333333333333335,0.0033333333333333335,0.0,0.0
CASIA2/Au/Au_sec_30720.jpg,0.03666666666666667,0.0033333333333333335,0.0,0.0
CASIA2/Au/Au_sec_30722.jpg,0.0,0.0,0.0,0.0
CASIA2/Au/Au_sec_30723.jpg,0.17,0.016666666666666666,0.0,0.0
CASIA2/Au/Au_sec_30724.jpg,0.0033333333333333335,0.0,0.0,0.0
CASIA2/Au/Au_sec_30725.jpg,0.006666666666666667,0.0,0.0,0.0
CASIA2/Au/Au_sec_30727.jpg,0.12333333333333334,0.0,0.0,0.0
CASIA2/Au/Au_sec_30728.jpg,0.0,0.0,0.0,0.0
CASIA2/Au/Au_sec_30729.jpg,0.006666666666666667,0.0,0.0,0.0
CASIA2/Au/Au_sec_30730.jpg,0.06,0.016666666666666666,0.0,0.0
CASIA2/Au/Au_sec_30731.jpg,0.043333333333333335,0.0,0.0,0.0
CASIA2/Au/Au_sec_30732.jpg,0.0,0.0,0.0,0.0
CASIA2/Au/Au_sec_30733.jpg,0.0,0.0033333333333333335,0.0,0.0
CASIA2/Au/Au_sec_30734.jpg,0.04,0.0,0.0,0.0
CASIA2/Au/Au_txt_00001.jpg,0.013333333333333334,0.0033333333333333335,0.0,0.0
CASIA2/Au/Au_txt_00002.jpg,0.0,0.0,0.0,0.0
CASIA2/Au/Au_txt_00003.jpg,0.0,0.0,0.0,0.0
CASIA2/Au/Au_txt_00004.jpg,0.0,0.0,0.0,0.0
CASIA2/Au/Au_txt_00007.jpg,0.0033333333333333335,0.013333333333333334,0.0,0.0
CASIA2/Au/Au_txt_00008.jpg,0.0033333333333333335,0.0,0.0,0.0
CASIA2/Au/Au_txt_00009.jpg,0.0,0.0,0.0,0.0
CASIA2/Au/Au_txt_00010.jpg,0.0,0.0,0.0033333333333333335,0.0
CASIA2/Au/Au_txt_00011.jpg,0.06333333333333334,0.013333333333333334,0.0,0.0
CASIA2/Au/Au_txt_00012.jpg,0.01,0.0,0.0,0.0
CASIA2/Au/Au_txt_00013.jpg,0.0033333333333333335,0.0,0.0,0.0
CASIA2/Au/Au_txt_00015.jpg,0.02,0.0,0.0,0.0
CASIA2/Au/Au_txt_00016.jpg,0.0,0.01,0.0,0.0
CASIA2/Au/Au_txt_00017.jpg,0.17333333333333334,0.2733333333333333,0.0,0.0008333333333333334
CASIA2/Au/Au_txt_00018.jpg,0.07,0.04,0.0,0.0016666666666666668
CASIA2/Au/Au_txt_00019.jpg,0.02666666666666667,0.043333333333333335,0.0,0.0016666666666666668
CASIA2/Au/Au_txt_00020.jpg,0.0,0.0,0.0,0.0
CASIA2/Au/Au_txt_00021.jpg,0.31,0.1,0.0,0.0016666666666666668
CASIA2/Au/Au_txt_00022.jpg,0.04,0.02,0.0,0.0
CASIA2/Au/Au_txt_00024.jpg,0.06333333333333334,0.023333333333333334,0.0,0.0
CASIA2/Au/Au_txt_00025.jpg,0.08666666666666667,0.023333333333333334,0.0,0.0006666666666666668
CASIA2/Au/Au_txt_00026.jpg,0.006666666666666667,0.0,0.0,0.0
CASIA2/Au/Au_txt_00027.jpg,0.0033333333333333335,0.016666666666666666,0.0,0.0
CASIA2/Au/Au_txt_00028.jpg,0.06333333333333334,0.0033333333333333335,0.0,0.0
CASIA2/Au/Au_txt_00029.jpg,0.056666666666666664,0.016666666666666666,0.0,0.0
CASIA2/Au/Au_txt_00031.jpg,0.0033333333333333335,0.0,0.0,0.0
CASIA2/Au/Au_txt_00033.jpg,0.0,0.0,0.0,0.0
CASIA2/Au/Au_txt_00034.jpg,0.05333333333333334,0.023333333333333334,0.0,0.0
CASIA2/Au/Au_txt_00035.jpg,0.0033333333333333335,0.0033333333333333335,0.0,0.0
CASIA2/Au/Au_txt_00036.jpg,0.0,0.0,0.0,0.0
CASIA2/Au/Au_txt_00037.jpg,0.0,0.016666666666666666,0.0,0.0
CASIA2/Au/Au_txt_00038.jpg,0.0,0.03,0.0033333333333333335,0.0008333333333333334
CASIA2/Au/Au_txt_00039.jpg,0.35333333333333333,0.19666666666666666,0.0013333333333333335,0.00125
CASIA2/Au/Au_txt_00040.jpg,0.5,0.4,0.0,0.0
CASIA2/Au/Au_txt_00041.jpg,0.31666666666666665,0.07,0.0033333333333333335,0.0
CASIA2/Au/Au_txt_00042.jpg,0.8966666666666666,0.8233333333333334,0.0033333333333333335,0.03193745143745144
CASIA2/Au/Au_txt_00043.jpg,0.17666666666666667,0.15666666666666668,0.0,0.0013888888888888887
CASIA2/Au/Au_txt_00044.jpg,0.14333333333333334,0.18,0.003988095238095238,0.004761904761904762
CASIA2/Au/Au_txt_00045.jpg,0.15,0.16333333333333333,0.006666666666666667,0.0016666666666666668
CASIA2/Au/Au_txt_00046.jpg,0.45666666666666667,0.4166666666666667,0.0006666666666666668,0.008793650793650793
CASIA2/Au/Au_txt_00047.jpg,0.04,0.18666666666666668,0.0,0.0
CASIA2/Au/Au_txt_00048.jpg,0.41,0.3333333333333333,0.002857142857142857,0.009843434343434343
CASIA2/Au/Au_txt_00049.jpg,0.27666666666666667,0.13333333333333333,0.0,0.0
CASIA2/Au/Au_txt_00050.jpg,0.21,0.21333333333333335,0.0010833333333333333,0.0067619047619047615
CASIA2/Au/Au_txt_00051.jpg,0.09,0.1,0.0,0.005833333333333334
CASIA2/Au/Au_txt_00053.jpg,0.15666666666666668,0.11,0.0,0.0016666666666666668
CASIA2/Au/Au_txt_00054.jpg,0.13666666666666666,0.08333333333333333,0.0,0.0
CASIA2/Au/Au_txt_00055.jpg,0.51,0.5366666666666666,0.006142857142857143,0.0019047619047619048
CASIA2/Au/Au_txt_00056.jpg,0.10666666666666667,0.08666666666666667,0.0033333333333333335,0.002738095238095238
CASIA2/Au/Au_txt_00057.jpg,0.03333333333333333,0.043333333333333335,0.0,0.0
CASIA2/Au/Au_txt_00058.jpg,0.8333333333333334,0.78,0.0011111111111111111,0.016496031746031748
CASIA2/Au/Au_txt_00059.jpg,0.056666666666666664,0.01,0.0,0.0
CASIA2/Au/Au_txt_00060.jpg,0.33666666666666667,0.37,0.004166666666666667,0.0034343434343434343
CASIA2/Au/Au_txt_00061.jpg,0.44,0.36333333333333334,0.0033333333333333335,0.0
CASIA2/Au/Au_txt_00062.jpg,0.11,0.15666666666666668,0.0,0.0
CASIA2/Au/Au_txt_00063.jpg,0.30333333333333334,0.2966666666666667,0.01,0.0
CASIA2/Au/Au_txt_00064.jpg,0.5533333333333333,0.4066666666666667,0.0,0.008777777777777778
CASIA2/Au/Au_txt_00065.jpg,0.13333333333333333,0.19333333333333333,0.0,0.002666666666666667
CASIA2/Au/Au_txt_00066.jpg,0.12666666666666668,0.056666666666666664,0.0,0.0006666666666666668
CASIA2/Au/Au_txt_00067.jpg,0.07333333333333333,0.023333333333333334,0.0,0.0
CASIA2/Au/Au_txt_00068.jpg,0.4,0.33,0.0,0.007535353535353536
CASIA2/Au/Au_txt_00069.jpg,0.20333333333333334,0.23333333333333334,0.0033333333333333335,0.0021666666666666666
CASIA2/Au/Au_txt_00070.jpg,0.4666666666666667,0.42,0.0,0.0
CASIA2/Au/Au_txt_00073.jpg,0.37,0.23333333333333334,0.0,0.0033333333333333335
CASIA2/Au/Au_txt_00074.jpg,0.27,0.27666666666666667,0.0,0.0
CASIA2/Au/Au_txt_00075.jpg,0.3,0.29333333333333333,0.0,0.0
CASIA2/Au/Au_txt_00076.jpg,0.7433333333333333,0.6333333333333333,0.0,0.013123015873015871
CASIA2/Au/Au_txt_00077.jpg,0.45,0.33,0.0,0.0
CASIA2/Au/Au_txt_00078.jpg,0.21,0.06666666666666667,0.0019166666666666666,0.0
CASIA2/Au/Au_txt_00080.jpg,0.31333333333333335,0.29333333333333333,0.00375,0.0020000000000000005
CASIA2/Au/Au_txt_00081.jpg,0.31,0.08666666666666667,0.0,0.002
CASIA2/Au/Au_txt_00082.jpg,0.33,0.26666666666666666,0.0,0.0
CASIA2/Au/Au_txt_00083.jpg,0.14,0.11,0.0,0.0
CASIA2/Au/Au_txt_00084.jpg,0.22666666666666666,0.15333333333333332,0.0033333333333333335,0.0
CASIA2/Au/Au_txt_00086.jpg,0.25,0.16,0.00347985347985348,0.0016666666666666668
CASIA2/Au/Au_txt_00087.jpg,0.16333333333333333,0.12,0.0,0.0
CASIA2/Au/Au_txt_00088.jpg,0.056666666666666664,0.056666666666666664,0.0019047619047619048,0.0
CASIA2/Au/Au_txt_00089.jpg,0.18,0.056666666666666664,0.0,0.0
CASIA2/Au/Au_txt_00090.jpg,0.09666666666666666,0.07,0.0,0.0033333333333333335
CASIA2/Au/Au_txt_00091.jpg,0.16666666666666666,0.11666666666666667,0.0008333333333333334,0.0
CASIA2/Au/Au_txt_00092.jpg,0.25333333333333335,0.06,0.0,0.0
CASIA2/Au/Au_txt_00094.jpg,0.5066666666666667,0.47333333333333333,0.007420634920634921,0.0021428571428571425
CASIA2/Au/Au_txt_00095.jpg,0.3433333333333333,0.1,0.0,0.0
CASIA2/Au/Au_txt_00096.jpg,0.10666666666666667,0.04,0.0,0.0
CASIA2/Au/Au_txt_00097.jpg,0.12333333333333334,0.013333333333333334,0.0,0.0
CASIA2/Au/Au_txt_00098.jpg,0.0033333333333333335,0.0,0.0,0.0
CASIA2/Au/Au_txt_00099.jpg,0.09333333333333334,0.013333333333333334,0.0,0.0
CASIA2/Au/Au_txt_00100.jpg,0.21666666666666667,0.13333333333333333,0.0,0.0
CASIA2/Au/Au_txt_10102.jpg,0.18333333333333332,0.15666666666666668,0.023333333333333334,0.020543771043771045
CASIA2/Au/Au_txt_10103.jpg,0.43666666666666665,0.41,0.02666666666666667,0.023066498316498315
CASIA2/Au/Au_txt_10104.jpg,0.64,0.49,0.15333333333333332,0.15124807599807602
CASIA2/Au/Au_txt_10105.jpg,0.36,0.36666666666666664,0.02666666666666667,0.034591269841269846
CASIA2/Au/Au_txt_10106.jpg,0.41,0.38666666666666666,0.08475288600288601,0.08603932178932179
CASIA2/Au/Au_txt_10107.jpg,0.3433333333333333,0.3466666666666667,0.023847162097162096,0.04018062493062493
CASIA2/Au/Au_txt_10108.jpg,0.6366666666666667,0.3566666666666667,0.06,0.06630748880748881
CASIA2/Au/Au_txt_10109.jpg,0.39,0.3566666666666667,0.03666666666666667,0.042435185185185194
CASIA2/Au/Au_txt_10110.jpg,0.11333333333333333,0.43,0.02969829244829245,0.007309523809523808
CASIA2/Au/Au_txt_10111.jpg,0.31333333333333335,0.38666666666666666,0.06333333333333334,0.0678986383986384
CASIA2/Au/Au_txt_10112.jpg,0.37666666666666665,0.32,0.006666666666666667,0.01695238095238095
CASIA2/Au/Au_txt_10113.jpg,0.54,0.39666666666666667,0.09,0.040844525844525845
CASIA2/Au/Au_txt_10114.jpg,0.37,0.35333333333333333,0.03333333333333333,0.031101851851851853
CASIA2/Au/Au_txt_10115.jpg,0.4166666666666667,0.43666666666666665,0.01,0.021018518518518516
CASIA2/Au/Au_txt_10116.jpg,0.22666666666666666,0.30666666666666664,0.013333333333333334,0.04032946682946683
CASIA2/Au/Au_txt_10117.jpg,0.4533333333333333,0.6433333333333333,0.7533333333333333,0.7303961871461873
CASIA2/Au/Au_txt_30003.jpg,0.0,0.013333333333333334,0.0,0.0
CASIA2/Au/Au_txt_30004.jpg,0.006666666666666667,0.0,0.0013333333333333335,0.003
CASIA2/Au/Au_txt_30007.jpg,0.013333333333333334,0.11666666666666667,0.0,0.0
CASIA2/Au/Au_txt_30008.jpg,0.0,0.10666666666666667,0.0,0.004166666666666667
CASIA2/Au/Au_txt_30009.jpg,0.04666666666666667,0.016666666666666666,0.0,0.0006666666666666668
CASIA2/Au/Au_txt_30010.jpg,0.18333333333333332,0.02,0.0,0.0
CASIA2/Au/Au_txt_30011.jpg,0.0,0.016666666666666666,0.0,0.0
CASIA2/Au/Au_txt_30012.jpg,0.006666666666666667,0.006666666666666667,0.0,0.0
CASIA2/Au/Au_txt_30013.jpg,0.13333333333333333,0.09,0.0,0.0
CASIA2/Au/Au_txt_30014.jpg,0.0,0.0,0.0,0.0
CASIA2/Au/Au_txt_30015.jpg,0.0033333333333333335,0.0033333333333333335,0.0,0.0
CASIA2/Au/Au_txt_30016.jpg,0.03,0.016666666666666666,0.0,0.0
CASIA2/Au/Au_txt_30018.jpg,0.0,0.0,0.0,0.0
CASIA2/Au/Au_txt_30019.jpg,0.0,0.006666666666666667,0.0,0.0
CASIA2/Au/Au_txt_30021.jpg,0.38,0.27,0.0,0.0
CASIA2/Au/Au_txt_30022.jpg,0.006666666666666667,0.0,0.0,0.0
CASIA2/Au/Au_txt_30023.jpg,0.0,0.0,0.0,0.0
CASIA2/Au/Au_txt_30024.jpg,0.0033333333333333335,0.0,0.0,0.0
CASIA2/Au/Au_txt_30025.jpg,0.043333333333333335,0.01,0.0,0.0
CASIA2/Au/Au_txt_30027.jpg,0.02,0.01,0.0,0.0
CASIA2/Au/Au_txt_30028.jpg,0.16666666666666666,0.11,0.0014285714285714286,0.0033333333333333335
CASIA2/Au/Au_txt_30029.jpg,0.0,0.016666666666666666,0.0,0.0
CASIA2/Tp/Tp_D_CND_M_N_ani00018_sec00096_00138.tif,0.5633333333333334,0.6466666666666666,1.0,1.0
CASIA2/Tp/Tp_D_CND_M_N_art00076_art00077_10289.tif,0.9233333333333333,0.9533333333333334,1.0,1.0
CASIA2/Tp/Tp_D_CND_M_N_art00077_art00076_10290.tif,0.8733333333333333,0.9766666666666667,1.0,1.0
CASIA2/Tp/Tp_D_CND_S_N_ani00073_ani00068_00193.tif,0.8133333333333334,0.9733333333333334,1.0,1.0
CASIA2/Tp/Tp_D_CND_S_N_ind00078_ind00077_00476.tif,0.18,0.3,1.0,1.0
CASIA2/Tp/Tp_D_CND_S_N_txt00028_txt00006_10848.jpg,0.8166666666666667,0.89,0.9416904484404486,0.8852711547711545
CASIA2/Tp/Tp_D_CNN_M_B_nat00056_nat00099_11105.jpg,0.5,0.86,0.99,0.993315184815185
CASIA2/Tp/Tp_D_CNN_M_B_nat10139_nat00059_11949.jpg,0.97,0.99,1.0,1.0
CASIA2/Tp/Tp_D_CNN_M_B_nat10139_nat00097_11948.jpg,0.7866666666666666,0.9133333333333333,0.9966666666666667,0.9634285714285714
CASIA2/Tp/Tp_D_CNN_M_N_ani00023_ani00024_10205.tif,0.5133333333333333,0.5433333333333333,1.0,1.0
CASIA2/Tp/Tp_D_CNN_M_N_ani00057_ani00055_11149.jpg,0.31,0.8033333333333333,0.9804717874717874,0.9775145502645503
CASIA2/Tp/Tp_D_CNN_M_N_arc00086_arc00086_00306.tif,0.6866666666666666,0.8533333333333334,1.0,0.9967222222222222
CASIA2/Tp/Tp_D_CNN_M_N_art00052_arc00030_11853.jpg,0.7466666666666667,0.9133333333333333,0.9370638990638992,0.9588631461131458
CASIA2/Tp/Tp_D_CNN_M_N_cha00026_cha00028_11784.jpg,0.9033333333333333,0.98,1.0,1.0
CASIA2/Tp/Tp_D_CNN_M_N_nat00013_cha00042_11093.jpg,0.9433333333333334,0.9766666666666667,0.9966666666666667,0.9988888888888889
CASIA2/Tp/Tp_D_CNN_M_N_nat00041_nat10123_11439.jpg,0.9833333333333333,0.9866666666666667,0.9956746031746032,0.9762359307359308
CASIA2/Tp/Tp_D_CNN_M_N_nat00089_nat00062_10577.jpg,0.7766666666666666,0.9033333333333333,0.9583752636252637,0.9619742572242573
CASIA2/Tp/Tp_D_CNN_M_N_nat00089_nat00089_10576.jpg,0.96,0.9366666666666666,0.9586387686387687,0.9656562049062049
CASIA2/Tp/Tp_D_CNN_M_N_nat10139_nat00095_11947.jpg,0.79,0.8833333333333333,1.0,0.9959603174603175
CASIA2/Tp/Tp_D_CNN_M_N_sec00011_cha00085_11227.jpg,0.9633333333333334,0.9866666666666667,0.9566666666666667,0.9925555555555557
CASIA2/Tp/Tp_D_CNN_M_N_sec10107_sec10101_10299.tif,0.6966666666666667,0.5166666666666667,1.0,0.9979444444444444
CASIA2/Tp/Tp_D_CNN_M_N_txt00049_txt00050_10374.tif,0.7033333333333334,0.75,1.0,0.9980833333333333
CASIA2/Tp/Tp_D_CNN_M_N_txt00054_txt00050_10375.tif,0.98,0.93,1.0,0.9991666666666666
CASIA2/Tp/Tp_D_CNN_M_N_txt10109_txt10110_10816.jpg,0.57,0.75,0.8666666666666667,0.8772128242128243
CASIA2/Tp/Tp_D_CNN_S_B_art10110_cha10110_11564.jpg,0.9133333333333333,0.9266666666666666,0.9524286731786733,0.9649689662189664
CASIA2/Tp/Tp_D_CNN_S_B_cha00025_cha00025_00345.tif,0.96,0.95,1.0,0.9924285714285715
CASIA2/Tp/Tp_D_CNN_S_B_ind00018_ind00089_00007.tif,0.8966666666666666,0.9166666666666666,1.0,1.0
CASIA2/Tp/Tp_D_CNN_S_B_sec00023_sec00022_00044.tif,0.9966666666666667,0.9866666666666667,1.0,1.0
CASIA2/Tp/Tp_D_CNN_S_B_txt00055_txt00047_11328.jpg,0.5566666666666666,0.77,0.9302922077922083,0.935486938986939
CASIA2/Tp/Tp_D_CNN_S_N_ani00053_ani00051_11148.jpg,0.9966666666666667,0.9933333333333333,0.9757334054834056,0.9664790764790765
CASIA2/Tp/Tp_D_CNN_S_N_ani00087_ani00088_10102.tif,1.0,0.9966666666666667,1.0,1.0
CASIA2/Tp/Tp_D_CNN_S_N_art00007_art00008_01197.tif,0.5333333333333333,0.3433333333333333,0.9966666666666667,1.0
CASIA2/Tp/Tp_D_CNN_S_N_art00011_art00014_11841.jpg,0.8866666666666667,0.9766666666666667,0.9933333333333333,1.0
CASIA2/Tp/Tp_D_CNN_S_N_art00096_cha00063_10305.tif,0.4633333333333333,0.43,0.991914122914123,0.9920515873015874
CASIA2/Tp/Tp_D_CNN_S_N_cha00044_cha00043_00364.tif,0.33,0.19666666666666666,1.0,0.9991666666666666
CASIA2/Tp/Tp_D_CNN_S_N_cha10122_nat00059_12169.jpg,0.71,0.9766666666666667,0.98,0.99875
CASIA2/Tp/Tp_D_CNN_S_N_cha10122_nat10124_12167.jpg,0.5766666666666667,0.9433333333333334,0.9733333333333334,0.9949404761904763
CASIA2/Tp/Tp_D_CNN_S_N_cha10122_nat10139_12166.jpg,0.6666666666666666,0.95,0.9833333333333333,0.9954166666666666
CASIA2/Tp/Tp_D_CNN_S_N_cha10172_cha10171_12283.jpg,0.8866666666666667,0.9366666666666666,0.7,0.7622854922854927
CASIA2/Tp/Tp_D_CNN_S_N_cha10194_cha10192_12323.jpg,0.91,0.94,0.96,0.9742332852332852
CASIA2/Tp/Tp_D_CNN_S_N_ind00005_ind00014_00424.tif,0.3466666666666667,0.24,1.0,1.0
CASIA2/Tp/Tp_D_CNN_S_N_nat00035_nat00035_00649.tif,1.0,1.0,1.0,1.0
CASIA2/Tp/Tp_D_CNN_S_N_nat00060_nat00060_00667.tif,0.1,0.10333333333333333,0.9925,0.9952129629629629
CASIA2/Tp/Tp_D_CNN_S_N_nat00094_nat00067_10612.jpg,0.79,0.96,0.99,1.0
CASIA2/Tp/Tp_D_CNN_S_N_nat00095_ani00017_10219.tif,0.8666666666666667,0.75,0.9950949975949976,0.9891044973544975
CASIA2/Tp/Tp_D_CNN_S_N_sec00042_ani00070_10541.tif,0.9933333333333333,0.8366666666666667,1.0,0.9991666666666666
CASIA2/Tp/Tp_D_CNN_S_N_sec00042_ani00078_10495.tif,0.99,0.88,1.0,0.9991666666666666
CASIA2/Tp/Tp_D_CNN_S_N_txt00043_txt00051_10378.tif,0.47,0.4533333333333333,1.0,0.9850251322751323
CASIA2/Tp/Tp_D_CNN_S_N_txt00051_txt00051_10376.tif,0.8466666666666667,0.7533333333333333,1.0,0.9959523809523809
CASIA2/Tp/Tp_D_CNN_S_N_txt00054_txt00049_10371.tif,0.44666666666666666,0.3,1.0,0.9941221001221
CASIA2/Tp/Tp_D_CNN_S_O_nat10153_ani00097_12135.jpg,0.98,0.9233333333333333,0.9980555555555556,0.9693180708180709
CASIA2/Tp/Tp_D_CRD_M_B_nat00032_nat00033_10077.tif,0.5333333333333333,0.42333333333333334,1.0,0.9936666666666667
CASIA2/Tp/Tp_D_CRD_M_N_arc00037_ani00005_10142.tif,0.8233333333333334,0.9166666666666666,1.0,1.0
CASIA2/Tp/Tp_D_CRD_M_N_arc10116_arc10116_10762.jpg,0.37333333333333335,0.8866666666666667,0.9887311207311209,0.9723955026455028
CASIA2/Tp/Tp_D_CRD_M_N_art00058_art00051_10534.tif,0.56,0.7,1.0,0.9958345358345356
CASIA2/Tp/Tp_D_CRD_M_N_nat00048_nat00049_11067.jpg,0.07333333333333333,0.8566666666666667,0.9933333333333333,0.9960370370370373
CASIA2/Tp/Tp_D_CRD_M_N_txt00068_txt00065_10135.tif,0.6666666666666666,0.6466666666666666,0.99,0.9878409090909094
CASIA2/Tp/Tp_D_CRD_M_N_txt00068_txt00065_10136.tif,0.7066666666666667,0.74,0.9733333333333334,0.9887896825396826
CASIA2/Tp/Tp_D_CRD_S_B_cha00086_cha00065_00015.tif,0.5933333333333334,0.72,1.0,1.0
CASIA2/Tp/Tp_D_CRD_S_B_cha00098_sec00082_00418.tif,0.6866666666666666,0.75,1.0,1.0
CASIA2/Tp/Tp_D_CRD_S_B_sec00049_ani00047_00070.tif,0.38666666666666666,0.25333333333333335,1.0,0.998653846153846
CASIA2/Tp/Tp_D_CRD_S_B_sec20007_sec20007_01442.tif,0.7033333333333334,0.7466666666666667,1.0,1.0
CASIA2/Tp/Tp_D_CRD_S_N_ani00075_art00012_00195.tif,1.0,0.9966666666666667,1.0,1.0
CASIA2/Tp/Tp_D_CRD_S_N_ind00005_ind00084_11751.jpg,0.20333333333333334,0.87,0.9971965811965813,0.9871944444444444
CASIA2/Tp/Tp_D_CRD_S_N_ind00029_ind00088_00444.tif,0.9566666666666667,0.9566666666666667,1.0,1.0
CASIA2/Tp/Tp_D_CRD_S_N_ind00084_ind00024_00481.tif,0.83,0.78,1.0,1.0
CASIA2/Tp/Tp_D_CRD_S_N_sec00003_sec00007_00023.tif,0.05333333333333334,0.056666666666666664,1.0,1.0
CASIA2/Tp/Tp_D_CRD_S_N_sec00005_sec00003_00025.tif,0.8033333333333333,0.83,1.0,1.0
CASIA2/Tp/Tp_D_CRD_S_N_sec00037_art00028_00058.tif,0.8833333333333333,0.96,1.0,1.0
CASIA2/Tp/Tp_D_CRD_S_O_ani10103_ani10111_10637.jpg,0.6466666666666666,0.8566666666666667,0.5633333333333334,0.8101473433973432
CASIA2/Tp/Tp_D_CRD_S_O_ani10111_ani10103_10635.jpg,0.5366666666666666,0.91,1.0,0.9934722222222221
CASIA2/Tp/Tp_D_CRN_L_N_art00028_art00028_11282.jpg,0.5633333333333334,0.72,0.969537148037148,0.9129101916601923
CASIA2/Tp/Tp_D_CRN_L_N_nat00085_nat00086_10069.tif,0.22333333333333333,0.61,1.0,1.0
CASIA2/Tp/Tp_D_CRN_M_B_ani00019_nat00013_11868.jpg,0.43333333333333335,0.9333333333333333,0.9933333333333333,0.9995833333333334
CASIA2/Tp/Tp_D_CRN_M_B_ani00046_ani00001_10100.tif,0.6633333333333333,0.6466666666666666,1.0,1.0
CASIA2/Tp/Tp_D_CRN_M_B_nat10143_nat00013_12037.jpg,0.7833333333333333,0.89,1.0,0.9919642857142857
CASIA2/Tp/Tp_D_CRN_M_B_nat10165_nat10164_12100.jpg,0.84,0.9466666666666667,0.9856677489177489,0.9803968253968255
CASIA2/Tp/Tp_D_CRN_M_N_ani00069_ani00041_10035.tif,0.9233333333333333,0.8533333333333334,1.0,1.0
CASIA2/Tp/Tp_D_CRN_M_N_ani00087_ani00081_10104.tif,0.9866666666666667,0.9933333333333333,1.0,1.0
CASIA2/Tp/Tp_D_CRN_M_N_ani00087_ani10101_10103.tif,1.0,0.9933333333333333,1.0,1.0
CASIA2/Tp/Tp_D_CRN_M_N_ani00100_ani10101_10089.tif,0.6266666666666667,0.45,1.0,0.9894510582010583
CASIA2/Tp/Tp_D_CRN_M_N_ani10101_ani00081_10139.tif,0.9833333333333333,0.8966666666666666,0.9946266233766234,0.9903068783068784
CASIA2/Tp/Tp_D_CRN_M_N_ani10105_ani00100_10086.tif,0.27,0.24,0.9933333333333333,0.9892813852813852
CASIA2/Tp/Tp_D_CRN_M_N_ani10112_ani00100_11648.jpg,0.31,0.8466666666666667,0.9133333333333333,0.8509124867507221
CASIA2/Tp/Tp_D_CRN_M_N_ani10112_ani10119_11624.jpg,0.53,0.79,0.86,0.8508685954568308
CASIA2/Tp/Tp_D_CRN_M_N_ani10113_ani10119_11623.jpg,0.4866666666666667,0.9,0.9648543771043774,0.9167023809523807
CASIA2/Tp/Tp_D_CRN_M_N_ani10116_ani00100_11643.jpg,0.39666666666666667,0.8633333333333333,0.9733333333333334,0.980887445887446
CASIA2/Tp/Tp_D_CRN_M_N_ani10117_ani00100_11642.jpg,0.5166666666666667,0.88,0.9466666666666667,0.9491046741929094
CASIA2/Tp/Tp_D_CRN_M_N_ani10118_ani00100_11638.jpg,0.6533333333333333,0.84,0.9233333333333333,0.9010686720686725
CASIA2/Tp/Tp_D_CRN_M_N_ani10118_sec00098_11619.jpg,0.7666666666666667,0.8566666666666667,0.9933333333333333,0.9434056684056688
CASIA2/Tp/Tp_D_CRN_M_N_ani10119_ani00100_11641.jpg,0.6133333333333333,0.8133333333333334,0.9586419413919416,0.9251734654234653
CASIA2/Tp/Tp_D_CRN_M_N_ani10120_ani00100_11639.jpg,0.5033333333333333,0.6766666666666666,0.9216931725681724,0.8137732730232731
CASIA2/Tp/Tp_D_CRN_M_N_ani10120_sec00098_11632.jpg,0.66,0.7,0.9006019027269025,0.8836619399119398
CASIA2/Tp/Tp_D_CRN_M_N_arc00008_nat10122_11773.jpg,0.7766666666666666,0.9466666666666667,0.99,0.9995238095238096
CASIA2/Tp/Tp_D_CRN_M_N_arc00054_cha00085_11922.jpg,0.77,0.88,1.0,0.976140294890295
CASIA2/Tp/Tp_D_CRN_M_N_arc00071_arc00045_10085.tif,0.9766666666666667,0.9966666666666667,0.9993939393939394,1.0
CASIA2/Tp/Tp_D_CRN_M_N_arc00073_arc00072_10267.tif,0.98,0.9833333333333333,1.0,0.9988888888888889
CASIA2/Tp/Tp_D_CRN_M_N_arc00088_arc00064_10394.tif,0.9966666666666667,0.9466666666666667,1.0,0.9993333333333334
CASIA2/Tp/Tp_D_CRN_M_N_art00012_art00013_11812.jpg,0.8266666666666667,0.92,0.9889166666666667,1.0
CASIA2/Tp/Tp_D_CRN_M_N_art00058_art00049_10529.tif,0.8533333333333334,0.9433333333333334,1.0,1.0
CASIA2/Tp/Tp_D_CRN_M_N_art00067_ani00093_11801.jpg,0.77,0.9266666666666666,1.0,0.9979999999999999
CASIA2/Tp/Tp_D_CRN_M_N_art00067_ani00095_11803.jpg,0.5433333333333333,0.8533333333333334,1.0,0.9979999999999999
CASIA2/Tp/Tp_D_CRN_M_N_art00067_ani00096_11802.jpg,0.8333333333333334,0.9833333333333333,1.0,0.9966666666666667
CASIA2/Tp/Tp_D_CRN_M_N_art00067_nat00013_11804.jpg,0.69,0.8666666666666667,1.0,0.9934325396825398
CASIA2/Tp/Tp_D_CRN_M_N_art00067_nat00059_11805.jpg,0.9033333333333333,0.97,1.0,1.0
CASIA2/Tp/Tp_D_CRN_M_N_art00067_nat00095_11807.jpg,0.97,0.99,0.9566666666666667,0.9980555555555555
CASIA2/Tp/Tp_D_CRN_M_N_art00067_nat10122_11806.jpg,0.9966666666666667,1.0,1.0,0.9981111111111112
CASIA2/Tp/Tp_D_CRN_M_N_art00097_art00049_11758.jpg,0.9933333333333333,0.9966666666666667,0.9933333333333333,0.9961965811965812
CASIA2/Tp/Tp_D_CRN_M_N_art10107_cha10112_11582.jpg,0.6566666666666666,0.93,0.9066666666666666,0.9116471861471861
CASIA2/Tp/Tp_D_CRN_M_N_art10112_cha00086_11672.jpg,0.6366666666666667,0.93,0.85,0.9269797979797979
CASIA2/Tp/Tp_D_CRN_M_N_art10113_cha00067_11650.jpg,0.7333333333333333,0.83,0.8433333333333334,0.8386525946820067
CASIA2/Tp/Tp_D_CRN_M_N_art10115_cha00086_11526.jpg,0.6166666666666667,0.86,0.97,0.9259671717171726
CASIA2/Tp/Tp_D_CRN_M_N_cha00035_cha00040_11732.jpg,0.73,0.9633333333333334,0.9933333333333333,0.9932936507936508
CASIA2/Tp/Tp_D_CRN_M_N_cha00050_cha00026_11787.jpg,0.8133333333333334,0.9233333333333333,0.9866666666666667,0.9988425925925926
CASIA2/Tp/Tp_D_CRN_M_N_cha00060_cha00040_11678.jpg,0.99,0.9933333333333333,0.99,0.9984444444444444
CASIA2/Tp/Tp_D_CRN_M_N_cha00062_cha00040_11020.jpg,0.6833333333333333,0.98,0.98,0.9925
CASIA2/Tp/Tp_D_CRN_M_N_cha00094_cha00086_11501.jpg,0.7833333333333333,0.9166666666666666,0.9884074074074073,0.9970000000000001
CASIA2/Tp/Tp_D_CRN_M_N_cha10108_cha00027_11666.jpg,0.5933333333333334,0.8933333333333333,0.95,0.9656355218855222
CASIA2/Tp/Tp_D_CRN_M_N_cha10108_cha00040_11665.jpg,0.7166666666666667,0.91,0.93,0.9730198412698411
CASIA2/Tp/Tp_D_CRN_M_N_cha10137_art00021_12210.jpg,0.87,0.8633333333333333,1.0,0.966690642690643
CASIA2/Tp/Tp_D_CRN_M_N_cha10162_nat10123_12253.jpg,0.9166666666666666,0.7833333333333333,0.7425014060014061,0.8643379629629627
CASIA2/Tp/Tp_D_CRN_M_N_cha10164_cha00026_12247.jpg,0.8033333333333333,0.7266666666666667,0.95,0.9423116235616237
CASIA2/Tp/Tp_D_CRN_M_N_cha10166_nat10123_12273.jpg,0.92,0.9533333333333334,0.8272707755207761,0.8947815055315057
CASIA2/Tp/Tp_D_CRN_M_N_cha10198_nat10123_12362.jpg,0.7333333333333333,0.9,0.99,1.0
CASIA2/Tp/Tp_D_CRN_M_N_cha10198_nat10160_12365.jpg,0.8766666666666667,0.9533333333333334,0.9933333333333333,1.0
CASIA2/Tp/Tp_D_CRN_M_N_ind00008_pla00050_10422.tif,0.91,0.73,1.0,1.0
CASIA2/Tp/Tp_D_CRN_M_N_ind00010_pla00050_10424.tif,0.9933333333333333,0.99,1.0,1.0
CASIA2/Tp/Tp_D_CRN_M_N_nat00002_nat10124_11514.jpg,0.81,0.9133333333333333,0.9889444444444444,0.9993333333333334
CASIA2/Tp/Tp_D_CRN_M_N_nat00008_art00025_11425.jpg,0.81,0.8433333333333334,0.9960185185185185,0.996962962962963
CASIA2/Tp/Tp_D_CRN_M_N_nat00019_nat00024_11047.jpg,0.8733333333333333,0.99,0.9966666666666667,0.996
CASIA2/Tp/Tp_D_CRN_M_N_nat00019_nat00028_11048.jpg,0.8633333333333333,0.9833333333333333,0.9933333333333333,0.9953333333333334
CASIA2/Tp/Tp_D_CRN_M_N_nat00032_art00025_11427.jpg,0.9333333333333333,0.9766666666666667,0.9974404761904763,0.995310606060606
CASIA2/Tp/Tp_D_CRN_M_N_nat00038_art00021_11428.jpg,0.9033333333333333,0.9833333333333333,1.0,0.9995833333333334
CASIA2/Tp/Tp_D_CRN_M_N_nat00041_nat00061_11438.jpg,0.98,0.98,0.9980158730158731,1.0
CASIA2/Tp/Tp_D_CRN_M_N_nat00084_nat00033_10072.tif,0.57,0.6233333333333333,1.0,0.9714035594035594
CASIA2/Tp/Tp_D_CRN_M_N_nat00084_nat00086_10073.tif,0.38666666666666666,0.5566666666666666,0.9987777777777778,0.9943981481481482
CASIA2/Tp/Tp_D_CRN_M_N_nat00084_nat00095_10070.tif,0.45666666666666667,0.7,1.0,0.9985714285714286
CASIA2/Tp/Tp_D_CRN_M_N_nat00084_nat00099_10071.tif,0.9566666666666667,0.98,1.0,0.9995238095238096
CASIA2/Tp/Tp_D_CRN_M_N_nat00085_nat00073_10591.jpg,0.25666666666666665,0.8366666666666667,0.99,0.9941666666666666
CASIA2/Tp/Tp_D_CRN_M_N_nat10129_cha00086_11522.jpg,0.3433333333333333,0.8733333333333333,0.9266666666666666,0.8434664964664962
CASIA2/Tp/Tp_D_CRN_M_N_nat10130_cha00086_11523.jpg,0.6933333333333334,0.9366666666666666,0.93,0.9219931226181228
CASIA2/Tp/Tp_D_CRN_M_N_nat10131_nat00059_11908.jpg,0.9566666666666667,0.9933333333333333,0.9966666666666667,1.0
CASIA2/Tp/Tp_D_CRN_M_N_nat10131_nat00095_11907.jpg,0.61,0.8333333333333334,1.0,1.0
CASIA2/Tp/Tp_D_CRN_M_N_nat10131_nat10124_11906.jpg,0.9,0.94,0.9933333333333333,0.9991666666666666
CASIA2/Tp/Tp_D_CRN_M_N_nat10139_nat10124_11946.jpg,0.8266666666666667,0.9466666666666667,1.0,0.9974074074074074
CASIA2/Tp/Tp_D_CRN_M_N_nat10144_nat10125_11968.jpg,0.9833333333333333,0.9633333333333334,0.9725954415954418,0.9904526307026309
CASIA2/Tp/Tp_D_CRN_M_N_nat10149_nat00013_12004.jpg,0.9933333333333333,0.9866666666666667,0.99,0.9942592592592593
CASIA2/Tp/Tp_D_CRN_M_N_nat10157_nat00013_12048.jpg,0.5633333333333334,0.8933333333333333,1.0,0.9926666666666667
CASIA2/Tp/Tp_D_CRN_M_N_nat10160_nat10123_12068.jpg,0.7666666666666667,0.8733333333333333,1.0,0.9993333333333334
CASIA2/Tp/Tp_D_CRN_M_N_nat10161_nat10157_12081.jpg,0.9933333333333333,0.9566666666666667,0.9905833333333334,0.9800228937728939
CASIA2/Tp/Tp_D_CRN_M_N_nat10165_nat10164_12099.jpg,0.9233333333333333,0.9633333333333334,0.9886439393939395,0.9596625781625784
CASIA2/Tp/Tp_D_CRN_M_N_pla00010_pla00020_10001.tif,1.0,0.9966666666666667,1.0,1.0
CASIA2/Tp/Tp_D_CRN_M_N_pla00026_pla00038_10147.tif,0.9966666666666667,0.9833333333333333,1.0,0.992962962962963
CASIA2/Tp/Tp_D_CRN_M_N_pla00035_pla00033_10997.jpg,0.6333333333333333,0.9433333333333334,0.9564865319865319,0.9528833573833574
CASIA2/Tp/Tp_D_CRN_M_N_pla10110_ani00005_10118.tif,0.4766666666666667,0.44666666666666666,1.0,0.9991666666666666
CASIA2/Tp/Tp_D_CRN_M_N_pla10110_sec00046_10119.tif,0.30666666666666664,0.39666666666666667,1.0,0.9981944444444444
CASIA2/Tp/Tp_D_CRN_M_N_sec00015_cha00086_11400.jpg,0.97,0.98,0.9973636363636365,0.9945303030303031
CASIA2/Tp/Tp_D_CRN_M_N_txt00002_txt00032_10300.tif,0.9966666666666667,0.99,1.0,1.0
CASIA2/Tp/Tp_D_CRN_M_N_txt00017_txt00063_10836.jpg,0.6266666666666667,0.81,0.8950294335294334,0.9221783309283308
CASIA2/Tp/Tp_D_CRN_M_N_txt00050_txt00049_10368.tif,0.55,0.37333333333333335,0.9990000000000001,0.9977460317460319
CASIA2/Tp/Tp_D_CRN_M_N_txt00063_txt00017_10835.jpg,0.6933333333333334,0.8166666666666667,0.6433333333333333,0.8947039534539535
CASIA2/Tp/Tp_D_CRN_M_O_ani00030_ani00079_10003.tif,0.2833333333333333,0.21333333333333335,1.0,1.0
CASIA2/Tp/Tp_D_CRN_M_O_ani00065_ani00041_10036.tif,0.55,0.3933333333333333,0.9966666666666667,0.9885185185185187
CASIA2/Tp/Tp_D_CRN_M_O_arc00025_ani00039_10004.tif,1.0,0.99,1.0,1.0
CASIA2/Tp/Tp_D_CRN_M_O_arc00027_ani00030_10005.tif,1.0,0.9933333333333333,1.0,1.0
CASIA2/Tp/Tp_D_CRN_M_O_art00010_art00009_10166.tif,0.5233333333333333,0.63,0.996,1.0
CASIA2/Tp/Tp_D_CRN_M_O_art10113_art10112_11560.jpg,0.6066666666666667,0.8133333333333334,0.84,0.7470970418470421
CASIA2/Tp/Tp_D_CRN_M_O_nat00013_ani00070_11413.jpg,0.9666666666666667,0.9766666666666667,1.0,1.0
CASIA2/Tp/Tp_D_CRN_M_O_pla10102_ani10104_10028.tif,0.6,0.63,0.9976587301587303,0.9929398148148149
CASIA2/Tp/Tp_D_CRN_S_B_ani00014_ani00015_00134.tif,0.21666666666666667,0.09333333333333334,1.0,1.0
CASIA2/Tp/Tp_D_CRN_S_B_art20030_art20032_02494.tif,0.44666666666666666,0.51,1.0,0.9927606837606837
CASIA2/Tp/Tp_D_CRN_S_B_cha00056_ani00070_00376.tif,0.9,0.8866666666666667,1.0,1.0
CASIA2/Tp/Tp_D_CRN_S_B_cha00082_cha00050_00402.tif,0.9833333333333333,0.9966666666666667,1.0,1.0
CASIA2/Tp/Tp_D_CRN_S_B_cha00083_cha00065_00403.tif,0.47,0.84,1.0,1.0
CASIA2/Tp/Tp_D_CRN_S_B_cha00085_ani00064_00405.tif,0.9933333333333333,1.0,1.0,1.0
CASIA2/Tp/Tp_D_CRN_S_B_cha00093_ani00061_00413.tif,0.4266666666666667,0.47333333333333333,1.0,0.9970370370370369
CASIA2/Tp/Tp_D_CRN_S_B_ind00029_art00030_20103.jpg,1.0,1.0,0.88,0.9373373015873014
CASIA2/Tp/Tp_D_CRN_S_B_nat00030_arc00029_20104.jpg,1.0,0.99,0.92920202020202,0.9193068358656592
CASIA2/Tp/Tp_D_CRN_S_B_nat10153_ani00001_12136.jpg,0.9566666666666667,0.9633333333333334,0.9991666666666666,0.9898968253968253
CASIA2/Tp/Tp_D_CRN_S_B_pla00071_pla00070_11214.jpg,0.87,0.9433333333333334,0.9971111111111113,0.9920108225108225
CASIA2/Tp/Tp_D_CRN_S_B_sec00004_ind00069_00024.tif,0.8333333333333334,0.8533333333333334,1.0,1.0
CASIA2/Tp/Tp_D_CRN_S_B_sec00050_sec00055_11246.jpg,0.29,0.9266666666666666,0.9666666666666667,0.9694867724867724
CASIA2/Tp/Tp_D_CRN_S_B_sec00093_sec00098_00113.tif,0.6933333333333334,0.8533333333333334,0.9933333333333333,0.9979166666666667
CASIA2/Tp/Tp_D_CRN_S_N_ani00008_ani00011_10221.tif,0.69,0.5866666666666667,1.0,0.9883041310541311
CASIA2/Tp/Tp_D_CRN_S_N_ani00019_ani00055_11862.jpg,0.5633333333333334,0.96,1.0,0.9911904761904761
CASIA2/Tp/Tp_D_CRN_S_N_ani00050_ani00019_11856.jpg,0.9233333333333333,0.87,0.9766666666666667,0.9753677248677248
CASIA2/Tp/Tp_D_CRN_S_N_ani00055_ani00019_11860.jpg,0.77,0.9333333333333333,0.9966666666666667,1.0
CASIA2/Tp/Tp_D_CRN_S_N_ani10116_sec00098_11616.jpg,0.22,0.8066666666666666,0.93,0.9719741462241464
CASIA2/Tp/Tp_D_CRN_S_N_ani10120_ani00100_11618.jpg,0.81,0.75,0.915092523217523,0.8491194361194362
CASIA2/Tp/Tp_D_CRN_S_N_ani10120_sec00098_11614.jpg,0.48333333333333334,0.7266666666666667,0.9189708994708995,0.8258736448736449
CASIA2/Tp/Tp_D_CRN_S_N_ani10121_sec00098_11615.jpg,0.72,0.87,0.8633333333333333,0.9307328042328041
CASIA2/Tp/Tp_D_CRN_S_N_ani10158_ani10136_12481.jpg,0.29333333333333333,0.94,0.9620764790764791,0.9789179894179895
CASIA2/Tp/Tp_D_CRN_S_N_ani10181_ani10206_12426.jpg,0.78,0.8433333333333334,0.9366666666666666,0.9689823232323233
CASIA2/Tp/Tp_D_CRN_S_N_ani10182_ani10206_12423.jpg,0.66,0.8533333333333334,0.96,0.9152632275132273
CASIA2/Tp/Tp_D_CRN_S_N_ani10184_ani10206_12421.jpg,0.8533333333333334,0.8833333333333333,0.9319088504088503,0.9497603415103416
CASIA2/Tp/Tp_D_CRN_S_N_ani10189_ani00058_12432.jpg,0.3466666666666667,0.7333333333333333,0.9833333333333333,0.9479521127021127
CASIA2/Tp/Tp_D_CRN_S_N_ani10205_ani10206_12417.jpg,0.4533333333333333,0.6133333333333333,0.9166666666666666,0.9410960428460429
CASIA2/Tp/Tp_D_CRN_S_N_arc00008_ani00070_11774.jpg,0.8466666666666667,0.9733333333333334,0.9866666666666667,1.0
CASIA2/Tp/Tp_D_CRN_S_N_arc00030_pla00026_10066.tif,0.6066666666666667,0.5333333333333333,1.0,1.0
CASIA2/Tp/Tp_D_CRN_S_N_arc00059_art00049_11823.jpg,0.96,0.9933333333333333,0.9833333333333333,0.9940740740740741
CASIA2/Tp/Tp_D_CRN_S_N_art00005_art00005_00497.tif,0.8433333333333334,0.77,1.0,1.0
CASIA2/Tp/Tp_D_CRN_S_N_art00011_art00092_11840.jpg,0.8966666666666666,0.9833333333333333,0.9833333333333333,0.9967724867724868
CASIA2/Tp/Tp_D_CRN_S_N_art00067_art00092_11808.jpg,0.9866666666666667,0.9933333333333333,1.0,0.9931851851851851
CASIA2/Tp/Tp_D_CRN_S_N_art00081_ani00098_00491.tif,0.7933333333333333,0.5966666666666667,0.9977777777777779,0.9932222222222221
CASIA2/Tp/Tp_D_CRN_S_N_cha00026_art00013_00500.tif,0.9733333333333334,0.9766666666666667,1.0,1.0
CASIA2/Tp/Tp_D_CRN_S_N_cha00053_art00014_11817.jpg,0.5866666666666667,0.8066666666666666,0.9663190836940836,0.9752843915343916
CASIA2/Tp/Tp_D_CRN_S_N_cha00055_ani00013_00375.tif,0.9933333333333333,1.0,1.0,1.0
CASIA2/Tp/Tp_D_CRN_S_N_cha00063_art00014_11818.jpg,0.85,0.9666666666666667,0.9933333333333333,0.9884796777296778
CASIA2/Tp/Tp_D_CRN_S_N_cha00067_art00014_11821.jpg,0.97,0.9866666666666667,0.9983333333333333,0.9976666666666667
CASIA2/Tp/Tp_D_CRN_S_N_cha00071_art00014_11819.jpg,0.99,0.9466666666666667,0.9131453638953643,0.9172656393314289
CASIA2/Tp/Tp_D_CRN_S_N_cha00071_art00092_11783.jpg,0.9833333333333333,0.95,0.9047457912457915,0.9060653026310922
CASIA2/Tp/Tp_D_CRN_S_N_cha00075_cha00086_10868.jpg,0.99,0.9933333333333333,0.9790384615384615,0.9851320346320347
CASIA2/Tp/Tp_D_CRN_S_N_cha00078_ani00013_00398.tif,0.9333333333333333,0.9933333333333333,1.0,1.0
CASIA2/Tp/Tp_D_CRN_S_N_cha00093_ani00081_10408.tif,0.6033333333333334,0.58,0.9991666666666666,0.9953703703703702
CASIA2/Tp/Tp_D_CRN_S_N_cha10122_nat10123_12168.jpg,0.65,0.99,0.9866666666666667,0.9974166666666667
CASIA2/Tp/Tp_D_CRN_S_N_cha10130_art00092_12187.jpg,0.9266666666666666,0.9266666666666666,0.9983333333333333,0.9979999999999999
CASIA2/Tp/Tp_D_CRN_S_N_cha10141_cha00086_12234.jpg,0.23666666666666666,0.6933333333333334,0.98,0.9766812169312171
CASIA2/Tp/Tp_D_CRN_S_N_cha10149_cha10148_12225.jpg,0.53,0.8,0.9737584175084176,0.9801540404040403
CASIA2/Tp/Tp_D_CRN_S_N_cha10150_cha00040_12221.jpg,0.8933333333333333,0.93,1.0,0.9852698412698415
CASIA2/Tp/Tp_D_CRN_S_N_cha10159_cha00086_12329.jpg,0.7633333333333333,0.9566666666666667,0.99,0.9966666666666667
CASIA2/Tp/Tp_D_CRN_S_N_cha10169_cha10171_12290.jpg,0.53,0.5533333333333333,0.56,0.5819406565656565
CASIA2/Tp/Tp_D_CRN_S_N_cha10186_cha00086_12312.jpg,0.7866666666666666,0.9266666666666666,0.98,0.9844920634920636
CASIA2/Tp/Tp_D_CRN_S_N_cha10188_cha00086_12306.jpg,0.8566666666666667,0.8733333333333333,0.89,0.8610356865356869
CASIA2/Tp/Tp_D_CRN_S_N_cha10208_cha10207_12342.jpg,0.8133333333333334,0.96,0.8233333333333334,0.9413161375661375
CASIA2/Tp/Tp_D_CRN_S_N_ind00006_art00076_11745.jpg,0.10333333333333333,0.94,1.0,0.9692458097458098
CASIA2/Tp/Tp_D_CRN_S_N_ind00087_ind00084_11750.jpg,0.8533333333333334,0.9333333333333333,0.9774242424242425,0.9868790283790285
CASIA2/Tp/Tp_D_CRN_S_N_ind00089_ind00088_00484.tif,0.5333333333333333,0.46,1.0,1.0
CASIA2/Tp/Tp_D_CRN_S_N_ind00100_cha00026_00489.tif,0.24,0.14,1.0,0.9983333333333333
CASIA2/Tp/Tp_D_CRN_S_N_nat00004_art00025_11426.jpg,0.7733333333333333,0.9233333333333333,0.98,0.9916753034547154
CASIA2/Tp/Tp_D_CRN_S_N_nat00033_cha00086_11502.jpg,0.9966666666666667,0.9933333333333333,1.0,0.9885158730158728
CASIA2/Tp/Tp_D_CRN_S_N_nat00099_ani00017_10220.tif,0.9966666666666667,1.0,1.0,0.9994444444444446
CASIA2/Tp/Tp_D_CRN_S_N_nat00099_nat00061_10074.tif,1.0,0.9966666666666667,1.0,1.0
CASIA2/Tp/Tp_D_CRN_S_N_nat00099_nat00061_10075.tif,0.94,0.96,1.0,1.0
CASIA2/Tp/Tp_D_CRN_S_N_nat10108_sec00097_11696.jpg,0.4866666666666667,0.88,0.7895037138787138,0.8141615976615979
CASIA2/Tp/Tp_D_CRN_S_N_nat10113_ani00070_11482.jpg,0.7766666666666666,0.8,0.8833333333333333,0.8907452147525676
CASIA2/Tp/Tp_D_CRN_S_N_nat10128_ani00070_11539.jpg,0.56,0.7966666666666666,0.9133333333333333,0.7544815277315282
CASIA2/Tp/Tp_D_CRN_S_N_nat10129_ani00100_11644.jpg,0.58,0.8,0.91,0.8832065897065896
CASIA2/Tp/Tp_D_CRN_S_N_nat10130_pla00049_11524.jpg,0.86,0.9333333333333333,0.9533333333333334,0.9206037157287159
CASIA2/Tp/Tp_D_CRN_S_N_nat10145_ani00022_11986.jpg,0.8333333333333334,0.9166666666666666,1.0,1.0
CASIA2/Tp/Tp_D_CRN_S_N_nat10145_ani00037_11983.jpg,0.9633333333333334,0.9866666666666667,1.0,1.0
CASIA2/Tp/Tp_D_CRN_S_N_nat10145_ani00099_11990.jpg,0.9266666666666666,0.9733333333333334,1.0,1.0
CASIA2/Tp/Tp_D_CRN_S_N_nat10161_art00021_12084.jpg,0.9966666666666667,0.9833333333333333,0.9993636363636363,0.9876419413919414
CASIA2/Tp/Tp_D_CRN_S_N_nat10163_sec00097_12089.jpg,0.63,0.8733333333333333,0.9990476190476191,0.9979999999999999
CASIA2/Tp/Tp_D_CRN_S_N_nat10164_ani00005_12093.jpg,0.9,0.8766666666666667,1.0,0.9993333333333334
CASIA2/Tp/Tp_D_CRN_S_N_nat10169_ani00097_12111.jpg,0.89,0.89,0.99,0.9833015873015873
CASIA2/Tp/Tp_D_CRN_S_N_pla00006_pla00005_10943.jpg,0.9233333333333333,0.9733333333333334,1.0,0.996138888888889
CASIA2/Tp/Tp_D_CRN_S_N_pla00006_pla00007_10942.jpg,0.9866666666666667,0.9866666666666667,1.0,0.9967222222222222
CASIA2/Tp/Tp_D_CRN_S_N_pla00023_pla00024_10953.jpg,0.99,1.0,1.0,0.9983333333333333
CASIA2/Tp/Tp_D_CRN_S_N_pla00037_ani00013_00572.tif,0.9966666666666667,0.9933333333333333,1.0,0.9990476190476191
CASIA2/Tp/Tp_D_CRN_S_N_pla00037_pla00038_10064.tif,0.9733333333333334,0.98,1.0,1.0
CASIA2/Tp/Tp_D_CRN_S_N_pla00044_pla00044_10974.jpg,0.81,0.94,0.9966666666666667,0.9954999999999999
CASIA2/Tp/Tp_D_CRN_S_N_pla00100_sec00097_11289.jpg,0.5133333333333333,0.74,0.9266666666666666,0.9240447700447703
CASIA2/Tp/Tp_D_CRN_S_N_pla10121_sec00097_11692.jpg,0.4533333333333333,0.5733333333333334,0.9233333333333333,0.869351781116487
CASIA2/Tp/Tp_D_CRN_S_N_sec00022_art00076_11743.jpg,0.8666666666666667,0.9733333333333334,1.0,1.0
CASIA2/Tp/Tp_D_CRN_S_N_sec00023_ind00043_10887.jpg,0.7333333333333333,0.9633333333333334,0.9966666666666667,1.0
CASIA2/Tp/Tp_D_CRN_S_N_sec00040_cha00086_11406.jpg,0.9133333333333333,0.8833333333333333,0.9866666666666667,0.9765558053058053
CASIA2/Tp/Tp_D_CRN_S_N_sec00041_sec00034_11251.jpg,0.9166666666666666,0.9733333333333334,0.984420634920635,0.998611111111111
CASIA2/Tp/Tp_D_CRN_S_N_sec00052_sec00055_11238.jpg,0.39,0.89,0.9933333333333333,0.9891296296296296
CASIA2/Tp/Tp_D_CRN_S_N_sec00054_sec00055_11235.jpg,0.6233333333333333,0.9433333333333334,0.9566666666666667,0.9958796296296297
CASIA2/Tp/Tp_D_CRN_S_N_sec00058_art00002_00079.tif,1.0,1.0,1.0,1.0
CASIA2/Tp/Tp_D_CRN_S_N_sec00061_sec00097_11694.jpg,0.13666666666666666,0.7733333333333333,0.9933333333333333,0.9229563954563955
CASIA2/Tp/Tp_D_CRN_S_N_sec00071_art00028_11281.jpg,0.9266666666666666,0.9333333333333333,0.9961666666666668,0.9979292929292929
CASIA2/Tp/Tp_D_CRN_S_N_sec00072_cha00026_00093.tif,0.9933333333333333,0.9933333333333333,1.0,1.0
CASIA2/Tp/Tp_D_CRN_S_N_sec00077_art00039_00098.tif,0.99,0.9866666666666667,1.0,0.9964444444444447
CASIA2/Tp/Tp_D_CRN_S_N_sec00097_txt00070_11317.jpg,0.94,0.9633333333333334,0.96,0.9716465663965664
CASIA2/Tp/Tp_D_CRN_S_N_txt00039_txt00041_10828.jpg,0.58,0.8733333333333333,0.8008680116180116,0.8220314685314684
CASIA2/Tp/Tp_D_CRN_S_N_txt00041_txt00039_10829.jpg,0.7733333333333333,0.8433333333333334,0.8866666666666667,0.9535943362193363
CASIA2/Tp/Tp_D_CRN_S_N_txt00047_txt00048_11320.jpg,0.18,0.79,0.9417401394901393,0.8675238927738931
CASIA2/Tp/Tp_D_CRN_S_N_txt00055_txt00048_11329.jpg,0.61,0.7633333333333333,0.9066209716209719,0.8337480090715386
CASIA2/Tp/Tp_D_CRN_S_N_txt00073_txt00071_11303.jpg,0.33,0.79,0.9553390313390318,0.9476257353757357
CASIA2/Tp/Tp_D_CRN_S_N_txt00077_txt00082_11295.jpg,0.5533333333333333,0.8233333333333334,0.9179932752432751,0.952322631072631
CASIA2/Tp/Tp_D_CRN_S_O_ani10103_ani10111_10636.jpg,0.7033333333333334,0.66,0.5766666666666667,0.741854016354016
CASIA2/Tp/Tp_D_CRN_S_O_ani10180_ani10206_12425.jpg,0.7633333333333333,0.8566666666666667,0.982592352092352,0.9838681318681318
CASIA2/Tp/Tp_D_CRN_S_O_cha00030_ani00068_10042.tif,0.86,0.77,1.0,1.0
CASIA2/Tp/Tp_D_CRN_S_O_cha00099_ani00061_10045.tif,0.9933333333333333,0.9966666666666667,1.0,1.0
CASIA2/Tp/Tp_D_NND_L_B_arc00033_nat00095_00253.tif,0.5933333333333334,0.69,1.0,1.0
CASIA2/Tp/Tp_D_NND_L_B_arc00072_nat00097_00292.tif,0.15666666666666668,0.4533333333333333,0.9991666666666666,0.9985714285714286
CASIA2/Tp/Tp_D_NND_L_N_ani00070_nat00099_10503.tif,0.85,0.8933333333333333,1.0,1.0
CASIA2/Tp/Tp_D_NND_M_B_arc00097_arc00086_00317.tif,0.9566666666666667,0.9833333333333333,1.0,0.9972222222222222
CASIA2/Tp/Tp_D_NND_M_B_cha00094_cha00095_11445.jpg,0.7433333333333333,0.91,0.9896481481481479,0.999
CASIA2/Tp/Tp_D_NND_M_B_nat20098_nat20073_01602.tif,0.4033333333333333,0.36333333333333334,1.0,0.9984175084175084
CASIA2/Tp/Tp_D_NND_M_B_sec00077_txt00059_10387.tif,0.5533333333333333,0.63,1.0,1.0
CASIA2/Tp/Tp_D_NND_M_B_sec00077_txt00065_10388.tif,0.36666666666666664,0.5633333333333334,0.99,0.9913329725829726
CASIA2/Tp/Tp_D_NND_M_B_sec00098_nat00033_00118.tif,0.9766666666666667,0.94,1.0,1.0
CASIA2/Tp/Tp_D_NND_M_N_arc00048_arc00086_00268.tif,0.81,0.8966666666666666,1.0,0.9993333333333334
CASIA2/Tp/Tp_D_NND_M_N_arc00049_arc00092_00269.tif,0.89,0.9733333333333334,0.9990235690235689,0.9952094017094016
CASIA2/Tp/Tp_D_NND_M_N_arc00058_arc00086_00278.tif,0.95,0.9966666666666667,1.0,1.0
CASIA2/Tp/Tp_D_NND_M_N_nat20025_arc20001_02225.tif,0.52,0.5466666666666666,0.9994444444444444,1.0
CASIA2/Tp/Tp_D_NND_M_N_pla00085_pla00086_00012.tif,0.9366666666666666,0.96,1.0,0.9991666666666666
CASIA2/Tp/Tp_D_NND_M_N_txt00099_nat00059_11124.jpg,0.7133333333333334,0.9366666666666666,0.9976296296296296,0.9979999999999999
CASIA2/Tp/Tp_D_NND_M_O_cha00097_txt00033_10171.tif,0.42,0.59,0.9979444444444444,0.9948055555555555
CASIA2/Tp/Tp_D_NND_M_O_txt00033_cha00097_10172.tif,0.47333333333333333,0.6233333333333333,0.9988888888888887,0.9983333333333333
CASIA2/Tp/Tp_D_NND_S_B_ind00003_cha00040_00423.tif,0.31333333333333335,0.21,1.0,1.0
CASIA2/Tp/Tp_D_NND_S_B_pla20083_pla20084_02358.tif,0.2966666666666667,0.25333333333333335,1.0,0.9950357142857141
CASIA2/Tp/Tp_D_NND_S_N_cha00010_arc00086_00330.tif,0.8,0.73,0.997857142857143,1.0
CASIA2/Tp/Tp_D_NND_S_N_cha10144_cha10146_12230.jpg,0.9133333333333333,0.9366666666666666,0.9933333333333333,0.9961666666666668
CASIA2/Tp/Tp_D_NND_S_N_ind00016_ind00017_00432.tif,1.0,1.0,1.0,1.0
CASIA2/Tp/Tp_D_NND_S_N_nat00011_nat00007_00631.tif,0.9966666666666667,0.9733333333333334,1.0,1.0
CASIA2/Tp/Tp_D_NND_S_N_nat00015_cha00096_00634.tif,1.0,0.9433333333333334,1.0,0.9994444444444444
CASIA2/Tp/Tp_D_NND_S_N_sec00060_sec00059_11270.jpg,0.6066666666666667,0.9733333333333334,0.9966538461538461,0.9911680911680912
CASIA2/Tp/Tp_D_NND_S_N_sec00071_ind00084_11275.jpg,1.0,0.9933333333333333,0.9970000000000001,1.0
CASIA2/Tp/Tp_D_NND_S_N_txt00061_txt00083_10825.jpg,0.77,0.8433333333333334,0.7333333333333333,0.9522426647426651
CASIA2/Tp/Tp_D_NND_S_N_txt00062_txt00083_10824.jpg,0.6933333333333334,0.7666666666666667,0.8049482924482925,0.865848364598365
CASIA2/Tp/Tp_D_NNN_L_B_ani00070_nat00099_00190.tif,0.94,0.9433333333333334,1.0,1.0
CASIA2/Tp/Tp_D_NNN_L_B_arc00032_nat00095_00252.tif,0.8533333333333334,0.8766666666666667,0.9933333333333333,0.998076923076923
CASIA2/Tp/Tp_D_NNN_L_B_arc00038_nat00007_00258.tif,0.9966666666666667,0.9966666666666667,1.0,1.0
CASIA2/Tp/Tp_D_NNN_L_N_ani00010_nat00095_10218.tif,0.67,0.6533333333333333,0.9950949975949976,0.9906349206349209
CASIA2/Tp/Tp_D_NNN_L_N_ani00010_nat00099_10217.tif,0.9933333333333333,0.99,1.0,1.0
CASIA2/Tp/Tp_D_NNN_L_N_arc00011_ani00058_00231.tif,0.86,0.8433333333333334,0.9966666666666667,0.9937222222222224
CASIA2/Tp/Tp_D_NNN_L_N_cha00074_txt00068_10193.tif,0.3466666666666667,0.6133333333333333,0.9966666666666667,0.9967222222222222
CASIA2/Tp/Tp_D_NNN_L_N_txt00068_cha00074_10194.tif,0.54,0.5633333333333334,1.0,0.9986666666666667
CASIA2/Tp/Tp_D_NNN_L_O_ani00001_nat00037_00121.tif,0.9966666666666667,0.9933333333333333,1.0,0.9677251082251083
CASIA2/Tp/Tp_D_NNN_M_B_arc00040_nat00070_00260.tif,0.9733333333333334,0.99,1.0,1.0
CASIA2/Tp/Tp_D_NNN_M_B_arc00054_nat10136_11920.jpg,0.9066666666666666,0.9566666666666667,0.99,0.9975476190476191
CASIA2/Tp/Tp_D_NNN_M_B_arc00073_nat00095_00293.tif,0.9666666666666667,0.9933333333333333,1.0,1.0
CASIA2/Tp/Tp_D_NNN_M_B_arc10117_arc10115_10744.jpg,0.41,0.7666666666666667,1.0,0.9593930606430607
CASIA2/Tp/Tp_D_NNN_M_B_art00023_nat00095_11877.jpg,0.6166666666666667,0.7533333333333333,0.87,0.9229028379028379
CASIA2/Tp/Tp_D_NNN_M_B_art00037_txt10112_10108.tif,0.57,0.6533333333333333,1.0,0.9956111111111111
CASIA2/Tp/Tp_D_NNN_M_B_art00049_nat00013_11764.jpg,0.9933333333333333,1.0,0.9906944444444444,0.9986111111111112
CASIA2/Tp/Tp_D_NNN_M_B_art00052_arc00023_11851.jpg,0.8266666666666667,0.9633333333333334,0.9890423280423282,0.9954074074074075
CASIA2/Tp/Tp_D_NNN_M_B_art00052_nat00059_11847.jpg,0.9233333333333333,0.9166666666666666,0.9661356143856146,0.9752619047619049
CASIA2/Tp/Tp_D_NNN_M_B_art00069_nat00013_11844.jpg,0.9933333333333333,0.9966666666666667,1.0,0.9983333333333333
CASIA2/Tp/Tp_D_NNN_M_B_art00069_nat00095_11843.jpg,0.9766666666666667,0.9866666666666667,1.0,0.9952089947089945
CASIA2/Tp/Tp_D_NNN_M_B_art10110_nat00097_11568.jpg,0.98,0.9966666666666667,0.9187880545380548,0.9610090095090097
CASIA2/Tp/Tp_D_NNN_M_B_cha00089_cha00082_10198.tif,0.9933333333333333,0.9966666666666667,1.0,1.0
CASIA2/Tp/Tp_D_NNN_M_B_cha10198_nat10160_12364.jpg,0.8433333333333334,0.9433333333333334,0.9933333333333333,0.9994444444444446
CASIA2/Tp/Tp_D_NNN_M_B_nat00004_nat00059_11487.jpg,0.6433333333333333,0.8933333333333333,0.9833333333333333,0.9880674390968509
CASIA2/Tp/Tp_D_NNN_M_B_nat00004_nat00095_11488.jpg,0.6333333333333333,0.7733333333333333,0.97,0.9803895891690009
CASIA2/Tp/Tp_D_NNN_M_B_nat00004_nat00097_11486.jpg,0.5533333333333333,0.87,0.9966666666666667,0.9943769629063748
CASIA2/Tp/Tp_D_NNN_M_B_nat00022_nat00031_00640.tif,0.99,0.98,1.0,0.9995833333333334
CASIA2/Tp/Tp_D_NNN_M_B_nat00060_nat00062_11106.jpg,0.14,0.8633333333333333,0.9372732854906769,0.9504693362193363
CASIA2/Tp/Tp_D_NNN_M_B_nat00085_nat00097_11285.jpg,0.96,0.9933333333333333,1.0,0.9978333333333335
CASIA2/Tp/Tp_D_NNN_M_B_nat10106_nat00097_11352.jpg,0.6,0.8166666666666667,0.9589656084656087,0.9312870000370002
CASIA2/Tp/Tp_D_NNN_M_B_nat10128_ani00058_11541.jpg,0.4166666666666667,0.65,0.9333333333333333,0.7272433584933586
CASIA2/Tp/Tp_D_NNN_M_B_nat10128_nat00086_11538.jpg,0.45666666666666667,0.74,0.9,0.8465856273356274
CASIA2/Tp/Tp_D_NNN_M_B_nat10128_nat00099_11537.jpg,0.4666666666666667,0.6833333333333333,0.83,0.755708731083731
CASIA2/Tp/Tp_D_NNN_M_B_nat10161_nat10159_12082.jpg,0.99,0.98,0.9952777777777779,1.0
CASIA2/Tp/Tp_D_NNN_M_B_sec00015_sec00082_00036.tif,0.9733333333333334,0.9733333333333334,1.0,1.0
CASIA2/Tp/Tp_D_NNN_M_B_sec00028_nat00007_00049.tif,0.9133333333333333,0.95,1.0,1.0
CASIA2/Tp/Tp_D_NNN_M_B_sec00036_nat00035_20123.tif,0.9966666666666667,1.0,1.0,1.0
CASIA2/Tp/Tp_D_NNN_M_N_ani00019_nat00059_11864.jpg,0.5866666666666667,0.9433333333333334,0.9933333333333333,0.9948333333333333
CASIA2/Tp/Tp_D_NNN_M_N_ani00019_nat00095_11863.jpg,0.72,0.95,0.9966666666666667,0.9869074074074073
CASIA2/Tp/Tp_D_NNN_M_N_ani00019_nat10122_11865.jpg,0.6433333333333333,0.93,1.0,0.9938611111111112
CASIA2/Tp/Tp_D_NNN_M_N_ani00051_ani00054_11131.jpg,0.9833333333333333,1.0,0.9808649591149591,0.9880079365079365
CASIA2/Tp/Tp_D_NNN_M_N_ani10132_ani10123_12477.jpg,0.85,0.9533333333333334,0.8533333333333334,0.8455356125356123
CASIA2/Tp/Tp_D_NNN_M_N_arc00008_cha00050_11769.jpg,0.6466666666666666,0.9,0.99,0.9992592592592593
CASIA2/Tp/Tp_D_NNN_M_N_arc00008_cha00063_11763.jpg,0.7533333333333333,0.9166666666666666,1.0,0.9997435897435897
CASIA2/Tp/Tp_D_NNN_M_N_arc00008_cha00070_11767.jpg,0.82,0.9266666666666666,0.9933333333333333,0.999002849002849
CASIA2/Tp/Tp_D_NNN_M_N_arc00008_nat00059_11772.jpg,0.74,0.94,0.99,0.9995833333333334
CASIA2/Tp/Tp_D_NNN_M_N_arc00010_nat00002_00230.tif,0.9966666666666667,0.9933333333333333,1.0,1.0
CASIA2/Tp/Tp_D_NNN_M_N_arc00050_arc00086_00270.tif,0.52,0.6733333333333333,1.0,0.9980952380952381
CASIA2/Tp/Tp_D_NNN_M_N_arc00054_arc00005_10006.tif,0.9533333333333334,0.91,1.0,1.0
CASIA2/Tp/Tp_D_NNN_M_N_arc00054_nat00059_11934.jpg,0.9933333333333333,0.9966666666666667,0.9966666666666667,0.9958253968253967
CASIA2/Tp/Tp_D_NNN_M_N_arc00061_nat00074_10448.tif,0.9966666666666667,0.96,1.0,1.0
CASIA2/Tp/Tp_D_NNN_M_N_arc00061_nat00099_10447.tif,0.96,0.9266666666666666,1.0,1.0
CASIA2/Tp/Tp_D_NNN_M_N_arc00065_nat00095_11455.jpg,0.8166666666666667,0.9733333333333334,0.9885242165242164,0.9881825396825398
CASIA2/Tp/Tp_D_NNN_M_N_arc00065_nat00097_11453.jpg,0.99,1.0,0.9935634920634921,0.9924240944240944
CASIA2/Tp/Tp_D_NNN_M_N_arc00065_nat10124_11454.jpg,0.9566666666666667,0.9933333333333333,0.9996666666666666,1.0
CASIA2/Tp/Tp_D_NNN_M_N_arc00069_nat00097_11207.jpg,0.92,0.9866666666666667,0.9966666666666667,0.9932222222222223
CASIA2/Tp/Tp_D_NNN_M_N_arc00070_arc00072_00290.tif,0.7733333333333333,0.8533333333333334,1.0,0.9994444444444444
CASIA2/Tp/Tp_D_NNN_M_N_arc00096_nat00059_11799.jpg,0.8666666666666667,0.9533333333333334,0.9987179487179488,1.0
CASIA2/Tp/Tp_D_NNN_M_N_arc10115_arc10117_10763.jpg,0.5766666666666667,0.8633333333333333,0.998777777777778,0.9902592592592593
CASIA2/Tp/Tp_D_NNN_M_N_arc10120_nat10156_12144.jpg,0.8633333333333333,0.96,0.9967857142857143,0.995
CASIA2/Tp/Tp_D_NNN_M_N_art00023_nat00013_11876.jpg,0.72,0.8933333333333333,0.9066666666666666,0.9314127816627817
CASIA2/Tp/Tp_D_NNN_M_N_art00023_nat00059_11875.jpg,0.8466666666666667,0.9566666666666667,0.89,0.9639926647426647
CASIA2/Tp/Tp_D_NNN_M_N_art00023_nat10122_11873.jpg,0.7933333333333333,0.9,0.8566666666666667,0.9414769952269951
CASIA2/Tp/Tp_D_NNN_M_N_art00034_nat00059_11871.jpg,0.9933333333333333,0.9966666666666667,0.9991666666666666,0.9971851851851852
CASIA2/Tp/Tp_D_NNN_M_N_art00037_nat10103_10107.tif,0.5566666666666666,0.6266666666666667,1.0,0.9988888888888889
CASIA2/Tp/Tp_D_NNN_M_N_art00037_pla10110_10106.tif,0.55,0.6633333333333333,1.0,1.0
CASIA2/Tp/Tp_D_NNN_M_N_art00049_cha00026_11789.jpg,0.7366666666666667,0.92,0.990345238095238,0.9915476190476191
CASIA2/Tp/Tp_D_NNN_M_N_art00049_cha00070_11790.jpg,1.0,0.9966666666666667,0.9936666666666667,0.9964999999999999
CASIA2/Tp/Tp_D_NNN_M_N_art00049_nat00095_11766.jpg,0.9966666666666667,1.0,0.9962673992673992,0.9933531746031747
CASIA2/Tp/Tp_D_NNN_M_N_art00049_nat10122_11765.jpg,1.0,0.9966666666666667,1.0,0.9991666666666666
CASIA2/Tp/Tp_D_NNN_M_N_art00052_arc00024_11852.jpg,0.72,0.88,0.9893134920634921,0.9601586099086101
CASIA2/Tp/Tp_D_NNN_M_N_art00052_nat00013_11848.jpg,0.8633333333333333,0.89,0.9431630221630222,0.9348518518518519
CASIA2/Tp/Tp_D_NNN_M_N_art00052_nat00095_11850.jpg,0.85,0.93,0.9606613756613755,0.9674508177008178
CASIA2/Tp/Tp_D_NNN_M_N_art00069_nat00059_11846.jpg,0.9966666666666667,1.0,1.0,0.9979999999999999
CASIA2/Tp/Tp_D_NNN_M_N_art00069_nat10122_11845.jpg,0.9866666666666667,0.9966666666666667,1.0,0.9968571428571428
CASIA2/Tp/Tp_D_NNN_M_N_art00088_txt00002_10327.tif,0.75,0.8933333333333333,1.0,1.0
CASIA2/Tp/Tp_D_NNN_M_N_art00088_txt00098_10326.tif,0.8133333333333334,0.9033333333333333,0.9993939393939394,0.9996666666666666
CASIA2/Tp/Tp_D_NNN_M_N_art00099_cha00050_11760.jpg,1.0,1.0,1.0,1.0
CASIA2/Tp/Tp_D_NNN_M_N_art10110_nat00059_11569.jpg,0.9466666666666667,0.9433333333333334,0.888319920819921,0.9563578551078552
CASIA2/Tp/Tp_D_NNN_M_N_art10115_cha00070_11525.jpg,0.89,0.8666666666666667,0.9866666666666667,0.8584062604062607
CASIA2/Tp/Tp_D_NNN_M_N_cha00007_cha00006_11161.jpg,0.5966666666666667,0.9,1.0,1.0
CASIA2/Tp/Tp_D_NNN_M_N_cha00031_ani10101_10048.tif,0.9866666666666667,0.9866666666666667,1.0,1.0
CASIA2/Tp/Tp_D_NNN_M_N_cha00067_cha00040_11670.jpg,0.9666666666666667,0.9866666666666667,0.9991666666666666,0.996
CASIA2/Tp/Tp_D_NNN_M_N_cha00074_txt00068_10192.tif,0.5166666666666667,0.76,1.0,0.9988888888888887
CASIA2/Tp/Tp_D_NNN_M_N_cha00082_cha00089_10200.tif,0.99,0.9966666666666667,1.0,1.0
CASIA2/Tp/Tp_D_NNN_M_N_cha10123_cha10127_12191.jpg,0.45,0.7733333333333333,0.9946309523809524,0.9727023809523808
CASIA2/Tp/Tp_D_NNN_M_N_cha10166_nat10142_12271.jpg,0.77,0.8266666666666667,0.9001503959003958,0.914146927146927
CASIA2/Tp/Tp_D_NNN_M_N_cha10166_nat10156_12272.jpg,0.7866666666666666,0.8766666666666667,0.9155470177970176,0.9032614052614053
CASIA2/Tp/Tp_D_NNN_M_N_cha10180_cha00070_12294.jpg,0.81,0.8066666666666666,0.6133333333333333,0.5875987199075434
CASIA2/Tp/Tp_D_NNN_M_N_nat00002_nat00097_11511.jpg,0.3333333333333333,0.78,0.9961111111111111,0.9965277777777779
CASIA2/Tp/Tp_D_NNN_M_N_nat00009_cha00062_11395.jpg,0.9666666666666667,0.9933333333333333,1.0,0.9958333333333333
CASIA2/Tp/Tp_D_NNN_M_N_nat00009_nat00013_11092.jpg,0.9366666666666666,0.9766666666666667,0.9933333333333333,1.0
CASIA2/Tp/Tp_D_NNN_M_N_nat00026_nat00028_11036.jpg,0.7566666666666667,0.9466666666666667,0.9966666666666667,0.9976666666666667
CASIA2/Tp/Tp_D_NNN_M_N_nat00033_cha00062_11380.jpg,0.9966666666666667,0.99,0.9966666666666667,0.9914047619047619
CASIA2/Tp/Tp_D_NNN_M_N_nat00048_nat00053_11076.jpg,0.26,0.8866666666666667,0.9966666666666667,0.9524606504606508
CASIA2/Tp/Tp_D_NNN_M_N_nat00060_nat00099_10570.jpg,0.27666666666666667,0.8466666666666667,0.98634126984127,0.985427248677249
CASIA2/Tp/Tp_D_NNN_M_N_nat00061_nat10123_11440.jpg,0.9733333333333334,0.9833333333333333,0.9866666666666667,0.9847277999778001
CASIA2/Tp/Tp_D_NNN_M_N_nat00073_nat00097_11103.jpg,0.9433333333333334,0.95,0.9866666666666667,0.86456697006697
CASIA2/Tp/Tp_D_NNN_M_N_nat00075_nat00097_11100.jpg,0.49666666666666665,0.9166666666666666,0.9866666666666667,0.9711600806600807
CASIA2/Tp/Tp_D_NNN_M_N_nat00095_nat00062_11358.jpg,0.8533333333333334,0.8466666666666667,0.8754681799681802,0.857649285899286
CASIA2/Tp/Tp_D_NNN_M_N_nat00096_nat00097_11096.jpg,0.95,0.9866666666666667,0.9965277777777777,0.9983333333333333
CASIA2/Tp/Tp_D_NNN_M_N_nat10103_pla10110_10115.tif,0.32,0.26666666666666666,1.0,1.0
CASIA2/Tp/Tp_D_NNN_M_N_nat10118_nat00062_11392.jpg,0.38666666666666666,0.8633333333333333,0.9433333333333334,0.8968298460798462
CASIA2/Tp/Tp_D_NNN_M_N_nat10124_nat00059_11345.jpg,0.33666666666666667,0.92,0.9874285714285713,0.9753221500721501
CASIA2/Tp/Tp_D_NNN_M_N_nat10124_nat00095_11350.jpg,0.25,0.7266666666666667,0.94000363987864,0.8811475468975467
CASIA2/Tp/Tp_D_NNN_M_N_nat10124_nat00097_11346.jpg,0.30666666666666664,0.7566666666666667,0.9771255411255415,0.9376303511303513
CASIA2/Tp/Tp_D_NNN_M_N_nat10124_nat10156_12148.jpg,0.5266666666666666,0.6533333333333333,0.9649386724386727,0.9269259074259075
CASIA2/Tp/Tp_D_NNN_M_N_nat10149_nat10147_12002.jpg,0.9933333333333333,0.9966666666666667,0.9933333333333333,0.998611111111111
CASIA2/Tp/Tp_D_NNN_M_N_nat10149_nat10156_12001.jpg,0.9933333333333333,1.0,1.0,0.9969444444444444
CASIA2/Tp/Tp_D_NNN_M_N_nat10165_nat10169_12112.jpg,0.9466666666666667,0.9733333333333334,0.9869259259259261,0.9820555555555556
CASIA2/Tp/Tp_D_NNN_M_N_pla10110_nat10103_10116.tif,0.3,0.38333333333333336,0.9993333333333334,0.997857142857143
CASIA2/Tp/Tp_D_NNN_M_N_pla10121_cha00027_11669.jpg,0.5033333333333333,0.47333333333333333,0.88,0.7403459087209088
CASIA2/Tp/Tp_D_NNN_M_N_pla10121_cha00028_11659.jpg,0.5266666666666666,0.68,0.8966666666666666,0.8510397426647427
CASIA2/Tp/Tp_D_NNN_M_N_sec00021_arc10118_10778.jpg,0.9,0.96,0.9966666666666667,0.9912621082621085
CASIA2/Tp/Tp_D_NNN_M_N_sec00030_nat00097_00051.tif,0.8733333333333333,0.84,1.0,1.0
CASIA2/Tp/Tp_D_NNN_M_N_sec00036_nat00095_00057.tif,0.96,0.96,0.99875,1.0
CASIA2/Tp/Tp_D_NNN_M_N_sec00041_nat00097_11253.jpg,0.8766666666666667,0.9766666666666667,0.9773611111111112,0.9976587301587301
CASIA2/Tp/Tp_D_NNN_M_N_sec00041_nat00099_10512.tif,0.9933333333333333,0.98,1.0,1.0
CASIA2/Tp/Tp_D_NNN_M_N_sec00046_nat00097_00067.tif,0.9833333333333333,0.9533333333333334,1.0,1.0
CASIA2/Tp/Tp_D_NNN_M_N_sec00058_nat00097_11273.jpg,0.9933333333333333,0.9966666666666667,0.9990476190476191,1.0
CASIA2/Tp/Tp_D_NNN_M_N_sec00061_nat00095_00082.tif,0.5733333333333334,0.6833333333333333,1.0,0.9993333333333334
CASIA2/Tp/Tp_D_NNN_M_N_sec00061_nat00097_11264.jpg,0.8933333333333333,0.9433333333333334,0.9733333333333334,0.9735038480038483
CASIA2/Tp/Tp_D_NNN_M_N_sec00064_nat00097_11260.jpg,0.92,0.9566666666666667,1.0,0.9994444444444446
CASIA2/Tp/Tp_D_NNN_M_N_sec00087_cha00062_11470.jpg,0.9966666666666667,1.0,0.9747498982498981,0.9978333333333335
CASIA2/Tp/Tp_D_NNN_M_N_sec00089_cha00062_11491.jpg,0.9833333333333333,1.0,0.94,1.0
CASIA2/Tp/Tp_D_NNN_M_N_sec00089_nat00059_11120.jpg,0.9833333333333333,0.9966666666666667,0.89,0.9949947089947089
CASIA2/Tp/Tp_D_NNN_M_N_sec20011_nat20033_01446.tif,0.34,0.44333333333333336,0.9966666666666667,1.0
CASIA2/Tp/Tp_D_NNN_M_N_sec20047_arc20001_02128.tif,0.9666666666666667,0.8666666666666667,1.0,1.0
CASIA2/Tp/Tp_D_NNN_M_N_sec20059_arc20022_02134.tif,0.9633333333333334,0.9433333333333334,1.0,0.9971666666666666
CASIA2/Tp/Tp_D_NNN_M_N_txt00013_txt00019_10847.jpg,0.8533333333333334,0.87,0.9775859233359233,0.95445670995671
CASIA2/Tp/Tp_D_NNN_M_N_txt00025_txt00098_10328.tif,1.0,0.9933333333333333,1.0,1.0
CASIA2/Tp/Tp_D_NNN_M_N_txt00040_txt00042_10007.tif,0.6133333333333333,0.49666666666666665,1.0,0.9767142857142858
CASIA2/Tp/Tp_D_NNN_M_N_txt00043_txt00051_10379.tif,0.58,0.6,1.0,0.9973824786324786
CASIA2/Tp/Tp_D_NNN_M_N_txt00049_txt00059_10367.tif,0.5066666666666667,0.5933333333333334,1.0,0.9961534391534392
CASIA2/Tp/Tp_D_NNN_M_N_txt00050_txt00059_10369.tif,0.57,0.5433333333333333,0.9993333333333334,0.9963769841269842
CASIA2/Tp/Tp_D_NNN_M_N_txt00054_txt00059_10370.tif,0.59,0.39666666666666667,1.0,0.9986904761904764
CASIA2/Tp/Tp_D_NNN_M_N_txt00059_txt00050_10373.tif,0.8366666666666667,0.7866666666666666,1.0,0.9936111111111112
CASIA2/Tp/Tp_D_NNN_M_N_txt00060_txt00061_10186.tif,0.68,0.6533333333333333,1.0,0.99875
CASIA2/Tp/Tp_D_NNN_M_N_txt00060_txt00062_10183.tif,0.87,0.7533333333333333,0.9975,0.9993333333333334
CASIA2/Tp/Tp_D_NNN_M_N_txt00061_txt00062_10184.tif,0.8166666666666667,0.7266666666666667,1.0,0.9980555555555556
CASIA2/Tp/Tp_D_NNN_M_N_txt00062_txt00061_10185.tif,0.8966666666666666,0.75,1.0,0.988904761904762
CASIA2/Tp/Tp_D_NNN_M_N_txt00065_txt00066_10008.tif,0.62,0.62,1.0,0.9881861471861474
CASIA2/Tp/Tp_D_NNN_M_N_txt00066_txt00065_10121.tif,0.9333333333333333,0.8333333333333334,0.99875,0.9952142857142856
CASIA2/Tp/Tp_D_NNN_M_N_txt00066_txt00065_10122.tif,0.9033333333333333,0.8433333333333334,0.9970833333333333,0.9954603174603176
CASIA2/Tp/Tp_D_NNN_M_N_txt00068_txt00065_10123.tif,0.5033333333333333,0.57,1.0,0.9787509620009621
CASIA2/Tp/Tp_D_NNN_M_N_txt10109_txt00097_10815.jpg,0.45666666666666667,0.7266666666666667,0.9333333333333333,0.9235365560365558
CASIA2/Tp/Tp_D_NNN_M_O_arc00041_nat00097_00261.tif,0.97,0.98,1.0,1.0
CASIA2/Tp/Tp_D_NNN_M_O_art00052_nat10122_11849.jpg,0.75,0.92,0.9312003182003182,0.9351743811743813
CASIA2/Tp/Tp_D_NNN_M_O_nat00033_ani00031_10078.tif,0.9966666666666667,0.9933333333333333,1.0,1.0
CASIA2/Tp/Tp_D_NNN_M_O_sec00017_cha00085_10785.jpg,0.9666666666666667,0.96,0.9919801587301588,0.9797915695415699
CASIA2/Tp/Tp_D_NNN_M_O_sec00031_nat00062_00052.tif,1.0,1.0,1.0,0.9995238095238096
CASIA2/Tp/Tp_D_NNN_M_O_sec00039_nat00001_00060.tif,0.9,0.97,1.0,0.9980833333333333
CASIA2/Tp/Tp_D_NNN_M_O_sec20056_sec20042_01646.tif,0.9933333333333333,0.9766666666666667,1.0,1.0
CASIA2/Tp/Tp_D_NNN_S_B_ani00055_ani00089_11137.jpg,0.9333333333333333,0.99,0.9933333333333333,0.9991666666666666
CASIA2/Tp/Tp_D_NNN_S_B_ani20056_ani20057_02099.tif,0.9733333333333334,0.96,1.0,1.0
CASIA2/Tp/Tp_D_NNN_S_B_arc00023_cha00023_20092.jpg,1.0,0.9233333333333333,1.0,0.987909090909091
CASIA2/Tp/Tp_D_NNN_S_B_arc00059_nat00059_11829.jpg,0.95,0.9966666666666667,0.9966666666666667,0.9924285714285715
CASIA2/Tp/Tp_D_NNN_S_B_arc20098_arc20030_02198.tif,0.7166666666666667,0.7133333333333334,1.0,1.0
CASIA2/Tp/Tp_D_NNN_S_B_art00003_cha00028_01427.tif,0.07,0.37333333333333335,0.991595238095238,0.9894945054945055
CASIA2/Tp/Tp_D_NNN_S_B_art00032_nat00003_00510.tif,0.7133333333333334,0.9366666666666666,1.0,1.0
CASIA2/Tp/Tp_D_NNN_S_B_art00097_cha00047_01384.tif,0.9933333333333333,0.98,1.0,0.9991666666666666
CASIA2/Tp/Tp_D_NNN_S_B_art20029_art20034_02336.tif,0.42,0.4533333333333333,1.0,0.9992592592592593
CASIA2/Tp/Tp_D_NNN_S_B_art20064_nat20042_02325.tif,0.69,0.6433333333333333,1.0,1.0
CASIA2/Tp/Tp_D_NNN_S_B_cha00022_arc00097_00342.tif,1.0,0.9866666666666667,1.0,0.9993333333333334
CASIA2/Tp/Tp_D_NNN_S_B_cha00023_cha00022_00343.tif,0.9933333333333333,1.0,1.0,1.0
CASIA2/Tp/Tp_D_NNN_S_B_cha00081_cha00065_00401.tif,0.9733333333333334,0.9833333333333333,1.0,1.0
CASIA2/Tp/Tp_D_NNN_S_B_cha00088_cha00063_00408.tif,1.0,0.9966666666666667,1.0,1.0
CASIA2/Tp/Tp_D_NNN_S_B_cha00088_txt00068_10182.tif,0.64,0.5366666666666666,1.0,0.9808694546194546
CASIA2/Tp/Tp_D_NNN_S_B_cha00100_cha00020_00420.tif,0.82,0.7,1.0,0.9952371794871795
CASIA2/Tp/Tp_D_NNN_S_B_ind00057_ind00066_01346.tif,0.5833333333333334,0.34,1.0,1.0
CASIA2/Tp/Tp_D_NNN_S_B_ind00070_cha00089_00471.tif,0.77,0.7,1.0,0.9972500000000001
CASIA2/Tp/Tp_D_NNN_S_B_ind00079_ind00080_00477.tif,0.6733333333333333,0.6933333333333334,1.0,1.0
CASIA2/Tp/Tp_D_NNN_S_B_nat00012_ani00031_00632.tif,0.9766666666666667,0.9633333333333334,1.0,1.0
CASIA2/Tp/Tp_D_NNN_S_B_nat00013_cha00015_20050.jpg,0.86,0.8766666666666667,0.9933333333333333,0.9742206589706588
CASIA2/Tp/Tp_D_NNN_S_B_nat00019_nat00007_00637.tif,1.0,0.9966666666666667,1.0,1.0
CASIA2/Tp/Tp_D_NNN_S_B_nat00021_cha00063_00639.tif,0.9766666666666667,0.9833333333333333,1.0,0.9985714285714286
CASIA2/Tp/Tp_D_NNN_S_B_nat00023_nat00007_00641.tif,0.7933333333333333,0.8733333333333333,1.0,1.0
CASIA2/Tp/Tp_D_NNN_S_B_nat00027_nat00030_11094.jpg,0.8366666666666667,0.9166666666666666,0.9733333333333334,0.9891150793650797
CASIA2/Tp/Tp_D_NNN_S_B_nat00036_cha00097_00650.tif,1.0,1.0,1.0,0.9966666666666667
CASIA2/Tp/Tp_D_NNN_S_B_nat00036_cha00097_00699.tif,1.0,1.0,1.0,0.9966666666666667
CASIA2/Tp/Tp_D_NNN_S_B_nat00036_nat00034_20124.tif,0.96,0.97,1.0,1.0
CASIA2/Tp/Tp_D_NNN_S_B_nat00038_nat00002_00652.tif,0.9266666666666666,0.9533333333333334,1.0,1.0
CASIA2/Tp/Tp_D_NNN_S_B_nat00061_art00020_11442.jpg,0.8533333333333334,0.9566666666666667,0.9933333333333333,0.9810714285714285
CASIA2/Tp/Tp_D_NNN_S_B_nat00079_nat00040_00676.tif,0.61,0.9533333333333334,1.0,1.0
CASIA2/Tp/Tp_D_NNN_S_B_nat00082_cha00096_00678.tif,0.76,0.9466666666666667,1.0,1.0
CASIA2/Tp/Tp_D_NNN_S_B_nat00089_nat00065_00696.tif,0.43,0.6666666666666666,1.0,1.0
CASIA2/Tp/Tp_D_NNN_S_B_nat20007_nat20011_02213.tif,0.5133333333333333,0.49333333333333335,1.0,0.9970000000000001
CASIA2/Tp/Tp_D_NNN_S_B_nat20037_nat20042_02240.tif,0.9866666666666667,0.9833333333333333,1.0,0.9925925925925928
CASIA2/Tp/Tp_D_NNN_S_B_pla00090_cha00028_00348.tif,0.8666666666666667,0.93,1.0,0.9990769230769232
CASIA2/Tp/Tp_D_NNN_S_B_sec00011_cha00051_00371.tif,0.9733333333333334,0.9833333333333333,0.9966666666666667,1.0
CASIA2/Tp/Tp_D_NNN_S_B_sec00020_ind00020_20013.jpg,0.9733333333333334,0.9666666666666667,0.9733333333333334,0.9351349206349208
CASIA2/Tp/Tp_D_NNN_S_B_sec00064_nat00095_00742.tif,0.7266666666666667,0.6533333333333333,1.0,0.9964761904761906
CASIA2/Tp/Tp_D_NNN_S_B_sec00072_sec00072_00727.tif,0.9466666666666667,0.9866666666666667,1.0,1.0
CASIA2/Tp/Tp_D_NNN_S_B_sec00091_cha00085_00111.tif,0.37666666666666665,0.7566666666666667,1.0,1.0
CASIA2/Tp/Tp_D_NNN_S_B_sec10001_arc00020_20006.jpg,0.6866666666666666,0.55,0.6867256123506125,0.540958041958042
CASIA2/Tp/Tp_D_NNN_S_B_txt00068_cha00065_10178.tif,0.6433333333333333,0.5,1.0,0.9850361212861213
CASIA2/Tp/Tp_D_NNN_S_N_ani00010_ani00017_10215.tif,0.31333333333333335,0.41333333333333333,0.9978333333333335,0.9795304232804233
CASIA2/Tp/Tp_D_NNN_S_N_ani00016_ani00013_00136.tif,0.33666666666666667,0.23,1.0,1.0
CASIA2/Tp/Tp_D_NNN_S_N_ani10113_ani10112_11625.jpg,0.2733333333333333,0.79,0.970152680652681,0.8781449568949565
CASIA2/Tp/Tp_D_NNN_S_N_ani10113_ani10114_11631.jpg,0.31333333333333335,0.8033333333333333,0.9650942760942766,0.8699763662263661
CASIA2/Tp/Tp_D_NNN_S_N_ani10114_ani10112_11627.jpg,0.23,0.5966666666666667,0.9933333333333333,0.8298575036075035
CASIA2/Tp/Tp_D_NNN_S_N_ani10166_ani00070_12444.jpg,0.5233333333333333,0.5033333333333333,0.4066666666666667,0.3587074314574314
CASIA2/Tp/Tp_D_NNN_S_N_ani10168_ani10196_12449.jpg,0.45666666666666667,0.28,0.2866666666666667,0.30924847374847386
CASIA2/Tp/Tp_D_NNN_S_N_ani10174_ani10173_12454.jpg,0.4,0.7566666666666667,0.9666666666666667,0.9664441049146933
CASIA2/Tp/Tp_D_NNN_S_N_ani10176_ani10175_12460.jpg,0.2633333333333333,0.73,0.95,0.9787830687830686
CASIA2/Tp/Tp_D_NNN_S_N_ani10177_ani10179_12488.jpg,0.59,0.8433333333333334,0.9962777777777777,0.9996296296296298
CASIA2/Tp/Tp_D_NNN_S_N_ani10181_ani10180_12427.jpg,0.7033333333333334,0.6333333333333333,0.9066666666666666,0.971518278018278
CASIA2/Tp/Tp_D_NNN_S_N_ani10193_ani10195_12442.jpg,0.62,0.9333333333333333,0.9866666666666667,0.9963809523809524
CASIA2/Tp/Tp_D_NNN_S_N_ani10199_ani10200_12411.jpg,0.48333333333333334,0.67,0.9166666666666666,0.8014098124098126
CASIA2/Tp/Tp_D_NNN_S_N_ani10200_ani10199_12409.jpg,0.5533333333333333,0.7233333333333334,0.9453548129430484,0.947533808783809
CASIA2/Tp/Tp_D_NNN_S_N_ani10201_ani10200_12412.jpg,0.6133333333333333,0.9,0.94478848003848,0.9671082251082251
CASIA2/Tp/Tp_D_NNN_S_N_ani10218_ani10219_12386.jpg,0.42333333333333334,0.38333333333333336,0.7936863876863874,0.7867811447811448
CASIA2/Tp/Tp_D_NNN_S_N_ani20005_ani20001_02048.tif,1.0,0.9966666666666667,1.0,0.9983333333333333
CASIA2/Tp/Tp_D_NNN_S_N_ani20016_ani20017_02059.tif,0.9866666666666667,0.9933333333333333,1.0,0.9973015873015874
CASIA2/Tp/Tp_D_NNN_S_N_ani20069_ani20070_02111.tif,0.38333333333333336,0.44666666666666666,1.0,1.0
CASIA2/Tp/Tp_D_NNN_S_N_arc00017_ani00058_00237.tif,0.97,0.9733333333333334,1.0,0.9983333333333333
CASIA2/Tp/Tp_D_NNN_S_N_arc00030_cha00023_00250.tif,0.44,0.48,1.0,1.0
CASIA2/Tp/Tp_D_NNN_S_N_arc00047_arc00086_00267.tif,0.7266666666666667,0.8533333333333334,1.0,1.0
CASIA2/Tp/Tp_D_NNN_S_N_arc00059_nat10122_11828.jpg,0.9866666666666667,1.0,0.9966666666666667,0.9950277777777777
CASIA2/Tp/Tp_D_NNN_S_N_arc00060_arc00062_11493.jpg,0.5133333333333333,0.8233333333333334,0.9721031746031747,0.9912252747252749
CASIA2/Tp/Tp_D_NNN_S_N_arc00066_cha00096_00416.tif,0.9633333333333334,0.9966666666666667,1.0,1.0
CASIA2/Tp/Tp_D_NNN_S_N_arc00071_ind00001_00421.tif,0.68,0.79,0.9996296296296298,0.999
CASIA2/Tp/Tp_D_NNN_S_N_arc00087_arc00087_00307.tif,0.9333333333333333,0.96,1.0,0.9976666666666667
CASIA2/Tp/Tp_D_NNN_S_N_arc00092_arc00092_00312.tif,0.9966666666666667,0.9933333333333333,1.0,1.0
CASIA2/Tp/Tp_D_NNN_S_N_arc20040_arc20041_01493.tif,0.48,0.4533333333333333,1.0,0.9976017316017317
CASIA2/Tp/Tp_D_NNN_S_N_arc20042_arc20039_01495.tif,0.7,0.73,1.0,0.9991666666666666
CASIA2/Tp/Tp_D_NNN_S_N_arc20043_arc20039_01496.tif,0.5166666666666667,0.59,1.0,1.0
CASIA2/Tp/Tp_D_NNN_S_N_arc20087_arc20087_01727.tif,0.64,0.7066666666666667,1.0,1.0
CASIA2/Tp/Tp_D_NNN_S_N_art00013_art00014_11813.jpg,0.61,0.9366666666666666,0.9933333333333333,0.9964510582010583
CASIA2/Tp/Tp_D_NNN_S_N_art00025_cha00050_01423.tif,0.9833333333333333,0.9933333333333333,1.0,1.0
CASIA2/Tp/Tp_D_NNN_S_N_art00033_cha00063_01421.tif,0.9633333333333334,0.9933333333333333,1.0,0.9988888888888889
CASIA2/Tp/Tp_D_NNN_S_N_art00037_cha00040_01417.tif,0.9966666666666667,0.9966666666666667,1.0,1.0
CASIA2/Tp/Tp_D_NNN_S_N_art00057_ind00018_01403.tif,0.8933333333333333,0.8966666666666666,1.0,1.0
CASIA2/Tp/Tp_D_NNN_S_N_art00058_ani00031_01402.tif,0.44333333333333336,0.55,1.0,1.0
CASIA2/Tp/Tp_D_NNN_S_N_art00058_cha00063_00525.tif,0.9466666666666667,0.8966666666666666,1.0,1.0
CASIA2/Tp/Tp_D_NNN_S_N_art00084_cha00026_01390.tif,0.9866666666666667,0.94,1.0,1.0
CASIA2/Tp/Tp_D_NNN_S_N_cha00010_cha00007_10167.tif,0.9633333333333334,0.9833333333333333,1.0,1.0
CASIA2/Tp/Tp_D_NNN_S_N_cha00013_cha00010_10168.tif,1.0,1.0,1.0,1.0
CASIA2/Tp/Tp_D_NNN_S_N_cha00045_cha00045_00365.tif,0.6066666666666667,0.5366666666666666,0.9994444444444446,0.9993939393939394
CASIA2/Tp/Tp_D_NNN_S_N_cha00046_cha00046_00366.tif,1.0,1.0,1.0,1.0
CASIA2/Tp/Tp_D_NNN_S_N_cha00054_cha00029_00374.tif,0.95,0.9866666666666667,1.0,1.0
CASIA2/Tp/Tp_D_NNN_S_N_cha00068_cha00006_00388.tif,0.9966666666666667,0.9966666666666667,0.9996296296296298,1.0
CASIA2/Tp/Tp_D_NNN_S_N_cha00075_ani00079_00395.tif,0.9866666666666667,0.9933333333333333,1.0,1.0
CASIA2/Tp/Tp_D_NNN_S_N_cha00084_cha00084_00700.tif,0.9166666666666666,0.9733333333333334,0.9933333333333333,0.9822275132275132
CASIA2/Tp/Tp_D_NNN_S_N_cha00087_ani00069_00407.tif,0.7566666666666667,0.7533333333333333,1.0,1.0
CASIA2/Tp/Tp_D_NNN_S_N_cha00099_cha00100_00419.tif,0.9866666666666667,0.9866666666666667,1.0,0.9987962962962964
CASIA2/Tp/Tp_D_NNN_S_N_cha10134_pla00049_12203.jpg,0.33666666666666667,0.6933333333333334,0.8199296536796535,0.7651808099308101
CASIA2/Tp/Tp_D_NNN_S_N_cha10176_cha10172_12285.jpg,0.8566666666666667,0.87,0.8413868446368449,0.7989448514448517
CASIA2/Tp/Tp_D_NNN_S_N_cha10187_cha10188_12307.jpg,0.8866666666666667,0.9766666666666667,0.9966666666666667,1.0
CASIA2/Tp/Tp_D_NNN_S_N_cha10195_cha10188_12321.jpg,0.73,0.8133333333333334,0.8666666666666667,0.8731974784474785
CASIA2/Tp/Tp_D_NNN_S_N_ind00002_cha00040_00422.tif,0.7366666666666667,0.6733333333333333,1.0,0.9977777777777778
CASIA2/Tp/Tp_D_NNN_S_N_ind00012_cha00020_00430.tif,0.6033333333333334,0.49333333333333335,1.0,1.0
CASIA2/Tp/Tp_D_NNN_S_N_ind00019_ind00020_00435.tif,0.9966666666666667,0.99,1.0,1.0
CASIA2/Tp/Tp_D_NNN_S_N_ind00031_ind00030_00446.tif,0.9033333333333333,0.95,1.0,1.0
CASIA2/Tp/Tp_D_NNN_S_N_ind00032_cha00020_00447.tif,0.82,0.89,1.0,1.0
CASIA2/Tp/Tp_D_NNN_S_N_ind00053_cha00023_00459.tif,0.6733333333333333,0.64,1.0,1.0
CASIA2/Tp/Tp_D_NNN_S_N_ind00053_ind00020_01342.tif,0.5866666666666667,0.5966666666666667,1.0,1.0
CASIA2/Tp/Tp_D_NNN_S_N_ind00062_ind00060_10702.jpg,0.5233333333333333,0.92,1.0,0.9945833333333334
CASIA2/Tp/Tp_D_NNN_S_N_ind00070_ind00074_10930.jpg,0.6966666666666667,0.9833333333333333,0.9733333333333334,0.9986666666666667
CASIA2/Tp/Tp_D_NNN_S_N_ind00080_ind00080_00478.tif,0.9133333333333333,0.8966666666666666,1.0,1.0
CASIA2/Tp/Tp_D_NNN_S_N_ind00088_ind00066_00483.tif,0.30333333333333334,0.26666666666666666,1.0,1.0
CASIA2/Tp/Tp_D_NNN_S_N_ind00093_cha00023_00487.tif,0.96,0.93,1.0,1.0
CASIA2/Tp/Tp_D_NNN_S_N_ind00097_ind00098_10661.jpg,0.9666666666666667,0.99,0.9939761904761906,0.9986904761904764
CASIA2/Tp/Tp_D_NNN_S_N_ind20047_ind20049_01788.tif,0.29333333333333333,0.43,1.0,0.9985
CASIA2/Tp/Tp_D_NNN_S_N_nat00003_cha00096_00623.tif,0.9733333333333334,0.9833333333333333,1.0,0.9986666666666667
CASIA2/Tp/Tp_D_NNN_S_N_nat00007_ani00021_00627.tif,0.9566666666666667,0.9633333333333334,1.0,0.9986666666666667
CASIA2/Tp/Tp_D_NNN_S_N_nat00010_cha00063_00630.tif,0.9966666666666667,0.9866666666666667,1.0,1.0
CASIA2/Tp/Tp_D_NNN_S_N_nat00011_nat00011_11057.jpg,0.27666666666666667,0.8033333333333333,0.9866666666666667,0.9986666666666667
CASIA2/Tp/Tp_D_NNN_S_N_nat00012_nat00012_11055.jpg,0.6233333333333333,0.56,0.97,0.9741428571428573
CASIA2/Tp/Tp_D_NNN_S_N_nat00023_cha00030_11086.jpg,0.8566666666666667,0.9533333333333334,0.9833333333333333,0.9689891774891779
CASIA2/Tp/Tp_D_NNN_S_N_nat00024_nat00027_11039.jpg,0.9733333333333334,0.97,0.9918386243386244,1.0
CASIA2/Tp/Tp_D_NNN_S_N_nat00031_cha00097_00946.tif,0.9366666666666666,0.9466666666666667,1.0,1.0
CASIA2/Tp/Tp_D_NNN_S_N_nat00035_cha00030_11085.jpg,0.9,0.9433333333333334,1.0,0.9993333333333334
CASIA2/Tp/Tp_D_NNN_S_N_nat00040_nat00061_11434.jpg,0.81,0.9566666666666667,0.9882830687830687,0.9969722222222224
CASIA2/Tp/Tp_D_NNN_S_N_nat00041_art00020_11441.jpg,0.9933333333333333,1.0,0.9926582491582493,1.0
CASIA2/Tp/Tp_D_NNN_S_N_nat00041_nat00061_11433.jpg,0.9633333333333334,0.9866666666666667,0.9900800865800867,1.0
CASIA2/Tp/Tp_D_NNN_S_N_nat00042_nat00034_00961.tif,0.9933333333333333,0.97,0.9986666666666667,1.0
CASIA2/Tp/Tp_D_NNN_S_N_nat00052_cha00042_11083.jpg,0.47333333333333333,0.8633333333333333,0.9860185185185185,0.9898253968253969
CASIA2/Tp/Tp_D_NNN_S_N_nat00052_nat00053_11081.jpg,0.49666666666666665,0.9,0.9853518518518517,0.9924285714285715
CASIA2/Tp/Tp_D_NNN_S_N_nat00059_nat00059_00666.tif,1.0,0.9766666666666667,1.0,1.0
CASIA2/Tp/Tp_D_NNN_S_N_nat00061_nat00061_00668.tif,0.94,0.9266666666666666,1.0,1.0
CASIA2/Tp/Tp_D_NNN_S_N_nat00063_cha00042_11113.jpg,0.92,0.96,1.0,0.991515873015873
CASIA2/Tp/Tp_D_NNN_S_N_nat00091_ani00081_10513.tif,0.73,0.74,1.0,0.9971666666666666
CASIA2/Tp/Tp_D_NNN_S_N_nat00092_nat00092_00684.tif,0.9266666666666666,0.9566666666666667,1.0,1.0
CASIA2/Tp/Tp_D_NNN_S_N_nat00095_nat10157_12050.jpg,0.6766666666666666,0.6733333333333333,0.8410416250416252,0.8407074869574871
CASIA2/Tp/Tp_D_NNN_S_N_nat10163_sec00097_12090.jpg,0.48333333333333334,0.6633333333333333,0.9990476190476191,0.9979999999999999
CASIA2/Tp/Tp_D_NNN_S_N_nat20015_nat20018_01519.tif,0.7333333333333333,0.49333333333333335,0.9966666666666667,1.0
CASIA2/Tp/Tp_D_NNN_S_N_nat20018_nat20015_01522.tif,0.49,0.47333333333333333,1.0,0.9991666666666666
CASIA2/Tp/Tp_D_NNN_S_N_nat20019_nat20015_02219.tif,0.67,0.51,0.9996666666666666,1.0
CASIA2/Tp/Tp_D_NNN_S_N_nat20022_nat20015_01526.tif,0.41333333333333333,0.5166666666666667,1.0,0.9973333333333333
CASIA2/Tp/Tp_D_NNN_S_N_nat20023_nat20015_01527.tif,0.8833333333333333,0.82,0.9985,0.9993333333333334
CASIA2/Tp/Tp_D_NNN_S_N_nat20024_nat20015_01528.tif,0.6833333333333333,0.55,1.0,0.9968333333333333
CASIA2/Tp/Tp_D_NNN_S_N_nat20055_nat20054_01559.tif,0.32666666666666666,0.42,1.0,0.9972367724867726
CASIA2/Tp/Tp_D_NNN_S_N_nat20082_nat20090_01586.tif,0.4033333333333333,0.37,1.0,1.0
CASIA2/Tp/Tp_D_NNN_S_N_nat20085_nat20090_01589.tif,0.7066666666666667,0.5233333333333333,1.0,0.9985714285714286
CASIA2/Tp/Tp_D_NNN_S_N_nat20092_nat20089_01596.tif,0.37333333333333335,0.3333333333333333,1.0,0.9801957671957672
CASIA2/Tp/Tp_D_NNN_S_N_pla00006_pla00006_00546.tif,1.0,1.0,1.0,1.0
CASIA2/Tp/Tp_D_NNN_S_N_pla00015_pla00015_00554.tif,1.0,1.0,1.0,1.0
CASIA2/Tp/Tp_D_NNN_S_N_pla00030_pla00028_10948.jpg,0.9633333333333334,0.98,0.9820898268398268,0.979651875901876
CASIA2/Tp/Tp_D_NNN_S_N_pla00044_pla00022_10973.jpg,0.9966666666666667,1.0,0.9966666666666667,0.9991666666666666
CASIA2/Tp/Tp_D_NNN_S_N_pla00063_pla00064_11223.jpg,0.9433333333333334,0.9633333333333334,0.9766666666666667,0.9763558201058201
CASIA2/Tp/Tp_D_NNN_S_N_pla00066_pla00066_11218.jpg,0.96,0.98,0.9933333333333333,0.9997222222222223
CASIA2/Tp/Tp_D_NNN_S_N_pla00073_pla00055_01178.tif,1.0,0.9933333333333333,1.0,0.9994444444444446
CASIA2/Tp/Tp_D_NNN_S_N_pla00088_ani00100_00610.tif,1.0,0.9933333333333333,1.0,1.0
CASIA2/Tp/Tp_D_NNN_S_N_pla00090_ani00023_00612.tif,0.9066666666666666,0.8933333333333333,1.0,0.9991880341880343
CASIA2/Tp/Tp_D_NNN_S_N_pla10124_nat10122_11707.jpg,0.67,0.95,0.98,0.9638364367114366
CASIA2/Tp/Tp_D_NNN_S_N_pla10126_pla00020_12129.jpg,0.8166666666666667,0.9433333333333334,1.0,0.9934656084656084
CASIA2/Tp/Tp_D_NNN_S_N_pla10126_pla00049_12130.jpg,0.78,0.9166666666666666,1.0,0.993675925925926
CASIA2/Tp/Tp_D_NNN_S_N_pla20032_pla20033_02386.tif,0.30333333333333334,0.36,0.9994444444444446,0.9991666666666666
CASIA2/Tp/Tp_D_NNN_S_N_pla20033_pla20032_01933.tif,0.24333333333333335,0.25666666666666665,1.0,1.0
CASIA2/Tp/Tp_D_NNN_S_N_sec00003_cha00023_00703.tif,0.45666666666666667,0.41333333333333333,1.0,1.0
CASIA2/Tp/Tp_D_NNN_S_N_sec00007_sec00025_10773.jpg,0.76,0.8766666666666667,0.9954444444444445,0.9988888888888887
CASIA2/Tp/Tp_D_NNN_S_N_sec00011_cha00050_00370.tif,1.0,0.9633333333333334,1.0,1.0
CASIA2/Tp/Tp_D_NNN_S_N_sec00021_cha00020_20014.jpg,1.0,0.9933333333333333,0.9966666666666667,0.9476595904095905
CASIA2/Tp/Tp_D_NNN_S_N_sec00023_sec00022_10805.jpg,0.88,0.9833333333333333,0.9966666666666667,0.9990909090909091
CASIA2/Tp/Tp_D_NNN_S_N_sec00025_sec00026_10768.jpg,0.7666666666666667,0.9133333333333333,0.996468253968254,0.9976190476190476
CASIA2/Tp/Tp_D_NNN_S_N_sec00027_sec00026_10771.jpg,0.8466666666666667,0.9766666666666667,0.9953492063492064,0.9983333333333333
CASIA2/Tp/Tp_D_NNN_S_N_sec00051_sec00055_11240.jpg,0.6566666666666666,0.91,0.9366666666666666,0.9862896825396825
CASIA2/Tp/Tp_D_NNN_S_N_sec00054_sec00055_00075.tif,0.6766666666666666,0.64,1.0,1.0
CASIA2/Tp/Tp_D_NNN_S_N_sec00063_sec00063_00743.tif,0.65,0.64,1.0,1.0
CASIA2/Tp/Tp_D_NNN_S_N_sec00086_cha00023_00705.tif,0.9333333333333333,0.97,1.0,1.0
CASIA2/Tp/Tp_D_NNN_S_N_sec00093_sec00093_00756.tif,0.9733333333333334,0.97,0.9966666666666667,0.9965833333333334
CASIA2/Tp/Tp_D_NNN_S_N_sec00097_ani00079_00710.tif,0.86,0.9333333333333333,1.0,1.0
CASIA2/Tp/Tp_D_NNN_S_N_sec00098_sec00082_10364.tif,0.9966666666666667,1.0,1.0,1.0
CASIA2/Tp/Tp_D_NNN_S_N_sec10113_sec10106_10330.tif,0.5533333333333333,0.5833333333333334,0.9874920634920634,0.9972500000000001
CASIA2/Tp/Tp_D_NNN_S_N_sec10113_sec10106_10331.tif,0.66,0.7466666666666667,0.9874920634920634,0.9972500000000001
CASIA2/Tp/Tp_D_NNN_S_N_sec20060_arc20022_02135.tif,0.6966666666666667,0.81,1.0,1.0
CASIA2/Tp/Tp_D_NNN_S_N_txt00027_txt00021_10842.jpg,0.7966666666666666,0.8266666666666667,0.9674520202020203,0.9340020442520447
CASIA2/Tp/Tp_D_NNN_S_N_txt00042_txt00041_10827.jpg,0.9633333333333334,0.9033333333333333,0.9166666666666666,0.9279677729677731
CASIA2/Tp/Tp_D_NNN_S_N_txt00086_txt00085_10820.jpg,0.6733333333333333,0.8466666666666667,0.7618409553409555,0.8873039923039922
CASIA2/Tp/Tp_D_NNN_S_O_arc00012_ani00001_00232.tif,0.9933333333333333,0.9833333333333333,1.0,1.0
CASIA2/Tp/Tp_D_NNN_S_O_arc00062_arc00060_11494.jpg,0.7566666666666667,0.9433333333333334,0.9834246031746031,0.9993333333333334
CASIA2/Tp/Tp_D_NNN_S_O_nat10146_pla00049_11993.jpg,0.99,0.94,0.9866666666666667,0.9906493506493507
CASIA2/Tp/Tp_D_NNN_S_O_nat10148_nat10161_12120.jpg,0.9966666666666667,0.9933333333333333,0.9985576923076923,0.9986111111111112
CASIA2/Tp/Tp_D_NNN_S_O_pla00068_pla00065_11224.jpg,0.9666666666666667,0.93,0.98,0.9660025252525253
CASIA2/Tp/Tp_D_NNN_S_O_pla10121_sec00097_11693.jpg,0.4533333333333333,0.62,0.9133333333333333,0.880710246724953
CASIA2/Tp/Tp_D_NNN_S_O_pla20082_arc20003_01982.tif,0.7933333333333333,0.7733333333333333,1.0,1.0
CASIA2/Tp/Tp_D_NNN_S_O_pla20092_arc20009_01992.tif,0.9966666666666667,0.9566666666666667,0.9995238095238096,0.9974074074074074
CASIA2/Tp/Tp_D_NNN_S_O_sec20018_sec20023_01608.tif,0.98,0.9433333333333334,1.0,1.0
CASIA2/Tp/Tp_D_NNN_S_O_sec20058_sec20053_01648.tif,0.87,0.7633333333333333,1.0,1.0
CASIA2/Tp/Tp_D_NNN_S_O_sec20092_sec20085_01682.tif,0.98,0.8633333333333333,1.0,0.9905555555555554
CASIA2/Tp/Tp_D_NRD_L_B_arc00028_ani00001_00248.tif,0.91,0.94,1.0,1.0
CASIA2/Tp/Tp_D_NRD_L_B_arc20049_arc20049_02480.tif,0.9333333333333333,0.8466666666666667,0.9953463203463203,0.9914523809523809
CASIA2/Tp/Tp_D_NRD_L_B_arc20050_arc20001_02477.tif,0.9533333333333334,0.8866666666666667,1.0,0.9810595238095238
CASIA2/Tp/Tp_D_NRD_L_B_arc20051_arc20001_02479.tif,0.95,0.9066666666666666,0.9919348244348244,0.9864669312169313
CASIA2/Tp/Tp_D_NRD_L_N_ani10110_art10101_10228.tif,0.6566666666666666,0.74,1.0,1.0
CASIA2/Tp/Tp_D_NRD_L_N_ani10110_art10104_10229.tif,0.46,0.45,0.9966666666666667,0.9959060846560845
CASIA2/Tp/Tp_D_NRD_L_N_arc00096_nat00002_00316.tif,0.99,0.9766666666666667,0.9993333333333334,0.9948703703703704
CASIA2/Tp/Tp_D_NRD_L_N_art10104_ani10110_10230.tif,0.32666666666666666,0.3566666666666667,0.9966666666666667,1.0
CASIA2/Tp/Tp_D_NRD_L_N_art10104_txt00005_10231.tif,0.42333333333333334,0.43333333333333335,0.9966666666666667,0.9965555555555556
CASIA2/Tp/Tp_D_NRD_L_N_txt00002_art10104_10232.tif,0.43,0.5433333333333333,1.0,0.9964087301587301
CASIA2/Tp/Tp_D_NRD_M_B_arc20061_arc20061_02481.tif,0.97,0.9566666666666667,1.0,1.0
CASIA2/Tp/Tp_D_NRD_M_B_arc20062_arc20062_02482.tif,0.98,0.9533333333333334,1.0,1.0
CASIA2/Tp/Tp_D_NRD_M_B_arc20063_arc20001_02483.tif,0.25666666666666665,0.37666666666666665,0.9933333333333333,0.9752934472934474
CASIA2/Tp/Tp_D_NRD_M_B_art00094_ani00058_01387.tif,0.8633333333333333,0.7133333333333334,0.9857777777777779,0.9865014783691256
CASIA2/Tp/Tp_D_NRD_M_B_sec20073_sec20080_02137.tif,0.3466666666666667,0.75,1.0,0.9897499999999998
CASIA2/Tp/Tp_D_NRD_M_N_ani10004_ani10005_20101.jpg,0.21,0.2733333333333333,0.8077949735449738,0.7922625985125984
CASIA2/Tp/Tp_D_NRD_M_N_arc00004_nat00062_11177.jpg,0.7333333333333333,0.9366666666666666,0.9959629629629629,1.0
CASIA2/Tp/Tp_D_NRD_M_N_arc20052_arc20052_02478.tif,0.8933333333333333,0.89,1.0,0.9995238095238096
CASIA2/Tp/Tp_D_NRD_M_N_art10018_art10017_20102.jpg,0.5066666666666667,0.44,0.9273590668590669,0.8337826840915077
CASIA2/Tp/Tp_D_NRD_M_N_sec00057_nat00001_00078.tif,0.9733333333333334,0.9,1.0,1.0
CASIA2/Tp/Tp_D_NRD_M_N_sec20052_sec20052_02130.tif,0.9933333333333333,0.96,1.0,1.0
CASIA2/Tp/Tp_D_NRD_M_O_arc20060_arc20059_01700.tif,0.98,0.9566666666666667,1.0,1.0
CASIA2/Tp/Tp_D_NRD_M_O_sec20087_sec20042_01677.tif,0.9933333333333333,0.9866666666666667,0.9993333333333334,0.9924603174603175
CASIA2/Tp/Tp_D_NRD_M_O_sec20091_sec20085_01681.tif,0.99,0.9866666666666667,1.0,0.9991666666666666
CASIA2/Tp/Tp_D_NRD_S_B_ani20002_nat20042_02437.tif,0.5866666666666667,0.66,1.0,0.9979166666666667
CASIA2/Tp/Tp_D_NRD_S_B_ani20039_nat20042_02443.tif,0.7266666666666667,0.62,0.9993333333333334,0.9987445887445888
CASIA2/Tp/Tp_D_NRD_S_B_arc00031_cha00027_00251.tif,0.9166666666666666,0.96,1.0,0.9991111111111112
CASIA2/Tp/Tp_D_NRD_S_B_arc00096_arc00045_11798.jpg,0.85,0.87,0.9946825396825397,0.9914973544973545
CASIA2/Tp/Tp_D_NRD_S_B_arc20016_arc20016_02199.tif,0.6066666666666667,0.6266666666666667,1.0,1.0
CASIA2/Tp/Tp_D_NRD_S_B_arc20047_nat20042_02476.tif,0.6833333333333333,0.6833333333333333,1.0,1.0
CASIA2/Tp/Tp_D_NRD_S_B_art00091_ind00098_01389.tif,0.9733333333333334,0.98,1.0,1.0
CASIA2/Tp/Tp_D_NRD_S_B_art20007_arc20009_01813.tif,0.96,0.8933333333333333,0.9866666666666667,0.9943217893217893
CASIA2/Tp/Tp_D_NRD_S_B_ind00055_ind00055_01344.tif,0.79,0.6866666666666666,1.0,1.0
CASIA2/Tp/Tp_D_NRD_S_B_nat20029_nat20012_02229.tif,0.7266666666666667,0.6333333333333333,1.0,0.9984848484848485
CASIA2/Tp/Tp_D_NRD_S_B_sec00016_cha00055_00037.tif,1.0,1.0,1.0,0.9986666666666667
CASIA2/Tp/Tp_D_NRD_S_B_sec20094_arc20064_02444.tif,0.8533333333333334,0.72,1.0,1.0
CASIA2/Tp/Tp_D_NRD_S_N_ani00041_ani00040_00161.tif,0.10333333333333333,0.06,1.0,1.0
CASIA2/Tp/Tp_D_NRD_S_N_arc00015_arc00045_11756.jpg,0.9366666666666666,0.9966666666666667,0.9956587301587302,1.0
CASIA2/Tp/Tp_D_NRD_S_N_arc00025_cha00001_00245.tif,0.9966666666666667,1.0,1.0,1.0
CASIA2/Tp/Tp_D_NRD_S_N_arc00071_ani00064_00291.tif,0.9566666666666667,0.9866666666666667,0.997857142857143,0.996690476190476
CASIA2/Tp/Tp_D_NRD_S_N_art00005_art00076_11791.jpg,0.5733333333333334,0.98,1.0,0.9966666666666667
CASIA2/Tp/Tp_D_NRD_S_N_art00031_ani00058_00509.tif,0.96,0.98,1.0,1.0
CASIA2/Tp/Tp_D_NRD_S_N_art00070_art00092_11822.jpg,0.92,0.98,0.998008658008658,0.9959166666666666
CASIA2/Tp/Tp_D_NRD_S_N_art00076_art00076_11709.jpg,0.58,0.8566666666666667,0.9933333333333333,0.9934405594405594
CASIA2/Tp/Tp_D_NRD_S_N_art10014_art10011_20095.jpg,0.4066666666666667,0.44666666666666666,0.878976717726718,0.8269571077071076
CASIA2/Tp/Tp_D_NRD_S_N_cha00006_cha00005_00326.tif,0.9866666666666667,0.9766666666666667,1.0,1.0
CASIA2/Tp/Tp_D_NRD_S_N_cha00015_cha00015_11154.jpg,0.9633333333333334,0.99,1.0,0.9978333333333335
CASIA2/Tp/Tp_D_NRD_S_N_cha00021_cha00020_00341.tif,0.9933333333333333,0.9866666666666667,1.0,1.0
CASIA2/Tp/Tp_D_NRD_S_N_cha00091_ani00058_00411.tif,0.9966666666666667,0.9966666666666667,1.0,1.0
CASIA2/Tp/Tp_D_NRD_S_N_cha00097_ani00077_00417.tif,0.9733333333333334,0.9933333333333333,1.0,1.0
CASIA2/Tp/Tp_D_NRD_S_N_cha10002_cha10001_20094.jpg,0.69,0.48,0.48328659303659305,0.3393939023939023
CASIA2/Tp/Tp_D_NRD_S_N_cha10107_cha10106_11119.jpg,0.47,0.87,0.9966666666666667,0.9896167721167722
CASIA2/Tp/Tp_D_NRD_S_N_cha10107_ind10101_11187.jpg,0.5033333333333333,0.8866666666666667,0.9966666666666667,0.9896167721167722
CASIA2/Tp/Tp_D_NRD_S_N_cha10146_cha10144_12232.jpg,0.9466666666666667,0.9666666666666667,1.0,1.0
CASIA2/Tp/Tp_D_NRD_S_N_cha20017_ani20036_02016.tif,0.9833333333333333,0.8733333333333333,1.0,1.0
CASIA2/Tp/Tp_D_NRD_S_N_ind00030_ind00031_01323.tif,1.0,0.9366666666666666,1.0,1.0
CASIA2/Tp/Tp_D_NRD_S_N_ind00050_ind00017_00457.tif,0.12666666666666668,0.056666666666666664,1.0,1.0
CASIA2/Tp/Tp_D_NRD_S_N_ind00068_ind00084_10944.jpg,0.42,0.9866666666666667,1.0,0.9991666666666666
CASIA2/Tp/Tp_D_NRD_S_N_pla00095_cha00029_00349.tif,0.81,0.97,1.0,1.0
CASIA2/Tp/Tp_D_NRD_S_N_sec00007_art00002_00027.tif,0.9433333333333334,0.8733333333333333,1.0,1.0
CASIA2/Tp/Tp_D_NRD_S_N_sec00011_sec00016_00031.tif,0.9866666666666667,0.9633333333333334,1.0,0.9968831168831169
CASIA2/Tp/Tp_D_NRD_S_N_sec00018_cha00063_00039.tif,0.9933333333333333,0.9833333333333333,1.0,0.9949920634920636
CASIA2/Tp/Tp_D_NRD_S_N_sec00025_sec00098_00046.tif,0.9833333333333333,0.9533333333333334,1.0,1.0
CASIA2/Tp/Tp_D_NRD_S_N_sec00060_cha00028_00081.tif,0.31333333333333335,0.19,1.0,1.0
CASIA2/Tp/Tp_D_NRD_S_N_sec00078_sec00080_00099.tif,0.9933333333333333,0.9933333333333333,1.0,1.0
CASIA2/Tp/Tp_D_NRD_S_O_nat20021_nat20001_01525.tif,0.59,0.6,0.9993333333333334,0.9966666666666667
CASIA2/Tp/Tp_D_NRN_L_N_ani10108_ani10109_10227.tif,0.38333333333333336,0.36666666666666664,0.9966666666666667,0.9734841269841271
CASIA2/Tp/Tp_D_NRN_L_N_ani10109_ani10108_10226.tif,0.2966666666666667,0.33666666666666667,1.0,0.9864629629629629
CASIA2/Tp/Tp_D_NRN_L_N_cha00097_cha00085_10173.tif,0.7266666666666667,0.69,0.9958333333333333,0.9981481481481482
CASIA2/Tp/Tp_D_NRN_L_N_nat00062_nat00059_11108.jpg,0.36333333333333334,0.94,0.9951615791615793,0.9864148629148629
CASIA2/Tp/Tp_D_NRN_M_B_ani00019_nat00013_11867.jpg,0.36,0.96,0.9933333333333333,0.9979166666666667
CASIA2/Tp/Tp_D_NRN_M_B_ani10114_ani00100_11637.jpg,0.8866666666666667,0.9366666666666666,0.9966666666666667,0.9810925925925926
CASIA2/Tp/Tp_D_NRN_M_B_arc00008_art00049_11770.jpg,0.8166666666666667,0.9533333333333334,0.99,0.9997435897435897
CASIA2/Tp/Tp_D_NRN_M_B_arc00022_arc00023_10060.tif,0.5633333333333334,0.4633333333333333,1.0,0.9829444444444444
CASIA2/Tp/Tp_D_NRN_M_B_arc00030_cha00028_20106.jpg,0.41333333333333333,0.43,0.86,0.8109553872053872
CASIA2/Tp/Tp_D_NRN_M_B_arc00054_arc00023_11921.jpg,0.36,0.56,0.9933333333333333,0.9716296481296482
CASIA2/Tp/Tp_D_NRN_M_B_arc00076_arc00069_11190.jpg,0.7,0.94,0.9966666666666667,0.9993333333333334
CASIA2/Tp/Tp_D_NRN_M_B_arc00076_nat00086_11193.jpg,0.8133333333333334,0.9666666666666667,0.9966666666666667,1.0
CASIA2/Tp/Tp_D_NRN_M_B_arc00091_nat00097_11202.jpg,0.9966666666666667,1.0,1.0,1.0
CASIA2/Tp/Tp_D_NRN_M_B_arc00092_nat00097_11205.jpg,0.8533333333333334,0.9566666666666667,0.9933333333333333,0.9906190476190475
CASIA2/Tp/Tp_D_NRN_M_B_arc00094_nat00097_11203.jpg,0.9166666666666666,0.9833333333333333,0.9933333333333333,0.9988571428571428
CASIA2/Tp/Tp_D_NRN_M_B_art00012_art00011_11837.jpg,0.83,0.95,0.9943082010582011,1.0
CASIA2/Tp/Tp_D_NRN_M_B_art00034_nat00013_11869.jpg,0.96,0.99,0.9990476190476191,0.9926666666666667
CASIA2/Tp/Tp_D_NRN_M_B_art10108_art10107_11580.jpg,0.79,0.7733333333333333,0.82,0.8199490879490882
CASIA2/Tp/Tp_D_NRN_M_B_art10114_pla00050_11598.jpg,0.54,0.8733333333333333,0.82,0.8900178062678062
CASIA2/Tp/Tp_D_NRN_M_B_cha00097_art00021_11420.jpg,0.9966666666666667,1.0,0.9226093073593075,0.9716785714285714
CASIA2/Tp/Tp_D_NRN_M_B_cha10111_cha10113_11545.jpg,0.6466666666666666,0.89,0.9630198412698413,0.9459740814740817
CASIA2/Tp/Tp_D_NRN_M_B_cha10162_nat10142_12254.jpg,0.9133333333333333,0.76,0.6904575147075146,0.8479472101972101
CASIA2/Tp/Tp_D_NRN_M_B_cha10170_nat10140_12293.jpg,0.8033333333333333,0.65,0.6166666666666667,0.6180485538426715
CASIA2/Tp/Tp_D_NRN_M_B_ind00028_pla00029_20107.jpg,0.8433333333333334,0.82,0.8299365541865542,0.8394226367314602
CASIA2/Tp/Tp_D_NRN_M_B_ind00053_cha00062_11379.jpg,0.7033333333333334,0.9266666666666666,1.0,1.0
CASIA2/Tp/Tp_D_NRN_M_B_ind00053_cha00063_11390.jpg,0.7233333333333334,0.91,1.0,1.0
CASIA2/Tp/Tp_D_NRN_M_B_ind00053_cha00070_11480.jpg,0.6866666666666666,0.88,1.0,0.9979999999999999
CASIA2/Tp/Tp_D_NRN_M_B_nat00008_art00021_11424.jpg,0.7866666666666666,0.9033333333333333,0.9947089947089948,0.9935
CASIA2/Tp/Tp_D_NRN_M_B_nat00038_cha00072_11459.jpg,0.9933333333333333,1.0,1.0,0.9973333333333333
CASIA2/Tp/Tp_D_NRN_M_B_nat00041_arc00065_11444.jpg,1.0,0.9933333333333333,0.9891304713804717,1.0
CASIA2/Tp/Tp_D_NRN_M_B_nat00041_art00096_11443.jpg,0.67,0.9566666666666667,0.9963968253968255,0.9753296703296704
CASIA2/Tp/Tp_D_NRN_M_B_nat00044_art00021_11431.jpg,0.8366666666666667,0.91,0.9966666666666667,0.97534126984127
CASIA2/Tp/Tp_D_NRN_M_B_nat00063_arc00065_11446.jpg,0.8966666666666666,0.95,0.9966666666666667,0.9908492063492061
CASIA2/Tp/Tp_D_NRN_M_B_nat00088_nat00099_11111.jpg,0.4766666666666667,0.72,0.97,0.9707491119991118
CASIA2/Tp/Tp_D_NRN_M_B_nat00098_arc00065_11449.jpg,1.0,0.9933333333333333,0.99,0.9826216931216932
CASIA2/Tp/Tp_D_NRN_M_B_nat00098_nat00095_11464.jpg,0.95,0.9733333333333334,1.0,0.9904629629629631
CASIA2/Tp/Tp_D_NRN_M_B_nat10122_nat00059_11334.jpg,0.22333333333333333,0.6166666666666667,0.8666571484071487,0.7823241758241757
CASIA2/Tp/Tp_D_NRN_M_B_nat10122_nat00062_11335.jpg,0.36666666666666664,0.6933333333333334,0.7521635679135682,0.6911399526399524
CASIA2/Tp/Tp_D_NRN_M_B_nat10123_nat00059_11333.jpg,0.3433333333333333,0.82,0.89,0.7774933492433492
CASIA2/Tp/Tp_D_NRN_M_B_nat10123_nat00062_11332.jpg,0.2733333333333333,0.8233333333333334,0.81,0.8196686276686274
CASIA2/Tp/Tp_D_NRN_M_B_nat10128_nat00062_11540.jpg,0.4866666666666667,0.6933333333333334,0.89,0.7536690161690166
CASIA2/Tp/Tp_D_NRN_M_B_nat10128_nat00097_11542.jpg,0.52,0.6566666666666666,0.9133333333333333,0.7787635420135423
CASIA2/Tp/Tp_D_NRN_M_B_nat10136_arc00054_11919.jpg,0.78,0.85,0.9966666666666667,0.9946666666666668
CASIA2/Tp/Tp_D_NRN_M_B_nat10139_nat10124_11945.jpg,0.84,0.9466666666666667,0.9966666666666667,0.9974074074074074
CASIA2/Tp/Tp_D_NRN_M_B_nat10148_nat10160_12123.jpg,1.0,0.9933333333333333,0.9948333333333333,0.9986904761904761
CASIA2/Tp/Tp_D_NRN_M_B_nat10155_nat10164_12115.jpg,0.9533333333333334,0.8966666666666666,0.9673917748917751,0.9663265993265994
CASIA2/Tp/Tp_D_NRN_M_B_pla00030_cha00029_20108.jpg,0.98,0.9533333333333334,0.8475031866281867,0.8705964128464132
CASIA2/Tp/Tp_D_NRN_M_B_sec00020_cha00095_00041.tif,1.0,0.9966666666666667,1.0,1.0
CASIA2/Tp/Tp_D_NRN_M_B_sec00030_pla00028_20109.jpg,0.9866666666666667,0.9833333333333333,0.8066666666666666,0.869796388796389
CASIA2/Tp/Tp_D_NRN_M_B_sec00095_txt00068_10134.tif,0.4633333333333333,0.6866666666666666,1.0,0.9983333333333333
CASIA2/Tp/Tp_D_NRN_M_B_sec20053_arc20001_02131.tif,0.9566666666666667,0.9866666666666667,1.0,1.0
CASIA2/Tp/Tp_D_NRN_M_N_ani00019_nat10122_11866.jpg,0.5233333333333333,0.93,1.0,0.9961071428571429
CASIA2/Tp/Tp_D_NRN_M_N_ani00021_ani00020_10212.tif,0.6,0.3433333333333333,1.0,0.9977777777777779
CASIA2/Tp/Tp_D_NRN_M_N_ani00023_ani00020_10213.tif,0.4066666666666667,0.35333333333333333,1.0,1.0
CASIA2/Tp/Tp_D_NRN_M_N_ani00038_ani00037_10037.tif,0.49,0.5766666666666667,1.0,0.9991666666666666
CASIA2/Tp/Tp_D_NRN_M_N_ani00042_ani00043_11139.jpg,0.41333333333333333,0.6333333333333333,0.9733333333333334,0.9105407000407001
CASIA2/Tp/Tp_D_NRN_M_N_ani00044_ani00043_11141.jpg,0.8666666666666667,0.9733333333333334,0.9766666666666667,1.0
CASIA2/Tp/Tp_D_NRN_M_N_ani00045_ani00043_11140.jpg,0.5533333333333333,0.8666666666666667,0.99,0.9604741462241464
CASIA2/Tp/Tp_D_NRN_M_N_ani00046_ani00059_11143.jpg,0.3933333333333333,0.8,0.9966666666666667,0.979100408850409
CASIA2/Tp/Tp_D_NRN_M_N_ani00046_ani00096_11136.jpg,0.33,0.8266666666666667,0.9933333333333333,0.9908543771043772
CASIA2/Tp/Tp_D_NRN_M_N_ani00048_ani00037_10038.tif,0.4,0.4666666666666667,1.0,0.9994444444444446
CASIA2/Tp/Tp_D_NRN_M_N_ani00057_ani00019_11861.jpg,0.17,0.8666666666666667,0.9835584415584414,0.9935833333333333
CASIA2/Tp/Tp_D_NRN_M_N_ani00083_ani00083_10040.tif,0.9266666666666666,0.99,1.0,1.0
CASIA2/Tp/Tp_D_NRN_M_N_ani00095_ani00096_11135.jpg,0.8133333333333334,0.94,0.9966666666666667,0.9953888888888888
CASIA2/Tp/Tp_D_NRN_M_N_ani00099_ani00081_10140.tif,0.4766666666666667,0.36,0.9966666666666667,0.9966666666666667
CASIA2/Tp/Tp_D_NRN_M_N_ani00099_ani00100_10145.tif,0.44333333333333336,0.3933333333333333,0.9966666666666667,0.9904761904761904
CASIA2/Tp/Tp_D_NRN_M_N_ani10112_ani00100_11628.jpg,0.8233333333333334,0.92,0.98,0.9132078302960654
CASIA2/Tp/Tp_D_NRN_M_N_ani10113_ani00100_11626.jpg,0.84,0.8066666666666666,0.9910396825396826,0.9649635734635736
CASIA2/Tp/Tp_D_NRN_M_N_ani10118_ani10123_11621.jpg,0.6633333333333333,0.8333333333333334,0.9766666666666667,0.958214886964887
CASIA2/Tp/Tp_D_NRN_M_N_ani10216_ani10215_12387.jpg,0.37666666666666665,0.48,0.39773921911421906,0.5099475709475709
CASIA2/Tp/Tp_D_NRN_M_N_arc00004_nat00062_11176.jpg,0.8633333333333333,0.94,0.9959365079365079,0.9993333333333334
CASIA2/Tp/Tp_D_NRN_M_N_arc00008_nat00095_11771.jpg,0.6266666666666667,0.8533333333333334,0.9566666666666667,0.9891045806045806
CASIA2/Tp/Tp_D_NRN_M_N_arc00023_nat00099_10061.tif,0.9266666666666666,0.9266666666666666,1.0,1.0
CASIA2/Tp/Tp_D_NRN_M_N_arc00037_ani00005_10141.tif,0.8433333333333334,0.96,1.0,1.0
CASIA2/Tp/Tp_D_NRN_M_N_arc00054_nat00013_11932.jpg,0.9733333333333334,1.0,0.99,0.9978333333333335
CASIA2/Tp/Tp_D_NRN_M_N_arc00054_nat00095_11933.jpg,0.9466666666666667,0.9533333333333334,0.9666666666666667,0.9891538461538464
CASIA2/Tp/Tp_D_NRN_M_N_arc00054_nat10124_11931.jpg,0.9933333333333333,0.9933333333333333,1.0,0.9890158730158731
CASIA2/Tp/Tp_D_NRN_M_N_arc00065_cha00072_11460.jpg,1.0,1.0,0.9925317460317461,0.9985
CASIA2/Tp/Tp_D_NRN_M_N_arc00065_nat10123_11452.jpg,0.9166666666666666,0.9633333333333334,0.9982777777777776,1.0
CASIA2/Tp/Tp_D_NRN_M_N_arc00096_nat00013_11800.jpg,0.8366666666666667,0.93,0.9926507936507936,0.9966666666666667
CASIA2/Tp/Tp_D_NRN_M_N_arc10118_arc10117_10761.jpg,0.78,0.82,0.9833333333333333,0.9307071909571912
CASIA2/Tp/Tp_D_NRN_M_N_arc10120_nat00060_12143.jpg,0.9333333333333333,0.9633333333333334,0.9967857142857143,0.9839951159951162
CASIA2/Tp/Tp_D_NRN_M_N_arc10120_nat10132_12142.jpg,0.97,0.9666666666666667,1.0,0.990690476190476
CASIA2/Tp/Tp_D_NRN_M_N_arc10126_arc10125_11889.jpg,0.9766666666666667,0.9866666666666667,0.9866666666666667,0.9933425925925926
CASIA2/Tp/Tp_D_NRN_M_N_arc10130_arc10125_11899.jpg,0.9733333333333334,0.9633333333333334,1.0,0.9986666666666667
CASIA2/Tp/Tp_D_NRN_M_N_art00010_art00011_11834.jpg,0.7166666666666667,0.8633333333333333,0.9957279202279202,0.983864959114959
CASIA2/Tp/Tp_D_NRN_M_N_art00011_art00010_11831.jpg,0.7166666666666667,0.96,1.0,1.0
CASIA2/Tp/Tp_D_NRN_M_N_art00012_art00010_11832.jpg,0.8466666666666667,0.9266666666666666,0.9963095238095239,0.9991666666666666
CASIA2/Tp/Tp_D_NRN_M_N_art00012_art00014_11815.jpg,0.8566666666666667,0.9333333333333333,0.9953211233211235,1.0
CASIA2/Tp/Tp_D_NRN_M_N_art00013_art00010_11830.jpg,0.15,0.8,0.9766666666666667,0.9781740944240944
CASIA2/Tp/Tp_D_NRN_M_N_art00013_art00011_11838.jpg,0.4266666666666667,0.8766666666666667,0.9966666666666667,0.9943253968253968
CASIA2/Tp/Tp_D_NRN_M_N_art00013_art00014_10271.tif,0.5633333333333334,0.5166666666666667,1.0,0.9993333333333334
CASIA2/Tp/Tp_D_NRN_M_N_art00025_cha00027_11682.jpg,1.0,1.0,1.0,0.9985
CASIA2/Tp/Tp_D_NRN_M_N_art00025_cha00028_11683.jpg,0.9866666666666667,0.9966666666666667,1.0,0.9985
CASIA2/Tp/Tp_D_NRN_M_N_art00025_cha00029_11680.jpg,1.0,1.0,1.0,0.9970000000000001
CASIA2/Tp/Tp_D_NRN_M_N_art00034_nat00095_11870.jpg,0.9833333333333333,0.9633333333333334,0.9914047619047618,0.9882129629629632
CASIA2/Tp/Tp_D_NRN_M_N_art00034_nat10122_11872.jpg,0.96,0.9933333333333333,0.9964880952380952,0.9985185185185185
CASIA2/Tp/Tp_D_NRN_M_N_art00049_nat00059_11759.jpg,1.0,0.99,0.9995833333333334,1.0
CASIA2/Tp/Tp_D_NRN_M_N_art00052_art00065_10020.tif,0.49,0.7366666666666667,0.9993333333333334,1.0
CASIA2/Tp/Tp_D_NRN_M_N_art00052_art00098_10181.tif,0.5633333333333334,0.7133333333333334,1.0,1.0
CASIA2/Tp/Tp_D_NRN_M_N_art00077_art00098_11710.jpg,0.7566666666666667,0.9533333333333334,0.98,0.9968888888888888
CASIA2/Tp/Tp_D_NRN_M_N_art00099_cha00026_11761.jpg,1.0,1.0,0.9993055555555554,1.0
CASIA2/Tp/Tp_D_NRN_M_N_art00099_cha00028_11762.jpg,0.9866666666666667,1.0,0.9997222222222221,1.0
CASIA2/Tp/Tp_D_NRN_M_N_art00099_cha00062_11724.jpg,1.0,0.9933333333333333,0.9976666666666667,0.9977777777777779
CASIA2/Tp/Tp_D_NRN_M_N_art00099_cha00070_11718.jpg,1.0,0.9966666666666667,0.9997222222222221,1.0
CASIA2/Tp/Tp_D_NRN_M_N_art10105_cha00062_11601.jpg,0.6,0.8166666666666667,0.879795898545899,0.8312069504569505
CASIA2/Tp/Tp_D_NRN_M_N_art10105_cha10110_11594.jpg,0.4033333333333333,0.8133333333333334,0.8723527583527588,0.8284785954785954
CASIA2/Tp/Tp_D_NRN_M_N_art10107_art10108_11579.jpg,0.66,0.9266666666666666,0.8966666666666666,0.9155347522847523
CASIA2/Tp/Tp_D_NRN_M_N_art10107_cha00027_11667.jpg,0.6266666666666667,0.8933333333333333,0.88,0.9161632626632629
CASIA2/Tp/Tp_D_NRN_M_N_art10107_cha00040_11664.jpg,0.68,0.9166666666666666,0.9033333333333333,0.9297596200096202
CASIA2/Tp/Tp_D_NRN_M_N_art10107_cha00067_11583.jpg,0.6633333333333333,0.9,0.8133333333333334,0.9060449735449737
CASIA2/Tp/Tp_D_NRN_M_N_art10107_cha00070_11581.jpg,0.76,0.86,0.8266666666666667,0.8669220779220782
CASIA2/Tp/Tp_D_NRN_M_N_art10108_cha00062_11576.jpg,0.8466666666666667,0.7633333333333333,0.7933333333333333,0.7903827098827101
CASIA2/Tp/Tp_D_NRN_M_N_art10108_cha00070_11578.jpg,0.8266666666666667,0.8233333333333334,0.8366666666666667,0.8729828134828135
CASIA2/Tp/Tp_D_NRN_M_N_art10108_cha10110_11575.jpg,0.87,0.7566666666666667,0.79,0.8019448791948794
CASIA2/Tp/Tp_D_NRN_M_N_art10110_cha00062_11645.jpg,0.94,0.9766666666666667,0.9111520331520332,0.9463340178340179
CASIA2/Tp/Tp_D_NRN_M_N_art10110_cha00063_11646.jpg,0.9633333333333334,0.97,0.9745649165649166,0.9643977873977876
CASIA2/Tp/Tp_D_NRN_M_N_art10110_cha00070_11567.jpg,0.9166666666666666,0.95,0.9495368982868982,0.9518641081141084
CASIA2/Tp/Tp_D_NRN_M_N_art10110_cha10110_11566.jpg,0.9333333333333333,0.94,0.9396427183927184,0.9685165852665852
CASIA2/Tp/Tp_D_NRN_M_N_art10113_cha10110_11561.jpg,0.6633333333333333,0.8033333333333333,0.83,0.8361744617038736
CASIA2/Tp/Tp_D_NRN_M_N_art10115_cha00063_11528.jpg,0.8366666666666667,0.8933333333333333,0.9633333333333334,0.8694570614570619
CASIA2/Tp/Tp_D_NRN_M_N_art10115_cha00067_11527.jpg,0.9166666666666666,0.9733333333333334,0.94,0.9761587301587306
CASIA2/Tp/Tp_D_NRN_M_N_art10115_cha10110_11536.jpg,0.64,0.9466666666666667,0.95,0.9708941798941804
CASIA2/Tp/Tp_D_NRN_M_N_cha00001_cha00031_11384.jpg,0.9,0.99,0.9466666666666667,0.9815198412698415
CASIA2/Tp/Tp_D_NRN_M_N_cha00001_cha00062_11377.jpg,0.9966666666666667,1.0,0.9566666666666667,1.0
CASIA2/Tp/Tp_D_NRN_M_N_cha00001_cha00070_11466.jpg,1.0,1.0,0.9733333333333334,0.9964999999999999
CASIA2/Tp/Tp_D_NRN_M_N_cha00016_cha00014_11155.jpg,0.7866666666666666,0.8366666666666667,0.9738157120657123,0.985472027972028
CASIA2/Tp/Tp_D_NRN_M_N_cha00024_cha00085_10322.tif,0.5166666666666667,0.49,1.0,1.0
CASIA2/Tp/Tp_D_NRN_M_N_cha00024_nat00099_10323.tif,0.6866666666666666,0.6066666666666667,1.0,0.9985714285714286
CASIA2/Tp/Tp_D_NRN_M_N_cha00024_txt00098_10324.tif,0.81,0.7266666666666667,1.0,0.9985714285714286
CASIA2/Tp/Tp_D_NRN_M_N_cha00027_cha00028_11785.jpg,0.9533333333333334,0.9833333333333333,0.998611111111111,1.0
CASIA2/Tp/Tp_D_NRN_M_N_cha00031_pla00050_11388.jpg,0.9566666666666667,0.9733333333333334,1.0,0.9965277777777779
CASIA2/Tp/Tp_D_NRN_M_N_cha00033_cha00033_11015.jpg,0.20666666666666667,0.98,0.9966666666666667,0.9883412698412699
CASIA2/Tp/Tp_D_NRN_M_N_cha00048_cha00063_10302.tif,0.7,0.44666666666666666,1.0,1.0
CASIA2/Tp/Tp_D_NRN_M_N_cha00050_cha00028_11786.jpg,0.8366666666666667,0.9633333333333334,0.99,0.9953055555555557
CASIA2/Tp/Tp_D_NRN_M_N_cha00050_cha00063_10301.tif,0.9266666666666666,0.9066666666666666,1.0,1.0
CASIA2/Tp/Tp_D_NRN_M_N_cha00054_cha00067_11723.jpg,0.9533333333333334,0.9866666666666667,1.0,1.0
CASIA2/Tp/Tp_D_NRN_M_N_cha00071_cha00086_11729.jpg,0.9566666666666667,0.9433333333333334,0.9100595053095054,0.9031265099422997
CASIA2/Tp/Tp_D_NRN_M_N_cha00094_ani10101_10047.tif,0.94,1.0,1.0,1.0
CASIA2/Tp/Tp_D_NRN_M_N_cha00094_cha00070_11508.jpg,0.9666666666666667,0.9833333333333333,0.9909761904761903,0.9993333333333334
CASIA2/Tp/Tp_D_NRN_M_N_cha00100_ind00002_10051.tif,0.9233333333333333,0.7966666666666666,0.9966666666666667,0.9866260683760684
CASIA2/Tp/Tp_D_NRN_M_N_cha10112_cha00063_11653.jpg,0.4766666666666667,0.7966666666666666,0.73,0.7371610712272478
CASIA2/Tp/Tp_D_NRN_M_N_cha10112_cha00067_11654.jpg,0.37,0.7866666666666666,0.7533333333333333,0.7446441899603666
CASIA2/Tp/Tp_D_NRN_M_N_cha10112_cha10110_11546.jpg,0.36,0.74,0.7366666666666667,0.6972066043977811
CASIA2/Tp/Tp_D_NRN_M_N_cha10122_nat10124_12156.jpg,0.4633333333333333,0.8666666666666667,0.9933333333333333,0.9783773448773448
CASIA2/Tp/Tp_D_NRN_M_N_cha10122_nat10139_12158.jpg,0.4666666666666667,0.9,1.0,0.9855330687830688
CASIA2/Tp/Tp_D_NRN_M_N_cha10122_nat10144_12155.jpg,0.6066666666666667,0.9133333333333333,1.0,0.9970000000000001
CASIA2/Tp/Tp_D_NRN_M_N_cha10123_nat10124_12192.jpg,0.4266666666666667,0.7433333333333333,0.9989682539682541,0.9767037037037037
CASIA2/Tp/Tp_D_NRN_M_N_cha10123_nat10139_12193.jpg,0.48,0.77,0.9995238095238096,0.984452380952381
CASIA2/Tp/Tp_D_NRN_M_N_cha10130_cha00067_12188.jpg,0.9833333333333333,0.98,0.9983333333333333,1.0
CASIA2/Tp/Tp_D_NRN_M_N_cha10133_cha00062_12214.jpg,0.5133333333333333,0.7933333333333333,0.9633333333333334,0.9668584656084659
CASIA2/Tp/Tp_D_NRN_M_N_cha10133_cha00070_12213.jpg,0.52,0.7933333333333333,0.9566666666666667,0.9651388888888893
CASIA2/Tp/Tp_D_NRN_M_N_cha10136_cha00086_12207.jpg,0.9633333333333334,0.9733333333333334,1.0,0.9993333333333334
CASIA2/Tp/Tp_D_NRN_M_N_cha10138_cha00067_12204.jpg,1.0,1.0,0.9972222222222221,0.9993333333333334
CASIA2/Tp/Tp_D_NRN_M_N_cha10141_cha10142_12236.jpg,0.22333333333333333,0.79,0.9766666666666667,0.9876626984126983
CASIA2/Tp/Tp_D_NRN_M_N_cha10162_cha00067_12251.jpg,0.9466666666666667,0.7433333333333333,0.8144456099456101,0.8953253968253968
CASIA2/Tp/Tp_D_NRN_M_N_cha10162_nat00097_12252.jpg,0.9433333333333334,0.8433333333333334,0.7735421707921708,0.873021978021978
CASIA2/Tp/Tp_D_NRN_M_N_cha10170_nat10123_12291.jpg,0.6333333333333333,0.6633333333333333,0.6333333333333333,0.6184541574982753
CASIA2/Tp/Tp_D_NRN_M_N_cha10170_nat10169_12292.jpg,0.63,0.6566666666666666,0.6966666666666667,0.7147578908020085
CASIA2/Tp/Tp_D_NRN_M_N_cha10173_cha00070_12276.jpg,0.5066666666666667,0.4766666666666667,0.6976383292633295,0.6589450734450734
CASIA2/Tp/Tp_D_NRN_M_N_cha10173_cha10174_12275.jpg,0.6033333333333334,0.5366666666666666,0.6658007686757688,0.6631475746475746
CASIA2/Tp/Tp_D_NRN_M_N_cha10175_cha10174_12279.jpg,0.79,0.7766666666666666,0.23666666666666666,0.3729966052466052
CASIA2/Tp/Tp_D_NRN_M_N_cha10198_nat10148_12363.jpg,0.69,0.9,0.9866666666666667,0.9994444444444446
CASIA2/Tp/Tp_D_NRN_M_N_cha10207_cha10208_12339.jpg,0.9366666666666666,0.94,0.96,0.978702380952381
CASIA2/Tp/Tp_D_NRN_M_N_cha10210_cha10208_12337.jpg,0.6266666666666667,0.9533333333333334,0.9817870370370372,0.9974444444444445
CASIA2/Tp/Tp_D_NRN_M_N_ind00014_ind00055_10910.jpg,0.8933333333333333,0.99,1.0,1.0
CASIA2/Tp/Tp_D_NRN_M_N_ind00040_cha00036_11778.jpg,0.38,0.9666666666666667,0.99,0.996090909090909
CASIA2/Tp/Tp_D_NRN_M_N_ind00053_cha00036_11777.jpg,0.53,0.8666666666666667,1.0,1.0
CASIA2/Tp/Tp_D_NRN_M_N_ind00053_cha00062_11378.jpg,0.7533333333333333,0.9266666666666666,1.0,1.0
CASIA2/Tp/Tp_D_NRN_M_N_ind00055_cha00036_11779.jpg,0.22666666666666666,0.9466666666666667,1.0,0.9880853174603172
CASIA2/Tp/Tp_D_NRN_M_N_ind00082_cha00040_11755.jpg,0.42333333333333334,0.9133333333333333,0.99,0.9915648148148147
CASIA2/Tp/Tp_D_NRN_M_N_ind00084_cha00036_11752.jpg,0.5066666666666667,0.9266666666666666,1.0,0.9857205387205388
CASIA2/Tp/Tp_D_NRN_M_N_ind00084_cha00063_11753.jpg,0.44666666666666666,0.9766666666666667,0.9966666666666667,0.995462962962963
CASIA2/Tp/Tp_D_NRN_M_N_ind00100_cha00070_11394.jpg,0.8266666666666667,0.99,0.9933333333333333,0.9993333333333334
CASIA2/Tp/Tp_D_NRN_M_N_ind10102_cha00070_11549.jpg,0.9166666666666666,0.9133333333333333,0.9145602638102637,0.9378596126096126
CASIA2/Tp/Tp_D_NRN_M_N_ind10102_cha10110_11548.jpg,0.9066666666666666,0.96,0.9156593499093497,0.96015231990232
CASIA2/Tp/Tp_D_NRN_M_N_ind10102_cha10112_11547.jpg,0.5433333333333333,0.91,0.9238869833869833,0.9445425315425315
CASIA2/Tp/Tp_D_NRN_M_N_nat00002_cha00062_11516.jpg,0.95,0.9766666666666667,0.9993333333333334,0.9965238095238097
CASIA2/Tp/Tp_D_NRN_M_N_nat00002_nat00059_11513.jpg,0.71,0.9666666666666667,0.9972222222222222,1.0
CASIA2/Tp/Tp_D_NRN_M_N_nat00002_nat00062_11512.jpg,0.5633333333333334,0.71,0.9517960557960556,0.9461289127539129
CASIA2/Tp/Tp_D_NRN_M_N_nat00008_cha00072_11465.jpg,0.97,0.98,0.9994444444444444,1.0
CASIA2/Tp/Tp_D_NRN_M_N_nat00011_nat00012_11056.jpg,0.4166666666666667,0.61,0.9733333333333334,0.9802619047619048
CASIA2/Tp/Tp_D_NRN_M_N_nat00012_nat00013_11054.jpg,0.7233333333333334,0.87,0.9466666666666667,0.9523193935693938
CASIA2/Tp/Tp_D_NRN_M_N_nat00013_cha00070_11393.jpg,0.9866666666666667,0.9833333333333333,0.9966666666666667,0.9959166666666668
CASIA2/Tp/Tp_D_NRN_M_N_nat00014_nat00028_11038.jpg,0.33666666666666667,0.8266666666666667,1.0,0.9908779461279461
CASIA2/Tp/Tp_D_NRN_M_N_nat00028_nat00013_11053.jpg,0.54,0.8833333333333333,0.9566666666666667,0.9948425925925926
CASIA2/Tp/Tp_D_NRN_M_N_nat00031_nat00013_11065.jpg,0.8966666666666666,0.91,0.9933333333333333,0.9973333333333333
CASIA2/Tp/Tp_D_NRN_M_N_nat00033_cha00070_11476.jpg,0.9966666666666667,0.9966666666666667,0.9966666666666667,0.9872063492063491
CASIA2/Tp/Tp_D_NRN_M_N_nat00040_nat00013_11073.jpg,0.9,0.94,0.9687320827320828,0.9918849206349208
CASIA2/Tp/Tp_D_NRN_M_N_nat00044_art00025_11432.jpg,0.9833333333333333,0.99,1.0,0.9928333333333332
CASIA2/Tp/Tp_D_NRN_M_N_nat00072_nat00059_11107.jpg,0.5766666666666667,0.93,0.9966666666666667,0.9925330687830687
CASIA2/Tp/Tp_D_NRN_M_N_nat00089_pla10118_10583.jpg,0.34,0.92,0.9753607503607505,0.9951481481481482
CASIA2/Tp/Tp_D_NRN_M_N_nat00091_nat00097_11099.jpg,1.0,0.9966666666666667,0.9666666666666667,0.9968484848484851
CASIA2/Tp/Tp_D_NRN_M_N_nat00093_nat00059_11112.jpg,0.92,0.9733333333333334,0.9966666666666667,0.9669646464646462
CASIA2/Tp/Tp_D_NRN_M_N_nat00095_nat00083_10080.tif,0.3,0.39666666666666667,0.9890620305620307,0.9812942612942614
CASIA2/Tp/Tp_D_NRN_M_N_nat00095_nat00099_10079.tif,0.42333333333333334,0.5433333333333333,0.9931584896584896,0.9953924963924965
CASIA2/Tp/Tp_D_NRN_M_N_nat00095_nat10122_11359.jpg,0.7766666666666666,0.6766666666666666,0.9291661209161212,0.9032998667998671
CASIA2/Tp/Tp_D_NRN_M_N_nat00097_nat00059_11109.jpg,0.6666666666666666,0.8,0.9980555555555555,0.9109081011581014
CASIA2/Tp/Tp_D_NRN_M_N_nat00098_art00096_11448.jpg,0.9966666666666667,0.9933333333333333,0.9966666666666667,0.9991666666666666
CASIA2/Tp/Tp_D_NRN_M_N_nat00098_nat00099_10062.tif,0.56,0.6966666666666667,1.0,1.0
CASIA2/Tp/Tp_D_NRN_M_N_nat00099_art00096_11447.jpg,0.9933333333333333,0.9966666666666667,0.9974126984126983,0.9977777777777778
CASIA2/Tp/Tp_D_NRN_M_N_nat00099_nat00023_10348.tif,1.0,0.9533333333333334,1.0,0.9987777777777778
CASIA2/Tp/Tp_D_NRN_M_N_nat10103_ani00005_10117.tif,0.9033333333333333,0.9666666666666667,1.0,1.0
CASIA2/Tp/Tp_D_NRN_M_N_nat10106_nat00059_11351.jpg,0.49666666666666665,0.6966666666666667,0.9643968346468347,0.8417562807562807
CASIA2/Tp/Tp_D_NRN_M_N_nat10108_cha00052_11364.jpg,0.5433333333333333,0.8633333333333333,0.7847716033966033,0.7852865375365378
CASIA2/Tp/Tp_D_NRN_M_N_nat10110_cha00031_11367.jpg,0.7266666666666667,0.82,0.7933333333333333,0.873232868982869
CASIA2/Tp/Tp_D_NRN_M_N_nat10110_cha00052_11366.jpg,0.7233333333333334,0.8133333333333334,0.79,0.856527962777963
CASIA2/Tp/Tp_D_NRN_M_N_nat10110_cha00062_11383.jpg,0.7133333333333334,0.7666666666666667,0.7433333333333333,0.8376652884152885
CASIA2/Tp/Tp_D_NRN_M_N_nat10110_cha00070_11373.jpg,0.6633333333333333,0.7366666666666667,0.7966666666666666,0.8275248455248452
CASIA2/Tp/Tp_D_NRN_M_N_nat10110_cha00086_11370.jpg,0.6033333333333334,0.76,0.78,0.8611207958707958
CASIA2/Tp/Tp_D_NRN_M_N_nat10111_art00021_11467.jpg,0.7033333333333334,0.8966666666666666,0.973575396825397,0.981734126984127
CASIA2/Tp/Tp_D_NRN_M_N_nat10111_cha00072_11468.jpg,0.7433333333333333,0.8933333333333333,0.9772103174603175,0.9871071428571428
CASIA2/Tp/Tp_D_NRN_M_N_nat10111_nat00062_11363.jpg,0.5466666666666666,0.8566666666666667,0.989826479076479,0.9532602027602026
CASIA2/Tp/Tp_D_NRN_M_N_nat10111_nat10122_11362.jpg,0.7466666666666667,0.8633333333333333,0.9638679283679283,0.9765402190402191
CASIA2/Tp/Tp_D_NRN_M_N_nat10113_nat00062_11382.jpg,0.7066666666666667,0.8033333333333333,0.9233333333333333,0.9128895962425374
CASIA2/Tp/Tp_D_NRN_M_N_nat10113_nat10123_11381.jpg,0.8266666666666667,0.86,0.8833333333333333,0.8924874197153608
CASIA2/Tp/Tp_D_NRN_M_N_nat10118_nat10123_11391.jpg,0.26,0.9133333333333333,0.8566666666666667,0.9050257612757614
CASIA2/Tp/Tp_D_NRN_M_N_nat10122_nat00097_11337.jpg,0.42,0.5333333333333333,0.8222479002479004,0.7238321632071631
CASIA2/Tp/Tp_D_NRN_M_N_nat10123_nat00097_11338.jpg,0.29,0.7733333333333333,0.8133333333333334,0.7731776279276281
CASIA2/Tp/Tp_D_NRN_M_N_nat10123_nat10122_11336.jpg,0.30333333333333334,0.76,0.84,0.7837828467828468
CASIA2/Tp/Tp_D_NRN_M_N_nat10124_arc10122_12149.jpg,0.43666666666666665,0.72,0.944092893217893,0.9077293539793542
CASIA2/Tp/Tp_D_NRN_M_N_nat10126_cha00063_11652.jpg,0.68,0.9,0.84,0.8270699300699301
CASIA2/Tp/Tp_D_NRN_M_N_nat10126_cha10110_11535.jpg,0.57,0.8433333333333334,0.8766666666666667,0.8619722222222224
CASIA2/Tp/Tp_D_NRN_M_N_nat10129_cha00071_11731.jpg,0.6866666666666666,0.8566666666666667,0.8866666666666667,0.8261055056055056
CASIA2/Tp/Tp_D_NRN_M_N_nat10131_nat10132_11904.jpg,1.0,1.0,1.0,1.0
CASIA2/Tp/Tp_D_NRN_M_N_nat10131_nat10132_11905.jpg,1.0,1.0,1.0,1.0
CASIA2/Tp/Tp_D_NRN_M_N_nat10133_nat00013_11910.jpg,0.9666666666666667,0.9033333333333333,0.9933333333333333,0.9966666666666667
CASIA2/Tp/Tp_D_NRN_M_N_nat10134_nat00095_11912.jpg,0.8966666666666666,0.8833333333333333,1.0,0.9934444444444446
CASIA2/Tp/Tp_D_NRN_M_N_nat10134_nat10124_11913.jpg,0.9333333333333333,0.9,1.0,0.9993333333333334
CASIA2/Tp/Tp_D_NRN_M_N_nat10136_arc00023_11916.jpg,0.6966666666666667,0.7633333333333333,0.99,0.9868531746031747
CASIA2/Tp/Tp_D_NRN_M_N_nat10136_arc00069_11918.jpg,0.7366666666666667,0.8833333333333333,0.99,0.997388888888889
CASIA2/Tp/Tp_D_NRN_M_N_nat10136_cha00085_11917.jpg,0.91,0.92,0.9933333333333333,1.0
CASIA2/Tp/Tp_D_NRN_M_N_nat10137_nat00059_11936.jpg,0.81,0.9133333333333333,0.9878106060606058,0.9958148148148147
CASIA2/Tp/Tp_D_NRN_M_N_nat10137_nat00095_11938.jpg,0.67,0.77,0.9854772727272727,0.9900013227513227
CASIA2/Tp/Tp_D_NRN_M_N_nat10137_nat10124_11937.jpg,0.7266666666666667,0.9066666666666666,0.9843939393939392,0.9930370370370372
CASIA2/Tp/Tp_D_NRN_M_N_nat10140_nat00095_11956.jpg,0.6866666666666666,0.8066666666666666,1.0,0.9903571428571428
CASIA2/Tp/Tp_D_NRN_M_N_nat10140_nat00097_11957.jpg,0.7966666666666666,0.8066666666666666,1.0,0.9991666666666666
CASIA2/Tp/Tp_D_NRN_M_N_nat10140_nat10138_11955.jpg,0.5833333333333334,0.7433333333333333,1.0,0.9769772727272726
CASIA2/Tp/Tp_D_NRN_M_N_nat10140_nat10139_11954.jpg,0.9066666666666666,0.9566666666666667,1.0,1.0
CASIA2/Tp/Tp_D_NRN_M_N_nat10142_arc00069_11962.jpg,0.71,0.77,1.0,0.9682008177008178
CASIA2/Tp/Tp_D_NRN_M_N_nat10143_nat00095_12035.jpg,0.9233333333333333,0.93,0.9958333333333333,0.9985
CASIA2/Tp/Tp_D_NRN_M_N_nat10144_nat00059_11969.jpg,0.7066666666666667,0.87,0.9918677248677248,0.995873015873016
CASIA2/Tp/Tp_D_NRN_M_N_nat10144_nat00060_11965.jpg,0.6133333333333333,0.5933333333333334,0.9732222222222221,0.9627211862211864
CASIA2/Tp/Tp_D_NRN_M_N_nat10144_nat00060_11974.jpg,0.6933333333333334,0.8366666666666667,0.983683742183742,0.9883015873015872
CASIA2/Tp/Tp_D_NRN_M_N_nat10144_nat00095_11975.jpg,0.7033333333333334,0.78,0.9879605209605209,0.9805319957819961
CASIA2/Tp/Tp_D_NRN_M_N_nat10144_nat00097_11972.jpg,0.58,0.7266666666666667,0.9707205387205385,0.9794474969474972
CASIA2/Tp/Tp_D_NRN_M_N_nat10144_nat00099_11966.jpg,0.59,0.76,0.9873333333333333,0.9830968475968477
CASIA2/Tp/Tp_D_NRN_M_N_nat10144_nat10124_11970.jpg,0.55,0.7566666666666667,0.9662537277537278,0.972515873015873
CASIA2/Tp/Tp_D_NRN_M_N_nat10144_nat10128_11971.jpg,0.8766666666666667,0.8933333333333333,0.9727061087061086,0.9945277777777778
CASIA2/Tp/Tp_D_NRN_M_N_nat10144_nat10142_11967.jpg,0.8266666666666667,0.8733333333333333,0.9721902356902355,0.9800123117623122
CASIA2/Tp/Tp_D_NRN_M_N_nat10144_nat10145_11964.jpg,0.5233333333333333,0.6966666666666667,0.9930277777777777,0.9389842934842934
CASIA2/Tp/Tp_D_NRN_M_N_nat10144_nat10156_12150.jpg,0.65,0.8666666666666667,0.9774472564472564,0.9900529100529102
CASIA2/Tp/Tp_D_NRN_M_N_nat10145_ani00001_11979.jpg,0.8866666666666667,0.9566666666666667,1.0,1.0
CASIA2/Tp/Tp_D_NRN_M_N_nat10145_cha00070_11991.jpg,0.9966666666666667,0.9933333333333333,1.0,1.0
CASIA2/Tp/Tp_D_NRN_M_N_nat10145_nat10145_11978.jpg,0.75,0.88,1.0,1.0
CASIA2/Tp/Tp_D_NRN_M_N_nat10147_nat00095_11998.jpg,0.77,0.91,1.0,0.9988888888888889
CASIA2/Tp/Tp_D_NRN_M_N_nat10147_nat00097_11997.jpg,0.8366666666666667,0.9666666666666667,1.0,1.0
CASIA2/Tp/Tp_D_NRN_M_N_nat10147_nat10124_11999.jpg,0.7733333333333333,0.8966666666666666,1.0,0.9991666666666666
CASIA2/Tp/Tp_D_NRN_M_N_nat10148_nat00097_12122.jpg,0.91,0.9366666666666666,0.9987777777777778,0.9981481481481482
CASIA2/Tp/Tp_D_NRN_M_N_nat10148_nat10142_12125.jpg,0.8633333333333333,0.91,0.9983333333333333,0.9979545454545454
CASIA2/Tp/Tp_D_NRN_M_N_nat10148_nat10159_12124.jpg,0.9966666666666667,1.0,0.9964242424242422,0.9982142857142857
CASIA2/Tp/Tp_D_NRN_M_N_nat10148_nat10161_12121.jpg,0.9,0.9866666666666667,1.0,1.0
CASIA2/Tp/Tp_D_NRN_M_N_nat10149_nat00060_12003.jpg,0.8666666666666667,0.8066666666666666,0.9966666666666667,0.9847222222222223
CASIA2/Tp/Tp_D_NRN_M_N_nat10150_nat00013_12031.jpg,0.9933333333333333,0.9866666666666667,0.9906296296296295,0.9973333333333333
CASIA2/Tp/Tp_D_NRN_M_N_nat10150_nat00060_12032.jpg,0.8766666666666667,0.8733333333333333,0.9808888888888888,0.9767513227513228
CASIA2/Tp/Tp_D_NRN_M_N_nat10150_nat00095_12034.jpg,0.88,0.87,0.9798055555555556,0.9931666666666666
CASIA2/Tp/Tp_D_NRN_M_N_nat10150_nat10124_12033.jpg,0.9966666666666667,0.9966666666666667,0.9894907407407406,0.999
CASIA2/Tp/Tp_D_NRN_M_N_nat10150_nat10125_12036.jpg,0.9933333333333333,0.9866666666666667,0.9890740740740739,0.9290801050801052
CASIA2/Tp/Tp_D_NRN_M_N_nat10150_nat10147_12029.jpg,0.9633333333333334,0.97,0.9833452380952381,0.9913205128205129
CASIA2/Tp/Tp_D_NRN_M_N_nat10150_nat10156_12030.jpg,0.98,0.9633333333333334,0.9899351851851852,0.9948333333333333
CASIA2/Tp/Tp_D_NRN_M_N_nat10151_cha00070_12108.jpg,0.9866666666666667,0.98,0.9933333333333333,0.992611111111111
CASIA2/Tp/Tp_D_NRN_M_N_nat10152_nat10161_12147.jpg,0.9666666666666667,0.99,0.9995833333333334,0.9928968253968253
CASIA2/Tp/Tp_D_NRN_M_N_nat10155_nat10123_12116.jpg,0.8733333333333333,0.8833333333333333,0.9743690476190475,0.9744747474747476
CASIA2/Tp/Tp_D_NRN_M_N_nat10157_cha00062_12043.jpg,1.0,0.9966666666666667,1.0,1.0
CASIA2/Tp/Tp_D_NRN_M_N_nat10157_cha00063_12041.jpg,1.0,0.9666666666666667,1.0,1.0
CASIA2/Tp/Tp_D_NRN_M_N_nat10157_cha00070_12042.jpg,0.9866666666666667,0.99,1.0,1.0
CASIA2/Tp/Tp_D_NRN_M_N_nat10157_nat00060_12047.jpg,1.0,0.98,1.0,0.9983333333333333
CASIA2/Tp/Tp_D_NRN_M_N_nat10157_nat10128_12045.jpg,0.9833333333333333,0.99,0.9991904761904762,1.0
CASIA2/Tp/Tp_D_NRN_M_N_nat10160_nat00059_12067.jpg,0.7266666666666667,0.89,1.0,0.9901084656084655
CASIA2/Tp/Tp_D_NRN_M_N_nat10160_nat00095_12064.jpg,0.6633333333333333,0.76,0.9933333333333333,0.9951666666666668
CASIA2/Tp/Tp_D_NRN_M_N_nat10160_nat00097_12065.jpg,0.7066666666666667,0.8433333333333334,1.0,0.9986666666666667
CASIA2/Tp/Tp_D_NRN_M_N_nat10160_nat10138_12066.jpg,0.5666666666666667,0.72,1.0,0.9843134920634922
CASIA2/Tp/Tp_D_NRN_M_N_nat10160_nat10140_12072.jpg,0.7533333333333333,0.87,1.0,0.9834682539682541
CASIA2/Tp/Tp_D_NRN_M_N_nat10160_nat10147_12069.jpg,0.76,0.7566666666666667,0.9533333333333334,0.9793079605579607
CASIA2/Tp/Tp_D_NRN_M_N_nat10160_nat10159_12070.jpg,0.9466666666666667,0.95,0.9866666666666667,0.990782153032153
CASIA2/Tp/Tp_D_NRN_M_N_nat10161_nat10148_12119.jpg,0.74,0.9166666666666666,1.0,0.9810467032967034
CASIA2/Tp/Tp_D_NRN_M_N_nat10161_nat10158_12083.jpg,0.9666666666666667,0.9533333333333334,0.9963636363636362,0.9993333333333334
CASIA2/Tp/Tp_D_NRN_M_N_nat10167_cha00070_12103.jpg,0.9033333333333333,0.9466666666666667,0.9953571428571428,0.9821825396825398
CASIA2/Tp/Tp_D_NRN_M_N_pla00020_pla10126_12132.jpg,0.93,0.9666666666666667,0.9966666666666667,0.9905382395382397
CASIA2/Tp/Tp_D_NRN_M_N_pla10115_cha00085_10124.tif,0.45666666666666667,0.4766666666666667,1.0,0.9961111111111113
CASIA2/Tp/Tp_D_NRN_M_N_pla10115_pla10114_10395.tif,0.4866666666666667,0.45,1.0,1.0
CASIA2/Tp/Tp_D_NRN_M_N_pla10115_txt00065_10125.tif,0.7933333333333333,0.58,1.0,0.9978306878306877
CASIA2/Tp/Tp_D_NRN_M_N_pla10115_txt00068_10126.tif,0.45,0.43666666666666665,1.0,0.9970370370370369
CASIA2/Tp/Tp_D_NRN_M_N_pla10115_txt00068_10127.tif,0.45666666666666667,0.4266666666666667,1.0,0.9992592592592593
CASIA2/Tp/Tp_D_NRN_M_N_pla10121_cha00029_11668.jpg,0.46,0.6133333333333333,0.92,0.8604895382395387
CASIA2/Tp/Tp_D_NRN_M_N_pla10121_cha00050_11658.jpg,0.54,0.5633333333333334,0.9266666666666666,0.8262486171236174
CASIA2/Tp/Tp_D_NRN_M_N_pla10121_cha10110_11602.jpg,0.5266666666666666,0.6566666666666666,0.92,0.8801742424242428
CASIA2/Tp/Tp_D_NRN_M_N_pla10123_cha10110_11556.jpg,0.56,0.89,0.8966666666666666,0.9513326118326122
CASIA2/Tp/Tp_D_NRN_M_N_pla10124_cha00062_11557.jpg,0.57,0.8533333333333334,0.9833333333333333,0.8631503727753728
CASIA2/Tp/Tp_D_NRN_M_N_sec00007_sec00004_10033.tif,0.49666666666666665,0.5466666666666666,1.0,1.0
CASIA2/Tp/Tp_D_NRN_M_N_sec00015_cha00062_11399.jpg,0.9733333333333334,0.99,0.9686206108706106,0.9593982313982314
CASIA2/Tp/Tp_D_NRN_M_N_sec00016_cha00070_11398.jpg,1.0,0.9966666666666667,0.962637566137566,0.9740134680134681
CASIA2/Tp/Tp_D_NRN_M_N_sec00021_cha00052_11405.jpg,0.9966666666666667,0.9966666666666667,1.0,0.9852197802197803
CASIA2/Tp/Tp_D_NRN_M_N_sec00021_cha00070_11475.jpg,0.9966666666666667,0.9966666666666667,0.9966666666666667,0.9782118437118438
CASIA2/Tp/Tp_D_NRN_M_N_sec00040_cha00070_11474.jpg,0.94,0.95,0.9966666666666667,0.9825903769433181
CASIA2/Tp/Tp_D_NRN_M_N_sec00064_cha00070_11408.jpg,0.7366666666666667,0.93,1.0,0.9979999999999999
CASIA2/Tp/Tp_D_NRN_M_N_sec00069_art00028_11278.jpg,0.18,0.7533333333333333,0.97,0.9746263736263736
CASIA2/Tp/Tp_D_NRN_M_N_sec00087_cha00070_11469.jpg,0.94,0.9833333333333333,0.9913201058201058,0.9944074074074075
CASIA2/Tp/Tp_D_NRN_M_N_sec00087_nat00062_11410.jpg,0.8533333333333334,0.9833333333333333,0.9964126984126985,0.9977777777777779
CASIA2/Tp/Tp_D_NRN_M_N_sec00089_cha00063_11489.jpg,0.9966666666666667,0.9966666666666667,0.98,1.0
CASIA2/Tp/Tp_D_NRN_M_N_sec00089_cha00070_11490.jpg,1.0,1.0,0.9733333333333334,0.9993333333333334
CASIA2/Tp/Tp_D_NRN_M_N_sec00090_sec00098_10336.tif,0.49,0.52,1.0,0.9898888888888888
CASIA2/Tp/Tp_D_NRN_M_N_sec10101_art00098_10346.tif,0.6566666666666666,0.5666666666666667,1.0,0.9857222222222223
CASIA2/Tp/Tp_D_NRN_M_N_sec10105_sec10109_10333.tif,0.6133333333333333,0.49,0.9891666666666666,0.996
CASIA2/Tp/Tp_D_NRN_M_N_sec10106_sec10109_10332.tif,0.57,0.65,0.9983333333333333,0.9995833333333334
CASIA2/Tp/Tp_D_NRN_M_N_sec10112_art00098_10343.tif,0.30333333333333334,0.2733333333333333,1.0,0.9978148148148148
CASIA2/Tp/Tp_D_NRN_M_N_sec10115_cha00062_11533.jpg,0.6966666666666667,0.8633333333333333,0.8522076072076075,0.8864033189033191
CASIA2/Tp/Tp_D_NRN_M_N_sec10115_cha00070_11532.jpg,0.76,0.8733333333333333,0.8663268213268214,0.9304140211640212
CASIA2/Tp/Tp_D_NRN_M_N_txt00059_pla00050_10390.tif,0.6766666666666666,0.6633333333333333,1.0,0.9920264550264551
CASIA2/Tp/Tp_D_NRN_M_N_txt00065_sec00077_10391.tif,0.29,0.37,1.0,0.9823412698412699
CASIA2/Tp/Tp_D_NRN_M_N_txt00068_txt10112_10109.tif,0.55,0.6033333333333334,1.0,0.995537037037037
CASIA2/Tp/Tp_D_NRN_M_N_txt10111_txt10104_10810.jpg,0.6366666666666667,0.7766666666666666,0.9066666666666666,0.9313518518518517
CASIA2/Tp/Tp_D_NRN_M_N_txt10112_nat10103_10110.tif,0.63,0.4533333333333333,1.0,0.9942301587301587
CASIA2/Tp/Tp_D_NRN_M_N_txt10112_nat10103_10111.tif,0.5733333333333334,0.4,1.0,0.9951084656084656
CASIA2/Tp/Tp_D_NRN_M_O_ani10105_ani10104_10022.tif,0.38666666666666666,0.26666666666666666,0.9933333333333333,0.9887258297258298
CASIA2/Tp/Tp_D_NRN_M_O_arc00018_arc00025_10016.jpg,0.7533333333333333,0.8033333333333333,0.9837496392496393,0.9221598124098125
CASIA2/Tp/Tp_D_NRN_M_O_arc00023_arc00008_10010.tif,1.0,1.0,1.0,1.0
CASIA2/Tp/Tp_D_NRN_M_O_arc00023_cha00014_10011.tif,0.9733333333333334,0.98,1.0,1.0
CASIA2/Tp/Tp_D_NRN_M_O_art10108_cha00063_11633.jpg,0.85,0.7766666666666666,0.79,0.7685450752950758
CASIA2/Tp/Tp_D_NRN_M_O_cha00004_art00010_10169.tif,0.77,0.77,1.0,1.0
CASIA2/Tp/Tp_D_NRN_M_O_cha00071_cha00095_10049.tif,0.89,0.9733333333333334,1.0,1.0
CASIA2/Tp/Tp_D_NRN_M_O_cha00094_cha00095_10046.tif,0.7833333333333333,0.96,1.0,1.0
CASIA2/Tp/Tp_D_NRN_M_O_ind00016_ind00017_10013.tif,0.9966666666666667,0.9966666666666667,1.0,1.0
CASIA2/Tp/Tp_D_NRN_M_O_ind00020_ind00031_10014.tif,0.9966666666666667,1.0,1.0,1.0
CASIA2/Tp/Tp_D_NRN_M_O_ind00030_ind00031_10015.tif,0.82,0.8466666666666667,1.0,0.9986904761904764
CASIA2/Tp/Tp_D_NRN_M_O_nat00037_cha00062_11385.jpg,0.9966666666666667,0.9933333333333333,0.9833333333333333,0.9229487641987644
CASIA2/Tp/Tp_D_NRN_M_O_nat10151_cha00062_12107.jpg,0.9833333333333333,0.9866666666666667,0.9866666666666667,0.9882539682539683
CASIA2/Tp/Tp_D_NRN_M_O_nat10157_nat00095_12046.jpg,0.9633333333333334,0.9833333333333333,0.9964629629629629,0.9991666666666666
CASIA2/Tp/Tp_D_NRN_M_O_sec10101_sec10107_10024.tif,0.63,0.5766666666666667,0.9966666666666667,0.9928117715617716
CASIA2/Tp/Tp_D_NRN_M_O_sec10105_cha10104_10027.tif,0.42333333333333334,0.43666666666666665,0.9881944444444446,0.9918664021164022
CASIA2/Tp/Tp_D_NRN_M_O_sec10107_sec10101_10025.tif,0.5766666666666667,0.43666666666666665,1.0,0.9981111111111112
CASIA2/Tp/Tp_D_NRN_M_O_sec20054_sec20042_01644.tif,1.0,1.0,1.0,0.998175925925926
CASIA2/Tp/Tp_D_NRN_S_B_ani00021_ani00020_20015.jpg,0.7233333333333334,0.43666666666666665,0.98,0.955600223850224
CASIA2/Tp/Tp_D_NRN_S_B_ani00023_ani00022_20073.jpg,0.39666666666666667,0.14,0.9251829287270464,0.8617631072631075
CASIA2/Tp/Tp_D_NRN_S_B_ani00066_ani00013_00186.tif,0.36666666666666664,0.83,1.0,0.9975
CASIA2/Tp/Tp_D_NRN_S_B_ani10209_ani10210_12372.jpg,0.5566666666666666,0.35,0.34,0.4592665673106849
CASIA2/Tp/Tp_D_NRN_S_B_arc00024_ani00024_20074.jpg,0.9933333333333333,0.9666666666666667,0.9966666666666667,0.9896600991600993
CASIA2/Tp/Tp_D_NRN_S_B_arc00042_ani00070_00262.tif,0.8833333333333333,0.9633333333333334,1.0,1.0
CASIA2/Tp/Tp_D_NRN_S_B_arc00051_ani00005_00271.tif,0.8366666666666667,0.9166666666666666,1.0,1.0
CASIA2/Tp/Tp_D_NRN_S_B_arc00054_ani00031_00274.tif,0.9866666666666667,0.99,1.0,0.9991666666666666
CASIA2/Tp/Tp_D_NRN_S_B_arc00059_nat00013_11826.jpg,0.92,0.9933333333333333,0.9966666666666667,0.9914920634920635
CASIA2/Tp/Tp_D_NRN_S_B_arc00059_nat00095_11827.jpg,0.9766666666666667,0.9966666666666667,1.0,0.997324074074074
CASIA2/Tp/Tp_D_NRN_S_B_arc00060_arc00062_11496.jpg,0.37333333333333335,0.7433333333333333,0.974862433862434,0.9873760683760686
CASIA2/Tp/Tp_D_NRN_S_B_arc00064_ani00005_00284.tif,0.9933333333333333,0.9933333333333333,1.0,1.0
CASIA2/Tp/Tp_D_NRN_S_B_arc00074_arc00075_11195.jpg,0.64,0.9,0.9833333333333333,0.978968142968143
CASIA2/Tp/Tp_D_NRN_S_B_arc00076_ani00077_00296.tif,0.7733333333333333,0.98,1.0,1.0
CASIA2/Tp/Tp_D_NRN_S_B_arc00080_ani00005_00300.tif,0.98,0.9266666666666666,1.0,0.9981481481481482
CASIA2/Tp/Tp_D_NRN_S_B_arc00084_ani00058_00304.tif,0.8233333333333334,0.91,1.0,1.0
CASIA2/Tp/Tp_D_NRN_S_B_arc00088_arc00088_00308.tif,0.9666666666666667,0.99,1.0,1.0
CASIA2/Tp/Tp_D_NRN_S_B_arc00089_ani00061_00309.tif,1.0,1.0,1.0,1.0
CASIA2/Tp/Tp_D_NRN_S_B_arc00090_ani00096_00310.tif,1.0,1.0,1.0,1.0
CASIA2/Tp/Tp_D_NRN_S_B_arc00091_arc00095_11201.jpg,0.85,0.95,1.0,0.9988571428571428
CASIA2/Tp/Tp_D_NRN_S_B_arc00094_ani00100_00314.tif,0.9166666666666666,0.9466666666666667,1.0,0.995
CASIA2/Tp/Tp_D_NRN_S_B_arc00098_art00092_11796.jpg,0.9166666666666666,0.96,1.0,1.0
CASIA2/Tp/Tp_D_NRN_S_B_arc00099_ani00058_00319.tif,0.9966666666666667,0.9633333333333334,1.0,0.9991666666666666
CASIA2/Tp/Tp_D_NRN_S_B_art00002_ani00096_00495.tif,0.9166666666666666,0.94,1.0,1.0
CASIA2/Tp/Tp_D_NRN_S_B_art00004_ani00005_00493.tif,0.7766666666666666,0.7566666666666667,1.0,1.0
CASIA2/Tp/Tp_D_NRN_S_B_art00022_ani00061_00504.tif,0.9366666666666666,0.9866666666666667,1.0,1.0
CASIA2/Tp/Tp_D_NRN_S_B_art00025_ani00070_00507.tif,1.0,1.0,1.0,1.0
CASIA2/Tp/Tp_D_NRN_S_B_art00030_cha00027_00508.tif,0.7966666666666666,0.9166666666666666,1.0,1.0
CASIA2/Tp/Tp_D_NRN_S_B_art00035_ani00070_01419.tif,1.0,1.0,1.0,1.0
CASIA2/Tp/Tp_D_NRN_S_B_art00044_ind00098_00490.tif,0.9566666666666667,0.9333333333333333,1.0,1.0
CASIA2/Tp/Tp_D_NRN_S_B_art00049_cha00063_00521.tif,0.9566666666666667,0.9866666666666667,1.0,1.0
CASIA2/Tp/Tp_D_NRN_S_B_art00059_cha00063_01401.tif,0.73,0.6966666666666667,1.0,1.0
CASIA2/Tp/Tp_D_NRN_S_B_art00063_ani00058_00528.tif,0.9866666666666667,0.9866666666666667,1.0,0.9922500000000001
CASIA2/Tp/Tp_D_NRN_S_B_art00087_art00087_01010.tif,0.9933333333333333,0.9933333333333333,1.0,1.0
CASIA2/Tp/Tp_D_NRN_S_B_art00096_ani00070_01385.tif,0.3466666666666667,0.41333333333333333,0.9948956043956044,0.9936547619047622
CASIA2/Tp/Tp_D_NRN_S_B_art00100_cha00026_01381.tif,0.9866666666666667,0.9766666666666667,1.0,1.0
CASIA2/Tp/Tp_D_NRN_S_B_cha00013_cha00015_20051.jpg,1.0,1.0,0.96,0.9696417748917749
CASIA2/Tp/Tp_D_NRN_S_B_cha00023_cha00022_20075.jpg,1.0,1.0,0.9933333333333333,0.9910515873015872
CASIA2/Tp/Tp_D_NRN_S_B_cha00026_pla00009_00346.tif,0.88,0.8433333333333334,1.0,0.9988888888888889
CASIA2/Tp/Tp_D_NRN_S_B_cha00034_cha00040_00354.tif,0.55,0.55,1.0,1.0
CASIA2/Tp/Tp_D_NRN_S_B_cha00065_txt00068_10177.tif,0.7166666666666667,0.7033333333333334,1.0,1.0
CASIA2/Tp/Tp_D_NRN_S_B_cha00076_ani00068_10044.tif,0.9133333333333333,0.98,1.0,1.0
CASIA2/Tp/Tp_D_NRN_S_B_cha00077_ani00023_00397.tif,1.0,1.0,1.0,1.0
CASIA2/Tp/Tp_D_NRN_S_B_cha20031_arc20033_02030.tif,0.9966666666666667,0.9466666666666667,0.9933333333333333,0.9934285714285713
CASIA2/Tp/Tp_D_NRN_S_B_ind00007_cha00040_00425.tif,0.49,0.4033333333333333,1.0,0.9991666666666666
CASIA2/Tp/Tp_D_NRN_S_B_ind00017_ind00098_00003.tif,1.0,0.9966666666666667,1.0,1.0
CASIA2/Tp/Tp_D_NRN_S_B_ind00019_ind00020_20016.jpg,0.99,0.99,0.9966666666666667,0.9983333333333333
CASIA2/Tp/Tp_D_NRN_S_B_ind00024_art00047_00020.tif,0.9333333333333333,0.97,1.0,0.9988888888888887
CASIA2/Tp/Tp_D_NRN_S_B_ind00033_ind00098_00448.tif,0.5466666666666666,0.4266666666666667,1.0,1.0
CASIA2/Tp/Tp_D_NRN_S_B_ind00046_cha00023_00454.tif,0.69,0.7,1.0,1.0
CASIA2/Tp/Tp_D_NRN_S_B_ind00054_cha00050_00460.tif,0.46,0.4033333333333333,0.9974074074074074,1.0
CASIA2/Tp/Tp_D_NRN_S_B_ind00055_cha00040_00461.tif,0.5733333333333334,0.55,1.0,1.0
CASIA2/Tp/Tp_D_NRN_S_B_ind00057_ind00018_00463.tif,0.41,0.2633333333333333,1.0,1.0
CASIA2/Tp/Tp_D_NRN_S_B_ind00063_ani00069_00466.tif,0.9733333333333334,0.8733333333333333,1.0,1.0
CASIA2/Tp/Tp_D_NRN_S_B_ind00069_ind00098_00470.tif,0.25666666666666665,0.16333333333333333,1.0,1.0
CASIA2/Tp/Tp_D_NRN_S_B_ind10001_ind10002_20009.jpg,0.6566666666666666,0.6466666666666666,0.6566666666666666,0.5577194472194474
CASIA2/Tp/Tp_D_NRN_S_B_nat00004_art00021_11423.jpg,0.9033333333333333,0.98,0.98,0.9906078431372549
CASIA2/Tp/Tp_D_NRN_S_B_nat00015_cha00014_20052.jpg,1.0,0.9966666666666667,0.9750251322751323,0.9811243386243386
CASIA2/Tp/Tp_D_NRN_S_B_nat00020_cha00019_20017.jpg,0.9666666666666667,0.9566666666666667,0.99,0.9818333333333333
CASIA2/Tp/Tp_D_NRN_S_B_nat00023_cha00024_20076.jpg,0.9633333333333334,0.9833333333333333,0.9833333333333333,0.9657946127946129
CASIA2/Tp/Tp_D_NRN_S_B_nat00026_ani00070_00643.tif,1.0,1.0,1.0,1.0
CASIA2/Tp/Tp_D_NRN_S_B_nat00026_art00021_11422.jpg,0.9933333333333333,0.99,1.0,0.9976666666666667
CASIA2/Tp/Tp_D_NRN_S_B_nat00040_ani00070_00654.tif,0.99,0.9933333333333333,1.0,1.0
CASIA2/Tp/Tp_D_NRN_S_B_nat00093_cha00052_00008.tif,0.7566666666666667,0.8166666666666667,1.0,1.0
CASIA2/Tp/Tp_D_NRN_S_B_nat00098_nat00061_11463.jpg,0.9966666666666667,0.9933333333333333,0.99,0.9958333333333333
CASIA2/Tp/Tp_D_NRN_S_B_nat10117_nat10118_11343.jpg,0.6566666666666666,0.91,0.9933333333333333,0.9463505291005292
CASIA2/Tp/Tp_D_NRN_S_B_nat10151_sec00097_12109.jpg,0.5933333333333334,0.5033333333333333,0.9866666666666667,0.9710519480519482
CASIA2/Tp/Tp_D_NRN_S_B_nat10167_sec00097_12102.jpg,0.5,0.7133333333333334,0.999,0.9715873015873016
CASIA2/Tp/Tp_D_NRN_S_B_nat20009_nat20009_01513.tif,0.43666666666666665,0.38333333333333336,1.0,0.9950505050505052
CASIA2/Tp/Tp_D_NRN_S_B_nat20017_nat20016_01521.tif,0.39,0.3566666666666667,0.9988888888888887,1.0
CASIA2/Tp/Tp_D_NRN_S_B_nat20041_arc20055_02238.tif,0.9466666666666667,0.95,1.0,1.0
CASIA2/Tp/Tp_D_NRN_S_B_pla00083_cha00063_01185.tif,0.5633333333333334,0.7566666666666667,1.0,0.99875
CASIA2/Tp/Tp_D_NRN_S_B_pla00086_ani00058_00608.tif,0.73,0.8766666666666667,1.0,0.9964285714285714
CASIA2/Tp/Tp_D_NRN_S_B_pla10124_nat00013_11708.jpg,0.5333333333333333,0.9366666666666666,0.9833333333333333,0.9625294982794984
CASIA2/Tp/Tp_D_NRN_S_B_sec00006_ani00017_00704.tif,0.59,0.44666666666666666,1.0,0.9985
CASIA2/Tp/Tp_D_NRN_S_B_sec00009_ind00039_00029.tif,0.55,0.33666666666666667,1.0,1.0
CASIA2/Tp/Tp_D_NRN_S_B_sec00012_sec00017_00032.tif,0.9233333333333333,0.9533333333333334,1.0,1.0
CASIA2/Tp/Tp_D_NRN_S_B_sec00019_pla00019_20018.jpg,1.0,1.0,0.9933333333333333,0.9979166666666667
CASIA2/Tp/Tp_D_NRN_S_B_sec00020_pla00021_20019.jpg,0.9766666666666667,0.9566666666666667,0.9633333333333334,0.9438452380952382
CASIA2/Tp/Tp_D_NRN_S_B_sec00021_arc00021_20020.jpg,1.0,1.0,1.0,0.9835515873015873
CASIA2/Tp/Tp_D_NRN_S_B_sec00021_cha00094_00042.tif,1.0,0.9966666666666667,1.0,0.9991666666666666
CASIA2/Tp/Tp_D_NRN_S_B_sec00028_cha00030_20112.jpg,0.98,0.9533333333333334,0.8833333333333333,0.9100079365079368
CASIA2/Tp/Tp_D_NRN_S_B_sec00029_nat00029_20113.jpg,0.9966666666666667,0.9966666666666667,0.8674754689754691,0.9416794316794318
CASIA2/Tp/Tp_D_NRN_S_B_sec00044_ind00020_00065.tif,0.9633333333333334,0.98,1.0,1.0
CASIA2/Tp/Tp_D_NRN_S_B_sec00063_cha00001_00084.tif,0.43666666666666665,0.3233333333333333,1.0,1.0
CASIA2/Tp/Tp_D_NRN_S_B_sec00070_cha00030_00091.tif,0.9233333333333333,0.9933333333333333,1.0,1.0
CASIA2/Tp/Tp_D_NRN_S_B_sec00075_ani00096_00096.tif,0.9433333333333334,0.9666666666666667,1.0,1.0
CASIA2/Tp/Tp_D_NRN_S_B_sec00075_cha00026_00019.tif,0.9766666666666667,0.9866666666666667,1.0,1.0
CASIA2/Tp/Tp_D_NRN_S_B_sec00079_pla00029_00100.tif,1.0,0.9833333333333333,0.9953888888888889,0.9958888888888888
CASIA2/Tp/Tp_D_NRN_S_B_sec00083_ani00070_00722.tif,0.9566666666666667,1.0,1.0,1.0
CASIA2/Tp/Tp_D_NRN_S_B_sec00088_ani00100_00719.tif,0.42333333333333334,0.43333333333333335,1.0,0.9886111111111112
CASIA2/Tp/Tp_D_NRN_S_B_sec00088_cha00047_00108.tif,0.36666666666666664,0.38,1.0,0.9915185185185184
CASIA2/Tp/Tp_D_NRN_S_B_sec00089_ani00070_00718.tif,1.0,0.9966666666666667,1.0,0.9983333333333333
CASIA2/Tp/Tp_D_NRN_S_B_sec00093_ani00005_00714.tif,0.9466666666666667,0.97,1.0,0.9977777777777778
CASIA2/Tp/Tp_D_NRN_S_B_sec00094_cha00050_00114.tif,0.8233333333333334,0.9166666666666666,0.9966666666666667,0.9962777777777777
CASIA2/Tp/Tp_D_NRN_S_B_sec00095_cha00050_00115.tif,0.9533333333333334,0.9933333333333333,1.0,1.0
CASIA2/Tp/Tp_D_NRN_S_B_sec00095_cha00063_00382.tif,0.9766666666666667,0.9866666666666667,1.0,1.0
CASIA2/Tp/Tp_D_NRN_S_B_sec00096_ani00070_00711.tif,0.9966666666666667,1.0,1.0,1.0
CASIA2/Tp/Tp_D_NRN_S_N_ani00024_ani00021_00144.tif,0.49666666666666665,0.21333333333333335,1.0,0.9964682539682538
CASIA2/Tp/Tp_D_NRN_S_N_ani00032_ani00034_10235.tif,0.39,0.37666666666666665,1.0,0.9954973544973544
CASIA2/Tp/Tp_D_NRN_S_N_ani00033_ani00032_10233.tif,0.4066666666666667,0.36333333333333334,0.9994444444444444,0.9979166666666667
CASIA2/Tp/Tp_D_NRN_S_N_ani00033_ani00034_10236.tif,0.6233333333333333,0.4033333333333333,0.9990277777777777,0.9996969696969696
CASIA2/Tp/Tp_D_NRN_S_N_ani00034_ani00032_10234.tif,0.2633333333333333,0.19666666666666666,1.0,0.9993333333333334
CASIA2/Tp/Tp_D_NRN_S_N_ani00035_ani00037_00155.tif,0.23333333333333334,0.3333333333333333,1.0,0.9969047619047618
CASIA2/Tp/Tp_D_NRN_S_N_ani00044_ani00098_11146.jpg,0.31666666666666665,0.94,0.98,0.9993333333333334
CASIA2/Tp/Tp_D_NRN_S_N_ani00045_ani00077_00165.tif,0.8733333333333333,0.82,1.0,0.9995833333333334
CASIA2/Tp/Tp_D_NRN_S_N_ani00050_ani00051_11132.jpg,0.9966666666666667,0.99,0.9733333333333334,0.9771296296296297
CASIA2/Tp/Tp_D_NRN_S_N_ani00050_ani00055_10225.tif,0.9966666666666667,0.99,1.0,0.9969444444444445
CASIA2/Tp/Tp_D_NRN_S_N_ani00051_ani00019_11857.jpg,0.9933333333333333,0.9966666666666667,0.9785395622895622,0.9903888888888889
CASIA2/Tp/Tp_D_NRN_S_N_ani00055_ani00050_10224.tif,0.99,0.9933333333333333,1.0,1.0
CASIA2/Tp/Tp_D_NRN_S_N_ani00060_ani00059_11128.jpg,0.32,0.5166666666666667,0.9011048303548307,0.789743145743146
CASIA2/Tp/Tp_D_NRN_S_N_ani00076_ani00078_10496.tif,0.8366666666666667,0.9333333333333333,1.0,0.9949841269841272
CASIA2/Tp/Tp_D_NRN_S_N_ani00081_ani00078_10526.tif,0.8933333333333333,0.99,1.0,1.0
CASIA2/Tp/Tp_D_NRN_S_N_ani00094_ani00094_01256.tif,0.9933333333333333,0.9933333333333333,1.0,0.9994444444444444
CASIA2/Tp/Tp_D_NRN_S_N_ani00096_ani00046_11138.jpg,0.8166666666666667,0.9666666666666667,0.9966666666666667,0.9925797720797721
CASIA2/Tp/Tp_D_NRN_S_N_ani00096_ani00098_11134.jpg,0.99,1.0,0.9933333333333333,0.9880806138306136
CASIA2/Tp/Tp_D_NRN_S_N_ani10117_ani10118_11613.jpg,0.69,0.8966666666666666,0.96,0.9329840067340069
CASIA2/Tp/Tp_D_NRN_S_N_ani10118_ani10119_11611.jpg,0.6533333333333333,0.8033333333333333,0.9433333333333334,0.8989177951677951
CASIA2/Tp/Tp_D_NRN_S_N_ani10119_ani10118_11612.jpg,0.5266666666666666,0.8666666666666667,0.9350323472823476,0.9347027972027974
CASIA2/Tp/Tp_D_NRN_S_N_ani10120_ani10119_11610.jpg,0.4633333333333333,0.7133333333333334,0.9046851851851853,0.8340958670958672
CASIA2/Tp/Tp_D_NRN_S_N_ani10121_ani00070_11622.jpg,0.78,0.8166666666666667,0.8966666666666666,0.8438142043142044
CASIA2/Tp/Tp_D_NRN_S_N_ani10121_ani00100_11617.jpg,0.8033333333333333,0.8766666666666667,0.9033333333333333,0.8821916786916788
CASIA2/Tp/Tp_D_NRN_S_N_ani10121_ani00100_11640.jpg,0.71,0.8633333333333333,0.8966666666666666,0.9212685185185187
CASIA2/Tp/Tp_D_NRN_S_N_ani10128_ani00024_12462.jpg,0.5433333333333333,0.4166666666666667,0.4805118492618496,0.520323075073075
CASIA2/Tp/Tp_D_NRN_S_N_ani10152_ani10175_12490.jpg,0.5766666666666667,0.85,0.9966666666666667,0.9910529100529101
CASIA2/Tp/Tp_D_NRN_S_N_ani10153_ani10175_12486.jpg,0.5633333333333334,0.86,0.9555714285714286,0.9370996133496134
CASIA2/Tp/Tp_D_NRN_S_N_ani10160_ani10200_12483.jpg,0.7333333333333333,0.8866666666666667,0.9688357013357014,0.9802129629629631
CASIA2/Tp/Tp_D_NRN_S_N_ani10162_ani10175_12496.jpg,0.5266666666666666,0.9166666666666666,0.9766666666666667,0.9647502867502868
CASIA2/Tp/Tp_D_NRN_S_N_ani10163_ani10196_12497.jpg,0.6266666666666667,0.9433333333333334,0.9893013468013468,0.9719461279461279
CASIA2/Tp/Tp_D_NRN_S_N_ani10168_ani10167_12448.jpg,0.5266666666666666,0.3466666666666667,0.26666666666666666,0.316248112998113
CASIA2/Tp/Tp_D_NRN_S_N_ani10169_ani10172_12452.jpg,0.52,0.38666666666666666,0.6366666666666667,0.44913575313575316
CASIA2/Tp/Tp_D_NRN_S_N_ani10171_ani00001_12458.jpg,0.83,0.83,0.9862070707070706,0.9927380952380952
CASIA2/Tp/Tp_D_NRN_S_N_ani10171_ani00097_12457.jpg,0.6466666666666666,0.66,0.9840126262626262,0.9885714285714285
CASIA2/Tp/Tp_D_NRN_S_N_ani10172_ani10166_12450.jpg,0.56,0.8266666666666667,0.9333333333333333,0.9808955026455027
CASIA2/Tp/Tp_D_NRN_S_N_ani10173_ani00070_12455.jpg,0.3566666666666667,0.7266666666666667,0.9533333333333334,0.9700277777777782
CASIA2/Tp/Tp_D_NRN_S_N_ani10186_ani10189_12434.jpg,0.43,0.8966666666666666,0.9611005291005292,0.9573102453102452
CASIA2/Tp/Tp_D_NRN_S_N_ani10186_ani10200_12435.jpg,0.6166666666666667,0.7866666666666666,0.966633597883598,0.959596607096607
CASIA2/Tp/Tp_D_NRN_S_N_ani10187_ani10190_12438.jpg,0.47,0.8866666666666667,0.9666666666666667,0.9811431577681575
CASIA2/Tp/Tp_D_NRN_S_N_ani10187_ani10200_12440.jpg,0.7333333333333333,0.91,0.98,0.9912698412698414
CASIA2/Tp/Tp_D_NRN_S_N_ani10188_ani10200_12439.jpg,0.5933333333333334,0.83,0.9633333333333334,0.8946222481222482
CASIA2/Tp/Tp_D_NRN_S_N_ani10190_ani10196_12429.jpg,0.2733333333333333,0.7966666666666666,0.9780092592592592,0.9725864690864692
CASIA2/Tp/Tp_D_NRN_S_N_ani10190_ani10200_12431.jpg,0.6266666666666667,0.85,0.9778108465608468,0.9353495670995672
CASIA2/Tp/Tp_D_NRN_S_N_ani10193_ani10194_12443.jpg,0.6366666666666667,0.9366666666666666,0.99,0.9930476190476191
CASIA2/Tp/Tp_D_NRN_S_N_ani10209_ani10214_12381.jpg,0.6433333333333333,0.4633333333333333,0.31666666666666665,0.455909424453542
CASIA2/Tp/Tp_D_NRN_S_N_ani10210_ani10209_12373.jpg,1.0,0.9566666666666667,0.7466666666666667,0.7542237947237945
CASIA2/Tp/Tp_D_NRN_S_N_ani10211_ani00100_12375.jpg,1.0,0.99,0.8368689921189923,0.8442976190476188
CASIA2/Tp/Tp_D_NRN_S_N_ani10213_ani00070_12378.jpg,0.43333333333333335,0.41,0.64,0.6115754713695891
CASIA2/Tp/Tp_D_NRN_S_N_ani10214_ani10209_12380.jpg,0.49,0.5366666666666666,0.67,0.5491771931771933
CASIA2/Tp/Tp_D_NRN_S_N_ani10215_ani00081_12382.jpg,0.5433333333333333,0.57,0.6566666666666666,0.7083092694342696
CASIA2/Tp/Tp_D_NRN_S_N_ani10216_ani00070_12389.jpg,0.37333333333333335,0.46,0.39114925352425345,0.49434571909571917
CASIA2/Tp/Tp_D_NRN_S_N_ani20068_ani20067_02110.tif,0.33,0.27666666666666667,1.0,0.9974545454545455
CASIA2/Tp/Tp_D_NRN_S_N_arc00001_ani00058_00005.tif,0.8033333333333333,0.7833333333333333,1.0,1.0
CASIA2/Tp/Tp_D_NRN_S_N_arc00002_arc00045_00018.tif,0.7333333333333333,0.62,1.0,0.9988888888888887
CASIA2/Tp/Tp_D_NRN_S_N_arc00008_cha00028_11768.jpg,0.6933333333333334,0.8833333333333333,0.9866666666666667,0.9997435897435897
CASIA2/Tp/Tp_D_NRN_S_N_arc00013_ani00005_00233.tif,0.8766666666666667,0.9366666666666666,1.0,1.0
CASIA2/Tp/Tp_D_NRN_S_N_arc00013_arc00020_11702.jpg,0.5866666666666667,0.8,0.9853763227513228,0.9136216931216931
CASIA2/Tp/Tp_D_NRN_S_N_arc00013_sec00045_11700.jpg,0.7933333333333333,0.8133333333333334,0.9867096560846562,0.9161812169312168
CASIA2/Tp/Tp_D_NRN_S_N_arc00015_ani00013_00235.tif,0.98,0.9833333333333333,1.0,1.0
CASIA2/Tp/Tp_D_NRN_S_N_arc00019_arc00019_00239.tif,0.9833333333333333,0.97,1.0,1.0
CASIA2/Tp/Tp_D_NRN_S_N_arc00021_ani00058_00241.tif,1.0,0.9966666666666667,1.0,1.0
CASIA2/Tp/Tp_D_NRN_S_N_arc00022_ani00081_00242.tif,0.9933333333333333,0.9866666666666667,1.0,1.0
CASIA2/Tp/Tp_D_NRN_S_N_arc00023_ani00031_00243.tif,1.0,1.0,1.0,1.0
CASIA2/Tp/Tp_D_NRN_S_N_arc00024_cha00026_00244.tif,0.9933333333333333,0.9933333333333333,1.0,1.0
CASIA2/Tp/Tp_D_NRN_S_N_arc00026_cha00026_00246.tif,0.9966666666666667,0.9866666666666667,1.0,1.0
CASIA2/Tp/Tp_D_NRN_S_N_arc00027_cha00026_00247.tif,1.0,0.9933333333333333,1.0,1.0
CASIA2/Tp/Tp_D_NRN_S_N_arc00034_cha00023_00254.tif,0.98,0.99,1.0,1.0
CASIA2/Tp/Tp_D_NRN_S_N_arc00035_ani00070_00255.tif,0.6066666666666667,0.7366666666666667,1.0,1.0
CASIA2/Tp/Tp_D_NRN_S_N_arc00037_ani00070_00257.tif,0.9933333333333333,1.0,1.0,1.0
CASIA2/Tp/Tp_D_NRN_S_N_arc00039_ani00005_00259.tif,0.98,0.9833333333333333,1.0,1.0
CASIA2/Tp/Tp_D_NRN_S_N_arc00054_ani00070_11935.jpg,0.5833333333333334,0.79,0.99,0.9787606190106192
CASIA2/Tp/Tp_D_NRN_S_N_arc00059_cha00062_11824.jpg,0.9933333333333333,1.0,0.9966666666666667,0.9928240740740741
CASIA2/Tp/Tp_D_NRN_S_N_arc00059_cha00063_11825.jpg,0.9933333333333333,0.99,0.9933333333333333,0.9936574074074074
CASIA2/Tp/Tp_D_NRN_S_N_arc00060_ani00081_00280.tif,0.9066666666666666,0.9466666666666667,1.0,0.9978333333333335
CASIA2/Tp/Tp_D_NRN_S_N_arc00062_art00025_11492.jpg,0.91,0.9666666666666667,0.9785144300144301,0.9921243386243386
CASIA2/Tp/Tp_D_NRN_S_N_arc00066_cha00089_00286.tif,0.9566666666666667,0.9966666666666667,1.0,1.0
CASIA2/Tp/Tp_D_NRN_S_N_arc00069_ani00079_00289.tif,0.95,0.99,1.0,1.0
CASIA2/Tp/Tp_D_NRN_S_N_arc00071_art10102_11178.jpg,0.9966666666666667,0.9933333333333333,0.9591780256780258,0.9833459595959596
CASIA2/Tp/Tp_D_NRN_S_N_arc00071_cha00014_11179.jpg,0.9933333333333333,0.9933333333333333,0.9137387519887524,0.9560973840973844
CASIA2/Tp/Tp_D_NRN_S_N_arc00075_cha00063_00295.tif,0.8366666666666667,0.8966666666666666,1.0,1.0
CASIA2/Tp/Tp_D_NRN_S_N_arc00084_art00023_10739.jpg,0.99,0.9933333333333333,1.0,0.9973198653198654
CASIA2/Tp/Tp_D_NRN_S_N_arc00090_art00010_00013.tif,1.0,1.0,1.0,1.0
CASIA2/Tp/Tp_D_NRN_S_N_arc00098_ani00098_00318.tif,0.97,0.9133333333333333,1.0,0.9988888888888887
CASIA2/Tp/Tp_D_NRN_S_N_arc00098_arc00045_11797.jpg,0.9166666666666666,0.9633333333333334,1.0,1.0
CASIA2/Tp/Tp_D_NRN_S_N_arc10101_ani00095_11170.jpg,0.72,0.8566666666666667,0.6633333333333333,0.8613940503940505
CASIA2/Tp/Tp_D_NRN_S_N_arc20044_arc20039_01497.tif,0.58,0.6233333333333333,1.0,0.996482683982684
CASIA2/Tp/Tp_D_NRN_S_N_art00003_ani00013_01193.tif,0.19666666666666666,0.33,0.9868333333333333,0.9837802197802196
CASIA2/Tp/Tp_D_NRN_S_N_art00003_ani00037_00496.tif,0.07,0.33666666666666667,0.9903055555555557,0.9941904761904761
CASIA2/Tp/Tp_D_NRN_S_N_art00010_art00014_11842.jpg,0.5433333333333333,0.9266666666666666,0.995510989010989,0.9973809523809524
CASIA2/Tp/Tp_D_NRN_S_N_art00010_art00092_11839.jpg,0.64,0.9566666666666667,0.9942609890109889,1.0
CASIA2/Tp/Tp_D_NRN_S_N_art00012_art00014_11814.jpg,0.9066666666666666,0.9466666666666667,0.995345238095238,0.9991666666666666
CASIA2/Tp/Tp_D_NRN_S_N_art00012_art00092_11811.jpg,0.85,0.9133333333333333,0.9990476190476191,0.9983333333333333
CASIA2/Tp/Tp_D_NRN_S_N_art00013_art00082_11816.jpg,0.31,0.9733333333333334,1.0,0.9935582010582013
CASIA2/Tp/Tp_D_NRN_S_N_art00021_ani00005_00503.tif,0.9933333333333333,0.9933333333333333,1.0,1.0
CASIA2/Tp/Tp_D_NRN_S_N_art00021_art00092_11725.jpg,0.6633333333333333,0.88,0.97,0.9728226310726311
CASIA2/Tp/Tp_D_NRN_S_N_art00022_cha00100_01425.tif,0.9966666666666667,0.9933333333333333,1.0,0.9994444444444444
CASIA2/Tp/Tp_D_NRN_S_N_art00023_ani00058_00505.tif,0.8533333333333334,0.9666666666666667,1.0,1.0
CASIA2/Tp/Tp_D_NRN_S_N_art00023_art00092_11874.jpg,0.59,0.7666666666666667,0.8366666666666667,0.9358713323713321
CASIA2/Tp/Tp_D_NRN_S_N_art00024_ani00040_00506.tif,0.8066666666666666,0.9033333333333333,1.0,1.0
CASIA2/Tp/Tp_D_NRN_S_N_art00024_ind00098_01424.tif,0.9533333333333334,0.9533333333333334,1.0,1.0
CASIA2/Tp/Tp_D_NRN_S_N_art00025_ani10123_11689.jpg,0.9766666666666667,0.9933333333333333,1.0,0.9976666666666667
CASIA2/Tp/Tp_D_NRN_S_N_art00025_cha00026_11681.jpg,0.94,0.9833333333333333,1.0,0.9976666666666667
CASIA2/Tp/Tp_D_NRN_S_N_art00029_art00029_01216.tif,0.6633333333333333,0.9233333333333333,1.0,1.0
CASIA2/Tp/Tp_D_NRN_S_N_art00030_art00055_10471.tif,0.7633333333333333,0.88,1.0,1.0
CASIA2/Tp/Tp_D_NRN_S_N_art00033_ani00013_00511.tif,0.9433333333333334,0.97,1.0,1.0
CASIA2/Tp/Tp_D_NRN_S_N_art00034_ani00013_00512.tif,0.99,1.0,1.0,1.0
CASIA2/Tp/Tp_D_NRN_S_N_art00034_ani00058_01420.tif,1.0,0.9966666666666667,0.9991666666666666,1.0
CASIA2/Tp/Tp_D_NRN_S_N_art00037_cha00096_00515.tif,0.9566666666666667,0.9666666666666667,1.0,1.0
CASIA2/Tp/Tp_D_NRN_S_N_art00041_ani00005_01413.tif,0.98,0.9933333333333333,1.0,1.0
CASIA2/Tp/Tp_D_NRN_S_N_art00041_ani00096_00517.tif,0.9833333333333333,0.99,1.0,1.0
CASIA2/Tp/Tp_D_NRN_S_N_art00042_ani00098_00518.tif,0.9166666666666666,0.9866666666666667,1.0,1.0
CASIA2/Tp/Tp_D_NRN_S_N_art00050_cha00026_00522.tif,0.9133333333333333,0.9966666666666667,1.0,1.0
CASIA2/Tp/Tp_D_NRN_S_N_art00051_ani00098_01406.tif,1.0,0.99,1.0,1.0
CASIA2/Tp/Tp_D_NRN_S_N_art00051_art00010_01025.tif,0.93,0.8766666666666667,1.0,1.0
CASIA2/Tp/Tp_D_NRN_S_N_art00052_art00092_11854.jpg,0.9433333333333334,0.9366666666666666,0.8964692714692715,0.9556992544492543
CASIA2/Tp/Tp_D_NRN_S_N_art00060_cha00051_01400.tif,0.94,0.99,1.0,1.0
CASIA2/Tp/Tp_D_NRN_S_N_art00071_art00078_10478.tif,0.9866666666666667,0.9733333333333334,1.0,1.0
CASIA2/Tp/Tp_D_NRN_S_N_art00071_art00098_10481.tif,0.9166666666666666,0.89,1.0,1.0
CASIA2/Tp/Tp_D_NRN_S_N_art00071_ind00034_01397.tif,0.9666666666666667,0.9633333333333334,1.0,0.9985
CASIA2/Tp/Tp_D_NRN_S_N_art00072_ani00100_01396.tif,0.9066666666666666,0.99,1.0,1.0
CASIA2/Tp/Tp_D_NRN_S_N_art00091_cha00063_00535.tif,0.97,0.9433333333333334,1.0,1.0
CASIA2/Tp/Tp_D_NRN_S_N_art00093_art00009_00536.tif,0.9866666666666667,0.9766666666666667,1.0,1.0
CASIA2/Tp/Tp_D_NRN_S_N_art00096_art00092_11726.jpg,0.5266666666666666,0.78,0.9712885632885633,0.9511284733784738
CASIA2/Tp/Tp_D_NRN_S_N_art00096_cha00089_00492.tif,0.25666666666666665,0.44666666666666666,0.9954273504273504,0.9948571428571429
CASIA2/Tp/Tp_D_NRN_S_N_art00097_ani00013_00537.tif,0.9966666666666667,0.9966666666666667,1.0,1.0
CASIA2/Tp/Tp_D_NRN_S_N_art00099_ani00005_00539.tif,0.9966666666666667,0.9933333333333333,1.0,1.0
CASIA2/Tp/Tp_D_NRN_S_N_art00099_ani00100_01382.tif,0.99,0.99,1.0,1.0
CASIA2/Tp/Tp_D_NRN_S_N_art00099_art00092_11716.jpg,0.9266666666666666,0.9933333333333333,1.0,0.9975
CASIA2/Tp/Tp_D_NRN_S_N_art10105_ani10123_11599.jpg,0.41,0.8566666666666667,0.8763503903503906,0.8529125411625414
CASIA2/Tp/Tp_D_NRN_S_N_art10105_pla00049_11595.jpg,0.7766666666666666,0.84,0.8874010619010623,0.862807239057239
CASIA2/Tp/Tp_D_NRN_S_N_art10106_cha00067_11592.jpg,0.49666666666666665,0.8233333333333334,0.9605928423428426,0.9314965127465128
CASIA2/Tp/Tp_D_NRN_S_N_art10106_cha00067_11593.jpg,0.7633333333333333,0.8766666666666667,0.9547621545121548,0.9555052910052912
CASIA2/Tp/Tp_D_NRN_S_N_art10106_cha10110_11591.jpg,0.5,0.8533333333333334,0.9603150645650648,0.942833573833574
CASIA2/Tp/Tp_D_NRN_S_N_art10107_cha00026_11663.jpg,0.72,0.92,0.8866666666666667,0.9161617364117366
CASIA2/Tp/Tp_D_NRN_S_N_art10108_ani00100_11630.jpg,0.81,0.7533333333333333,0.8133333333333334,0.7835901413401416
CASIA2/Tp/Tp_D_NRN_S_N_art10108_pla00049_11577.jpg,0.8766666666666667,0.7966666666666666,0.7966666666666666,0.8101606911606917
CASIA2/Tp/Tp_D_NRN_S_N_art10110_pla00050_11647.jpg,0.9266666666666666,0.97,0.9564683557183558,0.96630722980723
CASIA2/Tp/Tp_D_NRN_S_N_art10112_ani10123_11684.jpg,0.6233333333333333,0.8866666666666667,0.8766666666666667,0.9355853775853776
CASIA2/Tp/Tp_D_NRN_S_N_art10112_art00092_11781.jpg,0.49,0.9166666666666666,0.86,0.9163614626114625
CASIA2/Tp/Tp_D_NRN_S_N_art20006_art20005_01812.tif,0.49,0.48333333333333334,1.0,1.0
CASIA2/Tp/Tp_D_NRN_S_N_art20028_art20029_01834.tif,0.4033333333333333,0.33666666666666667,0.9991666666666666,1.0
CASIA2/Tp/Tp_D_NRN_S_N_art20035_art20036_02492.tif,0.48,0.37333333333333335,1.0,1.0
CASIA2/Tp/Tp_D_NRN_S_N_cha00007_ani00096_00327.tif,0.8933333333333333,0.93,1.0,1.0
CASIA2/Tp/Tp_D_NRN_S_N_cha00008_art10102_11163.jpg,0.9066666666666666,0.94,0.9933333333333333,0.9978888888888889
CASIA2/Tp/Tp_D_NRN_S_N_cha00011_ani00031_00331.tif,0.9866666666666667,0.98,1.0,1.0
CASIA2/Tp/Tp_D_NRN_S_N_cha00014_ani00068_00334.tif,0.8633333333333333,0.8833333333333333,1.0,0.9980158730158731
CASIA2/Tp/Tp_D_NRN_S_N_cha00016_ani00069_00336.tif,0.8566666666666667,0.8966666666666666,1.0,0.9983333333333333
CASIA2/Tp/Tp_D_NRN_S_N_cha00016_cha00014_11153.jpg,0.26666666666666666,0.7866666666666666,0.947812585562586,0.9836516076516078
CASIA2/Tp/Tp_D_NRN_S_N_cha00018_ani00061_00338.tif,0.9766666666666667,0.99,1.0,1.0
CASIA2/Tp/Tp_D_NRN_S_N_cha00020_ani00068_00340.tif,0.9933333333333333,1.0,1.0,1.0
CASIA2/Tp/Tp_D_NRN_S_N_cha00020_art10102_11181.jpg,0.7433333333333333,0.97,0.9933333333333333,1.0
CASIA2/Tp/Tp_D_NRN_S_N_cha00024_ani00005_00344.tif,0.98,0.9633333333333334,1.0,1.0
CASIA2/Tp/Tp_D_NRN_S_N_cha00027_ani10123_11685.jpg,0.8466666666666667,0.9266666666666666,0.9939629629629627,0.9966666666666667
CASIA2/Tp/Tp_D_NRN_S_N_cha00030_ani00079_00350.tif,0.9866666666666667,0.9833333333333333,1.0,1.0
CASIA2/Tp/Tp_D_NRN_S_N_cha00030_pla00033_10990.jpg,0.72,0.96,0.9966666666666667,1.0
CASIA2/Tp/Tp_D_NRN_S_N_cha00031_ani00100_00351.tif,0.97,0.9933333333333333,1.0,1.0
CASIA2/Tp/Tp_D_NRN_S_N_cha00031_pla00020_11386.jpg,0.9133333333333333,0.96,1.0,0.9980555555555556
CASIA2/Tp/Tp_D_NRN_S_N_cha00031_pla00049_11387.jpg,0.9466666666666667,0.9266666666666666,1.0,0.9942222222222221
CASIA2/Tp/Tp_D_NRN_S_N_cha00032_ani00013_00352.tif,0.38,0.2733333333333333,1.0,1.0
CASIA2/Tp/Tp_D_NRN_S_N_cha00035_cha00040_00355.tif,0.58,0.37,1.0,0.9993939393939394
CASIA2/Tp/Tp_D_NRN_S_N_cha00039_cha00040_11012.jpg,0.7333333333333333,0.9666666666666667,0.9548253968253969,0.9834999999999998
CASIA2/Tp/Tp_D_NRN_S_N_cha00040_ani00013_00360.tif,0.3233333333333333,0.21,1.0,0.9975
CASIA2/Tp/Tp_D_NRN_S_N_cha00040_ani10123_11679.jpg,0.27666666666666667,0.8333333333333334,0.98,0.9750345117845116
CASIA2/Tp/Tp_D_NRN_S_N_cha00041_cha00042_11010.jpg,0.39666666666666667,0.9233333333333333,0.9975555555555556,0.9961666666666668
CASIA2/Tp/Tp_D_NRN_S_N_cha00050_ani10123_11688.jpg,0.84,0.9266666666666666,0.9933333333333333,0.9955555555555556
CASIA2/Tp/Tp_D_NRN_S_N_cha00053_art00092_11722.jpg,0.5166666666666667,0.7533333333333333,0.9712866762866762,0.9805542328042327
CASIA2/Tp/Tp_D_NRN_S_N_cha00054_cha00086_11719.jpg,0.9833333333333333,0.9966666666666667,1.0,0.9955555555555554
CASIA2/Tp/Tp_D_NRN_S_N_cha00062_art00092_11717.jpg,0.36333333333333334,0.82,0.9933333333333333,0.9812813852813853
CASIA2/Tp/Tp_D_NRN_S_N_cha00062_cha00062_00381.tif,0.73,0.9533333333333334,1.0,0.9993333333333334
CASIA2/Tp/Tp_D_NRN_S_N_cha00067_ani00079_00387.tif,0.9466666666666667,0.9866666666666667,1.0,1.0
CASIA2/Tp/Tp_D_NRN_S_N_cha00070_art00014_11820.jpg,0.9766666666666667,0.97,0.99,0.9927380952380952
CASIA2/Tp/Tp_D_NRN_S_N_cha00070_cha00028_00390.tif,0.9533333333333334,0.9366666666666666,1.0,1.0
CASIA2/Tp/Tp_D_NRN_S_N_cha00070_cha00036_11737.jpg,0.99,1.0,0.9933333333333333,0.9958333333333331
CASIA2/Tp/Tp_D_NRN_S_N_cha00071_ani00098_00391.tif,0.9833333333333333,0.98,1.0,0.9972619047619048
CASIA2/Tp/Tp_D_NRN_S_N_cha00071_ani10123_11754.jpg,0.98,0.9533333333333334,0.9204417804417805,0.8993198721356616
CASIA2/Tp/Tp_D_NRN_S_N_cha00071_pla00049_11782.jpg,1.0,0.9433333333333334,0.8897283734783735,0.88633346039925
CASIA2/Tp/Tp_D_NRN_S_N_cha00072_ani00098_00392.tif,0.8966666666666666,0.9233333333333333,1.0,0.9907619047619048
CASIA2/Tp/Tp_D_NRN_S_N_cha00079_ani00068_00399.tif,0.8966666666666666,0.9633333333333334,1.0,1.0
CASIA2/Tp/Tp_D_NRN_S_N_cha00084_ani00081_00404.tif,0.7333333333333333,0.7933333333333333,0.99,0.992723544973545
CASIA2/Tp/Tp_D_NRN_S_N_cha00085_ind00098_10851.jpg,0.9866666666666667,1.0,0.95,0.9852688792688794
CASIA2/Tp/Tp_D_NRN_S_N_cha00086_ani10119_11609.jpg,0.5266666666666666,0.9066666666666666,0.9969444444444444,1.0
CASIA2/Tp/Tp_D_NRN_S_N_cha00086_ani10123_11600.jpg,0.9033333333333333,0.9733333333333334,0.9961111111111111,1.0
CASIA2/Tp/Tp_D_NRN_S_N_cha00086_cha00086_11403.jpg,0.87,0.94,0.9933989898989899,0.9941534391534391
CASIA2/Tp/Tp_D_NRN_S_N_cha00094_ani00068_00414.tif,0.95,1.0,1.0,1.0
CASIA2/Tp/Tp_D_NRN_S_N_cha00095_cha00051_00415.tif,0.9933333333333333,0.9933333333333333,1.0,1.0
CASIA2/Tp/Tp_D_NRN_S_N_cha10102_cha10106_10159.tif,0.6666666666666666,0.45,0.9921071428571429,0.9888662078662077
CASIA2/Tp/Tp_D_NRN_S_N_cha10108_cha00026_11662.jpg,0.7,0.8933333333333333,0.95,0.9834140211640211
CASIA2/Tp/Tp_D_NRN_S_N_cha10108_cha00050_11657.jpg,0.5533333333333333,0.8733333333333333,0.9433333333333334,0.9618205868205869
CASIA2/Tp/Tp_D_NRN_S_N_cha10108_cha00062_11584.jpg,0.5733333333333334,0.8566666666666667,0.9333333333333333,0.9297392977392978
CASIA2/Tp/Tp_D_NRN_S_N_cha10108_cha10110_11585.jpg,0.5733333333333334,0.8766666666666667,0.9466666666666667,0.9331753246753247
CASIA2/Tp/Tp_D_NRN_S_N_cha10118_cha10119_12195.jpg,0.5766666666666667,0.84,0.9495208310208311,0.9421600529100529
CASIA2/Tp/Tp_D_NRN_S_N_cha10122_pla00050_12159.jpg,0.6033333333333334,0.8866666666666667,0.9933333333333333,0.9976666666666667
CASIA2/Tp/Tp_D_NRN_S_N_cha10128_nat10114_12180.jpg,0.9933333333333333,0.8833333333333333,0.9933333333333333,0.9794325396825394
CASIA2/Tp/Tp_D_NRN_S_N_cha10131_ani10123_12185.jpg,0.98,0.9833333333333333,1.0,0.9985714285714286
CASIA2/Tp/Tp_D_NRN_S_N_cha10133_pla00020_12211.jpg,0.59,0.78,0.94,0.9618713323713327
CASIA2/Tp/Tp_D_NRN_S_N_cha10133_pla10126_12212.jpg,0.6433333333333333,0.7833333333333333,0.94,0.9665396825396829
CASIA2/Tp/Tp_D_NRN_S_N_cha10134_pla00020_12202.jpg,0.34,0.6933333333333334,0.8220307840307839,0.7684922577422577
CASIA2/Tp/Tp_D_NRN_S_N_cha10137_cha10140_12208.jpg,0.6533333333333333,0.5266666666666666,0.9566666666666667,0.9155649813149817
CASIA2/Tp/Tp_D_NRN_S_N_cha10139_ani00070_12201.jpg,0.9966666666666667,0.95,0.9866666666666667,0.9850714285714285
CASIA2/Tp/Tp_D_NRN_S_N_cha10139_cha10140_12200.jpg,0.9933333333333333,0.94,0.9933333333333333,0.9905555555555556
CASIA2/Tp/Tp_D_NRN_S_N_cha10148_art00092_12224.jpg,0.44,0.9233333333333333,1.0,0.9888333333333332
CASIA2/Tp/Tp_D_NRN_S_N_cha10149_art00092_12222.jpg,0.68,0.7866666666666666,0.9762584175084176,0.9807601010101009
CASIA2/Tp/Tp_D_NRN_S_N_cha10151_cha00062_12220.jpg,0.7233333333333334,0.8566666666666667,0.9159424464424465,0.8864585969585967
CASIA2/Tp/Tp_D_NRN_S_N_cha10157_pla00050_12263.jpg,0.47,0.9033333333333333,0.9979166666666667,0.9988888888888889
CASIA2/Tp/Tp_D_NRN_S_N_cha10158_ani10123_12261.jpg,0.61,0.7033333333333334,0.8633333333333333,0.8605940355940355
CASIA2/Tp/Tp_D_NRN_S_N_cha10171_cha00062_12282.jpg,0.6966666666666667,0.7366666666666667,0.6128305907055908,0.7236935107376283
CASIA2/Tp/Tp_D_NRN_S_N_cha10182_ani00097_12317.jpg,0.67,0.94,1.0,0.995010582010582
CASIA2/Tp/Tp_D_NRN_S_N_cha10185_ani00100_12314.jpg,0.7666666666666667,0.9533333333333334,0.9949166666666668,0.9947420634920635
CASIA2/Tp/Tp_D_NRN_S_N_cha10186_sec00098_12313.jpg,0.7766666666666666,0.9066666666666666,0.98,0.9796468253968256
CASIA2/Tp/Tp_D_NRN_S_N_cha10193_pla00050_12319.jpg,0.91,0.93,0.9815460557960559,0.9837949735449737
CASIA2/Tp/Tp_D_NRN_S_N_cha10197_cha00062_12367.jpg,0.67,0.85,0.9933333333333333,0.9949629629629632
CASIA2/Tp/Tp_D_NRN_S_N_cha10209_pla00050_12336.jpg,0.83,0.9033333333333333,0.9066666666666666,0.9048131405631407
CASIA2/Tp/Tp_D_NRN_S_N_ind00002_art00076_11746.jpg,0.49,0.8666666666666667,0.99,0.9805343915343915
CASIA2/Tp/Tp_D_NRN_S_N_ind00002_art00098_11747.jpg,0.6433333333333333,0.9166666666666666,0.99,0.9897936507936506
CASIA2/Tp/Tp_D_NRN_S_N_ind00006_ind00005_11748.jpg,0.06666666666666667,0.9333333333333333,0.9933333333333333,0.9968333333333333
CASIA2/Tp/Tp_D_NRN_S_N_ind00008_art00009_00426.tif,0.77,0.63,1.0,1.0
CASIA2/Tp/Tp_D_NRN_S_N_ind00009_pla00050_10423.tif,0.7866666666666666,0.6366666666666667,1.0,0.9985925925925926
CASIA2/Tp/Tp_D_NRN_S_N_ind00010_art00009_00428.tif,0.9266666666666666,0.8933333333333333,1.0,0.9995833333333334
CASIA2/Tp/Tp_D_NRN_S_N_ind00013_cha00023_00431.tif,0.9733333333333334,0.96,1.0,1.0
CASIA2/Tp/Tp_D_NRN_S_N_ind00020_ind00010_00436.tif,1.0,1.0,1.0,1.0
CASIA2/Tp/Tp_D_NRN_S_N_ind00021_ind00025_10398.tif,0.9666666666666667,0.95,1.0,1.0
CASIA2/Tp/Tp_D_NRN_S_N_ind00022_ind00088_00438.tif,0.9566666666666667,0.9566666666666667,1.0,1.0
CASIA2/Tp/Tp_D_NRN_S_N_ind00028_ind00020_00443.tif,0.9966666666666667,0.9866666666666667,1.0,1.0
CASIA2/Tp/Tp_D_NRN_S_N_ind00029_ind00032_11061.jpg,0.83,0.98,0.9933333333333333,0.9995833333333334
CASIA2/Tp/Tp_D_NRN_S_N_ind00047_ind00018_00455.tif,0.39666666666666667,0.3233333333333333,1.0,0.9976666666666667
CASIA2/Tp/Tp_D_NRN_S_N_ind00059_ani00068_00464.tif,0.53,0.4533333333333333,1.0,0.9995238095238096
CASIA2/Tp/Tp_D_NRN_S_N_ind00061_ani00098_00465.tif,0.6566666666666666,0.5533333333333333,0.9976851851851851,1.0
CASIA2/Tp/Tp_D_NRN_S_N_ind00066_ind00071_10697.jpg,0.7066666666666667,0.88,0.997857142857143,0.9978333333333335
CASIA2/Tp/Tp_D_NRN_S_N_ind00071_cha00063_00472.tif,0.78,0.68,1.0,1.0
CASIA2/Tp/Tp_D_NRN_S_N_ind00073_art00012_00473.tif,0.5866666666666667,0.47,1.0,1.0
CASIA2/Tp/Tp_D_NRN_S_N_ind00082_ind00086_10684.jpg,0.43,0.9533333333333334,1.0,0.9991666666666666
CASIA2/Tp/Tp_D_NRN_S_N_ind00083_ind00077_00480.tif,0.3333333333333333,0.3333333333333333,1.0,1.0
CASIA2/Tp/Tp_D_NRN_S_N_ind00087_ani10123_11775.jpg,0.7166666666666667,0.9366666666666666,0.9624850889850891,0.9834579124579125
CASIA2/Tp/Tp_D_NRN_S_N_ind00087_ind00005_11749.jpg,0.8466666666666667,0.95,0.980868686868687,0.9857679172679172
CASIA2/Tp/Tp_D_NRN_S_N_ind00087_pla00050_11776.jpg,0.9166666666666666,0.98,0.9811759259259261,0.9860456950456952
CASIA2/Tp/Tp_D_NRN_S_N_ind00090_cha00063_00485.tif,0.8666666666666667,0.8566666666666667,1.0,1.0
CASIA2/Tp/Tp_D_NRN_S_N_ind00092_cha00023_01374.tif,1.0,1.0,1.0,1.0
CASIA2/Tp/Tp_D_NRN_S_N_ind00096_cha00083_01380.tif,1.0,0.9966666666666667,1.0,1.0
CASIA2/Tp/Tp_D_NRN_S_N_ind00097_ind00098_01378.tif,1.0,0.9933333333333333,1.0,1.0
CASIA2/Tp/Tp_D_NRN_S_N_ind20021_ind20022_01762.tif,0.6633333333333333,0.4166666666666667,1.0,1.0
CASIA2/Tp/Tp_D_NRN_S_N_ind20065_ind20058_01806.tif,1.0,0.9833333333333333,1.0,0.99875
CASIA2/Tp/Tp_D_NRN_S_N_nat00002_ani00017_11510.jpg,0.51,0.7966666666666666,0.9983333333333333,0.9873730158730161
CASIA2/Tp/Tp_D_NRN_S_N_nat00002_ani00058_11515.jpg,0.7066666666666667,0.8866666666666667,0.9983333333333333,0.9927380952380952
CASIA2/Tp/Tp_D_NRN_S_N_nat00002_ani00096_00622.tif,0.9066666666666666,0.9066666666666666,1.0,0.9991666666666666
CASIA2/Tp/Tp_D_NRN_S_N_nat00002_cha00086_11517.jpg,0.7033333333333334,0.91,1.0,0.9863849206349206
CASIA2/Tp/Tp_D_NRN_S_N_nat00004_ani00081_00624.tif,0.7866666666666666,0.6566666666666666,1.0,0.9955555555555556
CASIA2/Tp/Tp_D_NRN_S_N_nat00013_ani00005_00633.tif,0.9933333333333333,0.9933333333333333,1.0,1.0
CASIA2/Tp/Tp_D_NRN_S_N_nat00013_ani00058_11416.jpg,0.9333333333333333,0.9866666666666667,0.9933333333333333,0.9989166666666667
CASIA2/Tp/Tp_D_NRN_S_N_nat00019_cha00021_20022.jpg,1.0,0.9966666666666667,1.0,0.9949920634920634
CASIA2/Tp/Tp_D_NRN_S_N_nat00020_ani00005_00638.tif,1.0,0.9966666666666667,1.0,1.0
CASIA2/Tp/Tp_D_NRN_S_N_nat00030_cha00042_11090.jpg,0.9466666666666667,0.99,0.9987179487179488,0.9983333333333333
CASIA2/Tp/Tp_D_NRN_S_N_nat00033_ani00005_11506.jpg,0.7966666666666666,0.9066666666666666,1.0,0.9173689828689832
CASIA2/Tp/Tp_D_NRN_S_N_nat00033_ani00017_11507.jpg,0.74,0.89,1.0,0.9868333333333332
CASIA2/Tp/Tp_D_NRN_S_N_nat00033_ani00058_11504.jpg,0.76,0.89,1.0,0.9821262626262626
CASIA2/Tp/Tp_D_NRN_S_N_nat00033_cha00067_11503.jpg,0.9966666666666667,1.0,1.0,0.9895158730158728
CASIA2/Tp/Tp_D_NRN_S_N_nat00037_ani00038_00651.tif,1.0,1.0,1.0,0.9824365079365079
CASIA2/Tp/Tp_D_NRN_S_N_nat00039_ani00013_00653.tif,1.0,0.9933333333333333,1.0,1.0
CASIA2/Tp/Tp_D_NRN_S_N_nat00040_art00025_11429.jpg,0.9266666666666666,0.9633333333333334,0.9856997354497355,0.9980833333333333
CASIA2/Tp/Tp_D_NRN_S_N_nat00040_art00025_11472.jpg,0.98,0.9833333333333333,0.9915304232804234,0.9989166666666667
CASIA2/Tp/Tp_D_NRN_S_N_nat00041_art00025_11430.jpg,0.9333333333333333,0.93,0.9928434343434344,1.0
CASIA2/Tp/Tp_D_NRN_S_N_nat00041_nat00041_00655.tif,1.0,0.9966666666666667,1.0,1.0
CASIA2/Tp/Tp_D_NRN_S_N_nat00044_ani00005_11435.jpg,0.7966666666666666,0.9433333333333334,1.0,0.996935064935065
CASIA2/Tp/Tp_D_NRN_S_N_nat00059_ani00005_11415.jpg,0.98,0.99,0.9920370370370369,1.0
CASIA2/Tp/Tp_D_NRN_S_N_nat00059_ani00070_11414.jpg,0.9666666666666667,0.9866666666666667,0.9927037037037038,1.0
CASIA2/Tp/Tp_D_NRN_S_N_nat00062_ani00058_11418.jpg,0.86,0.86,0.9303965048638964,0.9210862285862291
CASIA2/Tp/Tp_D_NRN_S_N_nat00063_art00025_11437.jpg,0.94,0.9666666666666667,0.9866666666666667,0.993611111111111
CASIA2/Tp/Tp_D_NRN_S_N_nat00063_nat00061_11436.jpg,0.28,0.8133333333333334,0.9966666666666667,0.9905529100529101
CASIA2/Tp/Tp_D_NRN_S_N_nat00076_nat00086_10081.tif,0.68,0.9166666666666666,1.0,1.0
CASIA2/Tp/Tp_D_NRN_S_N_nat00097_ani00017_11412.jpg,0.9266666666666666,0.7866666666666666,0.9740894383394387,0.8958465238465241
CASIA2/Tp/Tp_D_NRN_S_N_nat00098_ani00058_11461.jpg,0.9966666666666667,0.9933333333333333,0.9933333333333333,0.9965740740740741
CASIA2/Tp/Tp_D_NRN_S_N_nat00098_cha00072_11462.jpg,0.9966666666666667,0.9966666666666667,0.9933333333333333,0.9967760942760943
CASIA2/Tp/Tp_D_NRN_S_N_nat00099_ani00078_10527.tif,0.9966666666666667,0.9966666666666667,1.0,1.0
CASIA2/Tp/Tp_D_NRN_S_N_nat10106_nat10107_11349.jpg,0.5666666666666667,0.6833333333333333,0.9700476190476193,0.8695486827986827
CASIA2/Tp/Tp_D_NRN_S_N_nat10109_pla00020_11355.jpg,0.5066666666666667,0.76,0.6466666666666666,0.7530924492174492
CASIA2/Tp/Tp_D_NRN_S_N_nat10109_pla00049_11357.jpg,0.5566666666666666,0.7633333333333333,0.6366666666666667,0.7562638056388057
CASIA2/Tp/Tp_D_NRN_S_N_nat10109_pla00050_11356.jpg,0.51,0.7433333333333333,0.6066666666666667,0.7530290681540682
CASIA2/Tp/Tp_D_NRN_S_N_nat10115_cha00052_11477.jpg,0.46,0.9333333333333333,0.989490740740741,0.9907777777777779
CASIA2/Tp/Tp_D_NRN_S_N_nat10117_nat10124_11344.jpg,0.6766666666666666,0.9066666666666666,0.98,0.9262769360269358
CASIA2/Tp/Tp_D_NRN_S_N_nat10120_cha00063_11389.jpg,0.31666666666666665,0.8333333333333334,0.8333333333333334,0.8866941299441303
CASIA2/Tp/Tp_D_NRN_S_N_nat10123_ani00005_11419.jpg,0.38333333333333336,0.5933333333333334,0.78,0.7070276482776481
CASIA2/Tp/Tp_D_NRN_S_N_nat10123_ani00017_11411.jpg,0.37333333333333335,0.62,0.8,0.7039853202353201
CASIA2/Tp/Tp_D_NRN_S_N_nat10123_ani00070_11417.jpg,0.4633333333333333,0.6766666666666666,0.74,0.7102991915491919
CASIA2/Tp/Tp_D_NRN_S_N_nat10125_ani00005_11635.jpg,0.6866666666666666,0.9333333333333333,0.9166666666666666,0.9420121082621086
CASIA2/Tp/Tp_D_NRN_S_N_nat10125_ani00017_11636.jpg,0.6766666666666666,0.9,0.8833333333333333,0.934733007733008
CASIA2/Tp/Tp_D_NRN_S_N_nat10125_ani00070_11634.jpg,0.6866666666666666,0.9166666666666666,0.8766666666666667,0.9102174399674402
CASIA2/Tp/Tp_D_NRN_S_N_nat10126_ani10123_11651.jpg,0.5666666666666667,0.8266666666666667,0.8166666666666667,0.8142479557479557
CASIA2/Tp/Tp_D_NRN_S_N_nat10131_ani00005_11903.jpg,0.97,0.9366666666666666,1.0,1.0
CASIA2/Tp/Tp_D_NRN_S_N_nat10131_ani00070_11902.jpg,0.96,0.94,1.0,1.0
CASIA2/Tp/Tp_D_NRN_S_N_nat10139_ani00005_11950.jpg,0.99,0.9833333333333333,1.0,0.9994444444444444
CASIA2/Tp/Tp_D_NRN_S_N_nat10139_ani00058_11951.jpg,0.9633333333333334,0.98,1.0,0.9994444444444444
CASIA2/Tp/Tp_D_NRN_S_N_nat10139_ani00070_11944.jpg,0.9266666666666666,0.9733333333333334,1.0,0.9967499999999999
CASIA2/Tp/Tp_D_NRN_S_N_nat10139_cha00063_11942.jpg,1.0,1.0,1.0,1.0
CASIA2/Tp/Tp_D_NRN_S_N_nat10139_cha00070_11943.jpg,0.9966666666666667,1.0,1.0,1.0
CASIA2/Tp/Tp_D_NRN_S_N_nat10140_arc10125_11958.jpg,0.96,0.94,1.0,0.9993333333333334
CASIA2/Tp/Tp_D_NRN_S_N_nat10145_ani00021_11987.jpg,0.9066666666666666,0.97,1.0,1.0
CASIA2/Tp/Tp_D_NRN_S_N_nat10145_ani00024_11981.jpg,0.9166666666666666,0.9766666666666667,1.0,1.0
CASIA2/Tp/Tp_D_NRN_S_N_nat10145_ani00031_11984.jpg,0.9266666666666666,0.9466666666666667,1.0,1.0
CASIA2/Tp/Tp_D_NRN_S_N_nat10145_ani00036_11985.jpg,0.9866666666666667,1.0,1.0,1.0
CASIA2/Tp/Tp_D_NRN_S_N_nat10145_ani00041_11982.jpg,0.9466666666666667,0.96,1.0,1.0
CASIA2/Tp/Tp_D_NRN_S_N_nat10145_ani00085_11989.jpg,0.86,0.9,1.0,1.0
CASIA2/Tp/Tp_D_NRN_S_N_nat10145_ani00097_11980.jpg,0.8966666666666666,0.8766666666666667,1.0,0.999
CASIA2/Tp/Tp_D_NRN_S_N_nat10145_ani00097_11988.jpg,0.8133333333333334,0.82,1.0,1.0
CASIA2/Tp/Tp_D_NRN_S_N_nat10146_pla00020_12071.jpg,0.9933333333333333,0.96,0.9933333333333333,0.9856176046176047
CASIA2/Tp/Tp_D_NRN_S_N_nat10149_ani00005_12006.jpg,0.9866666666666667,0.95,1.0,0.9783829966329967
CASIA2/Tp/Tp_D_NRN_S_N_nat10149_ani00058_12005.jpg,1.0,0.9366666666666666,1.0,0.9800496632996634
CASIA2/Tp/Tp_D_NRN_S_N_nat10149_ani00070_12007.jpg,0.95,0.9566666666666667,1.0,0.9783829966329967
CASIA2/Tp/Tp_D_NRN_S_N_nat10153_ani00021_12133.jpg,0.9866666666666667,0.9433333333333334,0.9991666666666666,0.9684847374847375
CASIA2/Tp/Tp_D_NRN_S_N_nat10158_ani00005_12026.jpg,0.9733333333333334,0.9833333333333333,1.0,0.9922380952380953
CASIA2/Tp/Tp_D_NRN_S_N_nat10158_ani00058_12027.jpg,0.96,0.8933333333333333,1.0,0.9951666666666668
CASIA2/Tp/Tp_D_NRN_S_N_nat10161_art00092_12085.jpg,0.7733333333333333,0.8466666666666667,0.9917525252525252,0.9848377085877087
CASIA2/Tp/Tp_D_NRN_S_N_nat10161_cha00063_12080.jpg,0.7833333333333333,0.8666666666666667,0.9917525252525252,0.9797265974765975
CASIA2/Tp/Tp_D_NRN_S_N_nat10162_art00021_12086.jpg,0.9966666666666667,0.97,0.9709093314093314,0.9892417027417028
CASIA2/Tp/Tp_D_NRN_S_N_nat10164_ani00058_12091.jpg,0.8933333333333333,0.8866666666666667,1.0,0.9967619047619048
CASIA2/Tp/Tp_D_NRN_S_N_nat10164_ani00070_12092.jpg,0.8,0.8333333333333334,1.0,0.9968888888888888
CASIA2/Tp/Tp_D_NRN_S_N_nat20019_nat20024_01523.tif,0.7566666666666667,0.89,0.9996666666666666,1.0
CASIA2/Tp/Tp_D_NRN_S_N_nat20020_nat20023_01524.tif,0.3466666666666667,0.52,1.0,0.9977777777777779
CASIA2/Tp/Tp_D_NRN_S_N_nat20081_nat20082_01585.tif,0.21333333333333335,0.21,1.0,1.0
CASIA2/Tp/Tp_D_NRN_S_N_nat20086_nat20082_01590.tif,0.34,0.4066666666666667,1.0,0.995042735042735
CASIA2/Tp/Tp_D_NRN_S_N_nat20097_nat20023_01601.tif,0.96,0.9333333333333333,0.9838888888888889,0.9882222222222221
CASIA2/Tp/Tp_D_NRN_S_N_pla00008_pla00009_10936.jpg,0.9766666666666667,0.9866666666666667,0.9766666666666667,0.9804801587301587
CASIA2/Tp/Tp_D_NRN_S_N_pla00009_pla00010_10933.jpg,0.9833333333333333,0.9966666666666667,0.98,0.9896851851851852
CASIA2/Tp/Tp_D_NRN_S_N_pla00010_pla00008_10935.jpg,0.85,0.9733333333333334,0.9846534391534391,0.9832621082621081
CASIA2/Tp/Tp_D_NRN_S_N_pla00010_pla00009_10934.jpg,0.98,0.9766666666666667,0.9724206349206351,0.9445566378066377
CASIA2/Tp/Tp_D_NRN_S_N_pla00011_pla00010_10932.jpg,0.9466666666666667,0.9666666666666667,0.9798734228734228,0.9832113997113997
CASIA2/Tp/Tp_D_NRN_S_N_pla00015_pla00016_10960.jpg,0.98,0.9766666666666667,0.98,0.9939629629629629
CASIA2/Tp/Tp_D_NRN_S_N_pla00020_pla10126_12131.jpg,0.9933333333333333,0.99,1.0,0.9445423280423283
CASIA2/Tp/Tp_D_NRN_S_N_pla00021_pla00014_10965.jpg,0.9366666666666666,0.9666666666666667,0.96,0.9660219687719689
CASIA2/Tp/Tp_D_NRN_S_N_pla00021_pla00019_10956.jpg,0.9466666666666667,0.9766666666666667,0.9866666666666667,0.9864439634439635
CASIA2/Tp/Tp_D_NRN_S_N_pla00023_pla00019_10955.jpg,1.0,0.9966666666666667,1.0,0.9983333333333333
CASIA2/Tp/Tp_D_NRN_S_N_pla00024_pla00023_10952.jpg,0.9066666666666666,0.96,0.9866666666666667,0.9880899470899472
CASIA2/Tp/Tp_D_NRN_S_N_pla00026_pla00018_10957.jpg,0.63,0.7833333333333333,0.9706455026455029,0.8279185977421273
CASIA2/Tp/Tp_D_NRN_S_N_pla00028_pla00027_10949.jpg,0.86,0.95,0.9933333333333333,0.9970858585858587
CASIA2/Tp/Tp_D_NRN_S_N_pla00029_pla00030_10947.jpg,0.9433333333333334,0.9233333333333333,0.99,0.9851455026455028
CASIA2/Tp/Tp_D_NRN_S_N_pla00030_pla00030_10951.jpg,0.9866666666666667,0.99,0.9903637566137566,0.9689399951899952
CASIA2/Tp/Tp_D_NRN_S_N_pla00038_pla00049_10983.jpg,0.9766666666666667,0.95,0.9733333333333334,0.9803796296296298
CASIA2/Tp/Tp_D_NRN_S_N_pla00048_pla00033_10989.jpg,0.78,0.9133333333333333,0.9833333333333333,0.9897777777777778
CASIA2/Tp/Tp_D_NRN_S_N_pla00074_ani00013_01179.tif,0.97,0.9333333333333333,1.0,0.9956719576719577
CASIA2/Tp/Tp_D_NRN_S_N_pla00077_ani00058_01180.tif,0.7733333333333333,0.97,1.0,1.0
CASIA2/Tp/Tp_D_NRN_S_N_pla00077_pla00053_11213.jpg,0.6833333333333333,0.8933333333333333,0.9888412698412701,0.9965606060606061
CASIA2/Tp/Tp_D_NRN_S_N_pla00085_ani00005_00607.tif,0.8333333333333334,0.9466666666666667,1.0,0.9961111111111113
CASIA2/Tp/Tp_D_NRN_S_N_pla00085_ani00081_01187.tif,0.7366666666666667,0.8,1.0,0.9971111111111111
CASIA2/Tp/Tp_D_NRN_S_N_pla00093_sec00097_11288.jpg,0.3433333333333333,0.8533333333333334,1.0,0.986384004884005
CASIA2/Tp/Tp_D_NRN_S_N_pla00093_txt00070_11327.jpg,0.9666666666666667,0.9833333333333333,1.0,0.9930555555555556
CASIA2/Tp/Tp_D_NRN_S_N_pla00094_pla00094_01191.tif,0.8733333333333333,0.8466666666666667,1.0,1.0
CASIA2/Tp/Tp_D_NRN_S_N_pla00095_sec00097_11697.jpg,0.3933333333333333,0.8133333333333334,0.9715697450697449,0.9719504569504571
CASIA2/Tp/Tp_D_NRN_S_N_pla10120_ani10122_11607.jpg,0.38333333333333336,0.61,0.9166666666666666,0.8625782643282643
CASIA2/Tp/Tp_D_NRN_S_N_pla10120_pla00020_11603.jpg,0.42333333333333334,0.6233333333333333,0.9433333333333334,0.8562003182003181
CASIA2/Tp/Tp_D_NRN_S_N_pla10121_cha00062_11655.jpg,0.43666666666666665,0.6133333333333333,0.92,0.8854192414339473
CASIA2/Tp/Tp_D_NRN_S_N_pla10124_nat00059_11706.jpg,0.7233333333333334,0.9466666666666667,0.9766666666666667,0.9639819393569394
CASIA2/Tp/Tp_D_NRN_S_N_pla10124_nat00095_11705.jpg,0.44,0.9733333333333334,0.97,0.9582619371369373
CASIA2/Tp/Tp_D_NRN_S_N_pla10124_nat10124_11704.jpg,0.4066666666666667,0.93,0.9766666666666667,0.9559224987974989
CASIA2/Tp/Tp_D_NRN_S_N_pla10124_pla10123_11555.jpg,0.45666666666666667,0.92,0.98,0.9566002654752656
CASIA2/Tp/Tp_D_NRN_S_N_pla10124_sec00097_11698.jpg,0.41333333333333333,0.9466666666666667,0.98,0.957178909053909
CASIA2/Tp/Tp_D_NRN_S_N_pla20031_pla20030_01931.tif,0.33,0.3433333333333333,0.9874484126984127,0.9908002645502648
CASIA2/Tp/Tp_D_NRN_S_N_sec00009_art00076_11744.jpg,0.5366666666666666,0.98,0.9962857142857143,1.0
CASIA2/Tp/Tp_D_NRN_S_N_sec00013_cha00071_00033.tif,0.99,0.99,1.0,0.9981666666666666
CASIA2/Tp/Tp_D_NRN_S_N_sec00015_sec00097_11695.jpg,0.79,0.9266666666666666,0.9970858585858586,0.9986666666666667
CASIA2/Tp/Tp_D_NRN_S_N_sec00016_ani00013_00702.tif,1.0,1.0,1.0,1.0
CASIA2/Tp/Tp_D_NRN_S_N_sec00016_ind00098_10790.jpg,0.9966666666666667,0.9966666666666667,0.9817301587301589,0.993219696969697
CASIA2/Tp/Tp_D_NRN_S_N_sec00021_sec00007_10775.jpg,0.91,0.9666666666666667,0.9966666666666667,0.9765927960927963
CASIA2/Tp/Tp_D_NRN_S_N_sec00022_sec00023_10809.jpg,0.99,0.9966666666666667,1.0,0.9995238095238095
CASIA2/Tp/Tp_D_NRN_S_N_sec00023_art00076_11742.jpg,0.49,0.9433333333333334,1.0,0.9993333333333334
CASIA2/Tp/Tp_D_NRN_S_N_sec00023_ind00042_10886.jpg,0.4633333333333333,0.96,1.0,1.0
CASIA2/Tp/Tp_D_NRN_S_N_sec00023_sec00022_10807.jpg,0.89,0.9766666666666667,0.9933333333333333,0.9990909090909091
CASIA2/Tp/Tp_D_NRN_S_N_sec00023_sec00022_10808.jpg,0.84,0.9733333333333334,0.9966666666666667,0.9990909090909091
CASIA2/Tp/Tp_D_NRN_S_N_sec00026_sec00027_00047.tif,0.9666666666666667,0.9133333333333333,1.0,1.0
CASIA2/Tp/Tp_D_NRN_S_N_sec00041_ani00076_10500.tif,1.0,1.0,1.0,1.0
CASIA2/Tp/Tp_D_NRN_S_N_sec00042_ani00076_10499.tif,0.9733333333333334,0.8033333333333333,1.0,0.9970000000000001
CASIA2/Tp/Tp_D_NRN_S_N_sec00042_ani00081_10498.tif,0.99,0.88,1.0,0.9963333333333333
CASIA2/Tp/Tp_D_NRN_S_N_sec00048_art00012_00069.tif,0.8633333333333333,0.8266666666666667,1.0,1.0
CASIA2/Tp/Tp_D_NRN_S_N_sec00049_sec00051_11245.jpg,0.6,0.8633333333333333,0.9666666666666667,0.9788306878306878
CASIA2/Tp/Tp_D_NRN_S_N_sec00050_sec00049_00071.tif,0.45,0.19,1.0,0.9983333333333333
CASIA2/Tp/Tp_D_NRN_S_N_sec00052_sec00051_11242.jpg,0.43333333333333335,0.8933333333333333,0.99,0.9857962962962965
CASIA2/Tp/Tp_D_NRN_S_N_sec00052_sec00055_11239.jpg,0.49666666666666665,0.9166666666666666,0.9966666666666667,0.9977407407407406
CASIA2/Tp/Tp_D_NRN_S_N_sec00054_sec00055_11237.jpg,0.4666666666666667,0.9366666666666666,0.9633333333333334,0.9958796296296297
CASIA2/Tp/Tp_D_NRN_S_N_sec00061_ani00064_00730.tif,0.7533333333333333,0.7033333333333334,1.0,0.9985185185185185
CASIA2/Tp/Tp_D_NRN_S_N_sec00064_cha00052_11409.jpg,0.52,0.8533333333333334,0.9866666666666667,0.9981818181818183
CASIA2/Tp/Tp_D_NRN_S_N_sec00071_art00064_00706.tif,0.9966666666666667,0.9966666666666667,1.0,1.0
CASIA2/Tp/Tp_D_NRN_S_N_sec00071_art00064_00707.tif,0.9966666666666667,1.0,1.0,1.0
CASIA2/Tp/Tp_D_NRN_S_N_sec00071_ind00084_11277.jpg,0.8366666666666667,0.89,0.9950555555555557,1.0
CASIA2/Tp/Tp_D_NRN_S_N_sec00071_ind00094_11279.jpg,0.9333333333333333,0.98,0.9961666666666668,1.0
CASIA2/Tp/Tp_D_NRN_S_N_sec00071_sec00071_00092.tif,0.9966666666666667,0.9966666666666667,1.0,1.0
CASIA2/Tp/Tp_D_NRN_S_N_sec00073_art00012_00094.tif,0.9666666666666667,0.9833333333333333,1.0,1.0
CASIA2/Tp/Tp_D_NRN_S_N_sec00073_art00064_00725.tif,0.98,0.9833333333333333,1.0,1.0
CASIA2/Tp/Tp_D_NRN_S_N_sec00087_ani00037_00720.tif,0.8866666666666667,0.98,1.0,1.0
CASIA2/Tp/Tp_D_NRN_S_N_sec00087_cha00052_11471.jpg,0.8866666666666667,0.9766666666666667,0.9880024050024048,0.9936666666666667
CASIA2/Tp/Tp_D_NRN_S_N_sec00090_ani00013_00717.tif,0.59,0.6433333333333333,1.0,0.9954444444444445
CASIA2/Tp/Tp_D_NRN_S_N_sec00091_cha00023_00716.tif,0.9733333333333334,1.0,1.0,1.0
CASIA2/Tp/Tp_D_NRN_S_N_sec00093_cha00096_00713.tif,0.7,0.8966666666666666,0.9966666666666667,0.9970000000000001
CASIA2/Tp/Tp_D_NRN_S_N_sec00095_ani00098_00712.tif,0.9533333333333334,0.9866666666666667,1.0,1.0
CASIA2/Tp/Tp_D_NRN_S_N_sec00098_ani00100_11629.jpg,1.0,0.9966666666666667,0.99,0.9939629629629629
CASIA2/Tp/Tp_D_NRN_S_N_sec00098_cha00042_11114.jpg,1.0,0.9933333333333333,0.99,0.9962777777777777
CASIA2/Tp/Tp_D_NRN_S_N_sec00100_ani00005_00708.tif,0.9933333333333333,0.9966666666666667,1.0,1.0
CASIA2/Tp/Tp_D_NRN_S_N_sec10109_sec10113_10347.tif,0.57,0.43333333333333335,0.9969444444444445,0.9896296296296297
CASIA2/Tp/Tp_D_NRN_S_N_sec10115_pla00049_11534.jpg,0.86,0.9233333333333333,0.8720860805860805,0.963670634920635
CASIA2/Tp/Tp_D_NRN_S_N_txt00029_txt00029_10832.jpg,0.9233333333333333,0.97,0.9,0.9605429292929294
CASIA2/Tp/Tp_D_NRN_S_N_txt00081_txt00082_11294.jpg,0.5066666666666667,0.7566666666666667,0.8966666666666666,0.8766031977281982
CASIA2/Tp/Tp_D_NRN_S_N_txt00088_txt00092_11330.jpg,0.15333333333333332,0.5733333333333334,0.945889615014615,0.7352567873303166
CASIA2/Tp/Tp_D_NRN_S_N_txt00096_txt10106_10819.jpg,0.3433333333333333,0.58,0.8966666666666666,0.830783707033707
CASIA2/Tp/Tp_D_NRN_S_N_txt00097_txt10106_10818.jpg,0.31333333333333335,0.65,0.8366666666666667,0.7868453860953861
CASIA2/Tp/Tp_D_NRN_S_N_txt10104_txt10111_10811.jpg,0.6533333333333333,0.72,0.9733333333333334,0.9507649572649574
CASIA2/Tp/Tp_D_NRN_S_N_txt10106_txt10113_10817.jpg,0.75,0.71,0.9232935027935028,0.900603119103119
CASIA2/Tp/Tp_D_NRN_S_O_ani00084_ani00085_10058.tif,0.9933333333333333,0.99,1.0,1.0
CASIA2/Tp/Tp_D_NRN_S_O_ani10126_ani00037_12463.jpg,0.7433333333333333,0.8933333333333333,0.92,0.8351124801124801
CASIA2/Tp/Tp_D_NRN_S_O_ani10127_ani00021_12468.jpg,0.6233333333333333,0.4666666666666667,0.6450254837754837,0.6137458883708883
CASIA2/Tp/Tp_D_NRN_S_O_ani10146_ani10163_12494.jpg,0.9866666666666667,0.9533333333333334,0.9866666666666667,0.9829978354978355
CASIA2/Tp/Tp_D_NRN_S_O_ani10178_ani10200_12484.jpg,0.18333333333333332,0.7033333333333334,0.9766666666666667,0.9812631257631259
CASIA2/Tp/Tp_D_NRN_S_O_arc00052_cha00023_00272.tif,0.9733333333333334,0.99,1.0,0.9969523809523809
CASIA2/Tp/Tp_D_NRN_S_O_nat10148_nat10162_12117.jpg,0.9966666666666667,0.9866666666666667,0.9974465811965813,0.9986111111111112
CASIA2/Tp/Tp_D_NRN_S_O_nat10153_ani00036_12134.jpg,0.99,0.95,1.0,0.9666752136752137
CASIA2/Tp/Tp_D_NRN_S_O_pla00028_pla00025_10950.jpg,0.97,0.9933333333333333,1.0,0.9970858585858587
CASIA2/Tp/Tp_S_CND_L_N_cha00084_cha00084_10203.tif,0.9266666666666666,0.9666666666666667,0.9833333333333333,0.9931124338624336
CASIA2/Tp/Tp_S_CND_M_B_sec00019_sec00019_00040.tif,1.0,1.0,1.0,1.0
CASIA2/Tp/Tp_S_CND_M_N_cha00079_cha00079_10195.tif,0.9833333333333333,0.9633333333333334,1.0,0.9991666666666666
CASIA2/Tp/Tp_S_CND_M_N_cha00088_cha00088_10174.tif,0.94,0.8033333333333333,1.0,0.9973333333333333
CASIA2/Tp/Tp_S_CND_M_N_sec00099_sec00099_10365.tif,0.9366666666666666,0.8566666666666667,0.9966666666666667,0.9984166666666666
CASIA2/Tp/Tp_S_CND_S_B_ani00022_ani00022_00142.tif,0.9033333333333333,0.9166666666666666,1.0,0.9986666666666667
CASIA2/Tp/Tp_S_CND_S_B_cha00088_cha00088_10179.tif,0.9966666666666667,1.0,1.0,1.0
CASIA2/Tp/Tp_S_CND_S_B_nat00039_nat00039_00958.tif,0.9766666666666667,0.9766666666666667,1.0,0.987679894179894
CASIA2/Tp/Tp_S_CND_S_B_sec00097_sec00097_00117.tif,0.5266666666666666,0.5966666666666667,1.0,0.9988888888888889
CASIA2/Tp/Tp_S_CND_S_N_ani00009_ani00009_00129.tif,0.9166666666666666,0.9133333333333333,1.0,0.9970000000000001
CASIA2/Tp/Tp_S_CND_S_N_arc00017_arc00017_01115.tif,0.6466666666666666,0.68,1.0,0.9950476190476191
CASIA2/Tp/Tp_S_CND_S_N_art00044_art00044_10406.tif,0.9833333333333333,0.9966666666666667,1.0,1.0
CASIA2/Tp/Tp_S_CND_S_N_art00047_art00047_10507.tif,0.8366666666666667,0.9833333333333333,1.0,1.0
CASIA2/Tp/Tp_S_CND_S_N_art00094_art00094_10403.tif,0.6933333333333334,0.73,0.996595238095238,0.9878055555555556
CASIA2/Tp/Tp_S_CND_S_N_art00094_art00094_10404.tif,0.77,0.7966666666666666,0.9950384615384615,0.9940277777777777
CASIA2/Tp/Tp_S_CND_S_N_art20013_art20013_01819.tif,1.0,0.9933333333333333,1.0,1.0
CASIA2/Tp/Tp_S_CND_S_N_art20067_art20067_02500.tif,0.5166666666666667,0.6566666666666666,0.9993333333333334,1.0
CASIA2/Tp/Tp_S_CND_S_N_cha00052_cha00052_10718.jpg,0.6966666666666667,0.93,0.9866666666666667,0.9920515873015872
CASIA2/Tp/Tp_S_CND_S_N_ind00069_ind00069_01356.tif,0.7966666666666666,0.7333333333333333,1.0,1.0
CASIA2/Tp/Tp_S_CND_S_N_ind00070_ind00070_01357.tif,0.47333333333333333,0.25333333333333335,1.0,0.9974074074074074
CASIA2/Tp/Tp_S_CND_S_N_ind20036_ind20036_01777.tif,0.96,0.9733333333333334,0.9945,0.9937777777777778
CASIA2/Tp/Tp_S_CND_S_N_pla00004_pla00004_01126.tif,0.79,0.8433333333333334,1.0,1.0
CASIA2/Tp/Tp_S_CND_S_N_pla00057_pla00057_00590.tif,1.0,1.0,1.0,1.0
CASIA2/Tp/Tp_S_CND_S_N_pla00068_pla00068_01175.tif,0.9733333333333334,0.95,1.0,0.9974747474747475
CASIA2/Tp/Tp_S_CND_S_N_pla00078_pla00078_01181.tif,0.47,0.5266666666666666,0.9991666666666666,0.9886774042950515
CASIA2/Tp/Tp_S_CND_S_N_pla20091_pla20091_02351.tif,0.5266666666666666,0.46,1.0,1.0
CASIA2/Tp/Tp_S_CND_S_N_sec00047_sec00047_00068.tif,0.6833333333333333,0.5566666666666666,0.9994444444444446,0.9965427350427352
CASIA2/Tp/Tp_S_CND_S_N_sec00059_sec00059_00080.tif,0.8333333333333334,0.7866666666666666,1.0,1.0
CASIA2/Tp/Tp_S_CND_S_N_sec00073_sec00073_10384.tif,0.6833333333333333,0.9233333333333333,1.0,1.0
CASIA2/Tp/Tp_S_CND_S_N_sec00078_sec00078_10386.tif,0.9966666666666667,0.9966666666666667,1.0,1.0
CASIA2/Tp/Tp_S_CND_S_N_sec00099_sec00099_10366.tif,0.6466666666666666,0.9133333333333333,1.0,1.0
CASIA2/Tp/Tp_S_CND_S_N_sec20057_sec20057_01647.tif,0.8333333333333334,0.9366666666666666,1.0,0.9990476190476191
CASIA2/Tp/Tp_S_CND_S_N_txt00084_txt00084_01290.tif,0.5166666666666667,0.52,1.0,1.0
CASIA2/Tp/Tp_S_CNN_L_N_cha00091_cha00091_10202.tif,0.9366666666666666,0.96,1.0,1.0
CASIA2/Tp/Tp_S_CNN_L_N_txt00095_txt00095_10164.tif,0.9766666666666667,0.8866666666666667,1.0,1.0
CASIA2/Tp/Tp_S_CNN_L_O_ind00004_ind00004_10165.tif,0.9933333333333333,0.98,1.0,1.0
CASIA2/Tp/Tp_S_CNN_M_B_ani00009_ani00009_10214.tif,0.9433333333333334,0.9466666666666667,0.9994444444444444,0.9927094017094019
CASIA2/Tp/Tp_S_CNN_M_B_ind00088_ind00088_10640.jpg,0.9766666666666667,0.96,0.9966666666666667,0.9948707403707402
CASIA2/Tp/Tp_S_CNN_M_N_ani00016_ani00016_10207.tif,1.0,0.99,1.0,1.0
CASIA2/Tp/Tp_S_CNN_M_N_ani00019_ani00019_11855.jpg,0.9466666666666667,0.9566666666666667,1.0,0.9975555555555555
CASIA2/Tp/Tp_S_CNN_M_N_ani00024_ani00024_10206.tif,0.94,0.9733333333333334,0.9991666666666666,0.9926719576719576
CASIA2/Tp/Tp_S_CNN_M_N_ani10206_ani10206_12414.jpg,0.9933333333333333,0.9466666666666667,0.9066666666666666,0.9500482665482666
CASIA2/Tp/Tp_S_CNN_M_N_arc00032_arc00032_10263.tif,0.9566666666666667,0.98,1.0,0.9991666666666666
CASIA2/Tp/Tp_S_CNN_M_N_arc00037_arc00037_10143.tif,0.9866666666666667,0.9733333333333334,1.0,1.0
CASIA2/Tp/Tp_S_CNN_M_N_arc00040_arc00040_10237.tif,0.9966666666666667,0.9633333333333334,1.0,1.0
CASIA2/Tp/Tp_S_CNN_M_N_arc00040_arc00040_10238.tif,0.9866666666666667,0.99,1.0,1.0
CASIA2/Tp/Tp_S_CNN_M_N_arc00043_arc00043_10242.tif,0.97,0.9733333333333334,1.0,0.9955555555555554
CASIA2/Tp/Tp_S_CNN_M_N_arc00051_arc00051_10727.jpg,0.9333333333333333,0.9733333333333334,1.0,1.0
CASIA2/Tp/Tp_S_CNN_M_N_arc00052_arc00052_10264.tif,0.8866666666666667,0.75,1.0,0.9954999999999999
CASIA2/Tp/Tp_S_CNN_M_N_arc00062_arc00062_10252.tif,0.9833333333333333,0.9733333333333334,1.0,1.0
CASIA2/Tp/Tp_S_CNN_M_N_arc00062_arc00062_10253.tif,0.9733333333333334,0.95,0.9986666666666667,0.9956190476190477
CASIA2/Tp/Tp_S_CNN_M_N_arc00063_arc00063_10256.tif,0.9966666666666667,0.99,1.0,1.0
CASIA2/Tp/Tp_S_CNN_M_N_arc00064_arc00064_10255.tif,0.99,0.99,1.0,1.0
CASIA2/Tp/Tp_S_CNN_M_N_arc00064_arc00064_10432.tif,0.9966666666666667,1.0,1.0,1.0
CASIA2/Tp/Tp_S_CNN_M_N_arc00065_arc00065_10254.tif,0.9933333333333333,0.9466666666666667,1.0,1.0
CASIA2/Tp/Tp_S_CNN_M_N_arc00067_arc00067_10249.tif,0.8533333333333334,0.83,1.0,0.9983080808080809
CASIA2/Tp/Tp_S_CNN_M_N_arc00067_arc00067_10250.tif,0.98,0.9966666666666667,0.9965714285714284,0.9991666666666666
CASIA2/Tp/Tp_S_CNN_M_N_arc00083_arc00083_10268.tif,0.9766666666666667,0.9833333333333333,1.0,1.0
CASIA2/Tp/Tp_S_CNN_M_N_arc00083_arc00083_10269.tif,0.9366666666666666,0.98,1.0,0.9995833333333334
CASIA2/Tp/Tp_S_CNN_M_N_arc00087_arc00087_10734.jpg,0.9566666666666667,0.9433333333333334,0.9633333333333334,0.9870257335257336
CASIA2/Tp/Tp_S_CNN_M_N_arc10115_arc10115_10764.jpg,0.9566666666666667,0.96,0.9993333333333334,0.9981111111111112
CASIA2/Tp/Tp_S_CNN_M_N_art00004_art00004_10436.tif,0.98,0.99,1.0,0.9969191919191919
CASIA2/Tp/Tp_S_CNN_M_N_art00004_art00004_10437.tif,0.81,0.9333333333333333,1.0,0.9991666666666666
CASIA2/Tp/Tp_S_CNN_M_N_art00005_art00005_11794.jpg,0.97,0.95,0.9833333333333333,0.9917557997558
CASIA2/Tp/Tp_S_CNN_M_N_art00007_art00007_10751.jpg,0.97,0.97,0.9666666666666667,0.980297619047619
CASIA2/Tp/Tp_S_CNN_M_N_art00017_art00017_10273.tif,0.98,0.9966666666666667,1.0,1.0
CASIA2/Tp/Tp_S_CNN_M_N_art00020_art00020_10279.tif,0.9733333333333334,0.9766666666666667,1.0,1.0
CASIA2/Tp/Tp_S_CNN_M_N_art00022_art00022_10551.tif,0.9866666666666667,0.9766666666666667,1.0,1.0
CASIA2/Tp/Tp_S_CNN_M_N_art00023_art00023_10549.tif,0.9666666666666667,0.98,0.9966666666666667,0.9981695156695157
CASIA2/Tp/Tp_S_CNN_M_N_art00024_art00024_10553.tif,0.94,0.9366666666666666,1.0,0.9988636363636364
CASIA2/Tp/Tp_S_CNN_M_N_art00028_art00028_10511.tif,0.7,0.6233333333333333,0.9943212560386473,0.960686507936508
CASIA2/Tp/Tp_S_CNN_M_N_art00031_art00031_10472.tif,0.9833333333333333,0.9833333333333333,1.0,0.9991666666666666
CASIA2/Tp/Tp_S_CNN_M_N_art00044_art00044_10407.tif,0.9866666666666667,0.96,1.0,1.0
CASIA2/Tp/Tp_S_CNN_M_N_art00047_art00047_10506.tif,0.98,0.99,1.0,0.9983333333333333
CASIA2/Tp/Tp_S_CNN_M_N_art00048_art00048_10258.tif,0.9766666666666667,0.9733333333333334,1.0,1.0
CASIA2/Tp/Tp_S_CNN_M_N_art00048_art00048_10259.tif,0.98,0.9766666666666667,1.0,0.9995833333333334
CASIA2/Tp/Tp_S_CNN_M_N_art00053_art00053_10294.tif,0.9466666666666667,0.8433333333333334,1.0,0.9991666666666666
CASIA2/Tp/Tp_S_CNN_M_N_art00053_art00053_10532.tif,0.9533333333333334,0.8466666666666667,1.0,0.9983333333333333
CASIA2/Tp/Tp_S_CNN_M_N_art00057_art00057_10292.tif,0.91,0.82,1.0,1.0
CASIA2/Tp/Tp_S_CNN_M_N_art00063_art00063_10524.tif,0.7533333333333333,0.8066666666666666,1.0,0.9926608946608946
CASIA2/Tp/Tp_S_CNN_M_N_art00064_art00064_10260.tif,0.9466666666666667,0.9333333333333333,1.0,0.9991666666666666
CASIA2/Tp/Tp_S_CNN_M_N_art00069_art00069_10853.jpg,1.0,1.0,0.9966666666666667,0.999
CASIA2/Tp/Tp_S_CNN_M_N_art00071_art00071_10480.tif,0.94,0.9666666666666667,1.0,0.9973611111111113
CASIA2/Tp/Tp_S_CNN_M_N_art00073_art00073_10477.tif,0.8966666666666666,0.8433333333333334,1.0,0.9988888888888887
CASIA2/Tp/Tp_S_CNN_M_N_art00077_art00077_10288.tif,0.9866666666666667,0.9833333333333333,1.0,0.9993333333333334
CASIA2/Tp/Tp_S_CNN_M_N_art00080_art00080_10482.tif,0.9533333333333334,0.97,0.9975,0.9982575757575758
CASIA2/Tp/Tp_S_CNN_M_N_art10116_art10116_11530.jpg,0.9633333333333334,0.9266666666666666,0.8633333333333333,0.9408147130647133
CASIA2/Tp/Tp_S_CNN_M_N_cha00011_cha00011_10306.tif,0.9866666666666667,0.99,0.9993333333333334,1.0
CASIA2/Tp/Tp_S_CNN_M_N_cha00011_cha00011_10307.tif,0.9966666666666667,0.9966666666666667,1.0,1.0
CASIA2/Tp/Tp_S_CNN_M_N_cha00017_cha00017_10313.tif,0.9733333333333334,0.9733333333333334,1.0,0.9992592592592593
CASIA2/Tp/Tp_S_CNN_M_N_cha00023_cha00023_10722.jpg,1.0,0.9933333333333333,0.9766666666666667,0.9959523809523809
CASIA2/Tp/Tp_S_CNN_M_N_cha00048_cha00048_11004.jpg,0.97,0.9766666666666667,1.0,0.9946904761904761
CASIA2/Tp/Tp_S_CNN_M_N_cha00056_cha00056_10262.tif,0.8966666666666666,0.8233333333333334,1.0,0.9991666666666666
CASIA2/Tp/Tp_S_CNN_M_N_cha00063_cha00063_10344.tif,0.97,0.98,1.0,1.0
CASIA2/Tp/Tp_S_CNN_M_N_cha00070_cha00070_10295.tif,0.9766666666666667,0.99,1.0,0.9994444444444444
CASIA2/Tp/Tp_S_CNN_M_N_cha00073_cha00073_11026.jpg,0.96,0.9933333333333333,0.9988888888888887,1.0
CASIA2/Tp/Tp_S_CNN_M_N_cha00078_cha00078_11027.jpg,0.9533333333333334,0.9933333333333333,0.9766666666666667,0.9966666666666667
CASIA2/Tp/Tp_S_CNN_M_N_cha00080_cha00080_10196.tif,0.9866666666666667,0.9833333333333333,1.0,1.0
CASIA2/Tp/Tp_S_CNN_M_N_cha00082_cha00082_10197.tif,0.9966666666666667,1.0,1.0,1.0
CASIA2/Tp/Tp_S_CNN_M_N_ind00002_ind00002_10052.tif,0.91,0.8833333333333333,0.9966666666666667,0.9993333333333334
CASIA2/Tp/Tp_S_CNN_M_N_ind00008_ind00008_10419.tif,0.9966666666666667,0.9866666666666667,1.0,0.9977777777777778
CASIA2/Tp/Tp_S_CNN_M_N_ind00009_ind00009_10415.tif,0.9933333333333333,0.98,1.0,1.0
CASIA2/Tp/Tp_S_CNN_M_N_ind00010_ind00010_10425.tif,0.9633333333333334,0.9466666666666667,0.994642857142857,0.9988888888888887
CASIA2/Tp/Tp_S_CNN_M_N_ind00013_ind00013_10409.tif,0.9433333333333334,0.9566666666666667,1.0,1.0
CASIA2/Tp/Tp_S_CNN_M_N_ind00018_ind00018_10709.jpg,0.92,0.9366666666666666,1.0,0.9986666666666667
CASIA2/Tp/Tp_S_CNN_M_N_ind00022_ind00022_10706.jpg,0.9833333333333333,0.9866666666666667,0.9866666666666667,0.9927142857142857
CASIA2/Tp/Tp_S_CNN_M_N_ind00034_ind00034_10401.tif,0.9966666666666667,0.98,1.0,1.0
CASIA2/Tp/Tp_S_CNN_M_N_ind00040_ind00040_10879.jpg,0.44666666666666666,0.9533333333333334,0.9966666666666667,0.9986742424242425
CASIA2/Tp/Tp_S_CNN_M_N_ind00059_ind00059_10399.tif,0.9466666666666667,0.9233333333333333,1.0,0.9981904761904762
CASIA2/Tp/Tp_S_CNN_M_N_ind00069_ind00069_10692.jpg,0.9666666666666667,0.9533333333333334,0.9969444444444445,0.9917314814814815
CASIA2/Tp/Tp_S_CNN_M_N_ind00079_ind00079_10665.jpg,0.65,0.9266666666666666,0.9941450216450217,0.9919656084656083
CASIA2/Tp/Tp_S_CNN_M_N_ind00087_ind00087_10296.tif,0.9733333333333334,0.9633333333333334,1.0,0.9965555555555556
CASIA2/Tp/Tp_S_CNN_M_N_ind00087_ind00087_10297.tif,0.9866666666666667,0.9433333333333334,1.0,1.0
CASIA2/Tp/Tp_S_CNN_M_N_ind00088_ind00088_10638.jpg,0.93,0.97,0.9966666666666667,0.9903469308469309
CASIA2/Tp/Tp_S_CNN_M_N_ind00088_ind00088_10639.jpg,0.9533333333333334,0.9566666666666667,0.9966666666666667,0.9890374070374071
CASIA2/Tp/Tp_S_CNN_M_N_ind00088_ind00088_10641.jpg,0.8666666666666667,0.87,0.9933333333333333,0.9708528323528322
CASIA2/Tp/Tp_S_CNN_M_N_ind00095_ind00095_10656.jpg,0.9933333333333333,0.9733333333333334,0.9833333333333333,0.979730158730159
CASIA2/Tp/Tp_S_CNN_M_N_nat00041_nat00041_11071.jpg,0.9933333333333333,0.9933333333333333,0.9928434343434344,0.9994444444444444
CASIA2/Tp/Tp_S_CNN_M_N_nat00044_nat00044_10557.jpg,0.9766666666666667,0.98,1.0,0.9939367114367114
CASIA2/Tp/Tp_S_CNN_M_N_nat00051_nat00051_11089.jpg,0.45,0.7833333333333333,0.970100529100529,0.9923359788359789
CASIA2/Tp/Tp_S_CNN_M_N_nat00055_nat00055_10926.jpg,0.9733333333333334,0.97,0.92,0.9855714285714285
CASIA2/Tp/Tp_S_CNN_M_N_nat00059_nat00059_10564.jpg,0.9133333333333333,0.9366666666666666,0.9953888888888889,0.9702587782587783
CASIA2/Tp/Tp_S_CNN_M_N_nat00060_nat00060_10563.jpg,0.98,0.9733333333333334,0.9986666666666667,0.9972500000000001
CASIA2/Tp/Tp_S_CNN_M_N_nat00062_nat00062_10578.jpg,0.79,0.56,0.9144782656956574,0.854787397787398
CASIA2/Tp/Tp_S_CNN_M_N_nat00066_nat00066_10569.jpg,0.9766666666666667,0.82,0.9749189514189514,0.986303751803752
CASIA2/Tp/Tp_S_CNN_M_N_nat00068_nat00068_10567.jpg,0.9033333333333333,0.9666666666666667,0.9991666666666666,1.0
CASIA2/Tp/Tp_S_CNN_M_N_nat00068_nat00068_10568.jpg,0.98,0.98,0.9972222222222221,0.9990476190476191
CASIA2/Tp/Tp_S_CNN_M_N_nat00069_nat00069_10566.jpg,0.98,0.98,0.9967222222222224,0.9965396825396825
CASIA2/Tp/Tp_S_CNN_M_N_nat00070_nat00070_10601.jpg,0.4533333333333333,0.7233333333333334,0.9833333333333333,0.9519084341584342
CASIA2/Tp/Tp_S_CNN_M_N_nat00072_nat00072_10565.jpg,0.9833333333333333,0.9733333333333334,0.9733333333333334,0.9822777777777778
CASIA2/Tp/Tp_S_CNN_M_N_nat00073_nat00073_10592.jpg,0.9733333333333334,0.9566666666666667,0.9933333333333333,0.9983333333333333
CASIA2/Tp/Tp_S_CNN_M_N_nat00074_nat00074_10449.tif,0.9566666666666667,0.9666666666666667,0.9965476190476191,0.9995238095238095
CASIA2/Tp/Tp_S_CNN_M_N_nat00079_nat00079_10572.jpg,0.99,0.9833333333333333,0.9970000000000001,0.9901468253968253
CASIA2/Tp/Tp_S_CNN_M_N_nat00080_nat00080_10571.jpg,0.9066666666666666,0.92,0.96,0.9454563492063494
CASIA2/Tp/Tp_S_CNN_M_N_nat00081_nat00081_10597.jpg,0.9833333333333333,0.9833333333333333,0.9916428571428573,0.9908174603174602
CASIA2/Tp/Tp_S_CNN_M_N_nat00082_nat00082_10579.jpg,0.9666666666666667,0.9533333333333334,0.9948838013838016,0.9891441798941798
CASIA2/Tp/Tp_S_CNN_M_N_nat00082_nat00082_10604.jpg,0.9433333333333334,0.9466666666666667,0.9956825396825396,0.9987830687830687
CASIA2/Tp/Tp_S_CNN_M_N_nat00088_nat00088_10580.jpg,0.9333333333333333,0.9133333333333333,0.9566666666666667,0.9649837199837198
CASIA2/Tp/Tp_S_CNN_M_N_nat00092_nat00092_10595.jpg,0.87,0.9033333333333333,0.94,0.9854510582010585
CASIA2/Tp/Tp_S_CNN_M_N_nat00093_nat00093_10587.jpg,0.9233333333333333,0.9366666666666666,0.98,0.9829854497354497
CASIA2/Tp/Tp_S_CNN_M_N_nat00095_nat00095_10598.jpg,0.9133333333333333,0.7766666666666666,0.8436668331668334,0.835982378732379
CASIA2/Tp/Tp_S_CNN_M_N_nat00096_nat00096_10600.jpg,0.7333333333333333,0.86,0.9884960317460316,0.9982222222222223
CASIA2/Tp/Tp_S_CNN_M_N_nat10151_nat10151_12110.jpg,0.9866666666666667,0.9666666666666667,0.9866666666666667,0.9911666666666668
CASIA2/Tp/Tp_S_CNN_M_N_pla00007_pla00007_10941.jpg,1.0,1.0,0.9933333333333333,0.9968888888888887
CASIA2/Tp/Tp_S_CNN_M_N_pla00012_pla00012_10968.jpg,0.96,0.93,0.9199561457061459,0.9361694299852197
CASIA2/Tp/Tp_S_CNN_M_N_pla00030_pla00030_10148.tif,0.77,0.7633333333333333,1.0,0.978270858770859
CASIA2/Tp/Tp_S_CNN_M_N_pla00035_pla00035_10149.tif,0.9666666666666667,0.9833333333333333,1.0,0.9991666666666666
CASIA2/Tp/Tp_S_CNN_M_N_pla00074_pla00074_10620.jpg,1.0,0.9966666666666667,0.8666666666666667,0.9483118363118362
CASIA2/Tp/Tp_S_CNN_M_N_pla00076_pla00076_10622.jpg,0.96,0.9733333333333334,0.986050024050024,0.9689391534391535
CASIA2/Tp/Tp_S_CNN_M_N_pla00077_pla00077_10624.jpg,0.8666666666666667,0.8733333333333333,0.9917490842490841,0.9850238095238095
CASIA2/Tp/Tp_S_CNN_M_N_pla00081_pla00081_10628.jpg,0.9866666666666667,0.99,0.97,0.9927222222222222
CASIA2/Tp/Tp_S_CNN_M_N_pla00082_pla00082_10461.tif,0.9733333333333334,0.9833333333333333,1.0,1.0
CASIA2/Tp/Tp_S_CNN_M_N_pla00083_pla00083_10456.tif,0.9733333333333334,0.9666666666666667,1.0,1.0
CASIA2/Tp/Tp_S_CNN_M_N_pla00084_pla00084_10453.tif,0.8933333333333333,0.9733333333333334,1.0,0.9988888888888889
CASIA2/Tp/Tp_S_CNN_M_N_pla00090_pla00090_10605.jpg,0.88,0.8766666666666667,0.9933333333333333,0.9726669071669072
CASIA2/Tp/Tp_S_CNN_M_N_pla00093_pla00093_10613.jpg,0.98,0.9933333333333333,0.98,0.9966666666666667
CASIA2/Tp/Tp_S_CNN_M_N_pla00094_pla00094_10450.tif,0.97,0.9566666666666667,1.0,1.0
CASIA2/Tp/Tp_S_CNN_M_N_pla00094_pla00094_10614.jpg,0.98,0.99,0.9902407407407406,0.9855069745069744
CASIA2/Tp/Tp_S_CNN_M_N_pla00095_pla00095_10609.jpg,0.9866666666666667,0.9733333333333334,0.9575083435083438,0.9763686868686866
CASIA2/Tp/Tp_S_CNN_M_N_pla00098_pla00098_10617.jpg,0.9,0.9233333333333333,0.9039690355940357,0.9423862433862435
CASIA2/Tp/Tp_S_CNN_M_N_pla10116_pla10116_10602.jpg,0.9733333333333334,0.9,0.9866666666666667,0.9372751600251602
CASIA2/Tp/Tp_S_CNN_M_N_sec00017_sec00017_10784.jpg,0.97,0.9733333333333334,0.9937803030303032,0.993933621933622
CASIA2/Tp/Tp_S_CNN_M_N_sec00018_sec00018_10793.jpg,0.9866666666666667,0.9766666666666667,0.9633333333333334,0.9701041366041367
CASIA2/Tp/Tp_S_CNN_M_N_sec00019_sec00019_10796.jpg,0.9966666666666667,0.9866666666666667,0.9666666666666667,0.9933333333333333
CASIA2/Tp/Tp_S_CNN_M_N_sec00042_sec00042_10493.tif,0.9933333333333333,0.9733333333333334,1.0,1.0
CASIA2/Tp/Tp_S_CNN_M_N_sec00042_sec00042_10494.tif,0.9766666666666667,0.8966666666666666,1.0,0.9953333333333334
CASIA2/Tp/Tp_S_CNN_M_N_sec00044_sec00044_10584.jpg,0.98,0.9833333333333333,0.99,0.9782418414918416
CASIA2/Tp/Tp_S_CNN_M_N_sec00046_sec00046_10509.tif,0.96,0.9633333333333334,1.0,1.0
CASIA2/Tp/Tp_S_CNN_M_N_sec00047_sec00047_10585.jpg,0.7366666666666667,0.8666666666666667,0.9844915824915824,0.9418863728863732
CASIA2/Tp/Tp_S_CNN_M_N_sec00083_sec00083_10354.tif,0.9033333333333333,0.9433333333333334,1.0,0.9936031746031747
CASIA2/Tp/Tp_S_CNN_M_N_sec00086_sec00086_10360.tif,0.9933333333333333,0.9966666666666667,1.0,1.0
CASIA2/Tp/Tp_S_CNN_M_N_sec00087_sec00087_10361.tif,0.9933333333333333,0.9933333333333333,1.0,0.9988888888888889
CASIA2/Tp/Tp_S_CNN_M_N_sec00091_sec00091_10355.tif,0.8866666666666667,0.95,1.0,1.0
CASIA2/Tp/Tp_S_CNN_M_N_txt00010_txt00010_10844.jpg,0.9866666666666667,0.9066666666666666,0.9633333333333334,0.9704784752284752
CASIA2/Tp/Tp_S_CNN_M_N_txt00011_txt00011_10845.jpg,0.99,0.9266666666666666,0.9533333333333334,0.9575958994708996
CASIA2/Tp/Tp_S_CNN_M_N_txt00016_txt00016_10833.jpg,0.94,0.9866666666666667,0.8800006521256521,0.953861592111592
CASIA2/Tp/Tp_S_CNN_M_N_txt00020_txt00020_10840.jpg,0.91,0.58,0.9310330687830689,0.8765788731965201
CASIA2/Tp/Tp_S_CNN_M_N_txt00021_txt00021_10866.jpg,0.9566666666666667,0.8233333333333334,0.9133333333333333,0.9461417748917749
CASIA2/Tp/Tp_S_CNN_M_N_txt00026_txt00026_10329.tif,0.9833333333333333,0.8266666666666667,1.0,0.9977777777777778
CASIA2/Tp/Tp_S_CNN_M_N_txt00027_txt00027_10843.jpg,0.9066666666666666,0.9066666666666666,0.9539369241869243,0.9480572390572392
CASIA2/Tp/Tp_S_CNN_M_N_txt00029_txt00029_10834.jpg,0.9566666666666667,0.9766666666666667,0.9066666666666666,0.9461441798941801
CASIA2/Tp/Tp_S_CNN_M_N_txt00042_txt00042_10830.jpg,0.9333333333333333,0.8633333333333333,0.88,0.9031784881784883
CASIA2/Tp/Tp_S_CNN_M_N_txt00050_txt00050_10372.tif,0.98,0.9633333333333334,0.9965185185185184,0.997857142857143
CASIA2/Tp/Tp_S_CNN_M_N_txt00055_txt00055_10826.jpg,0.84,0.85,0.8825717893217893,0.8435995855995856
CASIA2/Tp/Tp_S_CNN_M_N_txt00077_txt00077_11296.jpg,0.6166666666666667,0.8133333333333334,0.9221255503755501,0.9243905723905727
CASIA2/Tp/Tp_S_CNN_M_N_txt00086_txt00086_10823.jpg,0.9033333333333333,0.8733333333333333,0.8487453194953193,0.8338109113109116
CASIA2/Tp/Tp_S_CNN_M_N_txt00086_txt00086_11312.jpg,0.77,0.9266666666666666,0.8248354238354237,0.8881545214045214
CASIA2/Tp/Tp_S_CNN_M_N_txt00089_txt00089_11313.jpg,0.9333333333333333,0.9566666666666667,0.9679709919709919,0.9035883283383283
CASIA2/Tp/Tp_S_CNN_M_N_txt00091_txt00091_11314.jpg,0.9133333333333333,0.8366666666666667,0.9295932030932034,0.745716022539552
CASIA2/Tp/Tp_S_CNN_M_N_txt00094_txt00094_10161.tif,0.7933333333333333,0.7966666666666666,0.99925,0.9954074074074075
CASIA2/Tp/Tp_S_CNN_M_N_txt00096_txt00096_10163.tif,0.8066666666666666,0.6633333333333333,0.9966666666666667,0.9919682539682539
CASIA2/Tp/Tp_S_CNN_M_N_txt00098_txt00098_10153.tif,0.7333333333333333,0.7933333333333333,1.0,1.0
CASIA2/Tp/Tp_S_CNN_M_N_txt00099_txt00099_10154.tif,0.9566666666666667,0.9666666666666667,1.0,0.9971851851851852
CASIA2/Tp/Tp_S_CNN_M_N_txt00099_txt00099_10156.tif,0.5933333333333334,0.6666666666666666,1.0,0.9993333333333334
CASIA2/Tp/Tp_S_CNN_M_N_txt00100_txt00100_10155.tif,0.9333333333333333,0.8533333333333334,1.0,0.9990476190476191
CASIA2/Tp/Tp_S_CNN_M_N_txt10107_txt10107_10812.jpg,0.93,0.93,0.8371249398749402,0.6628638398638398
CASIA2/Tp/Tp_S_CNN_M_N_txt10107_txt10107_10813.jpg,0.97,0.9033333333333333,0.7850665075665078,0.6329539534539534
CASIA2/Tp/Tp_S_CNN_M_N_txt10107_txt10107_10867.jpg,0.9033333333333333,0.89,0.8305279535279537,0.6576756946756948
CASIA2/Tp/Tp_S_CNN_M_N_txt10110_txt10110_10862.jpg,0.8966666666666666,0.9466666666666667,0.8493746509481809,0.8696779424279428
CASIA2/Tp/Tp_S_CNN_M_N_txt10113_txt10113_10865.jpg,0.92,0.96,0.7233333333333334,0.8395590428090429
CASIA2/Tp/Tp_S_CNN_M_O_arc00030_arc00030_10067.tif,0.9733333333333334,0.9666666666666667,1.0,1.0
CASIA2/Tp/Tp_S_CNN_M_O_arc00066_arc00066_10257.tif,0.9566666666666667,0.84,1.0,1.0
CASIA2/Tp/Tp_S_CNN_M_O_art00051_art00051_10280.tif,0.98,0.9366666666666666,1.0,1.0
CASIA2/Tp/Tp_S_CNN_S_B_arc00092_arc00092_01042.tif,0.9766666666666667,0.9766666666666667,1.0,1.0
CASIA2/Tp/Tp_S_CNN_S_B_arc00093_arc00093_01037.tif,0.8366666666666667,0.77,1.0,0.9983333333333333
CASIA2/Tp/Tp_S_CNN_S_B_art00019_art00019_20023.jpg,0.88,0.94,0.9033333333333333,0.9192768157768157
CASIA2/Tp/Tp_S_CNN_S_B_art00031_art00031_01218.tif,0.9766666666666667,0.9933333333333333,1.0,1.0
CASIA2/Tp/Tp_S_CNN_S_B_art20065_art20065_02499.tif,0.36333333333333334,0.45,1.0,0.9986904761904764
CASIA2/Tp/Tp_S_CNN_S_B_cha00013_cha00013_00333.tif,0.9933333333333333,0.9966666666666667,1.0,1.0
CASIA2/Tp/Tp_S_CNN_S_B_cha00053_cha00053_00373.tif,0.44,0.5666666666666667,1.0,0.9983333333333333
CASIA2/Tp/Tp_S_CNN_S_B_cha10187_cha10187_12309.jpg,0.7966666666666666,0.97,0.9966666666666667,1.0
CASIA2/Tp/Tp_S_CNN_S_B_cha20005_cha20005_02419.tif,0.3433333333333333,0.38666666666666666,1.0,1.0
CASIA2/Tp/Tp_S_CNN_S_B_nat00016_nat00016_01000.tif,0.91,0.8833333333333333,1.0,1.0
CASIA2/Tp/Tp_S_CNN_S_B_nat00026_nat00026_00944.tif,1.0,0.9666666666666667,1.0,1.0
CASIA2/Tp/Tp_S_CNN_S_B_nat00079_nat00079_00985.tif,0.8633333333333333,0.9433333333333334,1.0,1.0
CASIA2/Tp/Tp_S_CNN_S_B_nat00094_nat00094_11097.jpg,0.97,0.9733333333333334,1.0,1.0
CASIA2/Tp/Tp_S_CNN_S_B_nat10109_nat10109_11354.jpg,0.99,0.95,0.6133333333333333,0.8435204193954194
CASIA2/Tp/Tp_S_CNN_S_B_nat10121_nat10121_11339.jpg,0.95,0.9366666666666666,0.9336324508824515,0.9554406796906797
CASIA2/Tp/Tp_S_CNN_S_B_pla00050_pla00050_01159.tif,0.9966666666666667,0.9966666666666667,1.0,1.0
CASIA2/Tp/Tp_S_CNN_S_B_pla20100_pla20100_02000.tif,0.9833333333333333,0.98,0.9966666666666667,1.0
CASIA2/Tp/Tp_S_CNN_S_B_sec00099_sec00099_00709.tif,0.5133333333333333,0.8266666666666667,1.0,0.9996666666666666
CASIA2/Tp/Tp_S_CNN_S_B_sec20003_sec20003_01438.tif,0.47,0.39,1.0,1.0
CASIA2/Tp/Tp_S_CNN_S_B_sec20010_sec20010_01445.tif,0.9666666666666667,0.9733333333333334,1.0,1.0
CASIA2/Tp/Tp_S_CNN_S_B_sec20012_sec20012_01447.tif,0.9733333333333334,0.9733333333333334,1.0,0.9990476190476191
CASIA2/Tp/Tp_S_CNN_S_B_sec20083_sec20083_01673.tif,0.5766666666666667,0.7433333333333333,0.9989682539682541,0.9914365079365078
CASIA2/Tp/Tp_S_CNN_S_M_ind00055_ind00055_10908.jpg,0.6633333333333333,0.88,0.9933333333333333,0.9921904761904762
CASIA2/Tp/Tp_S_CNN_S_N_ani00055_ani00055_00175.tif,0.9933333333333333,1.0,1.0,1.0
CASIA2/Tp/Tp_S_CNN_S_N_ani00079_ani00079_00821.tif,0.9966666666666667,0.98,1.0,0.9988888888888889
CASIA2/Tp/Tp_S_CNN_S_N_ani00080_ani00080_00820.tif,0.9933333333333333,0.99,1.0,1.0
CASIA2/Tp/Tp_S_CNN_S_N_ani00090_ani00090_00210.tif,0.9266666666666666,0.9466666666666667,1.0,1.0
CASIA2/Tp/Tp_S_CNN_S_N_ani00100_ani00100_01252.tif,0.44,0.3933333333333333,1.0,0.9892843915343915
CASIA2/Tp/Tp_S_CNN_S_N_ani10129_ani10129_12470.jpg,0.28,0.6133333333333333,0.84,0.7785385545826721
CASIA2/Tp/Tp_S_CNN_S_N_ani10160_ani10160_12495.jpg,0.99,0.9733333333333334,0.9573459225959228,0.9803584656084658
CASIA2/Tp/Tp_S_CNN_S_N_ani10180_ani10180_12424.jpg,0.6866666666666666,0.6133333333333333,0.9903026695526694,0.9927777777777779
CASIA2/Tp/Tp_S_CNN_S_N_ani10193_ani10193_12441.jpg,0.7333333333333333,0.89,0.9866666666666667,0.9849431216931216
CASIA2/Tp/Tp_S_CNN_S_N_ani10196_ani10196_12404.jpg,0.87,0.9166666666666666,0.98,0.9712765845265846
CASIA2/Tp/Tp_S_CNN_S_N_ani10199_ani10199_12408.jpg,0.66,0.7566666666666667,0.94,0.8732754652754657
CASIA2/Tp/Tp_S_CNN_S_N_ani10204_ani10204_12416.jpg,0.52,0.91,0.99,0.9847222222222223
CASIA2/Tp/Tp_S_CNN_S_N_ani10211_ani10211_12374.jpg,0.83,0.6466666666666666,0.8411004736004738,0.8005191197691195
CASIA2/Tp/Tp_S_CNN_S_N_ani10221_ani10221_12392.jpg,0.38333333333333336,0.7766666666666666,0.9868333333333333,0.9837500000000002
CASIA2/Tp/Tp_S_CNN_S_N_ani10224_ani10224_12475.jpg,0.9566666666666667,0.94,0.7709295149295148,0.8264331409331408
CASIA2/Tp/Tp_S_CNN_S_N_ani20006_ani20006_02049.tif,0.9233333333333333,0.8966666666666666,0.9986666666666667,1.0
CASIA2/Tp/Tp_S_CNN_S_N_ani20018_ani20018_02061.tif,0.9966666666666667,0.9633333333333334,1.0,0.9988888888888889
CASIA2/Tp/Tp_S_CNN_S_N_ani20023_ani20023_02066.tif,0.9933333333333333,0.93,0.9933333333333333,0.9702158119658121
CASIA2/Tp/Tp_S_CNN_S_N_ani20028_ani20028_02071.tif,0.6066666666666667,0.5333333333333333,0.9933333333333333,0.9953333333333334
CASIA2/Tp/Tp_S_CNN_S_N_ani20032_ani20032_02075.tif,0.7033333333333334,0.7866666666666666,1.0,0.9960714285714285
CASIA2/Tp/Tp_S_CNN_S_N_ani20052_ani20052_02095.tif,0.9733333333333334,0.9733333333333334,1.0,0.9988888888888889
CASIA2/Tp/Tp_S_CNN_S_N_arc00011_arc00011_01110.tif,0.9966666666666667,0.9933333333333333,1.0,0.9985
CASIA2/Tp/Tp_S_CNN_S_N_arc00014_arc00014_01112.tif,1.0,0.9966666666666667,1.0,1.0
CASIA2/Tp/Tp_S_CNN_S_N_arc00018_arc00018_01116.tif,0.9433333333333334,0.92,0.9982222222222223,0.9991666666666666
CASIA2/Tp/Tp_S_CNN_S_N_arc00030_arc00030_00778.tif,0.2833333333333333,0.13333333333333333,1.0,0.9941481481481482
CASIA2/Tp/Tp_S_CNN_S_N_arc00037_arc00037_10144.tif,0.98,0.9933333333333333,1.0,1.0
CASIA2/Tp/Tp_S_CNN_S_N_arc00041_arc00041_01084.tif,0.78,0.8633333333333333,1.0,1.0
CASIA2/Tp/Tp_S_CNN_S_N_arc00047_arc00047_10240.tif,0.9166666666666666,0.9566666666666667,1.0,1.0
CASIA2/Tp/Tp_S_CNN_S_N_arc00047_arc00047_10241.tif,0.8833333333333333,0.9733333333333334,1.0,1.0
CASIA2/Tp/Tp_S_CNN_S_N_arc00048_arc00048_10243.tif,0.83,0.91,1.0,1.0
CASIA2/Tp/Tp_S_CNN_S_N_arc00048_arc00048_10244.tif,0.9966666666666667,1.0,1.0,1.0
CASIA2/Tp/Tp_S_CNN_S_N_arc00049_arc00049_10247.tif,0.8566666666666667,0.8066666666666666,1.0,0.9956498778998779
CASIA2/Tp/Tp_S_CNN_S_N_arc00050_arc00050_01076.tif,0.6133333333333333,0.6433333333333333,1.0,0.9991666666666666
CASIA2/Tp/Tp_S_CNN_S_N_arc00050_arc00050_10246.tif,0.8866666666666667,0.83,1.0,1.0
CASIA2/Tp/Tp_S_CNN_S_N_arc00051_arc00051_10245.tif,0.9833333333333333,0.98,1.0,1.0
CASIA2/Tp/Tp_S_CNN_S_N_arc00061_arc00061_00281.tif,0.8133333333333334,0.9566666666666667,1.0,1.0
CASIA2/Tp/Tp_S_CNN_S_N_arc00067_arc00067_10251.tif,0.9033333333333333,0.9666666666666667,1.0,0.9956944444444443
CASIA2/Tp/Tp_S_CNN_S_N_arc00073_arc00073_01054.tif,0.9433333333333334,0.97,1.0,1.0
CASIA2/Tp/Tp_S_CNN_S_N_arc00074_arc00074_01053.tif,0.19333333333333333,0.47,1.0,1.0
CASIA2/Tp/Tp_S_CNN_S_N_arc00083_arc00083_00303.tif,0.98,0.9766666666666667,1.0,1.0
CASIA2/Tp/Tp_S_CNN_S_N_arc00084_arc00084_10733.jpg,0.94,0.96,1.0,1.0
CASIA2/Tp/Tp_S_CNN_S_N_arc10104_arc10104_10861.jpg,0.36333333333333334,0.7,0.8320578403078406,0.8237511840011841
CASIA2/Tp/Tp_S_CNN_S_N_arc20034_arc20034_01487.tif,0.63,0.7366666666666667,0.9933333333333333,0.9971666666666668
CASIA2/Tp/Tp_S_CNN_S_N_arc20042_arc20042_02178.tif,0.6733333333333333,0.69,1.0,0.9991666666666666
CASIA2/Tp/Tp_S_CNN_S_N_arc20069_arc20069_01709.tif,0.9266666666666666,0.92,1.0,1.0
CASIA2/Tp/Tp_S_CNN_S_N_art00002_art00002_10440.tif,0.9866666666666667,0.96,1.0,1.0
CASIA2/Tp/Tp_S_CNN_S_N_art00016_art00016_01205.tif,0.9566666666666667,0.9066666666666666,1.0,1.0
CASIA2/Tp/Tp_S_CNN_S_N_art00018_art00018_10278.tif,0.8966666666666666,0.9133333333333333,0.9994871794871794,1.0
CASIA2/Tp/Tp_S_CNN_S_N_art00021_art00021_01208.tif,0.4033333333333333,0.39,1.0,0.9898363858363858
CASIA2/Tp/Tp_S_CNN_S_N_art00026_art00026_10548.tif,0.9966666666666667,0.9733333333333334,0.9991666666666666,1.0
CASIA2/Tp/Tp_S_CNN_S_N_art00026_art00026_10736.jpg,0.9466666666666667,0.9466666666666667,0.9826633597883597,0.9954999999999999
CASIA2/Tp/Tp_S_CNN_S_N_art00032_art00032_10467.tif,1.0,1.0,1.0,0.9980555555555555
CASIA2/Tp/Tp_S_CNN_S_N_art00053_art00053_01026.tif,0.37666666666666665,0.5966666666666667,1.0,1.0
CASIA2/Tp/Tp_S_CNN_S_N_art00058_art00058_01233.tif,0.9466666666666667,0.9433333333333334,1.0,1.0
CASIA2/Tp/Tp_S_CNN_S_N_art00067_art00067_01239.tif,0.9766666666666667,0.98,1.0,1.0
CASIA2/Tp/Tp_S_CNN_S_N_art00077_art00077_00531.tif,0.9933333333333333,1.0,1.0,0.9993333333333334
CASIA2/Tp/Tp_S_CNN_S_N_art00080_art00080_01247.tif,0.9266666666666666,0.9733333333333334,1.0,1.0
CASIA2/Tp/Tp_S_CNN_S_N_art00081_art00081_10435.tif,0.9833333333333333,1.0,0.9977777777777779,0.9937777777777778
CASIA2/Tp/Tp_S_CNN_S_N_art00085_art00085_10283.tif,0.98,0.9833333333333333,0.9986666666666667,0.9989166666666667
CASIA2/Tp/Tp_S_CNN_S_N_art00097_art00097_01003.tif,0.9733333333333334,0.9766666666666667,1.0,1.0
CASIA2/Tp/Tp_S_CNN_S_N_art00100_art00100_01001.tif,0.9866666666666667,0.9866666666666667,1.0,1.0
CASIA2/Tp/Tp_S_CNN_S_N_art20002_art20002_01808.tif,0.5933333333333334,0.69,0.9966666666666667,0.9919285714285714
CASIA2/Tp/Tp_S_CNN_S_N_art20003_art20003_01809.tif,0.8266666666666667,0.9466666666666667,1.0,1.0
CASIA2/Tp/Tp_S_CNN_S_N_art20006_art20006_02340.tif,0.7366666666666667,0.6866666666666666,1.0,1.0
CASIA2/Tp/Tp_S_CNN_S_N_art20031_art20031_01837.tif,0.9566666666666667,0.97,1.0,1.0
CASIA2/Tp/Tp_S_CNN_S_N_art20053_art20053_01859.tif,0.9866666666666667,0.9866666666666667,1.0,0.9977777777777778
CASIA2/Tp/Tp_S_CNN_S_N_art20056_art20056_02329.tif,0.6466666666666666,0.5166666666666667,1.0,1.0
CASIA2/Tp/Tp_S_CNN_S_N_art20058_art20058_01864.tif,0.9866666666666667,0.9566666666666667,1.0,1.0
CASIA2/Tp/Tp_S_CNN_S_N_art20062_art20062_01868.tif,0.2733333333333333,0.43333333333333335,0.99625,0.9974074074074074
CASIA2/Tp/Tp_S_CNN_S_N_art20065_art20065_01870.tif,0.94,0.9833333333333333,1.0,1.0
CASIA2/Tp/Tp_S_CNN_S_N_art20068_art20068_02322.tif,0.98,0.9766666666666667,1.0,1.0
CASIA2/Tp/Tp_S_CNN_S_N_art20070_art20070_01876.tif,0.2633333333333333,0.3,1.0,0.9986111111111112
CASIA2/Tp/Tp_S_CNN_S_N_art20071_art20071_01877.tif,0.9866666666666667,0.9933333333333333,1.0,0.9994444444444444
CASIA2/Tp/Tp_S_CNN_S_N_art20073_art20073_02320.tif,0.48,0.43,1.0,1.0
CASIA2/Tp/Tp_S_CNN_S_N_art20076_art20076_02317.tif,0.6933333333333334,0.7533333333333333,1.0,0.9988888888888889
CASIA2/Tp/Tp_S_CNN_S_N_art20078_art20078_01884.tif,0.69,0.6766666666666666,1.0,0.9993939393939394
CASIA2/Tp/Tp_S_CNN_S_N_art20079_art20079_01885.tif,0.9566666666666667,0.9766666666666667,1.0,1.0
CASIA2/Tp/Tp_S_CNN_S_N_art20086_art20086_01892.tif,0.52,0.5466666666666666,1.0,0.9990476190476191
CASIA2/Tp/Tp_S_CNN_S_N_art20090_art20090_01896.tif,0.65,0.7666666666666667,1.0,1.0
CASIA2/Tp/Tp_S_CNN_S_N_art20090_art20090_02307.tif,0.7,0.7666666666666667,1.0,1.0
CASIA2/Tp/Tp_S_CNN_S_N_art20091_art20091_01897.tif,0.9633333333333334,0.99,1.0,0.9966666666666667
CASIA2/Tp/Tp_S_CNN_S_N_cha00009_cha00009_00329.tif,1.0,0.9966666666666667,1.0,1.0
CASIA2/Tp/Tp_S_CNN_S_N_cha00017_cha00017_10311.tif,0.9966666666666667,0.9933333333333333,1.0,1.0
CASIA2/Tp/Tp_S_CNN_S_N_cha00033_cha00033_00353.tif,0.49666666666666665,0.12666666666666668,1.0,1.0
CASIA2/Tp/Tp_S_CNN_S_N_cha00038_cha00038_00358.tif,0.93,0.91,1.0,0.9978333333333335
CASIA2/Tp/Tp_S_CNN_S_N_cha0003_cha00003_00323.tif,1.0,1.0,1.0,1.0
CASIA2/Tp/Tp_S_CNN_S_N_cha00053_cha00053_11721.jpg,0.48333333333333334,0.71,0.9758025493025491,0.9770592833092834
CASIA2/Tp/Tp_S_CNN_S_N_cha00057_cha00057_10112.tif,0.9633333333333334,0.99,1.0,1.0
CASIA2/Tp/Tp_S_CNN_S_N_cha00057_cha00057_10113.tif,0.9833333333333333,0.9933333333333333,1.0,1.0
CASIA2/Tp/Tp_S_CNN_S_N_cha00057_cha00057_10114.tif,0.4533333333333333,0.7133333333333334,1.0,1.0
CASIA2/Tp/Tp_S_CNN_S_N_cha00064_cha00064_11018.jpg,0.8533333333333334,0.93,0.8966666666666666,0.9345171957671959
CASIA2/Tp/Tp_S_CNN_S_N_cha00072_cha00072_11025.jpg,0.9966666666666667,1.0,0.9966666666666667,0.9963518518518519
CASIA2/Tp/Tp_S_CNN_S_N_cha00080_cha00080_10188.tif,0.9933333333333333,1.0,1.0,1.0
CASIA2/Tp/Tp_S_CNN_S_N_cha00100_cha00100_10157.tif,0.98,0.8366666666666667,0.96,0.9613482905982906
CASIA2/Tp/Tp_S_CNN_S_N_cha00100_cha00100_10158.tif,0.92,0.8233333333333334,0.9666666666666667,0.9709594017094018
CASIA2/Tp/Tp_S_CNN_S_N_cha10114_nat10114_12182.jpg,0.9933333333333333,0.81,0.9933333333333333,0.980813492063492
CASIA2/Tp/Tp_S_CNN_S_N_cha10115_cha10115_12174.jpg,0.8733333333333333,0.9366666666666666,0.953770683020683,0.9775332722832724
CASIA2/Tp/Tp_S_CNN_S_N_cha10118_cha10118_12196.jpg,0.9466666666666667,0.9733333333333334,0.9622986087986087,0.958760582010582
CASIA2/Tp/Tp_S_CNN_S_N_cha10124_cha10124_12154.jpg,0.9666666666666667,0.9833333333333333,0.9868333333333332,0.9917592592592592
CASIA2/Tp/Tp_S_CNN_S_N_cha10125_cha10125_12160.jpg,0.7233333333333334,0.94,0.9934722222222223,0.9975
CASIA2/Tp/Tp_S_CNN_S_N_cha10137_cha10137_12209.jpg,0.9333333333333333,0.7566666666666667,0.98,0.9551893199393201
CASIA2/Tp/Tp_S_CNN_S_N_cha10140_cha10140_12197.jpg,0.8366666666666667,0.6666666666666666,0.9906940836940837,0.9927380952380952
CASIA2/Tp/Tp_S_CNN_S_N_cha10161_cha10161_12255.jpg,0.8066666666666666,0.78,0.765746521996522,0.8774720187220185
CASIA2/Tp/Tp_S_CNN_S_N_cha10178_cha10178_12289.jpg,0.8933333333333333,0.9566666666666667,0.9844338624338625,0.9967878787878789
CASIA2/Tp/Tp_S_CNN_S_N_cha10183_cha10183_12318.jpg,0.9333333333333333,0.9666666666666667,0.9366666666666666,0.9907962962962965
CASIA2/Tp/Tp_S_CNN_S_N_cha10186_cha10186_12311.jpg,0.9933333333333333,0.98,0.9466666666666667,0.9693002645502645
CASIA2/Tp/Tp_S_CNN_S_N_cha10207_cha10207_12341.jpg,0.9633333333333334,0.98,0.9666666666666667,0.9815746753246753
CASIA2/Tp/Tp_S_CNN_S_N_cha10207_cha10207_12348.jpg,0.9066666666666666,0.97,0.97,0.9764953102453103
CASIA2/Tp/Tp_S_CNN_S_N_cha20003_cha20003_02002.tif,0.6533333333333333,0.6966666666666667,1.0,0.9990909090909091
CASIA2/Tp/Tp_S_CNN_S_N_cha20007_cha20007_02006.tif,0.9333333333333333,0.98,1.0,1.0
CASIA2/Tp/Tp_S_CNN_S_N_cha20020_cha20020_02019.tif,0.6433333333333333,0.6266666666666667,1.0,1.0
CASIA2/Tp/Tp_S_CNN_S_N_cha20034_cha20034_02033.tif,0.67,0.7133333333333334,1.0,0.9963492063492064
CASIA2/Tp/Tp_S_CNN_S_N_cha20045_cha20045_02044.tif,0.57,0.69,0.9966666666666667,0.9975
CASIA2/Tp/Tp_S_CNN_S_N_ind00004_ind00004_00881.tif,0.14333333333333334,0.14666666666666667,1.0,1.0
CASIA2/Tp/Tp_S_CNN_S_N_ind00008_ind00008_10420.tif,0.24,0.20333333333333334,1.0,1.0
CASIA2/Tp/Tp_S_CNN_S_N_ind00008_ind00008_10421.tif,0.7866666666666666,0.6333333333333333,1.0,1.0
CASIA2/Tp/Tp_S_CNN_S_N_ind00009_ind00009_10414.tif,0.9166666666666666,0.87,1.0,1.0
CASIA2/Tp/Tp_S_CNN_S_N_ind00021_ind00021_01319.tif,0.87,0.7133333333333334,1.0,1.0
CASIA2/Tp/Tp_S_CNN_S_N_ind00024_ind00024_00439.tif,0.9166666666666666,0.88,0.9991666666666666,1.0
CASIA2/Tp/Tp_S_CNN_S_N_ind00028_ind00028_11064.jpg,0.81,0.99,1.0,0.9983333333333333
CASIA2/Tp/Tp_S_CNN_S_N_ind00030_ind00030_00445.tif,0.9833333333333333,0.9866666666666667,1.0,1.0
CASIA2/Tp/Tp_S_CNN_S_N_ind00032_ind00032_11059.jpg,0.7,0.9733333333333334,0.9933333333333333,1.0
CASIA2/Tp/Tp_S_CNN_S_N_ind00036_ind00036_10873.jpg,0.27,0.9233333333333333,0.9933333333333333,0.9953121693121694
CASIA2/Tp/Tp_S_CNN_S_N_ind00040_ind00040_10876.jpg,0.56,0.8766666666666667,0.9966666666666667,0.9990909090909091
CASIA2/Tp/Tp_S_CNN_S_N_ind00040_ind00040_10878.jpg,0.58,0.8666666666666667,0.9966666666666667,0.9918686868686869
CASIA2/Tp/Tp_S_CNN_S_N_ind00041_ind00041_10882.jpg,0.21666666666666667,0.7833333333333333,1.0,0.9149494579494583
CASIA2/Tp/Tp_S_CNN_S_N_ind00041_ind00041_10883.jpg,0.08666666666666667,0.88,0.9966666666666667,0.9129124209124211
CASIA2/Tp/Tp_S_CNN_S_N_ind00046_ind00046_10889.jpg,0.9466666666666667,0.96,0.999107142857143,1.0
CASIA2/Tp/Tp_S_CNN_S_N_ind00059_ind00059_10714.jpg,0.9733333333333334,0.99,0.9863820346320344,0.996153439153439
CASIA2/Tp/Tp_S_CNN_S_N_ind00070_ind00070_10695.jpg,0.9566666666666667,0.97,0.99,0.9990476190476191
CASIA2/Tp/Tp_S_CNN_S_N_ind00082_ind00082_01366.tif,0.5933333333333334,0.4766666666666667,1.0,1.0
CASIA2/Tp/Tp_S_CNN_S_N_ind00090_ind00090_10644.jpg,0.2833333333333333,0.7766666666666666,1.0,0.99625
CASIA2/Tp/Tp_S_CNN_S_N_ind00095_ind00095_10657.jpg,0.7566666666666667,0.89,0.97,0.9822075702075703
CASIA2/Tp/Tp_S_CNN_S_N_ind00096_ind00096_10659.jpg,0.8866666666666667,0.94,1.0,1.0
CASIA2/Tp/Tp_S_CNN_S_N_ind20001_ind20001_02261.tif,0.9733333333333334,1.0,1.0,0.9993333333333334
CASIA2/Tp/Tp_S_CNN_S_N_ind20018_ind20018_02275.tif,0.8633333333333333,0.8566666666666667,1.0,1.0
CASIA2/Tp/Tp_S_CNN_S_N_ind20038_ind20038_02290.tif,0.91,0.91,1.0,1.0
CASIA2/Tp/Tp_S_CNN_S_N_ind20044_ind20044_02292.tif,0.30666666666666664,0.45,1.0,1.0
CASIA2/Tp/Tp_S_CNN_S_N_ind20049_ind20049_01790.tif,0.8766666666666667,0.92,1.0,1.0
CASIA2/Tp/Tp_S_CNN_S_N_ind20055_ind20055_01796.tif,0.58,0.6166666666666667,1.0,0.9962777777777777
CASIA2/Tp/Tp_S_CNN_S_N_ind20057_ind20057_01798.tif,0.7133333333333334,0.6566666666666666,1.0,0.9839329466829468
CASIA2/Tp/Tp_S_CNN_S_N_nat00009_nat00009_00629.tif,0.9066666666666666,0.6866666666666666,1.0,1.0
CASIA2/Tp/Tp_S_CNN_S_N_nat00032_nat00032_00646.tif,0.9866666666666667,0.9633333333333334,1.0,1.0
CASIA2/Tp/Tp_S_CNN_S_N_nat00040_nat00040_11072.jpg,0.97,0.99,0.979565897065897,0.9969722222222224
CASIA2/Tp/Tp_S_CNN_S_N_nat00043_nat00043_11069.jpg,0.9333333333333333,0.94,0.97,0.9948425925925926
CASIA2/Tp/Tp_S_CNN_S_N_nat00053_nat00053_00663.tif,0.7666666666666667,0.7433333333333333,1.0,0.9954999999999999
CASIA2/Tp/Tp_S_CNN_S_N_nat00053_nat00053_11078.jpg,0.32666666666666666,0.8733333333333333,1.0,0.9903333333333334
CASIA2/Tp/Tp_S_CNN_S_N_nat00053_nat00053_11079.jpg,0.6,0.84,0.9966666666666667,0.9916759259259261
CASIA2/Tp/Tp_S_CNN_S_N_nat00065_nat00065_00671.tif,0.6866666666666666,0.85,1.0,1.0
CASIA2/Tp/Tp_S_CNN_S_N_nat00073_nat00073_10590.jpg,0.83,0.9166666666666666,0.9833333333333333,1.0
CASIA2/Tp/Tp_S_CNN_S_N_nat00078_nat00078_10573.jpg,0.9633333333333334,0.9133333333333333,0.9533333333333334,0.9830936748436748
CASIA2/Tp/Tp_S_CNN_S_N_nat00082_nat00082_10603.jpg,0.74,0.8466666666666667,0.9931118326118326,0.9969735449735451
CASIA2/Tp/Tp_S_CNN_S_N_nat00088_nat00088_10581.jpg,0.7566666666666667,0.8266666666666667,0.9733333333333334,0.9954124579124578
CASIA2/Tp/Tp_S_CNN_S_N_nat00091_nat00091_11098.jpg,0.7533333333333333,0.86,0.9166666666666666,0.9855476190476192
CASIA2/Tp/Tp_S_CNN_S_N_nat00092_nat00092_10594.jpg,0.5466666666666666,0.7933333333333333,0.9566666666666667,0.9895952380952381
CASIA2/Tp/Tp_S_CNN_S_N_nat10163_nat10163_12088.jpg,0.7933333333333333,0.9466666666666667,0.9968333333333333,1.0
CASIA2/Tp/Tp_S_CNN_S_N_nat20014_nat20014_02214.tif,0.42333333333333334,0.44333333333333336,1.0,0.9991666666666666
CASIA2/Tp/Tp_S_CNN_S_N_nat20037_nat20037_01541.tif,0.99,0.9833333333333333,1.0,0.9925925925925928
CASIA2/Tp/Tp_S_CNN_S_N_nat20045_nat20045_01549.tif,1.0,1.0,1.0,1.0
CASIA2/Tp/Tp_S_CNN_S_N_nat20058_nat20058_01562.tif,0.9966666666666667,0.9633333333333334,1.0,1.0
CASIA2/Tp/Tp_S_CNN_S_N_nat20059_nat20059_02253.tif,0.9433333333333334,0.9533333333333334,1.0,1.0
CASIA2/Tp/Tp_S_CNN_S_N_pla00001_pla00001_01123.tif,0.9433333333333334,0.8933333333333333,1.0,0.9994444444444446
CASIA2/Tp/Tp_S_CNN_S_N_pla00009_pla00009_01131.tif,1.0,1.0,1.0,1.0
CASIA2/Tp/Tp_S_CNN_S_N_pla00010_pla00010_00549.tif,0.9933333333333333,1.0,1.0,0.993174603174603
CASIA2/Tp/Tp_S_CNN_S_N_pla00010_pla00010_01132.tif,0.9966666666666667,1.0,1.0,0.9983333333333333
CASIA2/Tp/Tp_S_CNN_S_N_pla00013_pla00013_00552.tif,0.9133333333333333,0.9233333333333333,1.0,1.0
CASIA2/Tp/Tp_S_CNN_S_N_pla00021_pla00021_01141.tif,1.0,1.0,1.0,1.0
CASIA2/Tp/Tp_S_CNN_S_N_pla00024_pla00024_00561.tif,1.0,0.9933333333333333,1.0,0.9991666666666666
CASIA2/Tp/Tp_S_CNN_S_N_pla00026_pla00026_01143.tif,0.9966666666666667,0.9966666666666667,1.0,0.9991666666666666
CASIA2/Tp/Tp_S_CNN_S_N_pla00029_pla00029_00565.tif,1.0,1.0,1.0,0.9987878787878788
CASIA2/Tp/Tp_S_CNN_S_N_pla00032_pla00032_10993.jpg,0.9433333333333334,0.97,0.9166666666666666,0.9546571620101031
CASIA2/Tp/Tp_S_CNN_S_N_pla00036_pla00036_00571.tif,0.99,0.9966666666666667,1.0,1.0
CASIA2/Tp/Tp_S_CNN_S_N_pla00043_pla00043_10996.jpg,0.9566666666666667,0.9466666666666667,0.9933333333333333,0.976857142857143
CASIA2/Tp/Tp_S_CNN_S_N_pla00045_pla00045_00580.tif,1.0,1.0,0.99875,1.0
CASIA2/Tp/Tp_S_CNN_S_N_pla00045_pla00045_10971.jpg,0.9133333333333333,0.9533333333333334,0.9904871794871796,0.9969191919191919
CASIA2/Tp/Tp_S_CNN_S_N_pla00049_pla00049_10723.jpg,0.92,0.9466666666666667,0.9833333333333333,0.9590434102934102
CASIA2/Tp/Tp_S_CNN_S_N_pla00052_pla00052_01161.tif,0.9866666666666667,0.8633333333333333,1.0,1.0
CASIA2/Tp/Tp_S_CNN_S_N_pla00055_pla00055_00589.tif,0.9966666666666667,0.9966666666666667,1.0,1.0
CASIA2/Tp/Tp_S_CNN_S_N_pla00057_pla00057_01166.tif,1.0,0.9966666666666667,1.0,1.0
CASIA2/Tp/Tp_S_CNN_S_N_pla00066_pla00066_00597.tif,1.0,1.0,1.0,1.0
CASIA2/Tp/Tp_S_CNN_S_N_pla00069_pla00069_01176.tif,1.0,1.0,1.0,1.0
CASIA2/Tp/Tp_S_CNN_S_N_pla00069_pla00069_11215.jpg,0.92,0.9833333333333333,0.9838134920634921,0.997611111111111
CASIA2/Tp/Tp_S_CNN_S_N_pla00078_pla00078_10854.jpg,0.7466666666666667,0.8033333333333333,0.7726056628556628,0.8063898862575333
CASIA2/Tp/Tp_S_CNN_S_N_pla00081_pla00081_10629.jpg,0.96,0.99,0.9933333333333333,0.9988888888888889
CASIA2/Tp/Tp_S_CNN_S_N_pla00099_pla00099_00620.tif,0.9666666666666667,0.9833333333333333,1.0,1.0
CASIA2/Tp/Tp_S_CNN_S_N_pla10127_pla10127_12137.jpg,0.74,0.9066666666666666,0.7466666666666667,0.9154755244755247
CASIA2/Tp/Tp_S_CNN_S_N_pla20009_pla20009_01909.tif,0.39,0.45,1.0,0.990351851851852
CASIA2/Tp/Tp_S_CNN_S_N_pla20034_pla20034_01934.tif,0.94,0.8633333333333333,1.0,0.9768611111111111
CASIA2/Tp/Tp_S_CNN_S_N_pla20053_pla20053_01953.tif,0.9933333333333333,0.9866666666666667,1.0,1.0
CASIA2/Tp/Tp_S_CNN_S_N_pla20054_pla20054_01954.tif,0.4866666666666667,0.4533333333333333,0.9994444444444444,0.9955555555555554
CASIA2/Tp/Tp_S_CNN_S_N_pla20059_pla20059_01959.tif,0.71,0.8533333333333334,1.0,1.0
CASIA2/Tp/Tp_S_CNN_S_N_pla20062_pla20062_01962.tif,0.47333333333333333,0.57,1.0,0.9983333333333333
CASIA2/Tp/Tp_S_CNN_S_N_pla20068_pla20068_01968.tif,0.87,0.9433333333333334,1.0,0.9946428571428573
CASIA2/Tp/Tp_S_CNN_S_N_pla20094_pla20094_02348.tif,0.63,0.69,0.9966666666666667,0.9819444444444444
CASIA2/Tp/Tp_S_CNN_S_N_sec00022_sec00022_00043.tif,0.9833333333333333,0.97,1.0,1.0
CASIA2/Tp/Tp_S_CNN_S_N_sec00028_sec00028_10782.jpg,0.87,0.9733333333333334,1.0,0.9977380952380952
CASIA2/Tp/Tp_S_CNN_S_N_sec00034_sec00034_11248.jpg,0.77,0.9366666666666666,0.9966666666666667,0.9977380952380952
CASIA2/Tp/Tp_S_CNN_S_N_sec00066_sec00066_11257.jpg,0.45666666666666667,0.63,0.9526799543049546,0.8151973951973953
CASIA2/Tp/Tp_S_CNN_S_N_sec00084_sec00084_00104.tif,0.8566666666666667,0.9,1.0,0.9991666666666666
CASIA2/Tp/Tp_S_CNN_S_N_sec00084_sec00084_10352.tif,0.9633333333333334,0.9733333333333334,1.0,1.0
CASIA2/Tp/Tp_S_CNN_S_N_sec00087_sec00087_10362.tif,0.9733333333333334,1.0,1.0,1.0
CASIA2/Tp/Tp_S_CNN_S_N_sec00087_sec00087_11122.jpg,0.88,0.96,0.9936071428571428,0.9953333333333334
CASIA2/Tp/Tp_S_CNN_S_N_sec00089_sec00089_10357.tif,0.9666666666666667,0.9433333333333334,1.0,0.9933597883597881
CASIA2/Tp/Tp_S_CNN_S_N_sec10115_sec10115_11531.jpg,0.7866666666666666,0.91,0.8724832112332113,0.9499145021645021
CASIA2/Tp/Tp_S_CNN_S_N_sec20002_sec20002_02115.tif,0.49,0.5166666666666667,0.9994444444444446,1.0
CASIA2/Tp/Tp_S_CNN_S_N_sec20003_sec20003_02114.tif,0.8433333333333334,0.88,1.0,1.0
CASIA2/Tp/Tp_S_CNN_S_N_sec20023_sec20023_02123.tif,0.93,0.8866666666666667,1.0,0.9977380952380952
CASIA2/Tp/Tp_S_CNN_S_N_sec20039_sec20039_02448.tif,0.5666666666666667,0.7,1.0,0.997348484848485
CASIA2/Tp/Tp_S_CNN_S_N_sec20083_sec20083_02143.tif,0.7466666666666667,0.7966666666666666,0.9989682539682541,0.9921031746031747
CASIA2/Tp/Tp_S_CNN_S_N_sec20095_sec20095_01685.tif,0.9966666666666667,0.9933333333333333,0.9966666666666667,1.0
CASIA2/Tp/Tp_S_CNN_S_N_txt00007_txt00007_01265.tif,0.9933333333333333,0.9933333333333333,1.0,1.0
CASIA2/Tp/Tp_S_CNN_S_N_txt00011_txt00011_01268.tif,1.0,0.9933333333333333,1.0,1.0
CASIA2/Tp/Tp_S_CNN_S_N_txt00025_txt00025_01270.tif,1.0,1.0,1.0,0.9996666666666666
CASIA2/Tp/Tp_S_CNN_S_N_txt00028_txt00028_01269.tif,0.9866666666666667,0.9733333333333334,0.9985714285714286,0.9927063492063493
CASIA2/Tp/Tp_S_CNN_S_N_txt00039_txt00039_11325.jpg,0.94,0.9566666666666667,0.7541100936100935,0.8608701298701298
CASIA2/Tp/Tp_S_CNN_S_N_txt00039_txt00039_11326.jpg,0.8433333333333334,0.9266666666666666,0.7649394586894587,0.8580804473304471
CASIA2/Tp/Tp_S_CNN_S_N_txt00041_txt00041_00694.tif,0.8166666666666667,0.62,1.0,0.9964999999999999
CASIA2/Tp/Tp_S_CNN_S_N_txt00041_txt00041_01273.tif,0.4866666666666667,0.3333333333333333,1.0,1.0
CASIA2/Tp/Tp_S_CNN_S_N_txt00045_txt00045_00693.tif,0.9166666666666666,0.92,1.0,0.9991666666666666
CASIA2/Tp/Tp_S_CNN_S_N_txt00045_txt00045_11324.jpg,0.92,0.9366666666666666,0.93,0.8684796499796503
CASIA2/Tp/Tp_S_CNN_S_N_txt00046_txt00046_01274.tif,0.9433333333333334,0.8633333333333333,0.9991666666666666,0.9944603174603176
CASIA2/Tp/Tp_S_CNN_S_N_txt00049_txt00049_01276.tif,0.8966666666666666,0.8366666666666667,1.0,0.9959523809523809
CASIA2/Tp/Tp_S_CNN_S_N_txt00050_txt00050_01277.tif,0.93,0.92,0.9990000000000001,0.9887883597883598
CASIA2/Tp/Tp_S_CNN_S_N_txt00053_txt00053_01279.tif,0.99,0.9533333333333334,1.0,0.9993333333333334
CASIA2/Tp/Tp_S_CNN_S_N_txt00054_txt00054_01280.tif,0.9566666666666667,0.9066666666666666,1.0,0.9995238095238096
CASIA2/Tp/Tp_S_CNN_S_N_txt00056_txt00056_01281.tif,0.8533333333333334,0.8366666666666667,0.99,0.9945396825396828
CASIA2/Tp/Tp_S_CNN_S_N_txt00059_txt00059_00692.tif,0.9633333333333334,0.9166666666666666,1.0,0.9971212121212121
CASIA2/Tp/Tp_S_CNN_S_N_txt00067_txt00067_01298.tif,0.9633333333333334,0.9666666666666667,1.0,0.997962962962963
CASIA2/Tp/Tp_S_CNN_S_N_txt00075_txt00075_00687.tif,0.5166666666666667,0.5266666666666666,0.9986666666666667,0.9995238095238095
CASIA2/Tp/Tp_S_CNN_S_N_txt00075_txt00075_01300.tif,0.36666666666666664,0.4033333333333333,0.9986666666666667,0.9995238095238095
CASIA2/Tp/Tp_S_CNN_S_N_txt00075_txt00075_11297.jpg,0.64,0.87,0.9261772981920042,0.9801415343915344
CASIA2/Tp/Tp_S_CNN_S_N_txt00077_txt00077_01287.tif,0.5333333333333333,0.5366666666666666,1.0,0.9962129629629629
CASIA2/Tp/Tp_S_CNN_S_N_txt00081_txt00081_01292.tif,0.48,0.4166666666666667,1.0,0.9768623321123323
CASIA2/Tp/Tp_S_CNN_S_N_txt00086_txt00086_11311.jpg,0.5433333333333333,0.8266666666666667,0.789716376216376,0.8812854737854735
CASIA2/Tp/Tp_S_CNN_S_N_txt00089_txt00089_00686.tif,0.9633333333333334,0.94,1.0,0.9963030303030302
CASIA2/Tp/Tp_S_CNN_S_O_arc00033_arc00033_01091.tif,0.84,0.91,1.0,1.0
CASIA2/Tp/Tp_S_CNN_S_O_ind00071_ind00071_10940.jpg,0.6166666666666667,0.9233333333333333,1.0,0.9985
CASIA2/Tp/Tp_S_CNN_S_O_pla10128_pla10128_12140.jpg,0.9766666666666667,0.9966666666666667,1.0,1.0
CASIA2/Tp/Tp_S_CRD_M_B_sec00083_sec00083_11287.jpg,0.9666666666666667,0.9633333333333334,0.9912632275132274,0.9945833333333334
CASIA2/Tp/Tp_S_CRD_M_N_arc10119_arc10119_10757.jpg,0.5166666666666667,0.8933333333333333,0.9933333333333333,0.9963333333333333
CASIA2/Tp/Tp_S_CRD_M_N_art00007_art00007_10749.jpg,0.9533333333333334,0.93,0.9766666666666667,0.9828809523809523
CASIA2/Tp/Tp_S_CRD_M_N_art00007_art00007_10750.jpg,0.5533333333333333,0.91,0.9533333333333334,0.9816237373737376
CASIA2/Tp/Tp_S_CRD_M_N_art10110_art10110_11565.jpg,0.8866666666666667,0.94,0.8934937099937101,0.9343852998853002
CASIA2/Tp/Tp_S_CRD_M_N_art10110_art10110_11570.jpg,0.89,0.96,0.960817201317201,0.9765577200577201
CASIA2/Tp/Tp_S_CRD_M_N_ind00054_ind00054_10904.jpg,0.51,0.8666666666666667,0.9963333333333333,0.9983333333333333
CASIA2/Tp/Tp_S_CRD_M_N_sec00016_sec00016_10791.jpg,0.99,0.9966666666666667,0.9849733044733046,0.9972777777777778
CASIA2/Tp/Tp_S_CRD_M_N_sec00018_sec00018_10792.jpg,1.0,0.9966666666666667,0.9833333333333333,0.9780167240167242
CASIA2/Tp/Tp_S_CRD_M_N_txt00098_txt00098_10152.tif,0.9666666666666667,0.9766666666666667,1.0,1.0
CASIA2/Tp/Tp_S_CRD_S_B_ani00046_ani00046_00166.tif,0.8933333333333333,0.8933333333333333,1.0,0.9986666666666667
CASIA2/Tp/Tp_S_CRD_S_B_ani00047_ani00047_00167.tif,0.6533333333333333,0.56,1.0,0.9971111111111111
CASIA2/Tp/Tp_S_CRD_S_B_ani00057_ani00057_00177.tif,0.08333333333333333,0.11666666666666667,0.9979629629629628,0.9958333333333333
CASIA2/Tp/Tp_S_CRD_S_B_ani10138_ani10138_12500.jpg,0.97,0.9866666666666667,1.0,0.9945198412698414
CASIA2/Tp/Tp_S_CRD_S_B_art00005_art00005_01430.tif,0.58,0.4866666666666667,1.0,1.0
CASIA2/Tp/Tp_S_CRD_S_B_sec00068_sec00068_11254.jpg,0.7633333333333333,0.97,0.9983333333333333,1.0
CASIA2/Tp/Tp_S_CRD_S_B_txt00020_txt00020_20024.jpg,0.8933333333333333,0.6166666666666667,0.9041492303992301,0.9471091871091871
CASIA2/Tp/Tp_S_CRD_S_N_ani00091_ani00091_00211.tif,0.97,0.9966666666666667,1.0,0.9993333333333334
CASIA2/Tp/Tp_S_CRD_S_N_arc00001_arc00001_00221.tif,0.43666666666666665,0.44333333333333336,1.0,0.9991666666666666
CASIA2/Tp/Tp_S_CRD_S_N_arc00085_arc00085_00305.tif,0.8633333333333333,0.7466666666666667,1.0,0.9938888888888887
CASIA2/Tp/Tp_S_CRD_S_N_arc20025_arc20025_02167.tif,0.4166666666666667,0.45666666666666667,0.9985714285714286,1.0
CASIA2/Tp/Tp_S_CRD_S_N_arc20083_arc20083_02189.tif,0.99,0.9833333333333333,1.0,1.0
CASIA2/Tp/Tp_S_CRD_S_N_art00009_art00009_01199.tif,0.8266666666666667,0.8233333333333334,1.0,1.0
CASIA2/Tp/Tp_S_CRD_S_N_art00048_art00048_01021.tif,0.21333333333333335,0.6766666666666666,1.0,0.9975555555555555
CASIA2/Tp/Tp_S_CRD_S_N_cha00060_cha00060_00380.tif,0.9666666666666667,0.9866666666666667,1.0,1.0
CASIA2/Tp/Tp_S_CRD_S_N_cha10113_cha10113_11544.jpg,0.9866666666666667,0.9766666666666667,0.9646214711214713,0.955006613756614
CASIA2/Tp/Tp_S_CRD_S_N_cha10145_cha10145_12240.jpg,0.9133333333333333,0.95,1.0,1.0
CASIA2/Tp/Tp_S_CRD_S_N_cha10154_cha10154_12264.jpg,0.9666666666666667,0.9866666666666667,1.0,1.0
CASIA2/Tp/Tp_S_CRD_S_N_cha10154_cha10154_12265.jpg,0.99,0.99,1.0,1.0
CASIA2/Tp/Tp_S_CRD_S_N_cha10197_cha10197_12366.jpg,0.9,0.97,0.9766666666666667,0.9995238095238096
CASIA2/Tp/Tp_S_CRD_S_N_cha10204_cha10204_12351.jpg,0.84,0.95,0.8466666666666667,0.9520576923076923
CASIA2/Tp/Tp_S_CRD_S_N_ind00036_ind00036_10874.jpg,0.3,0.85,0.9933333333333333,0.9844377104377106
CASIA2/Tp/Tp_S_CRD_S_N_ind00039_ind00039_01330.tif,0.8266666666666667,0.8133333333333334,1.0,0.9993333333333334
CASIA2/Tp/Tp_S_CRD_S_N_ind00047_ind00047_01337.tif,0.8466666666666667,0.74,1.0,0.9954999999999999
CASIA2/Tp/Tp_S_CRD_S_N_ind00050_ind00050_10898.jpg,0.13666666666666666,0.9566666666666667,1.0,0.9955050505050504
CASIA2/Tp/Tp_S_CRD_S_N_ind00052_ind00052_01341.tif,0.5033333333333333,0.38,1.0,1.0
CASIA2/Tp/Tp_S_CRD_S_N_ind00052_ind00052_10402.tif,0.8266666666666667,0.79,1.0,1.0
CASIA2/Tp/Tp_S_CRD_S_N_ind00093_ind00093_01375.tif,0.8766666666666667,0.9233333333333333,1.0,0.9976190476190476
CASIA2/Tp/Tp_S_CRD_S_N_ind20020_ind20020_02277.tif,0.93,0.91,1.0,1.0
CASIA2/Tp/Tp_S_CRD_S_N_pla00034_pla00034_01149.tif,0.97,0.8166666666666667,1.0,1.0
CASIA2/Tp/Tp_S_CRD_S_N_pla00076_pla00076_10623.jpg,0.9533333333333334,0.9766666666666667,0.9674322991822993,0.9991666666666666
CASIA2/Tp/Tp_S_CRD_S_N_pla10003_pla10003_20098.jpg,0.9866666666666667,0.9533333333333334,0.83,0.812751322751323
CASIA2/Tp/Tp_S_CRD_S_N_pla20002_pla20002_02398.tif,0.6566666666666666,0.59,1.0,1.0
CASIA2/Tp/Tp_S_CRD_S_N_sec00020_sec00020_00771.tif,0.9866666666666667,0.97,1.0,0.992929773929774
CASIA2/Tp/Tp_S_CRD_S_N_sec00025_sec00025_10776.jpg,0.76,0.9233333333333333,0.9939682539682541,0.9942857142857142
CASIA2/Tp/Tp_S_CRD_S_N_sec20002_sec20002_01437.tif,0.9466666666666667,0.9866666666666667,0.9994444444444446,1.0
CASIA2/Tp/Tp_S_CRD_S_N_txt00100_txt00100_01293.tif,0.9166666666666666,0.9066666666666666,1.0,0.9990476190476191
CASIA2/Tp/Tp_S_CRN_L_N_arc00053_arc00053_10248.tif,0.9966666666666667,0.99,1.0,1.0
CASIA2/Tp/Tp_S_CRN_M_B_ani00001_ani00001_10098.tif,0.9033333333333333,0.92,1.0,0.9970000000000001
CASIA2/Tp/Tp_S_CRN_M_B_arc00086_arc00086_11197.jpg,0.8366666666666667,0.8366666666666667,0.99,0.9802579365079366
CASIA2/Tp/Tp_S_CRN_M_B_arc00099_arc00099_11191.jpg,0.9033333333333333,0.9033333333333333,1.0,0.997388888888889
CASIA2/Tp/Tp_S_CRN_M_B_arc00100_arc00100_11192.jpg,0.95,0.9566666666666667,1.0,0.9951785714285715
CASIA2/Tp/Tp_S_CRN_M_B_art00018_art00018_10034.tif,0.9133333333333333,0.9033333333333333,1.0,1.0
CASIA2/Tp/Tp_S_CRN_M_B_nat00031_nat00031_10095.tif,0.9966666666666667,0.99,1.0,0.9988888888888887
CASIA2/Tp/Tp_S_CRN_M_B_nat00038_nat00038_10076.tif,0.97,0.97,1.0,1.0
CASIA2/Tp/Tp_S_CRN_M_N_ani00099_ani00099_10094.tif,0.97,0.9833333333333333,0.9966666666666667,0.9966666666666667
CASIA2/Tp/Tp_S_CRN_M_N_arc00059_arc00059_10065.tif,0.9966666666666667,0.9966666666666667,1.0,1.0
CASIA2/Tp/Tp_S_CRN_M_N_arc00059_arc00059_10082.tif,0.9966666666666667,1.0,1.0,1.0
CASIA2/Tp/Tp_S_CRN_M_N_arc00072_arc00072_10265.tif,0.9666666666666667,0.9866666666666667,1.0,1.0
CASIA2/Tp/Tp_S_CRN_M_N_arc00073_arc00073_10266.tif,0.99,0.9966666666666667,1.0,1.0
CASIA2/Tp/Tp_S_CRN_M_N_arc00080_arc00080_10017.tif,1.0,0.96,1.0,1.0
CASIA2/Tp/Tp_S_CRN_M_N_arc10111_arc10111_10730.jpg,0.85,0.8833333333333333,0.6409289991054699,0.7903741166241169
CASIA2/Tp/Tp_S_CRN_M_N_arc10111_arc10111_10731.jpg,0.97,0.9033333333333333,0.631041886218357,0.7963308635808638
CASIA2/Tp/Tp_S_CRN_M_N_arc10111_arc10111_10732.jpg,0.59,0.8133333333333334,0.6402184781449488,0.7384002109002112
CASIA2/Tp/Tp_S_CRN_M_N_arc10119_arc10119_10756.jpg,0.9733333333333334,0.9766666666666667,0.9866666666666667,0.9864000721500721
CASIA2/Tp/Tp_S_CRN_M_N_art00003_art00003_10441.tif,0.9633333333333334,0.9666666666666667,0.9915833333333334,0.9928571428571428
CASIA2/Tp/Tp_S_CRN_M_N_art00016_art00016_10277.tif,0.7566666666666667,0.71,1.0,1.0
CASIA2/Tp/Tp_S_CRN_M_N_art00021_art00021_10547.tif,0.97,0.9766666666666667,1.0,1.0
CASIA2/Tp/Tp_S_CRN_M_N_art00024_art00024_10554.jpg,0.7833333333333333,0.8733333333333333,0.9933333333333333,0.9701077441077445
CASIA2/Tp/Tp_S_CRN_M_N_art00034_art00034_10546.tif,0.9966666666666667,0.99,1.0,1.0
CASIA2/Tp/Tp_S_CRN_M_N_art00058_art00058_10530.tif,0.9966666666666667,0.9966666666666667,1.0,1.0
CASIA2/Tp/Tp_S_CRN_M_N_art00058_art00058_10531.tif,0.93,0.87,1.0,0.9990909090909091
CASIA2/Tp/Tp_S_CRN_M_N_art00063_art00063_10525.tif,0.7833333333333333,0.8833333333333333,1.0,0.9920101010101009
CASIA2/Tp/Tp_S_CRN_M_N_art00077_art00077_11713.jpg,0.89,0.9766666666666667,1.0,1.0
CASIA2/Tp/Tp_S_CRN_M_N_art00097_art00097_10304.tif,0.8,0.7466666666666667,1.0,0.9929259259259262
CASIA2/Tp/Tp_S_CRN_M_N_art00100_art00100_10018.tif,0.9566666666666667,0.97,1.0,1.0
CASIA2/Tp/Tp_S_CRN_M_N_art10103_art10103_10261.tif,0.9166666666666666,0.9333333333333333,1.0,1.0
CASIA2/Tp/Tp_S_CRN_M_N_cha00017_cha00017_10312.tif,1.0,1.0,1.0,1.0
CASIA2/Tp/Tp_S_CRN_M_N_cha00023_cha00023_10721.jpg,1.0,1.0,1.0,1.0
CASIA2/Tp/Tp_S_CRN_M_N_cha00048_cha00048_11005.jpg,0.7566666666666667,0.9266666666666666,0.9966666666666667,0.9726160598660599
CASIA2/Tp/Tp_S_CRN_M_N_cha00064_cha00064_11019.jpg,1.0,0.99,0.9166666666666666,0.9565566378066379
CASIA2/Tp/Tp_S_CRN_M_N_cha10116_cha10116_12172.jpg,0.67,0.9066666666666666,0.9916666666666667,0.9951190476190478
CASIA2/Tp/Tp_S_CRN_M_N_cha10125_cha10125_12161.jpg,0.9333333333333333,0.96,0.9925555555555555,0.9995238095238096
CASIA2/Tp/Tp_S_CRN_M_N_ind00027_ind00027_10396.tif,0.9833333333333333,0.9766666666666667,1.0,1.0
CASIA2/Tp/Tp_S_CRN_M_N_ind00033_ind00033_10400.tif,0.97,0.9833333333333333,1.0,1.0
CASIA2/Tp/Tp_S_CRN_M_N_ind00039_ind00039_10131.tif,0.84,0.8166666666666667,0.9966666666666667,1.0
CASIA2/Tp/Tp_S_CRN_M_N_ind00051_ind00051_10902.jpg,0.9666666666666667,0.9866666666666667,0.9941111111111112,0.9954999999999999
CASIA2/Tp/Tp_S_CRN_M_N_nat00019_nat00019_11046.jpg,0.9533333333333334,0.9833333333333333,0.9933333333333333,0.9966666666666667
CASIA2/Tp/Tp_S_CRN_M_N_nat00049_nat00049_11084.jpg,0.4033333333333333,0.92,0.9989682539682541,0.9903650793650791
CASIA2/Tp/Tp_S_CRN_M_N_nat00063_nat00063_10561.jpg,0.6033333333333334,0.8533333333333334,0.9966666666666667,0.9902124542124542
CASIA2/Tp/Tp_S_CRN_M_N_nat10137_nat10137_11930.jpg,0.8933333333333333,0.8666666666666667,0.9845025252525251,0.9930000000000001
CASIA2/Tp/Tp_S_CRN_M_N_nat10161_nat10161_12079.jpg,0.89,0.9033333333333333,1.0,0.9452325498575501
CASIA2/Tp/Tp_S_CRN_M_N_nat10164_nat00021_12098.jpg,0.99,0.99,1.0,1.0
CASIA2/Tp/Tp_S_CRN_M_N_pla00037_pla00037_10981.jpg,0.9533333333333334,0.9633333333333334,0.9795595238095239,0.9845160765160765
CASIA2/Tp/Tp_S_CRN_M_N_pla00059_pla00059_10724.jpg,1.0,1.0,0.994654761904762,0.9968611111111113
CASIA2/Tp/Tp_S_CRN_M_N_pla00072_pla00072_10459.tif,0.9966666666666667,0.9866666666666667,1.0,1.0
CASIA2/Tp/Tp_S_CRN_M_N_pla00086_pla00086_10626.jpg,0.9366666666666666,0.9233333333333333,0.9905252525252525,0.9862394179894182
CASIA2/Tp/Tp_S_CRN_M_N_pla00086_pla00086_10627.jpg,0.9433333333333334,0.9366666666666666,0.9645027657527657,0.9706082251082251
CASIA2/Tp/Tp_S_CRN_M_N_pla00088_pla00088_10852.jpg,0.5766666666666667,0.8633333333333333,0.9666666666666667,0.9858680856180856
CASIA2/Tp/Tp_S_CRN_M_N_sec00021_sec00021_10777.jpg,0.9833333333333333,0.9966666666666667,1.0,0.9973333333333335
CASIA2/Tp/Tp_S_CRN_M_N_sec00039_sec00039_10484.tif,0.97,0.9666666666666667,1.0,1.0
CASIA2/Tp/Tp_S_CRN_M_N_sec00053_sec00053_11243.jpg,0.9366666666666666,0.98,1.0,0.9988888888888887
CASIA2/Tp/Tp_S_CRN_M_N_sec00097_sec00097_10130.tif,0.9933333333333333,0.98,1.0,0.9995238095238096
CASIA2/Tp/Tp_S_CRN_M_N_txt00007_txt00007_10841.jpg,0.97,0.97,0.9756058201058204,0.9813502886002885
CASIA2/Tp/Tp_S_CRN_M_N_txt00019_txt00019_10850.jpg,0.9066666666666666,0.9066666666666666,0.9429145021645025,0.9431402116402114
CASIA2/Tp/Tp_S_CRN_M_N_txt00047_txt00047_11321.jpg,0.9766666666666667,0.9766666666666667,0.9547308802308802,0.9278215118215117
CASIA2/Tp/Tp_S_CRN_M_N_txt00073_txt00073_11304.jpg,0.6766666666666666,0.8466666666666667,0.90358177933178,0.9196366041366045
CASIA2/Tp/Tp_S_CRN_M_N_txt00073_txt00073_11305.jpg,0.7066666666666667,0.89,0.8920663503163511,0.9340521885521887
CASIA2/Tp/Tp_S_CRN_M_N_txt00083_txt00083_10864.jpg,0.9433333333333334,0.9433333333333334,0.93,0.9512153804800865
CASIA2/Tp/Tp_S_CRN_M_N_txt00084_txt00084_11301.jpg,0.39,0.9066666666666666,0.8233333333333334,0.9366467051467054
CASIA2/Tp/Tp_S_CRN_S_B_arc00001_arc00001_11183.jpg,0.71,0.8666666666666667,0.9968333333333336,0.9955634920634922
CASIA2/Tp/Tp_S_CRN_S_B_arc00004_arc00004_11172.jpg,0.4533333333333333,0.91,0.990765873015873,0.9470079365079368
CASIA2/Tp/Tp_S_CRN_S_B_arc00065_arc00065_11451.jpg,0.9333333333333333,0.9966666666666667,0.9981111111111112,1.0
CASIA2/Tp/Tp_S_CRN_S_B_arc00076_arc00076_11189.jpg,0.7766666666666666,0.9433333333333334,0.9966666666666667,0.9987272727272728
CASIA2/Tp/Tp_S_CRN_S_B_arc00095_arc00095_01035.tif,0.9966666666666667,0.95,1.0,1.0
CASIA2/Tp/Tp_S_CRN_S_B_cha00021_cha00021_20025.jpg,0.8466666666666667,0.8433333333333334,0.9938333333333332,0.984
CASIA2/Tp/Tp_S_CRN_S_B_cha00085_cha00085_10180.tif,0.93,0.9666666666666667,1.0,1.0
CASIA2/Tp/Tp_S_CRN_S_B_cha10114_cha10114_12176.jpg,0.5433333333333333,0.5733333333333334,0.8533333333333334,0.8433436239686241
CASIA2/Tp/Tp_S_CRN_S_B_cha10207_cha10207_12355.jpg,0.9166666666666666,0.96,0.97,0.9740530303030304
CASIA2/Tp/Tp_S_CRN_S_B_ind00037_ind00037_10872.jpg,0.09,0.93,0.994537037037037,0.9699685684685685
CASIA2/Tp/Tp_S_CRN_S_B_pla00039_pla00039_10980.jpg,0.9766666666666667,0.9866666666666667,1.0,0.9971666666666666
CASIA2/Tp/Tp_S_CRN_S_B_pla00057_pla00057_11210.jpg,0.97,0.9833333333333333,1.0,1.0
CASIA2/Tp/Tp_S_CRN_S_B_sec00060_sec00060_11266.jpg,0.38333333333333336,0.9733333333333334,0.9923518518518517,0.9975
CASIA2/Tp/Tp_S_CRN_S_B_txt00031_txt00031_01272.tif,0.9933333333333333,0.9733333333333334,1.0,1.0
CASIA2/Tp/Tp_S_CRN_S_M_pla00060_pla00060_11222.jpg,0.98,0.99,0.9849732397232397,1.0
CASIA2/Tp/Tp_S_CRN_S_N_ani00053_ani00053_00173.tif,0.98,0.9866666666666667,1.0,0.9996666666666666
CASIA2/Tp/Tp_S_CRN_S_N_ani10119_ani10119_11608.jpg,0.76,0.9066666666666666,0.9368193843193846,0.9678506493506496
CASIA2/Tp/Tp_S_CRN_S_N_ani10141_ani10141_12480.jpg,0.83,0.89,0.9833333333333333,0.997047619047619
CASIA2/Tp/Tp_S_CRN_S_N_ani10145_ani10145_12476.jpg,0.9866666666666667,0.9066666666666666,0.9966666666666667,0.9631008991008991
CASIA2/Tp/Tp_S_CRN_S_N_ani10154_ani10154_12464.jpg,0.77,0.79,0.937723026973027,0.9343112535612536
CASIA2/Tp/Tp_S_CRN_S_N_ani10203_ani10203_12420.jpg,1.0,0.9833333333333333,0.9866666666666667,0.9958333333333333
CASIA2/Tp/Tp_S_CRN_S_N_ani10206_ani10206_12415.jpg,0.99,0.9666666666666667,0.9066666666666666,0.9584464146964147
CASIA2/Tp/Tp_S_CRN_S_N_ani10221_ani10221_12391.jpg,0.89,0.9366666666666666,0.9900555555555555,0.9957420634920635
CASIA2/Tp/Tp_S_CRN_S_N_ani10221_ani10221_12393.jpg,0.4666666666666667,0.7566666666666667,0.9863531746031746,0.9755330687830688
CASIA2/Tp/Tp_S_CRN_S_N_arc00004_arc00004_11175.jpg,0.5166666666666667,0.8066666666666666,0.9967962962962963,0.9968888888888888
CASIA2/Tp/Tp_S_CRN_S_N_arc00062_ani00005_11499.jpg,0.9466666666666667,0.9966666666666667,0.9796255411255411,0.9893994708994709
CASIA2/Tp/Tp_S_CRN_S_N_arc00062_arc00062_11495.jpg,0.36333333333333334,0.8933333333333333,0.9785144300144301,0.9921243386243386
CASIA2/Tp/Tp_S_CRN_S_N_arc00078_art00092_11881.jpg,0.97,0.98,0.9666666666666667,0.9972222222222222
CASIA2/Tp/Tp_S_CRN_S_N_arc00085_arc00085_10728.jpg,0.7066666666666667,0.9466666666666667,0.9592142857142858,0.9685064935064935
CASIA2/Tp/Tp_S_CRN_S_N_arc00098_arc00098_11795.jpg,0.4633333333333333,0.8666666666666667,1.0,1.0
CASIA2/Tp/Tp_S_CRN_S_N_arc10130_arc10130_11897.jpg,0.8033333333333333,0.89,1.0,0.9970000000000001
CASIA2/Tp/Tp_S_CRN_S_N_arc10130_arc10130_11898.jpg,0.75,0.8266666666666667,1.0,0.9970000000000001
CASIA2/Tp/Tp_S_CRN_S_N_arc20016_arc20016_02159.tif,0.6766666666666666,0.7133333333333334,1.0,1.0
CASIA2/Tp/Tp_S_CRN_S_N_arc20043_arc20043_02179.tif,0.8433333333333334,0.9233333333333333,1.0,1.0
CASIA2/Tp/Tp_S_CRN_S_N_art00005_art00005_11792.jpg,0.9733333333333334,0.97,1.0,1.0
CASIA2/Tp/Tp_S_CRN_S_N_art00005_art00005_11793.jpg,0.6866666666666666,0.9466666666666667,1.0,0.9995238095238096
CASIA2/Tp/Tp_S_CRN_S_N_art00016_art00016_10274.tif,0.9433333333333334,0.9,1.0,1.0
CASIA2/Tp/Tp_S_CRN_S_N_art00035_art00035_10468.tif,1.0,1.0,1.0,1.0
CASIA2/Tp/Tp_S_CRN_S_N_art00059_art00059_10508.tif,0.9533333333333334,0.98,1.0,0.9966349206349205
CASIA2/Tp/Tp_S_CRN_S_N_art00099_art00099_11715.jpg,0.97,0.99,0.9995833333333334,1.0
CASIA2/Tp/Tp_S_CRN_S_N_art10109_art10109_11572.jpg,0.6833333333333333,0.8166666666666667,0.9902539682539684,0.9749100621600622
CASIA2/Tp/Tp_S_CRN_S_N_art10114_art10114_11596.jpg,0.4866666666666667,0.89,0.85,0.9073225478225477
CASIA2/Tp/Tp_S_CRN_S_N_art20002_art20002_02497.tif,0.45666666666666667,0.4533333333333333,0.9933333333333333,0.9932619047619047
CASIA2/Tp/Tp_S_CRN_S_N_art20003_art20003_02496.tif,0.9266666666666666,0.96,1.0,0.9985714285714286
CASIA2/Tp/Tp_S_CRN_S_N_art20022_art20022_01828.tif,0.9833333333333333,0.9833333333333333,0.9963203463203464,0.9965151515151515
CASIA2/Tp/Tp_S_CRN_S_N_art20052_art20052_01858.tif,0.31,0.37666666666666665,1.0,1.0
CASIA2/Tp/Tp_S_CRN_S_N_art20059_art20059_01865.tif,0.9966666666666667,0.98,0.996,0.9952222222222222
CASIA2/Tp/Tp_S_CRN_S_N_art20061_art20061_01867.tif,0.8533333333333334,0.8566666666666667,1.0,1.0
CASIA2/Tp/Tp_S_CRN_S_N_art20066_art20066_02324.tif,0.6366666666666667,0.4766666666666667,1.0,0.9982222222222223
CASIA2/Tp/Tp_S_CRN_S_N_art20067_art20067_02323.tif,0.29333333333333333,0.2633333333333333,0.9993333333333334,0.9988888888888887
CASIA2/Tp/Tp_S_CRN_S_N_art20072_art20072_02321.tif,0.9266666666666666,0.94,1.0,1.0
CASIA2/Tp/Tp_S_CRN_S_N_art20083_art20083_01889.tif,0.72,0.7933333333333333,0.9987777777777778,0.9983333333333333
CASIA2/Tp/Tp_S_CRN_S_N_cha00021_cha00021_11182.jpg,0.6033333333333334,0.88,0.9969722222222221,0.9945
CASIA2/Tp/Tp_S_CRN_S_N_cha00038_cha00038_11031.jpg,0.61,0.8633333333333333,0.9692170977170976,0.9638022903022904
CASIA2/Tp/Tp_S_CRN_S_N_cha00040_cha00040_11032.jpg,0.4066666666666667,0.8433333333333334,0.99,0.9772059884559885
CASIA2/Tp/Tp_S_CRN_S_N_cha00040_cha00040_11034.jpg,0.3466666666666667,0.81,0.99,0.9773448773448774
CASIA2/Tp/Tp_S_CRN_S_N_cha00045_cha00045_11007.jpg,0.5066666666666667,0.9033333333333333,0.9715740740740741,0.9650436507936507
CASIA2/Tp/Tp_S_CRN_S_N_cha00053_cha00053_11720.jpg,0.4633333333333333,0.71,0.9772311207311206,0.9833562271062272
CASIA2/Tp/Tp_S_CRN_S_N_cha00064_cha00064_00384.tif,0.7233333333333334,0.9066666666666666,1.0,0.9986666666666667
CASIA2/Tp/Tp_S_CRN_S_N_cha00090_cha00090_10175.tif,0.9833333333333333,0.9766666666666667,1.0,0.9991666666666666
CASIA2/Tp/Tp_S_CRN_S_N_cha10113_cha10113_11543.jpg,0.7166666666666667,0.88,0.9728558201058203,0.9344236874236874
CASIA2/Tp/Tp_S_CRN_S_N_cha10115_cha10115_12173.jpg,0.8566666666666667,0.96,0.9553540163540163,0.9779625652125653
CASIA2/Tp/Tp_S_CRN_S_N_cha10120_cha10120_12164.jpg,0.8933333333333333,0.95,0.9966666666666667,0.9861117216117218
CASIA2/Tp/Tp_S_CRN_S_N_cha10135_cha10135_12206.jpg,0.99,0.9866666666666667,0.9966666666666667,1.0
CASIA2/Tp/Tp_S_CRN_S_N_cha10159_cha10159_12332.jpg,0.6966666666666667,0.9566666666666667,0.9833333333333333,0.9966666666666667
CASIA2/Tp/Tp_S_CRN_S_N_cha10160_cha10160_12259.jpg,0.41,0.5866666666666667,0.2900891284641285,0.3810968013468013
CASIA2/Tp/Tp_S_CRN_S_N_cha10161_cha10161_12257.jpg,1.0,0.99,0.8034157879157879,0.8959911986161986
CASIA2/Tp/Tp_S_CRN_S_N_cha10163_cha10163_12248.jpg,0.9566666666666667,0.8666666666666667,0.9525205165205167,0.9469620934620935
CASIA2/Tp/Tp_S_CRN_S_N_cha10164_cha10164_12246.jpg,0.9266666666666666,0.8066666666666666,0.9366666666666666,0.94185791985792
CASIA2/Tp/Tp_S_CRN_S_N_cha10165_cha10165_12242.jpg,0.7033333333333334,0.5066666666666667,0.97,0.9317345339845341
CASIA2/Tp/Tp_S_CRN_S_N_cha10167_cha10167_12297.jpg,0.7033333333333334,0.5766666666666667,0.6807572150072149,0.7995459355459352
CASIA2/Tp/Tp_S_CRN_S_N_cha10177_cha10177_12287.jpg,0.47,0.88,0.9933333333333333,0.9925555555555555
CASIA2/Tp/Tp_S_CRN_S_N_cha10184_cha10184_12316.jpg,0.7833333333333333,0.98,0.93,0.968840048840049
CASIA2/Tp/Tp_S_CRN_S_N_cha10190_cha10190_12326.jpg,0.9533333333333334,0.8766666666666667,0.8533333333333334,0.8961270118770119
CASIA2/Tp/Tp_S_CRN_S_N_cha10190_cha10190_12327.jpg,0.9433333333333334,0.86,0.85,0.9092685462685465
CASIA2/Tp/Tp_S_CRN_S_N_cha10200_cha10200_12358.jpg,0.8333333333333334,0.96,0.9831956469456468,0.9869841269841271
CASIA2/Tp/Tp_S_CRN_S_N_cha10201_cha10201_12357.jpg,0.6366666666666667,0.9566666666666667,0.9033333333333333,0.9745858585858586
CASIA2/Tp/Tp_S_CRN_S_N_cha10205_cha10205_12350.jpg,0.8266666666666667,0.89,0.9718694083694084,0.9641806156806154
CASIA2/Tp/Tp_S_CRN_S_N_cha10206_cha10207_12346.jpg,0.7833333333333333,0.8933333333333333,0.9705595238095238,0.9852275132275133
CASIA2/Tp/Tp_S_CRN_S_N_cha10207_cha10207_12347.jpg,0.92,0.9633333333333334,0.97,0.9764953102453103
CASIA2/Tp/Tp_S_CRN_S_N_cha20007_cha20007_02421.tif,0.55,0.38333333333333336,1.0,1.0
CASIA2/Tp/Tp_S_CRN_S_N_cha20011_cha20011_02010.tif,0.9966666666666667,1.0,1.0,0.9992592592592593
CASIA2/Tp/Tp_S_CRN_S_N_cha20037_cha20037_02036.tif,0.9066666666666666,0.9433333333333334,0.9933333333333333,0.9990476190476191
CASIA2/Tp/Tp_S_CRN_S_N_ind00013_ind00013_10410.tif,1.0,0.9633333333333334,1.0,1.0
CASIA2/Tp/Tp_S_CRN_S_N_ind00023_ind00023_10705.jpg,0.95,0.98,1.0,1.0
CASIA2/Tp/Tp_S_CRN_S_N_ind00036_ind00036_10875.jpg,0.2866666666666667,0.9266666666666666,0.99,0.9869312169312171
CASIA2/Tp/Tp_S_CRN_S_N_ind00040_ind00040_10877.jpg,0.5366666666666666,0.8666666666666667,0.9966666666666667,0.9936147186147186
CASIA2/Tp/Tp_S_CRN_S_N_ind00042_ind00042_10884.jpg,0.85,0.96,0.999153846153846,0.99875
CASIA2/Tp/Tp_S_CRN_S_N_ind00044_sec00007_00453.tif,0.4166666666666667,0.15,1.0,0.996388888888889
CASIA2/Tp/Tp_S_CRN_S_N_ind00045_ind00045_10914.jpg,0.6133333333333333,0.9266666666666666,0.9933333333333333,0.9993333333333334
CASIA2/Tp/Tp_S_CRN_S_N_ind00046_ind00046_10888.jpg,0.7066666666666667,0.9166666666666666,0.9963333333333334,1.0
CASIA2/Tp/Tp_S_CRN_S_N_ind00046_ind00046_10892.jpg,0.8333333333333334,0.9566666666666667,0.9957460317460315,0.9843192918192919
CASIA2/Tp/Tp_S_CRN_S_N_ind00048_ind00048_10896.jpg,0.18,0.9533333333333334,0.9930158730158731,1.0
CASIA2/Tp/Tp_S_CRN_S_N_ind00049_ind00049_10918.jpg,0.08666666666666667,0.9433333333333334,1.0,0.9755587386469743
CASIA2/Tp/Tp_S_CRN_S_N_ind00050_ind00050_01339.tif,0.4533333333333333,0.5266666666666666,1.0,0.9994444444444444
CASIA2/Tp/Tp_S_CRN_S_N_ind00050_ind00050_10899.jpg,0.4866666666666667,0.9566666666666667,1.0,0.9994444444444444
CASIA2/Tp/Tp_S_CRN_S_N_ind00050_ind00050_10900.jpg,0.15,0.9533333333333334,0.9966666666666667,0.9975050505050505
CASIA2/Tp/Tp_S_CRN_S_N_ind00051_ind00051_01340.tif,0.42,0.23666666666666666,1.0,1.0
CASIA2/Tp/Tp_S_CRN_S_N_ind00051_ind00051_10901.jpg,0.7366666666666667,0.91,0.9976666666666667,1.0
CASIA2/Tp/Tp_S_CRN_S_N_ind00057_ind00057_10916.jpg,0.9333333333333333,0.9333333333333333,0.9933333333333333,0.9973514911014911
CASIA2/Tp/Tp_S_CRN_S_N_ind00066_ind00066_10691.jpg,0.6366666666666667,0.8833333333333333,0.9976031746031746,0.9978333333333335
CASIA2/Tp/Tp_S_CRN_S_N_ind00073_ind00073_10699.jpg,0.45666666666666667,0.7866666666666666,0.99,0.9808446368446369
CASIA2/Tp/Tp_S_CRN_S_N_ind00081_ind00081_00479.tif,0.5166666666666667,0.51,1.0,1.0
CASIA2/Tp/Tp_S_CRN_S_N_ind00084_ind00084_10672.jpg,0.6566666666666666,0.8366666666666667,1.0,0.981882154882155
CASIA2/Tp/Tp_S_CRN_S_N_ind00093_ind00093_10652.jpg,0.51,0.88,0.9964102564102564,0.9952222222222225
CASIA2/Tp/Tp_S_CRN_S_N_ind20016_ind20016_01757.tif,0.72,0.72,1.0,1.0
CASIA2/Tp/Tp_S_CRN_S_N_ind20017_ind20017_01758.tif,0.6466666666666666,0.8033333333333333,1.0,0.9990909090909091
CASIA2/Tp/Tp_S_CRN_S_N_ind20024_ind20024_01765.tif,0.96,0.9766666666666667,0.9954166666666666,0.9983333333333333
CASIA2/Tp/Tp_S_CRN_S_N_ind20044_ind20044_01785.tif,0.9,0.92,1.0,1.0
CASIA2/Tp/Tp_S_CRN_S_N_nat00014_nat00014_20055.jpg,1.0,0.9966666666666667,0.9933333333333333,0.9706738816738819
CASIA2/Tp/Tp_S_CRN_S_N_nat00055_nat00055_10925.jpg,0.7866666666666666,0.9,0.91,0.9640714285714286
CASIA2/Tp/Tp_S_CRN_S_N_nat00065_nat00065_10559.jpg,0.86,0.93,1.0,0.9953121693121694
CASIA2/Tp/Tp_S_CRN_S_N_nat00076_nat00076_10593.jpg,0.8266666666666667,0.9566666666666667,1.0,0.9972222222222222
CASIA2/Tp/Tp_S_CRN_S_N_nat00098_nat00098_10063.tif,1.0,0.99,1.0,1.0
CASIA2/Tp/Tp_S_CRN_S_N_nat10111_nat10111_11361.jpg,0.7966666666666666,0.8566666666666667,0.9748849206349208,0.9808650793650793
CASIA2/Tp/Tp_S_CRN_S_N_nat10135_nat10135_11914.jpg,0.5,0.8166666666666667,0.93,0.9597951400451399
CASIA2/Tp/Tp_S_CRN_S_N_nat10140_nat10140_11953.jpg,0.9533333333333334,0.9733333333333334,1.0,0.9993333333333334
CASIA2/Tp/Tp_S_CRN_S_N_nat10145_nat10145_11977.jpg,0.9866666666666667,0.9866666666666667,0.9933333333333333,0.9993333333333334
CASIA2/Tp/Tp_S_CRN_S_N_nat10168_nat10168_12101.jpg,0.7733333333333333,0.7866666666666666,0.95,0.9522129629629632
CASIA2/Tp/Tp_S_CRN_S_N_pla00004_pla00004_10938.jpg,0.7833333333333333,0.9466666666666667,0.9984126984126984,0.9973333333333333
CASIA2/Tp/Tp_S_CRN_S_N_pla00005_pla00005_01127.tif,0.98,0.9833333333333333,1.0,1.0
CASIA2/Tp/Tp_S_CRN_S_N_pla00034_pla00034_00569.tif,1.0,0.9833333333333333,1.0,1.0
CASIA2/Tp/Tp_S_CRN_S_N_pla00034_pla00034_10982.jpg,0.9933333333333333,0.98,0.9866666666666667,0.9976666666666667
CASIA2/Tp/Tp_S_CRN_S_N_pla00038_pla00038_10987.jpg,0.94,0.99,0.9933333333333333,1.0
CASIA2/Tp/Tp_S_CRN_S_N_pla00045_pla00045_10972.jpg,0.9833333333333333,0.9833333333333333,0.9895149572649573,0.9931810966810967
CASIA2/Tp/Tp_S_CRN_S_N_pla00053_pla00053_11211.jpg,0.8666666666666667,0.9733333333333334,0.9962777777777777,0.9899783549783551
CASIA2/Tp/Tp_S_CRN_S_N_pla00059_pla00059_01168.tif,0.9866666666666667,0.9833333333333333,1.0,1.0
CASIA2/Tp/Tp_S_CRN_S_N_pla00060_pla00060_01169.tif,1.0,1.0,1.0,1.0
CASIA2/Tp/Tp_S_CRN_S_N_pla00064_pla00064_11220.jpg,0.8166666666666667,0.9633333333333334,0.9929523809523808,0.9945
CASIA2/Tp/Tp_S_CRN_S_N_pla00070_pla00070_11216.jpg,0.9866666666666667,0.9866666666666667,0.9954523809523809,0.9924444444444445
CASIA2/Tp/Tp_S_CRN_S_N_pla00073_pla00073_00601.tif,0.9933333333333333,0.9966666666666667,1.0,1.0
CASIA2/Tp/Tp_S_CRN_S_N_pla00074_pla00074_10619.jpg,0.7833333333333333,0.9233333333333333,0.8533333333333334,0.9082628945128944
CASIA2/Tp/Tp_S_CRN_S_N_pla20002_pla20002_01902.tif,0.8233333333333334,0.82,1.0,1.0
CASIA2/Tp/Tp_S_CRN_S_N_pla20035_pla20035_01935.tif,0.9366666666666666,0.9733333333333334,0.9966666666666667,0.9934325396825398
CASIA2/Tp/Tp_S_CRN_S_N_pla20037_pla20037_01937.tif,0.9766666666666667,0.9833333333333333,0.9966666666666667,0.9962301587301586
CASIA2/Tp/Tp_S_CRN_S_N_pla20055_pla20055_01955.tif,0.88,0.88,0.9933333333333333,0.9893240740740744
CASIA2/Tp/Tp_S_CRN_S_N_pla20058_pla20058_01958.tif,0.9333333333333333,0.96,1.0,0.9994444444444446
CASIA2/Tp/Tp_S_CRN_S_N_pla20065_pla20065_01965.tif,0.97,0.93,0.9991666666666666,0.999
CASIA2/Tp/Tp_S_CRN_S_N_pla20066_pla20066_01966.tif,0.9966666666666667,0.99,1.0,0.9946428571428573
CASIA2/Tp/Tp_S_CRN_S_N_pla20067_pla20067_01967.tif,0.9866666666666667,0.9966666666666667,1.0,0.9931746031746033
CASIA2/Tp/Tp_S_CRN_S_N_pla20071_pla20071_02365.tif,0.98,0.9733333333333334,1.0,0.9983809523809525
CASIA2/Tp/Tp_S_CRN_S_N_sec00020_sec00020_10795.jpg,0.9533333333333334,0.91,0.9866666666666667,0.9689870222370225
CASIA2/Tp/Tp_S_CRN_S_N_sec00022_sec00022_00749.tif,0.9933333333333333,0.9633333333333334,1.0,1.0
CASIA2/Tp/Tp_S_CRN_S_N_sec00022_sec00022_10806.jpg,0.93,0.9766666666666667,1.0,0.9980555555555555
CASIA2/Tp/Tp_S_CRN_S_N_sec00034_sec00034_00055.tif,0.9933333333333333,0.9833333333333333,1.0,1.0
CASIA2/Tp/Tp_S_CRN_S_N_sec00046_sec00046_10137.tif,0.99,0.9666666666666667,1.0,0.9985
CASIA2/Tp/Tp_S_CRN_S_N_sec00048_sec00048_11247.jpg,0.38,0.93,0.9751623237873239,0.9692380952380956
CASIA2/Tp/Tp_S_CRN_S_N_sec00053_sec00053_11244.jpg,0.24666666666666667,0.98,0.9766666666666667,0.9927619047619045
CASIA2/Tp/Tp_S_CRN_S_N_sec00066_sec00066_11256.jpg,0.44666666666666666,0.6566666666666666,0.9562037638287642,0.7936456783956782
CASIA2/Tp/Tp_S_CRN_S_N_sec00097_sec00097_10128.tif,0.6833333333333333,0.6233333333333333,1.0,0.9988888888888889
CASIA2/Tp/Tp_S_CRN_S_N_sec00097_sec00097_10129.tif,0.2966666666666667,0.20666666666666667,1.0,0.9962222222222222
CASIA2/Tp/Tp_S_CRN_S_N_sec00099_sec00099_00119.tif,0.45,0.8166666666666667,1.0,0.9996666666666666
CASIA2/Tp/Tp_S_CRN_S_N_sec20046_sec20046_02146.tif,0.93,0.9466666666666667,1.0,1.0
CASIA2/Tp/Tp_S_CRN_S_N_sec20051_sec20051_01641.tif,1.0,0.9966666666666667,0.9991666666666666,0.9970779220779222
CASIA2/Tp/Tp_S_CRN_S_N_sec20052_sec20052_01642.tif,0.99,0.9733333333333334,1.0,1.0
CASIA2/Tp/Tp_S_CRN_S_N_sec20089_sec20089_01679.tif,0.97,0.9266666666666666,0.9833333333333333,0.9874603174603177
CASIA2/Tp/Tp_S_CRN_S_N_txt00013_txt00013_20056.jpg,0.98,0.97,0.9891190476190476,0.9749941077441078
CASIA2/Tp/Tp_S_CRN_S_N_txt00045_txt00045_11322.jpg,0.9433333333333334,0.9733333333333334,0.9166666666666666,0.960629120879121
CASIA2/Tp/Tp_S_CRN_S_N_txt00047_txt00047_01275.tif,0.95,0.9366666666666666,0.997925925925926,0.9966666666666667
CASIA2/Tp/Tp_S_CRN_S_N_txt00048_txt00048_11318.jpg,0.5866666666666667,0.86,0.8845577200577202,0.9082127224627228
CASIA2/Tp/Tp_S_CRN_S_N_txt00048_txt00048_11319.jpg,0.4666666666666667,0.84,0.8913540163540165,0.8911586099086102
CASIA2/Tp/Tp_S_CRN_S_N_txt00051_txt00051_01278.tif,0.9533333333333334,0.9033333333333333,1.0,0.9975709475709474
CASIA2/Tp/Tp_S_CRN_S_N_txt00073_txt00073_01291.tif,0.47333333333333333,0.45,0.9983333333333333,0.9962464387464388
CASIA2/Tp/Tp_S_CRN_S_N_txt00073_txt00073_11306.jpg,0.64,0.8066666666666666,0.9423348225848229,0.9472703962703967
CASIA2/Tp/Tp_S_CRN_S_N_txt00073_txt00073_11307.jpg,0.4866666666666667,0.7466666666666667,0.9207368187368193,0.9218460335960339
CASIA2/Tp/Tp_S_CRN_S_N_txt00083_txt00083_10863.jpg,0.92,0.93,0.91,0.950391256891257
CASIA2/Tp/Tp_S_CRN_S_N_txt00086_txt00086_01295.tif,0.6633333333333333,0.66,0.9990476190476191,0.9972222222222221
CASIA2/Tp/Tp_S_CRN_S_O_ind00002_ind00002_10053.tif,0.96,0.89,1.0,1.0
CASIA2/Tp/Tp_S_NND_M_B_arc10125_arc10125_11888.jpg,0.9366666666666666,0.9866666666666667,1.0,0.9971666666666668
CASIA2/Tp/Tp_S_NND_M_N_ani00002_ani00002_00122.tif,0.9966666666666667,0.9966666666666667,1.0,1.0
CASIA2/Tp/Tp_S_NND_M_N_arc00012_arc00012_11151.jpg,0.77,0.9233333333333333,0.9991666666666666,1.0
CASIA2/Tp/Tp_S_NND_M_N_art00049_art00049_10528.tif,0.96,0.99,1.0,1.0
CASIA2/Tp/Tp_S_NND_M_N_nat00022_nat00022_11040.jpg,0.93,0.9766666666666667,0.9983333333333333,0.9924629629629629
CASIA2/Tp/Tp_S_NND_M_N_nat00023_nat00023_10342.tif,0.92,0.92,1.0,0.9978333333333335
CASIA2/Tp/Tp_S_NND_M_N_sec00006_sec00006_00026.tif,0.65,0.5333333333333333,1.0,1.0
CASIA2/Tp/Tp_S_NND_M_N_sec00017_sec00017_00038.tif,0.99,0.9566666666666667,1.0,0.9979999999999999
CASIA2/Tp/Tp_S_NND_S_B_ani00076_ani00076_00017.tif,0.9433333333333334,0.97,1.0,0.9973492063492064
CASIA2/Tp/Tp_S_NND_S_B_arc00003_arc00003_01102.tif,0.02666666666666667,0.04666666666666667,1.0,0.9991666666666666
CASIA2/Tp/Tp_S_NND_S_B_arc00028_arc00028_01094.tif,0.9333333333333333,0.8866666666666667,1.0,1.0
CASIA2/Tp/Tp_S_NND_S_B_arc00060_arc00060_01066.tif,0.4666666666666667,0.6133333333333333,1.0,0.9973148148148149
CASIA2/Tp/Tp_S_NND_S_B_arc20049_arc20049_01502.tif,0.9966666666666667,1.0,1.0,1.0
CASIA2/Tp/Tp_S_NND_S_B_art00004_ani00077_01194.tif,0.6933333333333334,0.8066666666666666,1.0,0.9985858585858586
CASIA2/Tp/Tp_S_NND_S_B_art00010_art00010_01200.tif,0.98,0.9866666666666667,1.0,1.0
CASIA2/Tp/Tp_S_NND_S_B_art00011_art00011_01201.tif,0.8433333333333334,0.7433333333333333,1.0,0.9993333333333334
CASIA2/Tp/Tp_S_NND_S_B_art20004_art20004_02341.tif,0.18666666666666668,0.39666666666666667,1.0,1.0
CASIA2/Tp/Tp_S_NND_S_B_ind00048_ind00048_01338.tif,0.3333333333333333,0.23333333333333334,1.0,1.0
CASIA2/Tp/Tp_S_NND_S_B_ind00071_ind00071_01358.tif,0.93,0.8833333333333333,1.0,1.0
CASIA2/Tp/Tp_S_NND_S_B_ind20008_ind20008_01749.tif,0.65,0.68,1.0,0.9950925925925925
CASIA2/Tp/Tp_S_NND_S_B_ind20008_ind20008_02268.tif,0.8933333333333333,0.8466666666666667,1.0,0.9958333333333333
CASIA2/Tp/Tp_S_NND_S_B_nat20007_nat20007_02207.tif,0.9366666666666666,0.92,1.0,0.9983333333333333
CASIA2/Tp/Tp_S_NND_S_B_nat20008_nat20008_02208.tif,0.4166666666666667,0.4033333333333333,1.0,0.9964859908609909
CASIA2/Tp/Tp_S_NND_S_B_nat20026_arc20001_02226.tif,0.4866666666666667,0.44333333333333336,1.0,0.9978333333333335
CASIA2/Tp/Tp_S_NND_S_B_nat20046_nat20046_01550.tif,0.9666666666666667,0.97,1.0,1.0
CASIA2/Tp/Tp_S_NND_S_B_nat20052_nat20052_01556.tif,0.8233333333333334,0.9066666666666666,0.9966666666666667,1.0
CASIA2/Tp/Tp_S_NND_S_B_pla20081_pla20081_02359.tif,0.45666666666666667,0.5266666666666666,1.0,0.9986666666666667
CASIA2/Tp/Tp_S_NND_S_B_pla20084_pla20084_02357.tif,0.9766666666666667,0.9833333333333333,0.997857142857143,1.0
CASIA2/Tp/Tp_S_NND_S_B_sec00041_sec00041_00062.tif,1.0,0.9933333333333333,1.0,1.0
CASIA2/Tp/Tp_S_NND_S_B_sec00046_sec00046_01433.tif,0.9966666666666667,0.9766666666666667,1.0,0.9993333333333334
CASIA2/Tp/Tp_S_NND_S_N_ani00012_ani00012_00132.tif,0.18666666666666668,0.10666666666666667,1.0,1.0
CASIA2/Tp/Tp_S_NND_S_N_ani00015_ani00015_00135.tif,0.9533333333333334,0.9433333333333334,1.0,0.9975
CASIA2/Tp/Tp_S_NND_S_N_ani00032_ani00032_00016.tif,0.92,0.89,0.9994444444444444,0.9885321530321531
CASIA2/Tp/Tp_S_NND_S_N_ani00037_ani00037_00832.tif,0.2833333333333333,0.08,1.0,1.0
CASIA2/Tp/Tp_S_NND_S_N_ani00048_ani00048_00168.tif,0.9533333333333334,0.9466666666666667,1.0,1.0
CASIA2/Tp/Tp_S_NND_S_N_ani00062_ani00062_00182.tif,0.9966666666666667,1.0,1.0,0.9964444444444445
CASIA2/Tp/Tp_S_NND_S_N_ani00072_ani00072_00192.tif,0.9866666666666667,0.9833333333333333,1.0,1.0
CASIA2/Tp/Tp_S_NND_S_N_ani00074_ani00074_00194.tif,0.93,0.9566666666666667,1.0,1.0
CASIA2/Tp/Tp_S_NND_S_N_ani20015_ani20015_02058.tif,0.9233333333333333,0.9466666666666667,0.99,0.9974444444444444
CASIA2/Tp/Tp_S_NND_S_N_ani20022_ani20022_02440.tif,0.9666666666666667,0.9133333333333333,0.9933333333333333,0.9938917378917379
CASIA2/Tp/Tp_S_NND_S_N_ani20029_ani20029_02072.tif,0.6166666666666667,0.5866666666666667,0.9983333333333333,0.9958888888888888
CASIA2/Tp/Tp_S_NND_S_N_ani20030_ani20030_02073.tif,0.7533333333333333,0.75,1.0,0.999
CASIA2/Tp/Tp_S_NND_S_N_ani20035_ani20035_02442.tif,0.3333333333333333,0.42,1.0,1.0
CASIA2/Tp/Tp_S_NND_S_N_ani20051_ani20051_02094.tif,0.9733333333333334,0.9766666666666667,1.0,0.9976190476190477
CASIA2/Tp/Tp_S_NND_S_N_ani20060_ani20060_02102.tif,0.9166666666666666,0.96,1.0,1.0
CASIA2/Tp/Tp_S_NND_S_N_arc00008_arc00008_00228.tif,0.14333333333333334,0.14666666666666667,1.0,1.0
CASIA2/Tp/Tp_S_NND_S_N_arc00012_arc00012_01111.tif,0.9733333333333334,0.9566666666666667,1.0,1.0
CASIA2/Tp/Tp_S_NND_S_N_arc00019_arc00019_01117.tif,0.7266666666666667,0.4033333333333333,1.0,0.9988888888888889
CASIA2/Tp/Tp_S_NND_S_N_arc00072_arc00072_01055.tif,0.92,0.94,1.0,0.9979722222222221
CASIA2/Tp/Tp_S_NND_S_N_arc00077_arc00077_01051.tif,0.9933333333333333,0.9966666666666667,1.0,1.0
CASIA2/Tp/Tp_S_NND_S_N_arc00088_arc00088_01041.tif,0.36,0.3466666666666667,1.0,0.9946666666666668
CASIA2/Tp/Tp_S_NND_S_N_arc20005_arc20005_02153.tif,0.5033333333333333,0.5733333333333334,1.0,0.9983333333333333
CASIA2/Tp/Tp_S_NND_S_N_arc20010_arc20010_01463.tif,0.42,0.5366666666666666,1.0,1.0
CASIA2/Tp/Tp_S_NND_S_N_arc20019_arc20019_01472.tif,0.6933333333333334,0.8166666666666667,0.9988888888888887,0.9963361823361823
CASIA2/Tp/Tp_S_NND_S_N_arc20020_arc20020_02470.tif,0.27666666666666667,0.37,1.0,0.9996666666666666
CASIA2/Tp/Tp_S_NND_S_N_arc20025_arc20025_01478.tif,0.7166666666666667,0.81,1.0,1.0
CASIA2/Tp/Tp_S_NND_S_N_arc20073_arc20073_02193.tif,0.9533333333333334,0.96,1.0,0.9986666666666667
CASIA2/Tp/Tp_S_NND_S_N_arc20076_arc20076_01716.tif,0.91,0.84,1.0,0.9948484848484848
CASIA2/Tp/Tp_S_NND_S_N_arc20094_arc20094_01734.tif,0.8533333333333334,0.8866666666666667,1.0,1.0
CASIA2/Tp/Tp_S_NND_S_N_arc20097_arc20097_01737.tif,0.7466666666666667,0.86,1.0,1.0
CASIA2/Tp/Tp_S_NND_S_N_art00025_art00025_01212.tif,1.0,0.9933333333333333,1.0,1.0
CASIA2/Tp/Tp_S_NND_S_N_art00038_art00038_01224.tif,0.56,0.82,1.0,1.0
CASIA2/Tp/Tp_S_NND_S_N_art00071_art00071_01242.tif,0.9866666666666667,0.9966666666666667,1.0,1.0
CASIA2/Tp/Tp_S_NND_S_N_art00077_art00077_01394.tif,0.9533333333333334,0.97,1.0,1.0
CASIA2/Tp/Tp_S_NND_S_N_art00091_art00091_01007.tif,0.9933333333333333,0.99,0.9993333333333334,1.0
CASIA2/Tp/Tp_S_NND_S_N_art10114_art10114_11597.jpg,0.4866666666666667,0.8733333333333333,0.85,0.9073225478225477
CASIA2/Tp/Tp_S_NND_S_N_art20014_art20014_01820.tif,0.9433333333333334,0.9666666666666667,1.0,1.0
CASIA2/Tp/Tp_S_NND_S_N_art20020_art20020_01826.tif,0.7,0.8066666666666666,1.0,1.0
CASIA2/Tp/Tp_S_NND_S_N_art20055_art20055_02330.tif,0.6733333333333333,0.8333333333333334,1.0,1.0
CASIA2/Tp/Tp_S_NND_S_N_art20063_art20063_02326.tif,0.49,0.48,1.0,1.0
CASIA2/Tp/Tp_S_NND_S_N_cha00027_cha00027_00347.tif,1.0,0.9933333333333333,1.0,1.0
CASIA2/Tp/Tp_S_NND_S_N_cha00067_cha00067_00858.tif,0.86,0.9833333333333333,1.0,1.0
CASIA2/Tp/Tp_S_NND_S_N_cha00074_cha00074_00394.tif,0.9833333333333333,0.9866666666666667,1.0,1.0
CASIA2/Tp/Tp_S_NND_S_N_cha00076_cha00076_10189.tif,0.9933333333333333,1.0,1.0,1.0
CASIA2/Tp/Tp_S_NND_S_N_cha00091_cha00091_00878.tif,1.0,1.0,1.0,1.0
CASIA2/Tp/Tp_S_NND_S_N_cha10144_cha10144_12231.jpg,0.96,0.98,0.9933333333333333,0.9961666666666668
CASIA2/Tp/Tp_S_NND_S_N_cha20003_cha20003_02418.tif,0.6533333333333333,0.7066666666666667,1.0,0.9990909090909091
CASIA2/Tp/Tp_S_NND_S_N_cha20024_cha20024_02425.tif,0.66,0.5166666666666667,0.8833333333333333,0.8713174603174605
CASIA2/Tp/Tp_S_NND_S_N_cha20025_cha20025_02024.tif,0.6966666666666667,0.5466666666666666,1.0,1.0
CASIA2/Tp/Tp_S_NND_S_N_cha20028_cha20028_02027.tif,0.8633333333333333,0.9033333333333333,1.0,1.0
CASIA2/Tp/Tp_S_NND_S_N_cha20040_cha20040_02039.tif,0.5466666666666666,0.6266666666666667,1.0,1.0
CASIA2/Tp/Tp_S_NND_S_N_ind00005_ind00005_10416.tif,0.5166666666666667,0.37,1.0,1.0
CASIA2/Tp/Tp_S_NND_S_N_ind00010_ind00010_00885.tif,0.2733333333333333,0.08666666666666667,1.0,1.0
CASIA2/Tp/Tp_S_NND_S_N_ind00018_ind00018_00434.tif,0.9233333333333333,0.95,1.0,1.0
CASIA2/Tp/Tp_S_NND_S_N_ind00021_ind00021_00437.tif,0.98,0.8833333333333333,1.0,1.0
CASIA2/Tp/Tp_S_NND_S_N_ind00035_ind00035_01326.tif,0.46,0.41,1.0,0.9987777777777778
CASIA2/Tp/Tp_S_NND_S_N_ind00040_ind00040_10881.jpg,0.45,0.96,0.9966666666666667,0.9990909090909091
CASIA2/Tp/Tp_S_NND_S_N_ind00048_ind00048_10897.jpg,0.2866666666666667,0.9766666666666667,0.994904761904762,0.9990476190476191
CASIA2/Tp/Tp_S_NND_S_N_ind00066_ind00066_00468.tif,0.6066666666666667,0.6766666666666666,1.0,1.0
CASIA2/Tp/Tp_S_NND_S_N_ind00068_ind00068_01355.tif,0.08666666666666667,0.11333333333333333,1.0,1.0
CASIA2/Tp/Tp_S_NND_S_N_ind00077_ind00077_10680.jpg,0.8166666666666667,0.83,0.9972976190476189,0.9914444444444445
CASIA2/Tp/Tp_S_NND_S_N_ind00100_ind00100_01379.tif,0.9633333333333334,0.9333333333333333,1.0,0.9988888888888887
CASIA2/Tp/Tp_S_NND_S_N_ind10101_ind10101_11116.jpg,0.5566666666666666,0.6733333333333333,0.9006605339105342,0.862189935064935
CASIA2/Tp/Tp_S_NND_S_N_ind10101_ind10101_11118.jpg,0.6166666666666667,0.6333333333333333,0.9074343434343435,0.8471145382395382
CASIA2/Tp/Tp_S_NND_S_N_ind20002_ind20002_02262.tif,0.09,0.36,1.0,1.0
CASIA2/Tp/Tp_S_NND_S_N_ind20006_ind20006_01747.tif,0.9633333333333334,0.98,1.0,1.0
CASIA2/Tp/Tp_S_NND_S_N_ind20008_ind20008_02270.tif,0.8833333333333333,0.83,0.9963703703703704,0.9966666666666667
CASIA2/Tp/Tp_S_NND_S_N_ind20013_ind20013_01754.tif,0.6933333333333334,0.7533333333333333,1.0,1.0
CASIA2/Tp/Tp_S_NND_S_N_ind20023_ind20023_01764.tif,0.65,0.6133333333333333,0.9959523809523809,0.991031746031746
CASIA2/Tp/Tp_S_NND_S_N_nat00033_nat00033_00647.tif,0.9966666666666667,0.99,1.0,1.0
CASIA2/Tp/Tp_S_NND_S_N_nat20002_nat20002_01506.tif,0.6833333333333333,0.8166666666666667,1.0,1.0
CASIA2/Tp/Tp_S_NND_S_N_nat20004_nat20004_02204.tif,0.4066666666666667,0.3466666666666667,1.0,1.0
CASIA2/Tp/Tp_S_NND_S_N_nat20006_nat20006_01510.tif,0.98,0.98,1.0,0.9980952380952381
CASIA2/Tp/Tp_S_NND_S_N_nat20093_nat20093_01597.tif,0.86,0.8966666666666666,1.0,0.9993333333333334
CASIA2/Tp/Tp_S_NND_S_N_nat20097_nat20097_02260.tif,0.8933333333333333,0.7866666666666666,0.9827407407407408,0.987079365079365
CASIA2/Tp/Tp_S_NND_S_N_pla00001_pla00001_00541.tif,0.8666666666666667,0.7766666666666666,1.0,1.0
CASIA2/Tp/Tp_S_NND_S_N_pla00007_pla00007_01129.tif,1.0,1.0,1.0,1.0
CASIA2/Tp/Tp_S_NND_S_N_pla00048_pla00048_01157.tif,0.66,0.6166666666666667,0.9966666666666667,1.0
CASIA2/Tp/Tp_S_NND_S_N_pla00078_pla00078_10451.tif,0.36666666666666664,0.44333333333333336,0.9991666666666666,0.9801350762527234
CASIA2/Tp/Tp_S_NND_S_N_pla00078_pla00078_10452.tif,0.37333333333333335,0.42333333333333334,0.9991666666666666,0.9854922191098664
CASIA2/Tp/Tp_S_NND_S_N_pla20021_pla20021_01921.tif,0.7566666666666667,0.8766666666666667,1.0,0.9967500000000001
CASIA2/Tp/Tp_S_NND_S_N_pla20042_pla20042_01942.tif,0.9533333333333334,0.9566666666666667,1.0,0.9987777777777778
CASIA2/Tp/Tp_S_NND_S_N_pla20050_pla20050_02378.tif,0.36666666666666664,0.49,0.9966666666666667,0.9983333333333333
CASIA2/Tp/Tp_S_NND_S_N_pla20062_pla20062_02370.tif,0.3233333333333333,0.37666666666666665,1.0,0.9983333333333333
CASIA2/Tp/Tp_S_NND_S_N_pla20084_pla20084_01984.tif,0.9666666666666667,0.98,0.997857142857143,1.0
CASIA2/Tp/Tp_S_NND_S_N_pla20097_pla20097_02345.tif,0.89,0.94,1.0,0.9993333333333334
CASIA2/Tp/Tp_S_NND_S_N_sec00003_sec00003_00739.tif,0.013333333333333334,0.05333333333333334,1.0,0.9959259259259259
CASIA2/Tp/Tp_S_NND_S_N_sec00007_sec00007_00769.tif,0.68,0.6566666666666666,1.0,1.0
CASIA2/Tp/Tp_S_NND_S_N_sec00009_sec00009_10858.jpg,0.5133333333333333,0.9866666666666667,0.9962857142857143,1.0
CASIA2/Tp/Tp_S_NND_S_N_sec00042_sec00042_00063.tif,0.9733333333333334,0.9533333333333334,1.0,1.0
CASIA2/Tp/Tp_S_NND_S_N_sec00052_sec00052_00073.tif,0.61,0.51,1.0,0.9995238095238096
CASIA2/Tp/Tp_S_NND_S_N_sec00059_sec00059_11267.jpg,0.7533333333333333,0.89,0.9766666666666667,0.9929457671957671
CASIA2/Tp/Tp_S_NND_S_N_sec00059_sec00059_11269.jpg,0.5166666666666667,0.84,0.9833333333333333,0.994695767195767
CASIA2/Tp/Tp_S_NND_S_N_sec00068_sec00068_00089.tif,0.8333333333333334,0.96,1.0,1.0
CASIA2/Tp/Tp_S_NND_S_N_sec00069_sec00069_00090.tif,0.93,0.9366666666666666,1.0,1.0
CASIA2/Tp/Tp_S_NND_S_N_sec20009_sec20009_02119.tif,0.7233333333333334,0.8666666666666667,0.9995833333333334,1.0
CASIA2/Tp/Tp_S_NND_S_N_sec20022_sec20022_01612.tif,0.28,0.69,1.0,1.0
CASIA2/Tp/Tp_S_NND_S_N_sec20024_sec20024_01614.tif,0.8666666666666667,0.9466666666666667,1.0,1.0
CASIA2/Tp/Tp_S_NND_S_N_sec20025_sec20025_01615.tif,0.8733333333333333,0.87,1.0,1.0
CASIA2/Tp/Tp_S_NND_S_N_sec20027_sec20027_01617.tif,0.98,0.9033333333333333,1.0,1.0
CASIA2/Tp/Tp_S_NND_S_N_sec20028_sec20028_01618.tif,0.9966666666666667,0.97,0.9933333333333333,0.9971309523809524
CASIA2/Tp/Tp_S_NND_S_N_sec20036_sec20036_01626.tif,0.95,0.9233333333333333,1.0,1.0
CASIA2/Tp/Tp_S_NND_S_N_sec20039_sec20039_01629.tif,0.93,0.8633333333333333,1.0,0.9981818181818183
CASIA2/Tp/Tp_S_NND_S_N_sec20059_sec20059_01649.tif,0.98,0.99,1.0,1.0
CASIA2/Tp/Tp_S_NND_S_N_sec20064_sec20064_01654.tif,0.9133333333333333,0.9433333333333334,1.0,1.0
CASIA2/Tp/Tp_S_NND_S_N_sec20068_sec20068_01658.tif,0.8,0.88,1.0,1.0
CASIA2/Tp/Tp_S_NND_S_N_sec20099_sec20099_01689.tif,1.0,0.99,0.9908914141414141,0.9980555555555556
CASIA2/Tp/Tp_S_NNN_M_B_arc10118_arc10118_10780.jpg,0.5833333333333334,0.8,0.9833333333333333,0.9667451687745809
CASIA2/Tp/Tp_S_NNN_M_B_txt00097_txt00097_10162.tif,0.9966666666666667,0.9666666666666667,0.9866666666666667,0.9917499999999999
CASIA2/Tp/Tp_S_NNN_M_N_ani00020_ani00020_10211.tif,0.9666666666666667,0.9833333333333333,1.0,1.0
CASIA2/Tp/Tp_S_NNN_M_N_ani00021_ani00021_00141.tif,0.9966666666666667,0.9966666666666667,1.0,1.0
CASIA2/Tp/Tp_S_NNN_M_N_ani00021_ani00021_10210.tif,0.9766666666666667,0.98,1.0,1.0
CASIA2/Tp/Tp_S_NNN_M_N_ani00022_ani00022_10208.tif,0.99,0.99,1.0,1.0
CASIA2/Tp/Tp_S_NNN_M_N_ani00032_ani00032_00152.tif,0.6366666666666667,0.7266666666666667,1.0,0.9925
CASIA2/Tp/Tp_S_NNN_M_N_ani00058_ani00058_11505.jpg,0.7733333333333333,0.7733333333333333,0.92,0.8127182447182447
CASIA2/Tp/Tp_S_NNN_M_N_ani00074_ani00074_10444.tif,0.99,0.9933333333333333,1.0,1.0
CASIA2/Tp/Tp_S_NNN_M_N_ani00074_ani00074_10445.tif,0.8966666666666666,0.95,1.0,1.0
CASIA2/Tp/Tp_S_NNN_M_N_ani00074_ani00074_10446.tif,0.9633333333333334,0.9633333333333334,0.99875,0.9974074074074074
CASIA2/Tp/Tp_S_NNN_M_N_ani10125_ani10125_12396.jpg,1.0,0.9966666666666667,0.9966666666666667,0.9966666666666667
CASIA2/Tp/Tp_S_NNN_M_N_ani10217_ani10217_12369.jpg,0.9866666666666667,0.9866666666666667,0.8466666666666667,0.8111013708513709
CASIA2/Tp/Tp_S_NNN_M_N_arc00002_arc00002_11186.jpg,0.9266666666666666,0.9466666666666667,1.0,0.9889232804232804
CASIA2/Tp/Tp_S_NNN_M_N_arc00078_arc00078_11879.jpg,0.9766666666666667,0.9866666666666667,0.9733333333333334,0.9642882395382397
CASIA2/Tp/Tp_S_NNN_M_N_arc00094_arc00094_10720.jpg,0.9833333333333333,0.9533333333333334,0.9933333333333333,0.9961111111111111
CASIA2/Tp/Tp_S_NNN_M_N_arc10118_arc10118_10779.jpg,0.8,0.93,0.9666666666666667,0.985757696007696
CASIA2/Tp/Tp_S_NNN_M_N_arc10126_arc10126_11890.jpg,0.6933333333333334,0.8366666666666667,0.97,0.993388888888889
CASIA2/Tp/Tp_S_NNN_M_N_art00033_art00033_10552.tif,0.9966666666666667,1.0,0.9993333333333334,1.0
CASIA2/Tp/Tp_S_NNN_M_N_art00039_art00039_10545.tif,0.9866666666666667,0.9766666666666667,1.0,1.0
CASIA2/Tp/Tp_S_NNN_M_N_art00043_art00043_10540.tif,0.9766666666666667,0.99,1.0,0.9951190476190478
CASIA2/Tp/Tp_S_NNN_M_N_art00043_art00043_10542.tif,0.9933333333333333,0.9866666666666667,1.0,0.9964999999999999
CASIA2/Tp/Tp_S_NNN_M_N_art00050_art00050_10535.tif,0.9866666666666667,0.9966666666666667,1.0,1.0
CASIA2/Tp/Tp_S_NNN_M_N_art00061_art00061_10520.tif,0.9533333333333334,0.9833333333333333,1.0,1.0
CASIA2/Tp/Tp_S_NNN_M_N_art00062_art00062_10517.tif,0.8233333333333334,0.8733333333333333,1.0,1.0
CASIA2/Tp/Tp_S_NNN_M_N_art00068_art00068_10460.tif,0.91,0.93,0.9833333333333333,0.9988636363636363
CASIA2/Tp/Tp_S_NNN_M_N_art00084_art00084_10521.tif,0.99,0.9866666666666667,1.0,1.0
CASIA2/Tp/Tp_S_NNN_M_N_cha00043_cha00043_11009.jpg,0.89,0.9366666666666666,0.99,0.9848560606060606
CASIA2/Tp/Tp_S_NNN_M_N_cha00044_cha00044_11008.jpg,0.9166666666666666,0.9633333333333334,0.9933333333333333,0.9910674603174603
CASIA2/Tp/Tp_S_NNN_M_N_cha00074_cha00074_10191.tif,0.9866666666666667,0.9666666666666667,1.0,1.0
CASIA2/Tp/Tp_S_NNN_M_N_cha00086_cha00086_10869.jpg,0.99,0.9866666666666667,0.9966212121212121,1.0
CASIA2/Tp/Tp_S_NNN_M_N_cha10180_cha10180_12295.jpg,0.87,0.8533333333333334,0.5933333333333334,0.5824969883058119
CASIA2/Tp/Tp_S_NNN_M_N_ind00071_ind00071_10696.jpg,0.8766666666666667,0.9666666666666667,0.9966666666666667,0.9966666666666667
CASIA2/Tp/Tp_S_NNN_M_N_ind00079_ind00079_10664.jpg,0.9433333333333334,0.9833333333333333,0.9964545454545455,0.9949021164021163
CASIA2/Tp/Tp_S_NNN_M_N_ind00080_ind00080_10666.jpg,0.3,0.89,1.0,0.9537472804972805
CASIA2/Tp/Tp_S_NNN_M_N_ind00080_ind00080_10667.jpg,0.6966666666666667,0.88,0.9975555555555556,0.9506858696858698
CASIA2/Tp/Tp_S_NNN_M_N_ind00100_ind00100_10631.jpg,0.9733333333333334,0.99,0.9866666666666667,0.9820330687830687
CASIA2/Tp/Tp_S_NNN_M_N_ind10102_ind10102_11550.jpg,0.8866666666666667,0.9533333333333334,0.9310008602508602,0.9313335368335367
CASIA2/Tp/Tp_S_NNN_M_N_nat00017_nat00017_11049.jpg,0.8466666666666667,0.9266666666666666,0.9994444444444446,0.9988888888888887
CASIA2/Tp/Tp_S_NNN_M_N_nat00028_nat00028_10923.jpg,0.99,1.0,0.9933333333333333,0.9958636363636363
CASIA2/Tp/Tp_S_NNN_M_N_nat00042_nat00042_11070.jpg,0.88,0.8933333333333333,0.9831137566137566,0.9845927960927964
CASIA2/Tp/Tp_S_NNN_M_N_nat00058_nat00058_11077.jpg,0.7466666666666667,0.86,0.9833333333333333,0.9758127705627707
CASIA2/Tp/Tp_S_NNN_M_N_nat00085_nat00085_10589.jpg,0.9966666666666667,0.9733333333333334,0.9933333333333333,0.9925476190476189
CASIA2/Tp/Tp_S_NNN_M_N_nat00093_nat00093_10586.jpg,0.9633333333333334,0.9833333333333333,0.9933333333333333,0.9898809523809524
CASIA2/Tp/Tp_S_NNN_M_N_nat10147_nat10147_11996.jpg,0.95,0.97,1.0,0.9991666666666666
CASIA2/Tp/Tp_S_NNN_M_N_nat10164_nat10160_12096.jpg,0.98,0.96,1.0,0.9984615384615385
CASIA2/Tp/Tp_S_NNN_M_N_pla00012_pla00012_10967.jpg,0.9933333333333333,0.9866666666666667,0.9203456358456358,0.9379252852410749
CASIA2/Tp/Tp_S_NNN_M_N_pla00025_pla00025_10998.jpg,0.9933333333333333,0.9933333333333333,0.98,0.9870613275613277
CASIA2/Tp/Tp_S_NNN_M_N_pla00050_pla00050_10431.tif,1.0,1.0,1.0,1.0
CASIA2/Tp/Tp_S_NNN_M_N_pla00061_pla00061_01170.tif,0.9933333333333333,0.9833333333333333,1.0,0.9992592592592593
CASIA2/Tp/Tp_S_NNN_M_N_pla0006_pla00006_01128.tif,0.9933333333333333,1.0,1.0,1.0
CASIA2/Tp/Tp_S_NNN_M_N_pla10126_pla10126_12127.jpg,0.96,0.9633333333333334,0.9966666666666667,0.975380711880712
CASIA2/Tp/Tp_S_NNN_M_N_pla20055_pla20055_02376.tif,0.9733333333333334,0.9666666666666667,0.9933333333333333,0.9948333333333335
CASIA2/Tp/Tp_S_NNN_M_N_sec00009_sec00009_10859.jpg,0.9766666666666667,0.9966666666666667,1.0,1.0
CASIA2/Tp/Tp_S_NNN_M_N_sec00026_sec00026_10770.jpg,0.99,0.9866666666666667,0.9533333333333334,1.0
CASIA2/Tp/Tp_S_NNN_M_N_sec00029_sec00029_10797.jpg,1.0,1.0,0.9798885281385283,1.0
CASIA2/Tp/Tp_S_NNN_M_N_sec00036_sec00036_10505.tif,0.9833333333333333,0.98,1.0,0.9990476190476191
CASIA2/Tp/Tp_S_NNN_M_N_sec00040_sec00040_10490.tif,0.98,0.97,1.0,0.9874867724867725
CASIA2/Tp/Tp_S_NNN_M_N_sec00054_cha00062_11473.jpg,0.71,0.9566666666666667,0.9833333333333333,0.9827791005291007
CASIA2/Tp/Tp_S_NNN_M_N_sec00075_sec00075_10349.tif,0.98,0.9966666666666667,1.0,1.0
CASIA2/Tp/Tp_S_NNN_M_N_txt00061_txt00061_10019.tif,0.9766666666666667,0.9533333333333334,1.0,0.99146632996633
CASIA2/Tp/Tp_S_NNN_M_N_txt00065_txt00065_10120.tif,0.71,0.7666666666666667,1.0,0.9861147186147186
CASIA2/Tp/Tp_S_NNN_M_N_txt00065_txt00065_10132.tif,0.9233333333333333,0.91,1.0,0.9928647186147187
CASIA2/Tp/Tp_S_NNN_M_N_txt00075_txt00075_11298.jpg,0.8866666666666667,0.94,0.9402578842725903,0.9695119047619049
CASIA2/Tp/Tp_S_NNN_M_N_txt00094_txt00094_10160.tif,0.9766666666666667,0.9666666666666667,0.9974444444444445,0.9971666666666666
CASIA2/Tp/Tp_S_NNN_M_O_nat00045_nat00099_10558.jpg,0.68,0.86,0.9976851851851851,0.9736386483886488
CASIA2/Tp/Tp_S_NNN_N_N_art10015_art10015_20099.jpg,0.5666666666666667,0.6166666666666667,0.8433333333333334,0.7514752007252008
CASIA2/Tp/Tp_S_NNN_S_B_ani00006_ani00006_00126.tif,0.36,0.19666666666666666,1.0,0.9968333333333333
CASIA2/Tp/Tp_S_NNN_S_B_ani00013_ani00013_20057.jpg,0.5833333333333334,0.22333333333333333,0.98,0.9425173622673623
CASIA2/Tp/Tp_S_NNN_S_B_ani00014_ani00014_20058.jpg,0.7733333333333333,0.7733333333333333,0.950422077922078,0.9201043863543865
CASIA2/Tp/Tp_S_NNN_S_B_ani00019_ani00019_20027.jpg,0.15666666666666668,0.02,0.9,0.8613302530802532
CASIA2/Tp/Tp_S_NNN_S_B_ani00025_ani00025_00145.tif,0.8666666666666667,0.9233333333333333,1.0,0.9969047619047618
CASIA2/Tp/Tp_S_NNN_S_B_ani00030_ani00030_00150.tif,0.20666666666666667,0.11333333333333333,1.0,1.0
CASIA2/Tp/Tp_S_NNN_S_B_ani00038_ani00038_00158.tif,0.9633333333333334,0.89,1.0,0.9972619047619048
CASIA2/Tp/Tp_S_NNN_S_B_ani00044_ani00044_00164.tif,0.8633333333333333,0.8466666666666667,1.0,1.0
CASIA2/Tp/Tp_S_NNN_S_B_ani00060_ani00060_00180.tif,0.9733333333333334,0.9933333333333333,0.9922883597883598,0.98059570984571
CASIA2/Tp/Tp_S_NNN_S_B_ani00076_ani00077_00196.tif,0.5266666666666666,0.6133333333333333,1.0,0.9980158730158731
CASIA2/Tp/Tp_S_NNN_S_B_ani00082_ani00082_00202.tif,0.8966666666666666,0.83,1.0,1.0
CASIA2/Tp/Tp_S_NNN_S_B_ani00084_ani00084_01257.tif,0.9933333333333333,0.9866666666666667,1.0,0.9991666666666666
CASIA2/Tp/Tp_S_NNN_S_B_ani00094_ani00094_00810.tif,0.9933333333333333,0.99,1.0,0.9988888888888887
CASIA2/Tp/Tp_S_NNN_S_B_ani10003_ani10003_20044.jpg,0.8833333333333333,0.8266666666666667,0.74,0.7957718855218856
CASIA2/Tp/Tp_S_NNN_S_B_ani10159_ani10159_12466.jpg,0.9866666666666667,0.9866666666666667,0.97,0.9787954545454545
CASIA2/Tp/Tp_S_NNN_S_B_ani10208_ani10208_12371.jpg,0.5466666666666666,0.49,0.8369835812335812,0.7255436692936691
CASIA2/Tp/Tp_S_NNN_S_B_ani20001_ani20001_01450.tif,1.0,0.9966666666666667,1.0,1.0
CASIA2/Tp/Tp_S_NNN_S_B_ani20002_ani20002_02401.tif,0.95,0.9233333333333333,1.0,0.9994444444444444
CASIA2/Tp/Tp_S_NNN_S_B_ani20003_ani20003_01452.tif,0.8966666666666666,0.9266666666666666,0.9994444444444444,1.0
CASIA2/Tp/Tp_S_NNN_S_B_ani20003_ani20003_02402.tif,0.8066666666666666,0.8033333333333333,0.9994444444444444,0.9975757575757576
CASIA2/Tp/Tp_S_NNN_S_B_ani20004_ani20004_01453.tif,0.9733333333333334,0.99,0.99875,0.9975757575757576
CASIA2/Tp/Tp_S_NNN_S_B_ani20006_ani20006_02404.tif,0.96,0.9433333333333334,0.9986666666666667,1.0
CASIA2/Tp/Tp_S_NNN_S_B_ani20046_ani20046_02436.tif,0.8033333333333333,0.9166666666666666,1.0,0.9980952380952381
CASIA2/Tp/Tp_S_NNN_S_B_ani20059_ani20059_02101.tif,0.9533333333333334,0.9466666666666667,1.0,0.9966018518518518
CASIA2/Tp/Tp_S_NNN_S_B_arc00002_arc00002_00222.tif,0.4033333333333333,0.25666666666666665,1.0,0.9988888888888887
CASIA2/Tp/Tp_S_NNN_S_B_arc00003_arc00003_00223.tif,0.9766666666666667,0.95,1.0,1.0
CASIA2/Tp/Tp_S_NNN_S_B_arc00004_arc00004_00224.tif,0.7933333333333333,0.7633333333333333,0.9996296296296298,1.0
CASIA2/Tp/Tp_S_NNN_S_B_arc00004_arc00004_01104.tif,0.38333333333333336,0.18666666666666668,1.0,0.997142857142857
CASIA2/Tp/Tp_S_NNN_S_B_arc00014_arc00014_00234.tif,0.9733333333333334,0.9033333333333333,1.0,0.9966666666666667
CASIA2/Tp/Tp_S_NNN_S_B_arc00014_arc00014_20059.jpg,0.8666666666666667,0.83,0.9877261904761906,0.9568544973544972
CASIA2/Tp/Tp_S_NNN_S_B_arc00015_arc00015_20060.jpg,1.0,1.0,0.9962777777777777,0.9979871794871796
CASIA2/Tp/Tp_S_NNN_S_B_arc00019_arc00019_20028.jpg,0.8433333333333334,0.71,0.9866666666666667,0.9729612794612795
CASIA2/Tp/Tp_S_NNN_S_B_arc00022_arc00022_20078.jpg,0.8666666666666667,0.8566666666666667,0.9633333333333334,0.946392736892737
CASIA2/Tp/Tp_S_NNN_S_B_arc00023_arc00023_20079.jpg,0.99,0.98,0.9966666666666667,0.9867261904761904
CASIA2/Tp/Tp_S_NNN_S_B_arc00025_arc00025_01097.tif,0.9766666666666667,0.9766666666666667,1.0,1.0
CASIA2/Tp/Tp_S_NNN_S_B_arc00043_arc00043_10239.tif,0.8366666666666667,0.76,1.0,1.0
CASIA2/Tp/Tp_S_NNN_S_B_arc00051_arc00051_01075.tif,0.15333333333333332,0.38333333333333336,1.0,1.0
CASIA2/Tp/Tp_S_NNN_S_B_arc00054_arc00054_11929.jpg,0.4633333333333333,0.55,0.99,0.9718399840899843
CASIA2/Tp/Tp_S_NNN_S_B_arc00056_arc00056_00276.tif,0.9933333333333333,1.0,1.0,0.9993333333333334
CASIA2/Tp/Tp_S_NNN_S_B_arc00056_arc00056_01070.tif,1.0,1.0,1.0,1.0
CASIA2/Tp/Tp_S_NNN_S_B_arc00063_arc00063_00283.tif,0.9466666666666667,0.6666666666666666,1.0,0.9979047619047619
CASIA2/Tp/Tp_S_NNN_S_B_arc00067_arc00067_00287.tif,0.8733333333333333,0.95,1.0,0.9990277777777777
CASIA2/Tp/Tp_S_NNN_S_B_arc00070_arc00070_01057.tif,0.9466666666666667,0.9366666666666666,1.0,0.9994444444444444
CASIA2/Tp/Tp_S_NNN_S_B_arc00075_arc00075_11194.jpg,0.99,0.9933333333333333,0.9833333333333333,0.9908016705516707
CASIA2/Tp/Tp_S_NNN_S_B_arc00077_arc00077_00297.tif,0.99,1.0,1.0,1.0
CASIA2/Tp/Tp_S_NNN_S_B_arc00092_arc00092_01038.tif,0.9133333333333333,0.9233333333333333,1.0,0.9926388888888887
CASIA2/Tp/Tp_S_NNN_S_B_arc00094_arc00094_01043.tif,0.7533333333333333,0.7,1.0,0.9962962962962963
CASIA2/Tp/Tp_S_NNN_S_B_arc00096_arc00096_11198.jpg,0.5833333333333334,0.71,0.9946825396825397,0.9663714526214526
CASIA2/Tp/Tp_S_NNN_S_B_arc00096_arc00096_11199.jpg,0.6033333333333334,0.71,0.9942063492063492,0.9744724627224626
CASIA2/Tp/Tp_S_NNN_S_B_arc00097_arc00097_01033.tif,0.9966666666666667,0.9966666666666667,1.0,1.0
CASIA2/Tp/Tp_S_NNN_S_B_arc00098_arc00098_01032.tif,0.9933333333333333,0.94,1.0,1.0
CASIA2/Tp/Tp_S_NNN_S_B_arc00099_arc00099_01031.tif,0.43333333333333335,0.4166666666666667,1.0,1.0
CASIA2/Tp/Tp_S_NNN_S_B_arc00100_arc00100_01030.tif,0.65,0.2866666666666667,1.0,1.0
CASIA2/Tp/Tp_S_NNN_S_B_arc10121_arc10121_12104.jpg,0.74,0.65,0.9566666666666667,0.9936111111111112
CASIA2/Tp/Tp_S_NNN_S_B_arc10121_arc10121_12105.jpg,0.8966666666666666,0.88,0.9633333333333334,0.9938888888888889
CASIA2/Tp/Tp_S_NNN_S_B_arc20004_arc20004_01457.tif,0.9733333333333334,0.94,0.9962301587301586,1.0
CASIA2/Tp/Tp_S_NNN_S_B_arc20008_arc20008_01461.tif,0.68,0.7266666666666667,1.0,1.0
CASIA2/Tp/Tp_S_NNN_S_B_arc20008_arc20008_02468.tif,0.8966666666666666,0.9566666666666667,1.0,1.0
CASIA2/Tp/Tp_S_NNN_S_B_arc20009_arc20009_01462.tif,0.85,0.8466666666666667,1.0,1.0
CASIA2/Tp/Tp_S_NNN_S_B_arc20013_arc20013_02156.tif,0.7266666666666667,0.8166666666666667,0.9963690476190475,0.9990909090909091
CASIA2/Tp/Tp_S_NNN_S_B_arc20016_arc20016_01469.tif,0.79,0.7566666666666667,1.0,1.0
CASIA2/Tp/Tp_S_NNN_S_B_arc20020_arc20020_01473.tif,0.6766666666666666,0.69,1.0,0.9996666666666666
CASIA2/Tp/Tp_S_NNN_S_B_arc20020_arc20020_02161.tif,0.25,0.3566666666666667,1.0,0.9996666666666666
CASIA2/Tp/Tp_S_NNN_S_B_arc20021_arc20021_02162.tif,0.4766666666666667,0.54,0.9979999999999999,1.0
CASIA2/Tp/Tp_S_NNN_S_B_arc20023_arc20023_01476.tif,0.9833333333333333,0.9966666666666667,1.0,1.0
CASIA2/Tp/Tp_S_NNN_S_B_arc20027_arc20027_02168.tif,0.9766666666666667,0.98,1.0,1.0
CASIA2/Tp/Tp_S_NNN_S_B_arc20030_arc20030_02170.tif,0.49333333333333335,0.45,1.0,0.9966666666666667
CASIA2/Tp/Tp_S_NNN_S_B_arc20032_arc20032_02172.tif,0.29333333333333333,0.44666666666666666,1.0,0.9976190476190476
CASIA2/Tp/Tp_S_NNN_S_B_arc20033_arc20033_01486.tif,0.17666666666666667,0.48,0.9970634920634922,0.9952573352573355
CASIA2/Tp/Tp_S_NNN_S_B_arc20033_arc20033_02472.tif,0.19666666666666666,0.49333333333333335,0.9970634920634922,0.9952573352573355
CASIA2/Tp/Tp_S_NNN_S_B_arc20039_arc20039_02175.tif,0.84,0.8,1.0,1.0
CASIA2/Tp/Tp_S_NNN_S_B_arc20047_arc20047_01500.tif,0.5133333333333333,0.62,1.0,0.9986111111111112
CASIA2/Tp/Tp_S_NNN_S_B_arc20048_arc20048_02182.tif,0.4066666666666667,0.30333333333333334,1.0,0.9990476190476191
CASIA2/Tp/Tp_S_NNN_S_B_arc20056_arc20056_01696.tif,0.8366666666666667,0.6333333333333333,0.99,0.9924560439560438
CASIA2/Tp/Tp_S_NNN_S_B_arc20080_arc20080_02192.tif,0.9433333333333334,0.9766666666666667,1.0,0.9966071428571429
CASIA2/Tp/Tp_S_NNN_S_B_arc20081_arc20081_02191.tif,0.9966666666666667,0.79,0.9833419913419914,0.9852987012987013
CASIA2/Tp/Tp_S_NNN_S_B_arc20088_arc20088_02414.tif,0.8266666666666667,0.9166666666666666,0.9994444444444444,0.9979259259259258
CASIA2/Tp/Tp_S_NNN_S_B_arc20090_arc20090_02412.tif,0.93,0.84,1.0,1.0
CASIA2/Tp/Tp_S_NNN_S_B_arc20092_arc20092_02407.tif,0.8733333333333333,0.9433333333333334,0.9966666666666667,0.9955753968253968
CASIA2/Tp/Tp_S_NNN_S_B_art00002_art00002_01428.tif,0.88,0.95,0.9966666666666667,1.0
CASIA2/Tp/Tp_S_NNN_S_B_art00013_art00013_20061.jpg,0.21,0.2,0.9233333333333333,0.8462685185185184
CASIA2/Tp/Tp_S_NNN_S_B_art00020_art00020_20029.jpg,0.22666666666666666,0.7,0.9366666666666666,0.8781604136604136
CASIA2/Tp/Tp_S_NNN_S_B_art00021_art00021_20030.jpg,0.42,0.7,0.9166666666666666,0.8903490860990864
CASIA2/Tp/Tp_S_NNN_S_B_art00028_art00028_01215.tif,0.7766666666666666,0.6533333333333333,0.9939323671497584,0.9768981481481482
CASIA2/Tp/Tp_S_NNN_S_B_art00032_art00032_01219.tif,1.0,1.0,1.0,0.9991666666666666
CASIA2/Tp/Tp_S_NNN_S_B_art00032_art00032_01422.tif,0.97,0.9733333333333334,1.0,1.0
CASIA2/Tp/Tp_S_NNN_S_B_art00038_art00038_01020.tif,0.32666666666666666,0.6966666666666667,1.0,1.0
CASIA2/Tp/Tp_S_NNN_S_B_art00041_art00041_01225.tif,0.9966666666666667,0.9966666666666667,1.0,1.0
CASIA2/Tp/Tp_S_NNN_S_B_art00042_art00042_01412.tif,0.9866666666666667,0.99,1.0,1.0
CASIA2/Tp/Tp_S_NNN_S_B_art00044_art00044_01228.tif,0.9733333333333334,0.98,1.0,1.0
CASIA2/Tp/Tp_S_NNN_S_B_art00044_art00044_01410.tif,0.99,0.98,1.0,1.0
CASIA2/Tp/Tp_S_NNN_S_B_art00047_art00047_01407.tif,0.8666666666666667,0.96,1.0,1.0
CASIA2/Tp/Tp_S_NNN_S_B_art00049_art00049_01023.tif,0.5566666666666666,0.78,1.0,1.0
CASIA2/Tp/Tp_S_NNN_S_B_art00057_art00057_01232.tif,0.7266666666666667,0.83,1.0,1.0
CASIA2/Tp/Tp_S_NNN_S_B_art00060_art00060_01235.tif,0.8433333333333334,0.88,1.0,1.0
CASIA2/Tp/Tp_S_NNN_S_B_art00069_art00069_01240.tif,0.91,0.9633333333333334,1.0,1.0
CASIA2/Tp/Tp_S_NNN_S_B_art00070_art00070_01241.tif,0.3933333333333333,0.6433333333333333,0.9968636363636362,0.9997222222222223
CASIA2/Tp/Tp_S_NNN_S_B_art00093_art00093_01388.tif,0.9966666666666667,1.0,1.0,1.0
CASIA2/Tp/Tp_S_NNN_S_B_art10001_art10001_20001.jpg,0.9833333333333333,0.9966666666666667,0.92,0.8982301587301588
CASIA2/Tp/Tp_S_NNN_S_B_art10005_art10005_20043.jpg,0.59,0.5466666666666666,0.5233333333333333,0.5915577200577201
CASIA2/Tp/Tp_S_NNN_S_B_art10006_art10006_20046.jpg,0.87,0.93,0.7478371397121399,0.7935605320605322
CASIA2/Tp/Tp_S_NNN_S_B_art10009_art10009_20072.jpg,0.8533333333333334,0.9,0.8233333333333334,0.8072545602545602
CASIA2/Tp/Tp_S_NNN_S_B_art10109_art10109_11574.jpg,0.7066666666666667,0.8166666666666667,0.9841296296296296,0.9729292929292929
CASIA2/Tp/Tp_S_NNN_S_B_art20011_art20011_02493.tif,0.6166666666666667,0.7233333333333334,1.0,1.0
CASIA2/Tp/Tp_S_NNN_S_B_art20049_art20049_01855.tif,0.6666666666666666,0.7133333333333334,1.0,0.9931944444444444
CASIA2/Tp/Tp_S_NNN_S_B_art20058_art20058_02328.tif,0.35,0.32666666666666666,1.0,1.0
CASIA2/Tp/Tp_S_NNN_S_B_cha00002_cha00002_11162.jpg,0.73,0.9133333333333333,0.9977380952380952,0.9897130647130647
CASIA2/Tp/Tp_S_NNN_S_B_cha00008_cha00008_00328.tif,1.0,0.9966666666666667,1.0,1.0
CASIA2/Tp/Tp_S_NNN_S_B_cha00057_cha00057_00377.tif,1.0,0.9933333333333333,1.0,1.0
CASIA2/Tp/Tp_S_NNN_S_B_cha00058_cha00058_00378.tif,0.99,1.0,1.0,1.0
CASIA2/Tp/Tp_S_NNN_S_B_cha00076_cha00076_00396.tif,0.9633333333333334,0.9533333333333334,1.0,1.0
CASIA2/Tp/Tp_S_NNN_S_B_cha00089_cha00089_10187.tif,0.9533333333333334,0.9933333333333333,1.0,1.0
CASIA2/Tp/Tp_S_NNN_S_B_cha00089_cha00089_10199.tif,1.0,1.0,1.0,1.0
CASIA2/Tp/Tp_S_NNN_S_B_cha10132_cha10132_12215.jpg,0.9866666666666667,0.9933333333333333,0.98,0.9977777777777779
CASIA2/Tp/Tp_S_NNN_S_B_cha20002_cha20002_02001.tif,0.9633333333333334,0.9633333333333334,1.0,1.0
CASIA2/Tp/Tp_S_NNN_S_B_cha20008_cha20008_02422.tif,0.73,0.4533333333333333,1.0,1.0
CASIA2/Tp/Tp_S_NNN_S_B_cha20009_cha20009_02423.tif,0.31333333333333335,0.3466666666666667,1.0,1.0
CASIA2/Tp/Tp_S_NNN_S_B_cha20015_cha20015_02014.tif,0.4266666666666667,0.28,0.96,0.9422222222222221
CASIA2/Tp/Tp_S_NNN_S_B_cha20027_cha20027_02426.tif,0.8166666666666667,0.7266666666666667,1.0,0.9996969696969696
CASIA2/Tp/Tp_S_NNN_S_B_cha20037_cha20037_02430.tif,0.83,0.6933333333333334,0.9966666666666667,1.0
CASIA2/Tp/Tp_S_NNN_S_B_cha20047_cha20047_02434.tif,0.9066666666666666,0.9466666666666667,1.0,1.0
CASIA2/Tp/Tp_S_NNN_S_B_ind00001_ind00001_01301.tif,0.4266666666666667,0.25,0.9946666666666666,0.9990476190476191
CASIA2/Tp/Tp_S_NNN_S_B_ind00002_ind00002_01302.tif,0.61,0.5,1.0,0.9995833333333334
CASIA2/Tp/Tp_S_NNN_S_B_ind00006_ind00006_00883.tif,0.2,0.14,1.0,1.0
CASIA2/Tp/Tp_S_NNN_S_B_ind00009_ind00009_00427.tif,0.9666666666666667,0.9533333333333334,1.0,1.0
CASIA2/Tp/Tp_S_NNN_S_B_ind00011_ind00011_00429.tif,0.5166666666666667,0.4066666666666667,1.0,1.0
CASIA2/Tp/Tp_S_NNN_S_B_ind00011_ind00011_10413.tif,0.30666666666666664,0.18,1.0,1.0
CASIA2/Tp/Tp_S_NNN_S_B_ind00015_ind00015_20063.jpg,0.8633333333333333,0.9766666666666667,1.0,0.9943145743145743
CASIA2/Tp/Tp_S_NNN_S_B_ind00018_ind00018_00890.tif,0.86,0.8333333333333334,1.0,1.0
CASIA2/Tp/Tp_S_NNN_S_B_ind00018_ind00018_01316.tif,0.91,0.8766666666666667,1.0,1.0
CASIA2/Tp/Tp_S_NNN_S_B_ind00020_ind00020_20031.jpg,1.0,1.0,0.9966666666666667,0.9935952380952381
CASIA2/Tp/Tp_S_NNN_S_B_ind00022_ind00022_00893.tif,0.6133333333333333,0.3,1.0,0.9988888888888889
CASIA2/Tp/Tp_S_NNN_S_B_ind00022_ind00022_20080.jpg,0.9633333333333334,0.9866666666666667,0.9933333333333333,0.9837906445406445
CASIA2/Tp/Tp_S_NNN_S_B_ind00030_ind00030_20114.jpg,1.0,1.0,0.96,0.9012054334554336
CASIA2/Tp/Tp_S_NNN_S_B_ind00030_ind00030_20115.tif,0.9533333333333334,0.9433333333333334,1.0,1.0
CASIA2/Tp/Tp_S_NNN_S_B_ind00036_ind00036_01327.tif,0.14,0.13666666666666666,1.0,0.9937525252525252
CASIA2/Tp/Tp_S_NNN_S_B_ind00046_ind00046_01336.tif,0.5733333333333334,0.53,1.0,1.0
CASIA2/Tp/Tp_S_NNN_S_B_ind00076_ind00076_01362.tif,0.77,0.6566666666666666,0.9982962962962962,1.0
CASIA2/Tp/Tp_S_NNN_S_B_ind00077_ind00077_01363.tif,0.08666666666666667,0.13666666666666666,0.9983333333333333,1.0
CASIA2/Tp/Tp_S_NNN_S_B_ind00078_ind00078_01364.tif,0.16,0.2,1.0,1.0
CASIA2/Tp/Tp_S_NNN_S_B_ind00083_ind00083_01367.tif,0.11,0.09333333333333334,1.0,1.0
CASIA2/Tp/Tp_S_NNN_S_B_ind10001_ind10001_20008.jpg,0.5366666666666666,0.4266666666666667,0.6266666666666667,0.5500105727605729
CASIA2/Tp/Tp_S_NNN_S_B_ind20005_ind20005_02265.tif,0.5066666666666667,0.5933333333333334,0.9966666666666667,0.9995833333333334
CASIA2/Tp/Tp_S_NNN_S_B_ind20026_ind20026_02281.tif,0.9266666666666666,0.94,1.0,1.0
CASIA2/Tp/Tp_S_NNN_S_B_ind20027_ind20027_02282.tif,0.67,0.52,1.0,0.9964761904761906
CASIA2/Tp/Tp_S_NNN_S_B_ind20045_ind20045_02293.tif,0.7533333333333333,0.86,1.0,1.0
CASIA2/Tp/Tp_S_NNN_S_B_nat00013_nat00013_00939.tif,0.9633333333333334,0.96,1.0,1.0
CASIA2/Tp/Tp_S_NNN_S_B_nat00015_nat00015_11052.jpg,0.3333333333333333,0.7566666666666667,0.9945833333333334,0.9833902116402118
CASIA2/Tp/Tp_S_NNN_S_B_nat00017_nat00017_00636.tif,0.9966666666666667,0.98,1.0,0.9994444444444444
CASIA2/Tp/Tp_S_NNN_S_B_nat00019_nat00019_20032.jpg,0.9133333333333333,0.8733333333333333,1.0,0.9891349206349207
CASIA2/Tp/Tp_S_NNN_S_B_nat00021_nat00021_00943.tif,0.9966666666666667,0.9933333333333333,1.0,0.9964814814814813
CASIA2/Tp/Tp_S_NNN_S_B_nat00021_nat00021_20033.jpg,0.9933333333333333,1.0,0.9933333333333333,0.994342796092796
CASIA2/Tp/Tp_S_NNN_S_B_nat00022_nat00022_20081.jpg,0.9966666666666667,0.9966666666666667,0.9982222222222223,0.985403439153439
CASIA2/Tp/Tp_S_NNN_S_B_nat00029_nat00029_00645.tif,1.0,0.99,1.0,1.0
CASIA2/Tp/Tp_S_NNN_S_B_nat00036_nat00036_00956.tif,0.96,0.95,1.0,0.9980555555555555
CASIA2/Tp/Tp_S_NNN_S_B_nat00040_nat00040_00963.tif,0.9966666666666667,0.9966666666666667,1.0,1.0
CASIA2/Tp/Tp_S_NNN_S_B_nat00050_nat00050_00968.tif,0.88,0.8766666666666667,1.0,0.9985
CASIA2/Tp/Tp_S_NNN_S_B_nat00059_nat00059_00971.tif,0.43666666666666665,0.17,1.0,1.0
CASIA2/Tp/Tp_S_NNN_S_B_nat00061_nat00061_00972.tif,0.25,0.11666666666666667,1.0,0.9818055555555554
CASIA2/Tp/Tp_S_NNN_S_B_nat00065_nat00065_00975.tif,0.9533333333333334,0.9266666666666666,1.0,1.0
CASIA2/Tp/Tp_S_NNN_S_B_nat00073_nat00073_00979.tif,0.8666666666666667,0.94,1.0,1.0
CASIA2/Tp/Tp_S_NNN_S_B_nat00074_nat00074_00980.tif,0.9266666666666666,0.9633333333333334,1.0,0.9992592592592593
CASIA2/Tp/Tp_S_NNN_S_B_nat00081_nat00081_10596.jpg,0.9566666666666667,0.97,1.0,1.0
CASIA2/Tp/Tp_S_NNN_S_B_nat00085_nat00085_00987.tif,0.9933333333333333,1.0,1.0,1.0
CASIA2/Tp/Tp_S_NNN_S_B_nat00088_nat00088_00990.tif,0.8833333333333333,0.9233333333333333,1.0,1.0
CASIA2/Tp/Tp_S_NNN_S_B_nat00092_nat00092_00994.tif,0.9066666666666666,0.9566666666666667,1.0,0.9991666666666666
CASIA2/Tp/Tp_S_NNN_S_B_nat00098_nat00098_00999.tif,0.9766666666666667,0.9533333333333334,1.0,0.9988888888888889
CASIA2/Tp/Tp_S_NNN_S_B_nat00100_nat00100_00998.tif,0.8166666666666667,0.84,1.0,0.9985714285714286
CASIA2/Tp/Tp_S_NNN_S_B_nat00100_nat00100_11095.jpg,0.8166666666666667,0.87,1.0,0.9822619047619047
CASIA2/Tp/Tp_S_NNN_S_B_nat10001_nat10001_20002.jpg,0.98,0.9933333333333333,0.25666666666666665,0.48080933880933857
CASIA2/Tp/Tp_S_NNN_S_B_nat10003_nat10003_20071.jpg,0.75,0.66,0.728476154020272,0.5654853526103526
CASIA2/Tp/Tp_S_NNN_S_B_nat10109_nat10109_11353.jpg,0.49,0.7733333333333333,0.65,0.7570495199245199
CASIA2/Tp/Tp_S_NNN_S_B_nat20001_nat20001_01505.tif,0.92,0.9566666666666667,0.9983809523809525,0.9972727272727273
CASIA2/Tp/Tp_S_NNN_S_B_nat20002_nat20002_02202.tif,0.6766666666666666,0.7133333333333334,1.0,1.0
CASIA2/Tp/Tp_S_NNN_S_B_nat20009_nat20009_02209.tif,0.9233333333333333,0.9233333333333333,1.0,0.9994444444444446
CASIA2/Tp/Tp_S_NNN_S_B_nat20010_nat20010_01514.tif,0.96,0.98,1.0,0.9971666666666668
CASIA2/Tp/Tp_S_NNN_S_B_nat20015_nat20015_02215.tif,0.6,0.5933333333333334,0.9966666666666667,1.0
CASIA2/Tp/Tp_S_NNN_S_B_nat20020_nat20020_02220.tif,0.2966666666666667,0.49,1.0,1.0
CASIA2/Tp/Tp_S_NNN_S_B_nat20027_nat20027_01531.tif,0.33,0.20333333333333334,1.0,1.0
CASIA2/Tp/Tp_S_NNN_S_B_nat20027_nat20027_02227.tif,0.9133333333333333,0.9466666666666667,1.0,1.0
CASIA2/Tp/Tp_S_NNN_S_B_nat20030_nat20030_02230.tif,0.85,0.8533333333333334,1.0,0.9988888888888889
CASIA2/Tp/Tp_S_NNN_S_B_nat20031_nat20031_02231.tif,0.7,0.7233333333333334,1.0,0.9957142857142858
CASIA2/Tp/Tp_S_NNN_S_B_nat20047_nat20047_02244.tif,0.7033333333333334,0.76,1.0,0.9972222222222221
CASIA2/Tp/Tp_S_NNN_S_B_nat20051_nat20051_02247.tif,0.99,1.0,0.9990476190476191,1.0
CASIA2/Tp/Tp_S_NNN_S_B_nat20052_nat20052_02248.tif,0.7366666666666667,0.7633333333333333,0.9966666666666667,0.9982222222222223
CASIA2/Tp/Tp_S_NNN_S_B_nat20059_nat20059_01563.tif,0.9233333333333333,0.9266666666666666,1.0,0.9988571428571428
CASIA2/Tp/Tp_S_NNN_S_B_nat20088_nat20088_01592.tif,0.31666666666666665,0.31333333333333335,0.99,0.9993333333333334
CASIA2/Tp/Tp_S_NNN_S_B_nat20092_nat20092_02458.tif,0.84,0.95,1.0,0.991441798941799
CASIA2/Tp/Tp_S_NNN_S_B_pla00002_pla00002_01124.tif,0.8,0.8066666666666666,1.0,0.994462962962963
CASIA2/Tp/Tp_S_NNN_S_B_pla00003_pla00003_01125.tif,0.9933333333333333,1.0,1.0,1.0
CASIA2/Tp/Tp_S_NNN_S_B_pla00014_pla00014_20064.jpg,1.0,1.0,0.9866666666666667,0.9867379749879749
CASIA2/Tp/Tp_S_NNN_S_B_pla00015_pla00015_20065.jpg,1.0,0.9966666666666667,0.9733333333333334,0.9692621452621452
CASIA2/Tp/Tp_S_NNN_S_B_pla00021_pla00021_20035.jpg,1.0,0.9866666666666667,0.92,0.9432765567765569
CASIA2/Tp/Tp_S_NNN_S_B_pla00024_pla00024_20082.jpg,0.9866666666666667,1.0,0.9666666666666667,0.9272271432271432
CASIA2/Tp/Tp_S_NNN_S_B_pla00031_pla00031_10964.jpg,0.8666666666666667,0.9666666666666667,0.9866666666666667,0.992388888888889
CASIA2/Tp/Tp_S_NNN_S_B_pla00049_pla00049_01158.tif,0.9566666666666667,0.9833333333333333,1.0,1.0
CASIA2/Tp/Tp_S_NNN_S_B_pla00054_pla00054_01163.tif,1.0,0.9833333333333333,1.0,1.0
CASIA2/Tp/Tp_S_NNN_S_B_pla00089_pla00089_01190.tif,0.9733333333333334,0.9233333333333333,1.0,0.9868608058608058
CASIA2/Tp/Tp_S_NNN_S_B_pla20001_pla20001_02399.tif,0.43666666666666665,0.5266666666666666,1.0,0.9993333333333334
CASIA2/Tp/Tp_S_NNN_S_B_pla20004_pla20004_01904.tif,0.9433333333333334,0.93,1.0,1.0
CASIA2/Tp/Tp_S_NNN_S_B_pla20004_pla20004_02400.tif,0.31333333333333335,0.32666666666666666,1.0,1.0
CASIA2/Tp/Tp_S_NNN_S_B_pla20006_pla20006_02396.tif,0.9866666666666667,0.9866666666666667,1.0,0.9980238095238095
CASIA2/Tp/Tp_S_NNN_S_B_pla20008_pla20008_02395.tif,0.9566666666666667,0.9333333333333333,0.9991666666666666,0.996
CASIA2/Tp/Tp_S_NNN_S_B_pla20009_pla20009_02394.tif,0.5833333333333334,0.6666666666666666,1.0,0.990351851851852
CASIA2/Tp/Tp_S_NNN_S_B_pla20013_pla20013_02392.tif,0.27666666666666667,0.5033333333333333,1.0,0.997450980392157
CASIA2/Tp/Tp_S_NNN_S_B_pla20037_pla20037_02384.tif,0.9633333333333334,0.9766666666666667,0.9966666666666667,0.9913134920634921
CASIA2/Tp/Tp_S_NNN_S_B_pla20047_pla20047_02380.tif,0.52,0.49,1.0,1.0
CASIA2/Tp/Tp_S_NNN_S_B_pla20061_pla20061_02371.tif,0.7866666666666666,0.8633333333333333,0.9966666666666667,0.9983333333333333
CASIA2/Tp/Tp_S_NNN_S_B_pla20065_pla20065_02368.tif,0.95,0.8266666666666667,1.0,1.0
CASIA2/Tp/Tp_S_NNN_S_B_pla20085_pla20085_02356.tif,0.9933333333333333,1.0,1.0,0.9972685185185185
CASIA2/Tp/Tp_S_NNN_S_B_pla20090_pla20090_02352.tif,0.9633333333333334,0.9266666666666666,1.0,0.9993333333333334
CASIA2/Tp/Tp_S_NNN_S_B_pla20092_pla20092_02350.tif,1.0,0.9733333333333334,0.9983333333333333,0.9991666666666666
CASIA2/Tp/Tp_S_NNN_S_B_pla20093_pla20093_02349.tif,0.9866666666666667,0.9866666666666667,1.0,1.0
CASIA2/Tp/Tp_S_NNN_S_B_pla20099_pla20099_02343.tif,0.44,0.26,1.0,0.9964166666666667
CASIA2/Tp/Tp_S_NNN_S_B_sec00013_sec00013_11229.jpg,0.81,0.9266666666666666,0.9866666666666667,0.9987777777777778
CASIA2/Tp/Tp_S_NNN_S_B_sec00028_sec00028_20116.jpg,0.7,0.97,1.0,0.9985714285714286
CASIA2/Tp/Tp_S_NNN_S_B_sec00031_sec00031_00738.tif,0.98,0.9566666666666667,1.0,1.0
CASIA2/Tp/Tp_S_NNN_S_B_sec00035_sec00035_00736.tif,0.9666666666666667,0.9,1.0,1.0
CASIA2/Tp/Tp_S_NNN_S_B_sec00038_sec00038_00059.tif,0.99,0.98,1.0,1.0
CASIA2/Tp/Tp_S_NNN_S_B_sec00040_sec00040_00061.tif,0.9966666666666667,0.9766666666666667,1.0,0.9927075517075518
CASIA2/Tp/Tp_S_NNN_S_B_sec00064_sec00064_00741.tif,0.2733333333333333,0.13666666666666666,1.0,1.0
CASIA2/Tp/Tp_S_NNN_S_B_sec00065_sec00065_00086.tif,0.6433333333333333,0.61,1.0,0.9993333333333334
CASIA2/Tp/Tp_S_NNN_S_B_sec00075_sec00075_00726.tif,0.9133333333333333,0.9366666666666666,1.0,1.0
CASIA2/Tp/Tp_S_NNN_S_B_sec00083_sec00083_11286.jpg,0.49666666666666665,0.78,0.990265873015873,0.8708692881192879
CASIA2/Tp/Tp_S_NNN_S_B_sec00087_sec00087_00107.tif,0.9266666666666666,0.9633333333333334,0.9996296296296298,1.0
CASIA2/Tp/Tp_S_NNN_S_B_sec00089_sec00089_00109.tif,0.99,0.9966666666666667,1.0,1.0
CASIA2/Tp/Tp_S_NNN_S_B_sec00089_sec00089_11121.jpg,0.99,1.0,0.9766666666666667,0.9993333333333334
CASIA2/Tp/Tp_S_NNN_S_B_sec00096_sec00096_00116.tif,0.9766666666666667,0.97,1.0,1.0
CASIA2/Tp/Tp_S_NNN_S_B_sec00098_sec00098_00011.tif,0.9966666666666667,0.99,1.0,1.0
CASIA2/Tp/Tp_S_NNN_S_B_sec10001_sec10001_20007.jpg,0.7233333333333334,0.5533333333333333,0.6860540015540015,0.5822356994856993
CASIA2/Tp/Tp_S_NNN_S_B_sec10002_sec10002_20048.jpg,0.85,0.7133333333333334,0.5823531514781515,0.5657806637806637
CASIA2/Tp/Tp_S_NNN_S_B_sec10003_sec10003_20070.jpg,0.9233333333333333,0.8866666666666667,0.7383053387244565,0.600146164021164
CASIA2/Tp/Tp_S_NNN_S_B_sec10116_sec10116_12145.jpg,0.9933333333333333,1.0,1.0,1.0
CASIA2/Tp/Tp_S_NNN_S_B_sec20001_sec20001_01436.tif,0.23333333333333334,0.44,1.0,1.0
CASIA2/Tp/Tp_S_NNN_S_B_sec20005_sec20005_01440.tif,0.7266666666666667,0.7533333333333333,1.0,1.0
CASIA2/Tp/Tp_S_NNN_S_B_sec20006_sec20006_01441.tif,0.9266666666666666,0.96,1.0,1.0
CASIA2/Tp/Tp_S_NNN_S_B_sec20013_sec20013_01448.tif,0.6966666666666667,0.54,1.0,0.9979166666666665
CASIA2/Tp/Tp_S_NNN_S_B_sec20041_sec20041_02447.tif,0.9966666666666667,0.9833333333333333,1.0,0.9976190476190476
CASIA2/Tp/Tp_S_NNN_S_B_sec20043_sec20043_02145.tif,1.0,0.9933333333333333,1.0,1.0
CASIA2/Tp/Tp_S_NNN_S_B_sec20060_sec20060_02148.tif,1.0,0.98,1.0,1.0
CASIA2/Tp/Tp_S_NNN_S_B_sec20069_sec20069_01659.tif,0.8933333333333333,0.9233333333333333,1.0,0.9993333333333334
CASIA2/Tp/Tp_S_NNN_S_B_sec20078_sec20078_01668.tif,0.9966666666666667,0.9766666666666667,0.9934599567099567,0.9973809523809524
CASIA2/Tp/Tp_S_NNN_S_B_sec20080_sec20080_01670.tif,1.0,0.9766666666666667,0.9933459595959596,0.9966666666666667
CASIA2/Tp/Tp_S_NNN_S_B_sec20091_sec20091_02445.tif,0.6933333333333334,0.45,0.9966666666666667,0.9807142857142858
CASIA2/Tp/Tp_S_NNN_S_B_txt00001_txt00001_01260.tif,0.75,0.83,0.9953067765567767,1.0
CASIA2/Tp/Tp_S_NNN_S_B_txt00003_txt00003_01262.tif,0.99,0.9966666666666667,1.0,1.0
CASIA2/Tp/Tp_S_NNN_S_B_txt00015_txt00015_20066.jpg,0.9933333333333333,1.0,1.0,0.9936666666666667
CASIA2/Tp/Tp_S_NNN_S_B_txt00019_txt00019_20036.jpg,1.0,0.97,0.9326571067821069,0.9458506493506492
CASIA2/Tp/Tp_S_NNN_S_B_txt00021_txt00021_20037.jpg,0.9833333333333333,0.9666666666666667,0.9066666666666666,0.9409182299182302
CASIA2/Tp/Tp_S_NNN_S_B_txt00026_txt00026_01271.tif,0.47333333333333333,0.2733333333333333,1.0,0.9947222222222223
CASIA2/Tp/Tp_S_NNN_S_B_txt00028_txt00028_20117.tif,0.9733333333333334,0.9533333333333334,1.0,0.9927063492063493
CASIA2/Tp/Tp_S_NNN_S_B_txt00092_txt00092_00691.tif,0.9533333333333334,0.9333333333333333,1.0,0.9931851851851851
CASIA2/Tp/Tp_S_NNN_S_M_ind00054_ind00054_10905.jpg,0.49333333333333335,0.8566666666666667,0.9963333333333333,0.9964102564102564
CASIA2/Tp/Tp_S_NNN_S_M_ind00055_ind00055_10906.jpg,0.31333333333333335,0.9133333333333333,0.9866666666666667,0.9957142857142858
CASIA2/Tp/Tp_S_NNN_S_M_ind00055_ind00055_10907.jpg,0.57,0.8566666666666667,0.9933333333333333,0.9921904761904762
CASIA2/Tp/Tp_S_NNN_S_N_ani00003_ani00003_00834.tif,0.97,0.9433333333333334,0.9966666666666667,1.0
CASIA2/Tp/Tp_S_NNN_S_N_ani00004_ani00004_00124.tif,0.9166666666666666,0.91,1.0,1.0
CASIA2/Tp/Tp_S_NNN_S_N_ani00006_ani00006_00833.tif,0.95,0.95,1.0,1.0
CASIA2/Tp/Tp_S_NNN_S_N_ani00007_ani00007_00127.tif,0.96,0.9566666666666667,1.0,0.999
CASIA2/Tp/Tp_S_NNN_S_N_ani00008_ani00008_00128.tif,0.95,0.91,1.0,0.9983333333333333
CASIA2/Tp/Tp_S_NNN_S_N_ani00012_ani00012_00836.tif,0.8833333333333333,0.8033333333333333,1.0,0.9991666666666666
CASIA2/Tp/Tp_S_NNN_S_N_ani00023_ani00023_00010.tif,0.95,0.9266666666666666,1.0,0.9994444444444446
CASIA2/Tp/Tp_S_NNN_S_N_ani00031_ani00031_00151.tif,0.9833333333333333,0.97,1.0,1.0
CASIA2/Tp/Tp_S_NNN_S_N_ani00034_ani00034_00154.tif,0.69,0.7633333333333333,1.0,0.9995833333333334
CASIA2/Tp/Tp_S_NNN_S_N_ani00040_ani00040_00160.tif,0.9533333333333334,0.9566666666666667,0.9985185185185185,1.0
CASIA2/Tp/Tp_S_NNN_S_N_ani00044_ani00044_00830.tif,0.14,0.03,1.0,1.0
CASIA2/Tp/Tp_S_NNN_S_N_ani00047_ani00047_00829.tif,0.5633333333333334,0.5933333333333334,1.0,1.0
CASIA2/Tp/Tp_S_NNN_S_N_ani00049_ani00049_01258.tif,0.8133333333333334,0.8133333333333334,1.0,0.9930925925925926
CASIA2/Tp/Tp_S_NNN_S_N_ani00050_ani00050_00170.tif,1.0,0.9966666666666667,1.0,1.0
CASIA2/Tp/Tp_S_NNN_S_N_ani00050_ani00050_10223.tif,1.0,0.9966666666666667,1.0,1.0
CASIA2/Tp/Tp_S_NNN_S_N_ani00051_ani00051_00171.tif,0.9933333333333333,0.9866666666666667,0.9993333333333334,1.0
CASIA2/Tp/Tp_S_NNN_S_N_ani00055_ani00051_11147.jpg,0.92,0.9866666666666667,0.9966666666666667,0.9988888888888889
CASIA2/Tp/Tp_S_NNN_S_N_ani00076_ani00076_00824.tif,0.81,0.9,1.0,0.9980158730158731
CASIA2/Tp/Tp_S_NNN_S_N_ani00080_ani00080_00200.tif,0.9966666666666667,0.9966666666666667,1.0,1.0
CASIA2/Tp/Tp_S_NNN_S_N_ani00081_ani00081_00819.tif,0.9933333333333333,0.9966666666666667,1.0,1.0
CASIA2/Tp/Tp_S_NNN_S_N_ani00083_ani00083_00818.tif,0.9933333333333333,0.99,1.0,1.0
CASIA2/Tp/Tp_S_NNN_S_N_ani00084_ani00084_00817.tif,0.9866666666666667,0.99,1.0,0.9991666666666666
CASIA2/Tp/Tp_S_NNN_S_N_ani00087_ani00087_00207.tif,0.9833333333333333,0.9966666666666667,1.0,1.0
CASIA2/Tp/Tp_S_NNN_S_N_ani00087_ani00087_00814.tif,0.97,0.9833333333333333,1.0,1.0
CASIA2/Tp/Tp_S_NNN_S_N_ani00089_ani00089_00209.tif,0.8966666666666666,0.9333333333333333,1.0,1.0
CASIA2/Tp/Tp_S_NNN_S_N_ani00089_ani00089_00813.tif,0.9433333333333334,0.9833333333333333,1.0,1.0
CASIA2/Tp/Tp_S_NNN_S_N_ani00089_ani00089_11145.jpg,0.8733333333333333,0.97,0.9966666666666667,1.0
CASIA2/Tp/Tp_S_NNN_S_N_ani00090_ani00090_00812.tif,0.8666666666666667,0.9166666666666666,1.0,1.0
CASIA2/Tp/Tp_S_NNN_S_N_ani00092_ani00092_00811.tif,0.98,0.9966666666666667,1.0,1.0
CASIA2/Tp/Tp_S_NNN_S_N_ani00094_ani00094_00214.tif,0.98,0.9966666666666667,1.0,1.0
CASIA2/Tp/Tp_S_NNN_S_N_ani00095_ani00095_00215.tif,0.9933333333333333,0.99,1.0,1.0
CASIA2/Tp/Tp_S_NNN_S_N_ani00095_ani00095_00809.tif,0.96,0.9133333333333333,1.0,1.0
CASIA2/Tp/Tp_S_NNN_S_N_ani00096_ani00096_00808.tif,1.0,1.0,1.0,1.0
CASIA2/Tp/Tp_S_NNN_S_N_ani00099_ani00099_00806.tif,0.6133333333333333,0.8466666666666667,1.0,0.9993333333333334
CASIA2/Tp/Tp_S_NNN_S_N_ani00099_ani00099_01253.tif,0.16,0.4,1.0,0.9993333333333334
CASIA2/Tp/Tp_S_NNN_S_N_ani00100_ani00100_00805.tif,0.4633333333333333,0.43,1.0,0.9929166666666667
CASIA2/Tp/Tp_S_NNN_S_N_ani00100_ani00100_11649.jpg,0.62,0.8666666666666667,0.9533333333333334,0.9441665464165466
CASIA2/Tp/Tp_S_NNN_S_N_ani10103_ani10103_10633.jpg,0.9966666666666667,0.9766666666666667,0.5833333333333334,0.8383974081474082
CASIA2/Tp/Tp_S_NNN_S_N_ani10127_ani10127_12469.jpg,0.9633333333333334,0.96,0.644747705997706,0.6927133607133605
CASIA2/Tp/Tp_S_NNN_S_N_ani10139_ani10139_12499.jpg,1.0,1.0,0.9915740740740739,0.9917804232804234
CASIA2/Tp/Tp_S_NNN_S_N_ani10157_ani10157_12465.jpg,0.5,0.75,0.9607433862433862,0.9501472323972323
CASIA2/Tp/Tp_S_NNN_S_N_ani10166_ani10166_12445.jpg,0.7,0.8066666666666666,0.41333333333333333,0.4814347041847043
CASIA2/Tp/Tp_S_NNN_S_N_ani10168_ani10168_12447.jpg,0.4166666666666667,0.2633333333333333,0.2866666666666667,0.3173827931327932
CASIA2/Tp/Tp_S_NNN_S_N_ani10170_ani10170_12453.jpg,0.8133333333333334,0.8733333333333333,0.9740873015873016,0.9455497835497838
CASIA2/Tp/Tp_S_NNN_S_N_ani10171_ani10171_12456.jpg,0.8866666666666667,0.9066666666666666,0.9840126262626262,0.995904761904762
CASIA2/Tp/Tp_S_NNN_S_N_ani10172_ani10172_12451.jpg,0.98,0.9466666666666667,0.9233333333333333,0.9810515873015871
CASIA2/Tp/Tp_S_NNN_S_N_ani10175_ani10175_12459.jpg,0.9333333333333333,0.96,1.0,0.9844920634920635
CASIA2/Tp/Tp_S_NNN_S_N_ani10183_ani10183_12422.jpg,0.62,0.7566666666666667,0.9756879231879232,0.9834828042328041
CASIA2/Tp/Tp_S_NNN_S_N_ani10194_ani10194_12399.jpg,0.77,0.85,0.9866666666666667,0.9973333333333333
CASIA2/Tp/Tp_S_NNN_S_N_ani10197_ani10197_12405.jpg,0.8433333333333334,0.8266666666666667,0.9533333333333334,0.9405732323232325
CASIA2/Tp/Tp_S_NNN_S_N_ani10197_ani10197_12406.jpg,0.8533333333333334,0.8266666666666667,0.95,0.9467531265031266
CASIA2/Tp/Tp_S_NNN_S_N_ani10215_ani10215_12383.jpg,0.98,0.9733333333333334,0.6633333333333333,0.7845015493765494
CASIA2/Tp/Tp_S_NNN_S_N_ani10222_ani10222_12395.jpg,0.8266666666666667,0.88,0.9933333333333333,0.9676356976356977
CASIA2/Tp/Tp_S_NNN_S_N_ani10223_ani10223_12398.jpg,0.94,0.95,0.9941666666666665,0.9987777777777778
CASIA2/Tp/Tp_S_NNN_S_N_ani20002_ani20002_01451.tif,0.9333333333333333,0.93,1.0,0.9994444444444444
CASIA2/Tp/Tp_S_NNN_S_N_ani20007_ani20007_02050.tif,0.9533333333333334,0.94,1.0,0.9903240740740741
CASIA2/Tp/Tp_S_NNN_S_N_ani20008_ani20008_02051.tif,0.7666666666666667,0.7966666666666666,1.0,1.0
CASIA2/Tp/Tp_S_NNN_S_N_ani20010_ani20010_02053.tif,0.9933333333333333,0.9933333333333333,1.0,0.9988888888888889
CASIA2/Tp/Tp_S_NNN_S_N_ani20013_ani20013_02056.tif,0.98,0.9766666666666667,0.9966666666666667,0.9949259259259259
CASIA2/Tp/Tp_S_NNN_S_N_ani20014_ani20014_02057.tif,0.95,0.98,1.0,1.0
CASIA2/Tp/Tp_S_NNN_S_N_ani20019_ani20019_02062.tif,0.33,0.4533333333333333,1.0,0.9970000000000001
CASIA2/Tp/Tp_S_NNN_S_N_ani20022_ani20022_02065.tif,1.0,0.9733333333333334,0.9733333333333334,0.9592435897435898
CASIA2/Tp/Tp_S_NNN_S_N_ani20024_ani20024_02067.tif,0.5333333333333333,0.35333333333333333,1.0,1.0
CASIA2/Tp/Tp_S_NNN_S_N_ani20035_ani20035_02078.tif,0.55,0.66,1.0,1.0
CASIA2/Tp/Tp_S_NNN_S_N_ani20036_ani20036_02079.tif,0.98,0.9533333333333334,0.9960052910052911,0.9957142857142858
CASIA2/Tp/Tp_S_NNN_S_N_ani20040_ani20040_02083.tif,0.9533333333333334,0.9333333333333333,1.0,0.9983333333333333
CASIA2/Tp/Tp_S_NNN_S_N_ani20041_ani20041_02085.tif,0.6966666666666667,0.5033333333333333,0.9983333333333333,0.9975757575757576
CASIA2/Tp/Tp_S_NNN_S_N_ani20042_ani20042_02084.tif,0.9233333333333333,0.96,1.0,0.9993333333333334
CASIA2/Tp/Tp_S_NNN_S_N_ani20044_ani20044_02087.tif,0.4033333333333333,0.20666666666666667,1.0,0.9985714285714286
CASIA2/Tp/Tp_S_NNN_S_N_ani20045_ani20045_02088.tif,0.5766666666666667,0.44,1.0,1.0
CASIA2/Tp/Tp_S_NNN_S_N_ani20046_ani20046_02089.tif,0.96,0.9833333333333333,1.0,1.0
CASIA2/Tp/Tp_S_NNN_S_N_ani20047_ani20047_02455.tif,0.92,0.8,0.9980158730158731,0.9939682539682538
CASIA2/Tp/Tp_S_NNN_S_N_ani20048_ani20048_02091.tif,0.91,0.8666666666666667,1.0,0.9973941798941798
CASIA2/Tp/Tp_S_NNN_S_N_ani20049_ani20049_02092.tif,1.0,1.0,1.0,0.9975
CASIA2/Tp/Tp_S_NNN_S_N_ani20062_ani20062_02104.tif,0.9733333333333334,0.98,0.9993333333333334,1.0
CASIA2/Tp/Tp_S_NNN_S_N_ani20063_ani20063_02105.tif,0.9533333333333334,0.9566666666666667,1.0,0.9994444444444444
CASIA2/Tp/Tp_S_NNN_S_N_ani20064_ani20064_02106.tif,0.98,0.96,1.0,1.0
CASIA2/Tp/Tp_S_NNN_S_N_ani20070_ani20070_02112.tif,0.26,0.23666666666666666,1.0,1.0
CASIA2/Tp/Tp_S_NNN_S_N_arc00001_arc00001_01103.tif,0.3433333333333333,0.33,1.0,0.9991666666666666
CASIA2/Tp/Tp_S_NNN_S_N_arc00005_arc00005_01105.tif,0.33666666666666667,0.15333333333333332,0.9988888888888889,0.9975
CASIA2/Tp/Tp_S_NNN_S_N_arc00006_arc00006_00226.tif,0.36,0.26,1.0,0.9944841269841269
CASIA2/Tp/Tp_S_NNN_S_N_arc00006_arc00006_01106.tif,0.5833333333333334,0.45,1.0,0.9988888888888889
CASIA2/Tp/Tp_S_NNN_S_N_arc00007_arc00007_00227.tif,0.6133333333333333,0.52,1.0,0.9983333333333333
CASIA2/Tp/Tp_S_NNN_S_N_arc00007_arc00007_01107.tif,0.5633333333333334,0.48333333333333334,1.0,0.9983333333333333
CASIA2/Tp/Tp_S_NNN_S_N_arc00007_arc00007_01121.tif,0.24333333333333335,0.20666666666666667,1.0,0.9867592592592592
CASIA2/Tp/Tp_S_NNN_S_N_arc00008_arc00008_01108.tif,0.47333333333333333,0.34,1.0,1.0
CASIA2/Tp/Tp_S_NNN_S_N_arc00015_arc00015_01113.tif,0.9966666666666667,0.9866666666666667,1.0,1.0
CASIA2/Tp/Tp_S_NNN_S_N_arc00018_arc00018_00238.tif,0.96,0.9133333333333333,0.9993333333333334,0.9991666666666666
CASIA2/Tp/Tp_S_NNN_S_N_arc00022_arc00022_01120.tif,0.6966666666666667,0.56,1.0,1.0
CASIA2/Tp/Tp_S_NNN_S_N_arc00024_arc00024_01098.tif,0.9533333333333334,0.7366666666666667,1.0,1.0
CASIA2/Tp/Tp_S_NNN_S_N_arc00026_arc00026_01096.tif,0.99,0.98,1.0,0.9966666666666667
CASIA2/Tp/Tp_S_NNN_S_N_arc00027_arc00027_01095.tif,0.9966666666666667,0.9866666666666667,1.0,1.0
CASIA2/Tp/Tp_S_NNN_S_N_arc00028_arc00028_20118.tif,0.95,0.9466666666666667,1.0,1.0
CASIA2/Tp/Tp_S_NNN_S_N_arc00029_arc00029_00249.tif,0.74,0.52,0.9966666666666667,1.0
CASIA2/Tp/Tp_S_NNN_S_N_arc00029_arc00029_00777.tif,0.65,0.39,0.9966666666666667,0.9975
CASIA2/Tp/Tp_S_NNN_S_N_arc00029_arc00029_20119.tif,0.73,0.48,0.9966666666666667,1.0
CASIA2/Tp/Tp_S_NNN_S_N_arc00032_arc00032_01092.tif,0.8433333333333334,0.9066666666666666,1.0,1.0
CASIA2/Tp/Tp_S_NNN_S_N_arc00034_arc00034_01090.tif,0.98,0.9833333333333333,1.0,1.0
CASIA2/Tp/Tp_S_NNN_S_N_arc00035_arc00035_01089.tif,0.3333333333333333,0.43666666666666665,1.0,0.9991666666666666
CASIA2/Tp/Tp_S_NNN_S_N_arc00038_arc00038_01086.tif,0.9233333333333333,0.9133333333333333,1.0,1.0
CASIA2/Tp/Tp_S_NNN_S_N_arc00040_arc00040_01085.tif,0.8533333333333334,0.8933333333333333,1.0,0.9990476190476191
CASIA2/Tp/Tp_S_NNN_S_N_arc00044_arc00044_00264.tif,0.7,0.5866666666666667,1.0,0.9986666666666667
CASIA2/Tp/Tp_S_NNN_S_N_arc00044_arc00044_01081.tif,0.7566666666666667,0.7566666666666667,1.0,1.0
CASIA2/Tp/Tp_S_NNN_S_N_arc00048_arc00048_00780.tif,0.9066666666666666,0.9533333333333334,1.0,1.0
CASIA2/Tp/Tp_S_NNN_S_N_arc00048_arc00048_01078.tif,0.9866666666666667,1.0,1.0,1.0
CASIA2/Tp/Tp_S_NNN_S_N_arc00054_arc00054_11927.jpg,0.43333333333333335,0.58,0.99,0.9725807248307251
CASIA2/Tp/Tp_S_NNN_S_N_arc00058_arc00058_01068.tif,0.99,1.0,1.0,1.0
CASIA2/Tp/Tp_S_NNN_S_N_arc00061_arc00061_01065.tif,0.7266666666666667,0.7933333333333333,1.0,1.0
CASIA2/Tp/Tp_S_NNN_S_N_arc00062_arc00062_01064.tif,0.9666666666666667,0.9833333333333333,1.0,1.0
CASIA2/Tp/Tp_S_NNN_S_N_arc00063_arc00063_01063.tif,0.87,0.5366666666666666,1.0,0.9901269841269842
CASIA2/Tp/Tp_S_NNN_S_N_arc00064_arc00064_01062.tif,0.84,0.9233333333333333,1.0,1.0
CASIA2/Tp/Tp_S_NNN_S_N_arc00069_arc00069_01059.tif,0.97,0.9933333333333333,1.0,1.0
CASIA2/Tp/Tp_S_NNN_S_N_arc00072_arc00072_01058.tif,0.9733333333333334,0.9833333333333333,1.0,0.9995833333333334
CASIA2/Tp/Tp_S_NNN_S_N_arc00076_arc00076_01052.tif,0.9933333333333333,0.99,1.0,1.0
CASIA2/Tp/Tp_S_NNN_S_N_arc00078_arc00078_00298.tif,0.9766666666666667,0.9933333333333333,1.0,0.9976190476190476
CASIA2/Tp/Tp_S_NNN_S_N_arc00078_arc00078_11880.jpg,0.5533333333333333,0.8666666666666667,0.9733333333333334,0.9981111111111112
CASIA2/Tp/Tp_S_NNN_S_N_arc00079_arc00079_00299.tif,0.9033333333333333,0.96,0.9991666666666666,1.0
CASIA2/Tp/Tp_S_NNN_S_N_arc00079_arc00079_01049.tif,0.59,0.6466666666666666,0.9991666666666666,1.0
CASIA2/Tp/Tp_S_NNN_S_N_arc00081_arc00081_01048.tif,0.19333333333333333,0.26,1.0,0.9961666666666668
CASIA2/Tp/Tp_S_NNN_S_N_arc00084_arc00084_01046.tif,0.5733333333333334,0.6366666666666667,1.0,1.0
CASIA2/Tp/Tp_S_NNN_S_N_arc00085_arc00085_01045.tif,0.49666666666666665,0.6033333333333334,0.9993333333333334,0.9991666666666666
CASIA2/Tp/Tp_S_NNN_S_N_arc00086_arc00086_01044.tif,0.37333333333333335,0.7066666666666667,1.0,0.9978333333333335
CASIA2/Tp/Tp_S_NNN_S_N_arc00089_arc00089_01040.tif,0.74,0.59,1.0,0.9993333333333334
CASIA2/Tp/Tp_S_NNN_S_N_arc00091_arc00091_00311.tif,1.0,0.9133333333333333,1.0,0.9975
CASIA2/Tp/Tp_S_NNN_S_N_arc00092_arc00092_11204.jpg,0.76,0.8233333333333334,0.9666666666666667,0.9518169793169794
CASIA2/Tp/Tp_S_NNN_S_N_arc00093_arc00093_00313.tif,0.97,0.91,1.0,1.0
CASIA2/Tp/Tp_S_NNN_S_N_arc00094_arc00094_01036.tif,0.8633333333333333,0.8766666666666667,1.0,0.9966666666666667
CASIA2/Tp/Tp_S_NNN_S_N_arc00095_arc00095_11200.jpg,0.8966666666666666,0.9733333333333334,1.0,0.9979999999999999
CASIA2/Tp/Tp_S_NNN_S_N_arc00096_arc00096_01034.tif,0.81,0.8766666666666667,1.0,0.9815476190476191
CASIA2/Tp/Tp_S_NNN_S_N_arc00100_arc00100_00320.tif,0.94,0.7833333333333333,1.0,1.0
CASIA2/Tp/Tp_S_NNN_S_N_arc10001_arc10001_20012.jpg,0.6366666666666667,0.5666666666666667,0.7466717177158354,0.5897120749620748
CASIA2/Tp/Tp_S_NNN_S_N_arc10101_arc10101_11167.jpg,0.54,0.8833333333333333,0.5666666666666667,0.8548198468198469
CASIA2/Tp/Tp_S_NNN_S_N_arc10101_arc10101_11168.jpg,0.5966666666666667,0.86,0.5866666666666667,0.8634807414807415
CASIA2/Tp/Tp_S_NNN_S_N_arc10101_arc10101_11169.jpg,0.4533333333333333,0.8333333333333334,0.5633333333333334,0.8097332066082067
CASIA2/Tp/Tp_S_NNN_S_N_arc10103_arc10103_10860.jpg,0.6266666666666667,0.7433333333333333,0.61,0.8244489676989678
CASIA2/Tp/Tp_S_NNN_S_N_arc10117_arc10117_10766.jpg,0.63,0.7933333333333333,1.0,0.9137070059570062
CASIA2/Tp/Tp_S_NNN_S_N_arc10118_arc10118_10759.jpg,0.7033333333333334,0.89,0.9766666666666667,0.9798820346320347
CASIA2/Tp/Tp_S_NNN_S_N_arc10118_arc10118_10760.jpg,0.75,0.91,0.9766666666666667,0.9761346801346802
CASIA2/Tp/Tp_S_NNN_S_N_arc10122_arc10122_11884.jpg,0.9833333333333333,1.0,1.0,1.0
CASIA2/Tp/Tp_S_NNN_S_N_arc10122_arc10122_11885.jpg,0.74,0.9066666666666666,1.0,0.9934166666666666
CASIA2/Tp/Tp_S_NNN_S_N_arc10122_arc10122_11886.jpg,0.5933333333333334,0.81,1.0,0.9934166666666666
CASIA2/Tp/Tp_S_NNN_S_N_arc20002_arc20002_01455.tif,0.71,0.7433333333333333,1.0,1.0
CASIA2/Tp/Tp_S_NNN_S_N_arc20002_arc20002_02150.tif,0.7033333333333334,0.7066666666666667,1.0,1.0
CASIA2/Tp/Tp_S_NNN_S_N_arc20002_arc20002_02465.tif,0.7166666666666667,0.7066666666666667,1.0,1.0
CASIA2/Tp/Tp_S_NNN_S_N_arc20003_arc20003_02466.tif,0.39,0.5566666666666666,0.9966666666666667,0.9867373737373739
CASIA2/Tp/Tp_S_NNN_S_N_arc20005_arc20005_01458.tif,0.8333333333333334,0.8766666666666667,0.9966666666666667,0.9983333333333333
CASIA2/Tp/Tp_S_NNN_S_N_arc20006_arc20006_01459.tif,0.59,0.6533333333333333,1.0,1.0
CASIA2/Tp/Tp_S_NNN_S_N_arc20006_arc20006_02467.tif,0.41333333333333333,0.4266666666666667,1.0,0.9978333333333335
CASIA2/Tp/Tp_S_NNN_S_N_arc20007_arc20007_01460.tif,0.6033333333333334,0.7133333333333334,1.0,0.9971111111111111
CASIA2/Tp/Tp_S_NNN_S_N_arc20012_arc20012_01465.tif,0.94,0.9666666666666667,1.0,0.9956851851851852
CASIA2/Tp/Tp_S_NNN_S_N_arc20013_arc20013_01466.tif,0.59,0.5966666666666667,0.9963690476190475,0.9990909090909091
CASIA2/Tp/Tp_S_NNN_S_N_arc20013_arc20013_02157.tif,0.63,0.7066666666666667,1.0,1.0
CASIA2/Tp/Tp_S_NNN_S_N_arc20014_arc20014_01467.tif,0.9566666666666667,0.9233333333333333,1.0,0.9984848484848485
CASIA2/Tp/Tp_S_NNN_S_N_arc20019_arc20019_02469.tif,0.5866666666666667,0.7333333333333333,1.0,0.9990028490028491
CASIA2/Tp/Tp_S_NNN_S_N_arc20021_arc20021_01474.tif,0.4866666666666667,0.5366666666666666,0.9979999999999999,1.0
CASIA2/Tp/Tp_S_NNN_S_N_arc20021_arc20021_02166.tif,0.6833333333333333,0.72,0.9979999999999999,1.0
CASIA2/Tp/Tp_S_NNN_S_N_arc20023_arc20023_02164.tif,0.8533333333333334,0.8533333333333334,1.0,0.9979999999999999
CASIA2/Tp/Tp_S_NNN_S_N_arc20024_arc20024_01477.tif,0.38666666666666666,0.4533333333333333,1.0,1.0
CASIA2/Tp/Tp_S_NNN_S_N_arc20024_arc20024_02165.tif,0.5433333333333333,0.63,1.0,0.9991666666666666
CASIA2/Tp/Tp_S_NNN_S_N_arc20024_arc20024_02475.tif,0.3433333333333333,0.4266666666666667,1.0,0.9933658008658007
CASIA2/Tp/Tp_S_NNN_S_N_arc20029_arc20029_01482.tif,0.5333333333333333,0.7433333333333333,1.0,1.0
CASIA2/Tp/Tp_S_NNN_S_N_arc20029_arc20029_02471.tif,0.9666666666666667,0.9733333333333334,1.0,0.9985714285714286
CASIA2/Tp/Tp_S_NNN_S_N_arc20030_arc20030_01483.tif,0.49333333333333335,0.43333333333333335,1.0,0.9966666666666667
CASIA2/Tp/Tp_S_NNN_S_N_arc20031_arc20031_01484.tif,0.4166666666666667,0.44333333333333336,0.9993333333333334,1.0
CASIA2/Tp/Tp_S_NNN_S_N_arc20031_arc20031_02171.tif,0.71,0.71,0.9993333333333334,1.0
CASIA2/Tp/Tp_S_NNN_S_N_arc20031_arc20031_02462.tif,0.7466666666666667,0.8133333333333334,0.9993333333333334,1.0
CASIA2/Tp/Tp_S_NNN_S_N_arc20032_arc20032_01485.tif,0.9833333333333333,0.9633333333333334,0.9991666666666666,0.9990476190476191
CASIA2/Tp/Tp_S_NNN_S_N_arc20037_arc20037_01490.tif,0.58,0.6133333333333333,1.0,1.0
CASIA2/Tp/Tp_S_NNN_S_N_arc20037_arc20037_02173.tif,0.64,0.6466666666666666,1.0,1.0
CASIA2/Tp/Tp_S_NNN_S_N_arc20039_arc20039_01492.tif,0.8133333333333334,0.8166666666666667,1.0,1.0
CASIA2/Tp/Tp_S_NNN_S_N_arc20041_arc20041_01494.tif,0.9733333333333334,0.9766666666666667,1.0,0.9972592592592594
CASIA2/Tp/Tp_S_NNN_S_N_arc20041_arc20041_02177.tif,0.84,0.9366666666666666,0.9966666666666667,0.9972592592592594
CASIA2/Tp/Tp_S_NNN_S_N_arc20044_arc20044_02180.tif,0.5533333333333333,0.6066666666666667,1.0,0.996482683982684
CASIA2/Tp/Tp_S_NNN_S_N_arc20046_arc20046_01499.tif,0.87,0.86,1.0,0.9975
CASIA2/Tp/Tp_S_NNN_S_N_arc20047_arc20047_02181.tif,0.53,0.6466666666666666,1.0,0.9986111111111112
CASIA2/Tp/Tp_S_NNN_S_N_arc20048_arc20048_01501.tif,0.9933333333333333,0.9966666666666667,1.0,0.9990476190476191
CASIA2/Tp/Tp_S_NNN_S_N_arc20050_arc20050_01503.tif,0.94,0.8866666666666667,0.9966666666666667,0.9991666666666666
CASIA2/Tp/Tp_S_NNN_S_N_arc20051_arc20051_01691.tif,0.9966666666666667,1.0,1.0,0.9991666666666666
CASIA2/Tp/Tp_S_NNN_S_N_arc20053_arc20053_01693.tif,0.95,0.9633333333333334,1.0,1.0
CASIA2/Tp/Tp_S_NNN_S_N_arc20054_arc20054_01694.tif,0.7133333333333334,0.74,1.0,1.0
CASIA2/Tp/Tp_S_NNN_S_N_arc20055_arc20055_01695.tif,0.9966666666666667,0.9966666666666667,1.0,1.0
CASIA2/Tp/Tp_S_NNN_S_N_arc20058_arc20058_01698.tif,0.53,0.62,1.0,0.9975
CASIA2/Tp/Tp_S_NNN_S_N_arc20061_arc20061_01701.tif,0.9333333333333333,0.93,1.0,1.0
CASIA2/Tp/Tp_S_NNN_S_N_arc20062_arc20062_01702.tif,0.15333333333333332,0.4533333333333333,1.0,0.9963888888888888
CASIA2/Tp/Tp_S_NNN_S_N_arc20063_arc20063_01703.tif,0.94,0.8266666666666667,0.9266666666666666,0.9020793650793654
CASIA2/Tp/Tp_S_NNN_S_N_arc20066_arc20066_01706.tif,0.95,0.95,0.9979444444444444,0.9951481481481482
CASIA2/Tp/Tp_S_NNN_S_N_arc20066_arc20066_02195.tif,0.97,0.98,0.9991414141414142,0.9933888888888889
CASIA2/Tp/Tp_S_NNN_S_N_arc20067_arc20067_02194.tif,0.99,0.98,1.0,0.9991666666666666
CASIA2/Tp/Tp_S_NNN_S_N_arc20072_arc20072_02463.tif,0.91,0.8866666666666667,0.9972727272727273,0.9986666666666667
CASIA2/Tp/Tp_S_NNN_S_N_arc20073_arc20073_01713.tif,0.9933333333333333,0.9933333333333333,0.9933333333333333,0.9986666666666667
CASIA2/Tp/Tp_S_NNN_S_N_arc20073_arc20073_02484.tif,0.97,0.9866666666666667,1.0,0.9986666666666667
CASIA2/Tp/Tp_S_NNN_S_N_arc20075_arc20075_01715.tif,0.59,0.6766666666666666,0.9966666666666667,0.9929999999999999
CASIA2/Tp/Tp_S_NNN_S_N_arc20081_arc20081_01721.tif,0.7,0.5933333333333334,0.9891986994486994,0.9841991341991341
CASIA2/Tp/Tp_S_NNN_S_N_arc20082_arc20082_01722.tif,0.89,0.9466666666666667,0.99,1.0
CASIA2/Tp/Tp_S_NNN_S_N_arc20084_arc20084_01724.tif,0.81,0.8133333333333334,1.0,1.0
CASIA2/Tp/Tp_S_NNN_S_N_arc20084_arc20084_02188.tif,0.7866666666666666,0.8433333333333334,1.0,1.0
CASIA2/Tp/Tp_S_NNN_S_N_arc20084_arc20084_02417.tif,0.8466666666666667,0.9,1.0,1.0
CASIA2/Tp/Tp_S_NNN_S_N_arc20086_arc20086_01726.tif,0.7766666666666666,0.8833333333333333,0.9966666666666667,0.9991666666666666
CASIA2/Tp/Tp_S_NNN_S_N_arc20086_arc20086_02415.tif,0.57,0.5333333333333333,0.9966666666666667,0.9991666666666666
CASIA2/Tp/Tp_S_NNN_S_N_arc20088_arc20088_01728.tif,0.4066666666666667,0.47,0.9994444444444444,0.9992592592592593
CASIA2/Tp/Tp_S_NNN_S_N_arc20091_arc20091_01731.tif,0.7166666666666667,0.8133333333333334,1.0,1.0
CASIA2/Tp/Tp_S_NNN_S_N_arc20091_arc20091_02408.tif,0.44666666666666666,0.49333333333333335,1.0,1.0
CASIA2/Tp/Tp_S_NNN_S_N_arc20092_arc20092_01732.tif,0.88,0.9066666666666666,1.0,0.9741666666666666
CASIA2/Tp/Tp_S_NNN_S_N_arc20094_arc20094_02410.tif,0.7033333333333334,0.7033333333333334,1.0,1.0
CASIA2/Tp/Tp_S_NNN_S_N_arc20095_arc20095_01735.tif,0.7633333333333333,0.7766666666666666,1.0,1.0
CASIA2/Tp/Tp_S_NNN_S_N_arc20095_arc20095_02409.tif,0.8066666666666666,0.7833333333333333,1.0,1.0
CASIA2/Tp/Tp_S_NNN_S_N_arc20098_arc20098_02187.tif,0.7466666666666667,0.75,1.0,1.0
CASIA2/Tp/Tp_S_NNN_S_N_arc20099_arc20099_01739.tif,0.6533333333333333,0.8266666666666667,1.0,1.0
CASIA2/Tp/Tp_S_NNN_S_N_arc20099_arc20099_02186.tif,0.6433333333333333,0.8233333333333334,1.0,0.9993333333333334
CASIA2/Tp/Tp_S_NNN_S_N_art00005_art00005_01195.tif,0.3333333333333333,0.18,1.0,1.0
CASIA2/Tp/Tp_S_NNN_S_N_art00012_art00012_01202.tif,0.31,0.23,1.0,0.9951481481481482
CASIA2/Tp/Tp_S_NNN_S_N_art00017_art00017_00920.tif,0.82,0.83,1.0,1.0
CASIA2/Tp/Tp_S_NNN_S_N_art00018_art00018_00921.tif,0.77,0.7433333333333333,0.9994871794871794,1.0
CASIA2/Tp/Tp_S_NNN_S_N_art00018_art00018_01206.tif,0.83,0.7866666666666666,0.9994871794871794,1.0
CASIA2/Tp/Tp_S_NNN_S_N_art00020_art00020_01207.tif,0.6,0.8766666666666667,1.0,1.0
CASIA2/Tp/Tp_S_NNN_S_N_art00020_art00020_01426.tif,0.46,0.7333333333333333,1.0,0.9961111111111111
CASIA2/Tp/Tp_S_NNN_S_N_art00021_art00021_00922.tif,0.45666666666666667,0.5233333333333333,1.0,0.994595238095238
CASIA2/Tp/Tp_S_NNN_S_N_art00022_art00022_01209.tif,1.0,0.9966666666666667,0.9995833333333334,1.0
CASIA2/Tp/Tp_S_NNN_S_N_art00022_art00022_20083.jpg,0.9866666666666667,0.9966666666666667,0.9354689754689758,0.9403425555925554
CASIA2/Tp/Tp_S_NNN_S_N_art00023_art00023_01210.tif,0.82,0.9,1.0,0.9994444444444444
CASIA2/Tp/Tp_S_NNN_S_N_art00024_art00024_01211.tif,0.5233333333333333,0.6066666666666667,1.0,0.9971969696969698
CASIA2/Tp/Tp_S_NNN_S_N_art00028_art00028_10510.tif,0.04,0.38333333333333336,0.9952657004830917,0.9745123117623119
CASIA2/Tp/Tp_S_NNN_S_N_art00028_art00028_20120.tif,0.04666666666666667,0.39666666666666667,0.9960555555555556,0.9841631054131055
CASIA2/Tp/Tp_S_NNN_S_N_art00035_art00035_00513.tif,0.9966666666666667,0.9966666666666667,1.0,1.0
CASIA2/Tp/Tp_S_NNN_S_N_art00035_art00035_00924.tif,0.9966666666666667,1.0,1.0,1.0
CASIA2/Tp/Tp_S_NNN_S_N_art00035_art00035_01221.tif,0.9766666666666667,1.0,1.0,1.0
CASIA2/Tp/Tp_S_NNN_S_N_art00038_ind00034_01416.tif,0.9066666666666666,0.9233333333333333,1.0,1.0
CASIA2/Tp/Tp_S_NNN_S_N_art00044_art00044_10405.tif,0.9966666666666667,0.9933333333333333,1.0,1.0
CASIA2/Tp/Tp_S_NNN_S_N_art00049_art00049_01229.tif,0.98,0.99,1.0,1.0
CASIA2/Tp/Tp_S_NNN_S_N_art00050_art00050_01024.tif,0.7133333333333334,0.84,1.0,1.0
CASIA2/Tp/Tp_S_NNN_S_N_art00055_art00055_01018.tif,0.9833333333333333,0.9933333333333333,1.0,1.0
CASIA2/Tp/Tp_S_NNN_S_N_art00055_art00055_01231.tif,0.93,0.9833333333333333,1.0,1.0
CASIA2/Tp/Tp_S_NNN_S_N_art00055_art00055_10466.tif,0.9766666666666667,0.9733333333333334,1.0,1.0
CASIA2/Tp/Tp_S_NNN_S_N_art00059_art00059_01234.tif,0.7833333333333333,0.89,1.0,0.9881071428571431
CASIA2/Tp/Tp_S_NNN_S_N_art00060_art00060_00526.tif,0.8633333333333333,0.8633333333333333,1.0,1.0
CASIA2/Tp/Tp_S_NNN_S_N_art00060_art00060_10475.tif,0.89,0.8933333333333333,1.0,1.0
CASIA2/Tp/Tp_S_NNN_S_N_art00061_art00061_01399.tif,0.97,0.98,1.0,0.9990476190476191
CASIA2/Tp/Tp_S_NNN_S_N_art00062_art00062_01027.tif,0.9966666666666667,1.0,1.0,1.0
CASIA2/Tp/Tp_S_NNN_S_N_art00062_art00062_01398.tif,1.0,1.0,1.0,1.0
CASIA2/Tp/Tp_S_NNN_S_N_art00063_art00063_01237.tif,0.37333333333333335,0.6833333333333333,0.9866666666666667,0.9926666666666667
CASIA2/Tp/Tp_S_NNN_S_N_art00064_art00064_01236.tif,1.0,0.9833333333333333,1.0,1.0
CASIA2/Tp/Tp_S_NNN_S_N_art00068_art00068_01016.tif,0.74,0.8233333333333334,0.9866666666666667,0.996515873015873
CASIA2/Tp/Tp_S_NNN_S_N_art00072_art00072_01243.tif,0.5033333333333333,0.86,1.0,1.0
CASIA2/Tp/Tp_S_NNN_S_N_art00072_art00072_10523.tif,0.9,0.9466666666666667,1.0,1.0
CASIA2/Tp/Tp_S_NNN_S_N_art00073_art00073_10476.tif,1.0,0.9933333333333333,1.0,1.0
CASIA2/Tp/Tp_S_NNN_S_N_art00076_art00076_00530.tif,0.9733333333333334,0.9533333333333334,1.0,0.9991666666666666
CASIA2/Tp/Tp_S_NNN_S_N_art00080_art00080_00928.tif,1.0,0.9833333333333333,1.0,0.9978409090909092
CASIA2/Tp/Tp_S_NNN_S_N_art00084_art00084_00534.tif,0.9966666666666667,1.0,1.0,0.9975
CASIA2/Tp/Tp_S_NNN_S_N_art00084_art00084_10522.tif,1.0,0.9966666666666667,1.0,0.9975
CASIA2/Tp/Tp_S_NNN_S_N_art00088_art00088_01249.tif,0.81,0.88,1.0,1.0
CASIA2/Tp/Tp_S_NNN_S_N_art00088_art00088_10325.tif,0.94,0.9466666666666667,1.0,1.0
CASIA2/Tp/Tp_S_NNN_S_N_art00090_art00090_01008.tif,0.6466666666666666,0.8866666666666667,1.0,0.9969444444444444
CASIA2/Tp/Tp_S_NNN_S_N_art00093_art00093_01251.tif,0.9933333333333333,0.9833333333333333,1.0,1.0
CASIA2/Tp/Tp_S_NNN_S_N_art00095_art00095_01005.tif,0.41,0.4533333333333333,0.9899178876678877,0.9979999999999999
CASIA2/Tp/Tp_S_NNN_S_N_art00095_art00095_10434.tif,0.7466666666666667,0.82,0.9888067765567768,0.9979999999999999
CASIA2/Tp/Tp_S_NNN_S_N_art00095_art00095_10438.tif,0.33666666666666667,0.4,0.9925598290598291,0.9945833333333334
CASIA2/Tp/Tp_S_NNN_S_N_art00096_art00096_01004.tif,0.6133333333333333,0.6966666666666667,0.9954273504273504,0.987015873015873
CASIA2/Tp/Tp_S_NNN_S_N_art00099_art00099_01002.tif,0.9433333333333334,0.9366666666666666,1.0,1.0
CASIA2/Tp/Tp_S_NNN_S_N_art00099_art00099_11714.jpg,0.8466666666666667,0.9733333333333334,0.9993055555555554,1.0
CASIA2/Tp/Tp_S_NNN_S_N_art10002_art10002_20040.jpg,0.96,0.9866666666666667,0.7766666666666666,0.8834123561623558
CASIA2/Tp/Tp_S_NNN_S_N_art10007_art10007_20047.jpg,0.6266666666666667,0.7066666666666667,0.7366666666666667,0.7482323232323235
CASIA2/Tp/Tp_S_NNN_S_N_art10010_art10010_20093.jpg,0.4266666666666667,0.46,0.7,0.6813783577533581
CASIA2/Tp/Tp_S_NNN_S_N_art10012_art10012_20096.jpg,0.33666666666666667,0.39666666666666667,0.86,0.7533992303992304
CASIA2/Tp/Tp_S_NNN_S_N_art10013_art10013_20097.jpg,0.4633333333333333,0.69,0.9166666666666666,0.8400048932548936
CASIA2/Tp/Tp_S_NNN_S_N_art10016_art10016_20100.jpg,0.7533333333333333,0.8,0.7,0.7018670033670034
CASIA2/Tp/Tp_S_NNN_S_N_art10110_art10110_11571.jpg,0.96,0.9733333333333334,0.9556429588929588,0.980569134569135
CASIA2/Tp/Tp_S_NNN_S_N_art10112_art10112_11559.jpg,0.9566666666666667,0.95,0.86,0.9386488095238095
CASIA2/Tp/Tp_S_NNN_S_N_art10116_art10116_11529.jpg,0.78,0.76,0.94,0.8606155418655422
CASIA2/Tp/Tp_S_NNN_S_N_art20004_art20004_01810.tif,0.9,0.9633333333333334,1.0,1.0
CASIA2/Tp/Tp_S_NNN_S_N_art20010_art20010_01816.tif,0.9666666666666667,0.9866666666666667,1.0,1.0
CASIA2/Tp/Tp_S_NNN_S_N_art20011_art20011_01817.tif,0.9966666666666667,0.9866666666666667,1.0,1.0
CASIA2/Tp/Tp_S_NNN_S_N_art20011_art20011_02339.tif,0.53,0.69,1.0,1.0
CASIA2/Tp/Tp_S_NNN_S_N_art20012_art20012_01818.tif,0.9966666666666667,0.9966666666666667,1.0,1.0
CASIA2/Tp/Tp_S_NNN_S_N_art20017_art20017_01823.tif,0.81,0.6366666666666667,1.0,1.0
CASIA2/Tp/Tp_S_NNN_S_N_art20018_art20018_01824.tif,0.9766666666666667,0.9733333333333334,1.0,0.9983333333333333
CASIA2/Tp/Tp_S_NNN_S_N_art20019_art20019_01825.tif,0.9566666666666667,0.9433333333333334,1.0,0.9948333333333333
CASIA2/Tp/Tp_S_NNN_S_N_art20021_art20021_01827.tif,0.8,0.7,1.0,0.9958333333333333
CASIA2/Tp/Tp_S_NNN_S_N_art20023_art20023_01829.tif,0.8766666666666667,0.8,1.0,1.0
CASIA2/Tp/Tp_S_NNN_S_N_art20024_art20024_01830.tif,0.7233333333333334,0.8666666666666667,1.0,0.9902922262922264
CASIA2/Tp/Tp_S_NNN_S_N_art20024_art20024_02338.tif,0.6733333333333333,0.8633333333333333,1.0,0.9902922262922264
CASIA2/Tp/Tp_S_NNN_S_N_art20027_art20027_01833.tif,0.9866666666666667,1.0,1.0,0.9986666666666667
CASIA2/Tp/Tp_S_NNN_S_N_art20029_art20029_01835.tif,0.9566666666666667,0.9533333333333334,1.0,0.9992592592592593
CASIA2/Tp/Tp_S_NNN_S_N_art20030_art20030_01836.tif,0.41,0.36333333333333334,1.0,0.9972222222222221
CASIA2/Tp/Tp_S_NNN_S_N_art20033_art20033_01839.tif,0.3333333333333333,0.41333333333333333,0.9983333333333333,0.9940867003367001
CASIA2/Tp/Tp_S_NNN_S_N_art20035_art20035_01841.tif,0.8166666666666667,0.8333333333333334,1.0,0.9974545454545455
CASIA2/Tp/Tp_S_NNN_S_N_art20037_art20037_02334.tif,0.25333333333333335,0.5966666666666667,1.0,0.9967307692307692
CASIA2/Tp/Tp_S_NNN_S_N_art20039_art20039_01845.tif,0.9166666666666666,0.9066666666666666,1.0,0.9900448532948535
CASIA2/Tp/Tp_S_NNN_S_N_art20041_art20041_01847.tif,0.9666666666666667,0.9866666666666667,0.9966666666666667,1.0
CASIA2/Tp/Tp_S_NNN_S_N_art20042_art20042_01848.tif,0.5233333333333333,0.6266666666666667,0.9949259259259259,0.9974603174603175
CASIA2/Tp/Tp_S_NNN_S_N_art20044_art20044_01850.tif,0.9566666666666667,0.9666666666666667,0.9992460317460318,0.9957142857142858
CASIA2/Tp/Tp_S_NNN_S_N_art20047_art20047_01853.tif,0.6166666666666667,0.6566666666666666,0.9927380952380952,0.9994444444444444
CASIA2/Tp/Tp_S_NNN_S_N_art20047_art20047_02333.tif,0.38,0.4766666666666667,0.9927380952380952,1.0
CASIA2/Tp/Tp_S_NNN_S_N_art20051_art20051_02332.tif,0.96,0.9533333333333334,1.0,0.9986666666666667
CASIA2/Tp/Tp_S_NNN_S_N_art20056_art20056_01862.tif,0.84,0.8033333333333333,1.0,1.0
CASIA2/Tp/Tp_S_NNN_S_N_art20063_art20063_01869.tif,0.9733333333333334,0.9533333333333334,1.0,1.0
CASIA2/Tp/Tp_S_NNN_S_N_art20069_art20069_01875.tif,1.0,0.9933333333333333,0.99625,0.9991666666666666
CASIA2/Tp/Tp_S_NNN_S_N_art20072_art20072_01878.tif,0.9766666666666667,0.9733333333333334,0.9966666666666667,1.0
CASIA2/Tp/Tp_S_NNN_S_N_art20074_art20074_01880.tif,0.6366666666666667,0.82,1.0,0.9986147186147186
CASIA2/Tp/Tp_S_NNN_S_N_art20077_art20077_01883.tif,0.8766666666666667,0.91,0.9966666666666667,0.9977777777777778
CASIA2/Tp/Tp_S_NNN_S_N_art20080_art20080_01886.tif,0.9733333333333334,0.9933333333333333,0.9933333333333333,1.0
CASIA2/Tp/Tp_S_NNN_S_N_art20080_art20080_02315.tif,0.84,0.86,0.99,1.0
CASIA2/Tp/Tp_S_NNN_S_N_art20082_art20082_01888.tif,0.63,0.7033333333333334,0.9994444444444446,0.9977777777777779
CASIA2/Tp/Tp_S_NNN_S_N_art20083_art20083_02313.tif,0.7533333333333333,0.8433333333333334,0.9987777777777778,0.9983333333333333
CASIA2/Tp/Tp_S_NNN_S_N_art20084_art20084_01890.tif,0.8666666666666667,0.9033333333333333,1.0,1.0
CASIA2/Tp/Tp_S_NNN_S_N_art20085_art20085_01891.tif,0.3333333333333333,0.31,1.0,0.9959166666666666
CASIA2/Tp/Tp_S_NNN_S_N_art20089_art20089_01895.tif,0.69,0.7,1.0,1.0
CASIA2/Tp/Tp_S_NNN_S_N_art20089_art20089_02308.tif,0.6533333333333333,0.68,1.0,1.0
CASIA2/Tp/Tp_S_NNN_S_N_cha00001_cha00001_00321.tif,0.99,0.9466666666666667,1.0,1.0
CASIA2/Tp/Tp_S_NNN_S_N_cha00002_cha00002_00837.tif,0.9966666666666667,0.9566666666666667,1.0,1.0
CASIA2/Tp/Tp_S_NNN_S_N_cha00004_cha00004_00838.tif,0.9066666666666666,0.8766666666666667,1.0,1.0
CASIA2/Tp/Tp_S_NNN_S_N_cha00005_cha00005_00325.tif,0.9833333333333333,0.9633333333333334,1.0,1.0
CASIA2/Tp/Tp_S_NNN_S_N_cha00008_cha00008_00840.tif,0.8566666666666667,0.7866666666666666,1.0,1.0
CASIA2/Tp/Tp_S_NNN_S_N_cha00008_cha00008_11157.jpg,0.81,0.8733333333333333,1.0,0.9988888888888887
CASIA2/Tp/Tp_S_NNN_S_N_cha00008_cha00008_11158.jpg,0.3933333333333333,0.8366666666666667,1.0,0.9971851851851852
CASIA2/Tp/Tp_S_NNN_S_N_cha00008_cha00008_11159.jpg,0.9366666666666666,0.9766666666666667,0.9933333333333333,0.9988888888888887
CASIA2/Tp/Tp_S_NNN_S_N_cha00008_cha00008_11160.jpg,0.98,0.9833333333333333,0.99,0.9964285714285714
CASIA2/Tp/Tp_S_NNN_S_N_cha00010_cha00010_00841.tif,0.5566666666666666,0.52,1.0,1.0
CASIA2/Tp/Tp_S_NNN_S_N_cha00011_cha00011_00842.tif,1.0,0.9966666666666667,1.0,1.0
CASIA2/Tp/Tp_S_NNN_S_N_cha00013_cha00013_00843.tif,1.0,1.0,1.0,1.0
CASIA2/Tp/Tp_S_NNN_S_N_cha00015_cha00015_00335.tif,0.65,0.74,1.0,1.0
CASIA2/Tp/Tp_S_NNN_S_N_cha00015_cha00015_00844.tif,0.9566666666666667,0.87,1.0,1.0
CASIA2/Tp/Tp_S_NNN_S_N_cha00017_cha00017_00337.tif,1.0,0.99,1.0,1.0
CASIA2/Tp/Tp_S_NNN_S_N_cha00017_cha00017_00845.tif,1.0,0.9966666666666667,1.0,1.0
CASIA2/Tp/Tp_S_NNN_S_N_cha00018_cha00018_00846.tif,1.0,0.9966666666666667,1.0,0.9986666666666667
CASIA2/Tp/Tp_S_NNN_S_N_cha00019_cha00019_00339.tif,0.47,0.5833333333333334,1.0,1.0
CASIA2/Tp/Tp_S_NNN_S_N_cha00032_cha00032_00847.tif,0.35333333333333333,0.20666666666666667,1.0,1.0
CASIA2/Tp/Tp_S_NNN_S_N_cha00032_cha00032_11028.jpg,0.41333333333333333,0.9366666666666666,0.99,0.9957575757575756
CASIA2/Tp/Tp_S_NNN_S_N_cha00033_cha00033_00848.tif,0.07333333333333333,0.016666666666666666,1.0,0.9883749398749399
CASIA2/Tp/Tp_S_NNN_S_N_cha00038_cha00038_11030.jpg,0.5166666666666667,0.8666666666666667,0.9669780867280866,0.9635697265697267
CASIA2/Tp/Tp_S_NNN_S_N_cha00040_cha00040_00849.tif,0.6133333333333333,0.43666666666666665,1.0,0.9991666666666666
CASIA2/Tp/Tp_S_NNN_S_N_cha00041_cha00041_00361.tif,0.93,0.8966666666666666,1.0,0.9991666666666666
CASIA2/Tp/Tp_S_NNN_S_N_cha00041_cha00041_00850.tif,0.08333333333333333,0.03666666666666667,1.0,0.9966666666666667
CASIA2/Tp/Tp_S_NNN_S_N_cha00043_cha00043_00363.tif,0.85,0.8433333333333334,1.0,0.9948941798941797
CASIA2/Tp/Tp_S_NNN_S_N_cha00046_cha00046_00851.tif,0.8766666666666667,0.7833333333333333,1.0,1.0
CASIA2/Tp/Tp_S_NNN_S_N_cha00048_cha00048_00368.tif,0.51,0.27666666666666667,1.0,1.0
CASIA2/Tp/Tp_S_NNN_S_N_cha00052_cha00052_00372.tif,0.9633333333333334,0.9866666666666667,1.0,1.0
CASIA2/Tp/Tp_S_NNN_S_N_cha00055_cha00055_00853.tif,0.98,0.9733333333333334,1.0,1.0
CASIA2/Tp/Tp_S_NNN_S_N_cha00058_cha00058_00854.tif,1.0,0.9966666666666667,1.0,1.0
CASIA2/Tp/Tp_S_NNN_S_N_cha00060_cha00060_00855.tif,1.0,1.0,1.0,0.9992307692307693
CASIA2/Tp/Tp_S_NNN_S_N_cha00061_cha00043_11021.jpg,0.89,0.98,1.0,0.9966666666666667
CASIA2/Tp/Tp_S_NNN_S_N_cha00065_cha00065_00385.tif,0.79,0.76,1.0,1.0
CASIA2/Tp/Tp_S_NNN_S_N_cha00065_cha00065_00856.tif,0.99,0.9933333333333333,1.0,1.0
CASIA2/Tp/Tp_S_NNN_S_N_cha00066_cha00066_10320.tif,0.9966666666666667,0.9933333333333333,1.0,1.0
CASIA2/Tp/Tp_S_NNN_S_N_cha00066_cha00066_10321.tif,0.9966666666666667,1.0,1.0,1.0
CASIA2/Tp/Tp_S_NNN_S_N_cha00071_cha00071_00859.tif,0.9933333333333333,1.0,0.9975,0.9934285714285713
CASIA2/Tp/Tp_S_NNN_S_N_cha00072_cha00072_00860.tif,1.0,0.9966666666666667,1.0,1.0
CASIA2/Tp/Tp_S_NNN_S_N_cha00073_cha00073_00393.tif,1.0,1.0,1.0,1.0
CASIA2/Tp/Tp_S_NNN_S_N_cha00073_cha00073_00861.tif,1.0,1.0,1.0,1.0
CASIA2/Tp/Tp_S_NNN_S_N_cha00077_cha00077_00862.tif,1.0,1.0,1.0,1.0
CASIA2/Tp/Tp_S_NNN_S_N_cha00078_cha00078_00863.tif,0.8633333333333333,0.9833333333333333,1.0,1.0
CASIA2/Tp/Tp_S_NNN_S_N_cha00079_cha00079_00864.tif,0.8866666666666667,0.96,1.0,1.0
CASIA2/Tp/Tp_S_NNN_S_N_cha00080_cha00080_00865.tif,0.9933333333333333,0.9966666666666667,1.0,1.0
CASIA2/Tp/Tp_S_NNN_S_N_cha00082_cha00082_00867.tif,0.73,0.72,1.0,1.0
CASIA2/Tp/Tp_S_NNN_S_N_cha00083_cha00083_00868.tif,0.9933333333333333,1.0,0.9966666666666667,1.0
CASIA2/Tp/Tp_S_NNN_S_N_cha00084_cha00084_00869.tif,0.8666666666666667,0.9433333333333334,0.9933333333333333,0.9837552910052909
CASIA2/Tp/Tp_S_NNN_S_N_cha00084_cha00084_10871.jpg,0.5966666666666667,0.9266666666666666,0.9866666666666667,0.9509926739926742
CASIA2/Tp/Tp_S_NNN_S_N_cha00085_cha00085_00870.tif,0.97,0.99,1.0,1.0
CASIA2/Tp/Tp_S_NNN_S_N_cha00089_cha00089_00871.tif,1.0,0.9966666666666667,1.0,1.0
CASIA2/Tp/Tp_S_NNN_S_N_cha00094_cha00094_00873.tif,0.9033333333333333,0.9566666666666667,1.0,1.0
CASIA2/Tp/Tp_S_NNN_S_N_cha00095_cha00095_00874.tif,0.6766666666666666,0.8566666666666667,1.0,1.0
CASIA2/Tp/Tp_S_NNN_S_N_cha00099_cha00099_00876.tif,0.9366666666666666,0.9833333333333333,1.0,1.0
CASIA2/Tp/Tp_S_NNN_S_N_cha10111_cha10111_11691.jpg,0.97,0.94,0.9662076719576722,0.9736537351537352
CASIA2/Tp/Tp_S_NNN_S_N_cha10114_cha10114_12175.jpg,0.9,0.7133333333333334,0.8733333333333333,0.836737803862804
CASIA2/Tp/Tp_S_NNN_S_N_cha10116_cha10116_12171.jpg,0.61,0.8833333333333333,0.995,0.9974285714285716
CASIA2/Tp/Tp_S_NNN_S_N_cha10123_cha10123_12190.jpg,0.8566666666666667,0.8766666666666667,0.9966666666666667,0.9741329226329227
CASIA2/Tp/Tp_S_NNN_S_N_cha10128_cha10128_12151.jpg,0.5466666666666666,0.3933333333333333,0.9833333333333333,0.9598982683982681
CASIA2/Tp/Tp_S_NNN_S_N_cha10129_cha10129_12177.jpg,0.9633333333333334,0.9433333333333334,1.0,0.9980952380952381
CASIA2/Tp/Tp_S_NNN_S_N_cha10135_cha10135_12205.jpg,0.7666666666666667,0.8966666666666666,1.0,1.0
CASIA2/Tp/Tp_S_NNN_S_N_cha10140_cha10140_12198.jpg,0.8733333333333333,0.68,0.9915274170274171,0.9938492063492063
CASIA2/Tp/Tp_S_NNN_S_N_cha10145_cha10145_12241.jpg,0.9333333333333333,0.9533333333333334,1.0,1.0
CASIA2/Tp/Tp_S_NNN_S_N_cha10148_cha10148_12223.jpg,0.49666666666666665,0.9133333333333333,1.0,0.9888333333333332
CASIA2/Tp/Tp_S_NNN_S_N_cha10151_cha10151_12219.jpg,0.6566666666666666,0.8466666666666667,0.929753774003774,0.9185184815184816
CASIA2/Tp/Tp_S_NNN_S_N_cha10153_cha10153_12268.jpg,0.9466666666666667,0.9866666666666667,1.0,0.9931111111111112
CASIA2/Tp/Tp_S_NNN_S_N_cha10154_cha10154_12267.jpg,1.0,1.0,1.0,1.0
CASIA2/Tp/Tp_S_NNN_S_N_cha10155_cha10155_12280.jpg,0.5366666666666666,0.66,1.0,0.9971666666666666
CASIA2/Tp/Tp_S_NNN_S_N_cha10158_cha10158_12262.jpg,0.6466666666666666,0.7133333333333334,0.8566666666666667,0.8667000962000961
CASIA2/Tp/Tp_S_NNN_S_N_cha10161_cha10161_12256.jpg,0.9433333333333334,0.9166666666666666,0.7611433473933473,0.8652312779812776
CASIA2/Tp/Tp_S_NNN_S_N_cha10162_cha10162_12250.jpg,0.8433333333333334,0.6733333333333333,0.8260011655011656,0.8959259259259259
CASIA2/Tp/Tp_S_NNN_S_N_cha10165_cha10165_12243.jpg,0.52,0.4266666666666667,0.9666666666666667,0.9115662393162395
CASIA2/Tp/Tp_S_NNN_S_N_cha10165_cha10165_12244.jpg,0.74,0.5366666666666666,0.9666666666666667,0.9345477207977207
CASIA2/Tp/Tp_S_NNN_S_N_cha10165_cha10165_12245.jpg,0.9833333333333333,1.0,0.9633333333333334,0.9493479853479854
CASIA2/Tp/Tp_S_NNN_S_N_cha10166_cha10166_12270.jpg,0.86,0.9133333333333333,0.8028978521478525,0.8777760942760942
CASIA2/Tp/Tp_S_NNN_S_N_cha10171_cha10171_12281.jpg,0.7633333333333333,0.8,0.6152323001073002,0.7476419234360411
CASIA2/Tp/Tp_S_NNN_S_N_cha10172_cha10172_12284.jpg,0.9166666666666666,0.9233333333333333,0.7033333333333334,0.758618825618826
CASIA2/Tp/Tp_S_NNN_S_N_cha10176_cha10176_12286.jpg,0.8833333333333333,0.88,0.8290582010582013,0.7985189255189258
CASIA2/Tp/Tp_S_NNN_S_N_cha10181_cha10181_12296.jpg,0.9133333333333333,0.9166666666666666,0.5761236818736818,0.6917071169571171
CASIA2/Tp/Tp_S_NNN_S_N_cha10188_cha10188_12305.jpg,0.8566666666666667,0.8833333333333333,0.9066666666666666,0.8987621360121362
CASIA2/Tp/Tp_S_NNN_S_N_cha10189_cha10189_12325.jpg,0.6233333333333333,0.9433333333333334,0.98,0.9983333333333333
CASIA2/Tp/Tp_S_NNN_S_N_cha10190_cha10190_12430.jpg,0.8,0.7633333333333333,0.8566666666666667,0.909292355792356
CASIA2/Tp/Tp_S_NNN_S_N_cha10193_cha10193_12320.jpg,0.92,0.9166666666666666,0.9810550745550747,0.985989417989418
CASIA2/Tp/Tp_S_NNN_S_N_cha10202_cha10202_12356.jpg,0.5366666666666666,0.9066666666666666,0.99,0.9976666666666667
CASIA2/Tp/Tp_S_NNN_S_N_cha10204_cha10204_12353.jpg,0.8433333333333334,0.9566666666666667,0.85,0.952474358974359
CASIA2/Tp/Tp_S_NNN_S_N_cha10205_cha10205_12349.jpg,0.6633333333333333,0.8866666666666667,0.9742297979797979,0.9760072150072148
CASIA2/Tp/Tp_S_NNN_S_N_cha10206_cha10206_12344.jpg,0.9066666666666666,0.98,0.969765873015873,0.9840059015059016
CASIA2/Tp/Tp_S_NNN_S_N_cha10206_cha10206_12345.jpg,0.85,0.9166666666666666,0.9725436507936509,0.9840059015059016
CASIA2/Tp/Tp_S_NNN_S_N_cha10209_cha10209_12334.jpg,0.85,0.9033333333333333,0.9066666666666666,0.905146473896474
CASIA2/Tp/Tp_S_NNN_S_N_cha20004_cha20004_02003.tif,0.68,0.4266666666666667,1.0,1.0
CASIA2/Tp/Tp_S_NNN_S_N_cha20005_cha20005_02004.tif,0.35333333333333333,0.38333333333333336,1.0,1.0
CASIA2/Tp/Tp_S_NNN_S_N_cha20006_cha20006_02005.tif,0.97,0.9733333333333334,1.0,1.0
CASIA2/Tp/Tp_S_NNN_S_N_cha20006_cha20006_02420.tif,0.8066666666666666,0.87,1.0,1.0
CASIA2/Tp/Tp_S_NNN_S_N_cha20008_cha20008_02007.tif,0.7333333333333333,0.47,1.0,1.0
CASIA2/Tp/Tp_S_NNN_S_N_cha20010_cha20010_02009.tif,0.8266666666666667,0.86,1.0,1.0
CASIA2/Tp/Tp_S_NNN_S_N_cha20010_cha20010_02424.tif,0.64,0.7733333333333333,1.0,1.0
CASIA2/Tp/Tp_S_NNN_S_N_cha20012_cha20012_02011.tif,0.9933333333333333,0.9933333333333333,1.0,1.0
CASIA2/Tp/Tp_S_NNN_S_N_cha20016_cha20016_02015.tif,0.9733333333333334,0.97,0.9966666666666667,0.9968333333333331
CASIA2/Tp/Tp_S_NNN_S_N_cha20019_cha20019_02018.tif,0.9966666666666667,0.9933333333333333,1.0,0.9969444444444445
CASIA2/Tp/Tp_S_NNN_S_N_cha20023_cha20023_02022.tif,0.4533333333333333,0.5266666666666666,1.0,0.9993333333333334
CASIA2/Tp/Tp_S_NNN_S_N_cha20024_cha20024_02023.tif,0.89,0.6866666666666666,0.9033333333333333,0.8933174603174605
CASIA2/Tp/Tp_S_NNN_S_N_cha20027_cha20027_02026.tif,0.9433333333333334,0.9666666666666667,1.0,1.0
CASIA2/Tp/Tp_S_NNN_S_N_cha20029_cha20029_02028.tif,0.8466666666666667,0.87,0.9990476190476191,0.9866269841269841
CASIA2/Tp/Tp_S_NNN_S_N_cha20029_cha20029_02428.tif,0.7966666666666666,0.85,0.9990476190476191,0.9866269841269841
CASIA2/Tp/Tp_S_NNN_S_N_cha20030_cha20030_02485.tif,0.8433333333333334,0.78,0.9966666666666667,0.9930158730158731
CASIA2/Tp/Tp_S_NNN_S_N_cha20034_cha20034_02429.tif,0.73,0.78,1.0,0.9963492063492064
CASIA2/Tp/Tp_S_NNN_S_N_cha20035_cha20035_02034.tif,0.7633333333333333,0.8,0.9983333333333333,1.0
CASIA2/Tp/Tp_S_NNN_S_N_cha20036_cha20036_02035.tif,0.82,0.77,1.0,1.0
CASIA2/Tp/Tp_S_NNN_S_N_cha20036_cha20036_02487.tif,0.9833333333333333,0.99,1.0,1.0
CASIA2/Tp/Tp_S_NNN_S_N_cha20038_cha20038_02037.tif,0.77,0.54,1.0,0.9995238095238096
CASIA2/Tp/Tp_S_NNN_S_N_cha20044_cha20044_02043.tif,0.7,0.68,0.9937219887955181,0.9993333333333334
CASIA2/Tp/Tp_S_NNN_S_N_cha20045_cha20045_02433.tif,0.5766666666666667,0.72,0.9966666666666667,0.9975
CASIA2/Tp/Tp_S_NNN_S_N_cha20046_cha20046_02045.tif,0.4633333333333333,0.45666666666666667,0.9940873015873016,0.9851399063899065
CASIA2/Tp/Tp_S_NNN_S_N_cha20047_cha20047_02046.tif,0.4033333333333333,0.6066666666666667,1.0,0.9986666666666667
CASIA2/Tp/Tp_S_NNN_S_N_cha20048_cha20048_02435.tif,0.8933333333333333,0.7966666666666666,1.0,0.9995238095238096
CASIA2/Tp/Tp_S_NNN_S_N_ind00003_ind00003_00880.tif,0.16,0.056666666666666664,1.0,0.9967575757575756
CASIA2/Tp/Tp_S_NNN_S_N_ind00003_ind00003_01303.tif,0.5033333333333333,0.2633333333333333,1.0,1.0
CASIA2/Tp/Tp_S_NNN_S_N_ind00005_ind00005_00882.tif,0.36666666666666664,0.24666666666666667,1.0,0.9993939393939394
CASIA2/Tp/Tp_S_NNN_S_N_ind00009_ind00009_00884.tif,0.43666666666666665,0.28,1.0,0.9975925925925926
CASIA2/Tp/Tp_S_NNN_S_N_ind00009_ind00009_01307.tif,0.8433333333333334,0.7166666666666667,1.0,1.0
CASIA2/Tp/Tp_S_NNN_S_N_ind00010_ind00010_01308.tif,0.35333333333333333,0.26666666666666666,1.0,1.0
CASIA2/Tp/Tp_S_NNN_S_N_ind00012_ind00012_00886.tif,0.12333333333333334,0.09666666666666666,1.0,1.0
CASIA2/Tp/Tp_S_NNN_S_N_ind00013_ind00013_00887.tif,0.9866666666666667,0.8566666666666667,1.0,1.0
CASIA2/Tp/Tp_S_NNN_S_N_ind00015_ind00015_01313.tif,0.73,0.5633333333333334,1.0,1.0
CASIA2/Tp/Tp_S_NNN_S_N_ind00016_ind00016_00888.tif,0.95,0.93,1.0,1.0
CASIA2/Tp/Tp_S_NNN_S_N_ind00016_ind00016_01314.tif,0.9733333333333334,0.95,1.0,1.0
CASIA2/Tp/Tp_S_NNN_S_N_ind00017_ind00017_00433.tif,0.9866666666666667,0.9633333333333334,1.0,1.0
CASIA2/Tp/Tp_S_NNN_S_N_ind00017_ind00017_01315.tif,0.9866666666666667,0.8833333333333333,1.0,1.0
CASIA2/Tp/Tp_S_NNN_S_N_ind00018_ind00018_10708.jpg,0.89,0.92,0.9966666666666667,0.9966111111111111
CASIA2/Tp/Tp_S_NNN_S_N_ind00019_ind00019_00891.tif,0.9866666666666667,0.93,1.0,1.0
CASIA2/Tp/Tp_S_NNN_S_N_ind00020_ind00020_00892.tif,0.9633333333333334,0.9066666666666666,1.0,1.0
CASIA2/Tp/Tp_S_NNN_S_N_ind00023_ind00023_10704.jpg,0.72,0.92,1.0,1.0
CASIA2/Tp/Tp_S_NNN_S_N_ind00024_ind00024_01320.tif,0.8433333333333334,0.78,1.0,1.0
CASIA2/Tp/Tp_S_NNN_S_N_ind00027_ind00027_00442.tif,0.9966666666666667,0.99,1.0,1.0
CASIA2/Tp/Tp_S_NNN_S_N_ind00028_ind00028_11063.jpg,0.78,0.9833333333333333,1.0,0.9977777777777778
CASIA2/Tp/Tp_S_NNN_S_N_ind00029_ind00029_00896.tif,1.0,1.0,1.0,1.0
CASIA2/Tp/Tp_S_NNN_S_N_ind00029_ind00029_01322.tif,0.9966666666666667,0.9766666666666667,1.0,1.0
CASIA2/Tp/Tp_S_NNN_S_N_ind00031_ind00031_01324.tif,0.9766666666666667,0.9433333333333334,1.0,1.0
CASIA2/Tp/Tp_S_NNN_S_N_ind00032_ind00032_11060.jpg,0.3933333333333333,0.98,0.9933333333333333,0.9977777777777779
CASIA2/Tp/Tp_S_NNN_S_N_ind00035_ind00035_10726.jpg,0.83,0.9533333333333334,0.9966666666666667,0.9800476190476192
CASIA2/Tp/Tp_S_NNN_S_N_ind00040_ind00040_00897.tif,0.14,0.14,1.0,1.0
CASIA2/Tp/Tp_S_NNN_S_N_ind00040_ind00040_10880.jpg,0.38666666666666666,0.9633333333333334,0.9966666666666667,0.996090909090909
CASIA2/Tp/Tp_S_NNN_S_N_ind00041_ind00041_00898.tif,0.3333333333333333,0.24,1.0,1.0
CASIA2/Tp/Tp_S_NNN_S_N_ind00041_ind00041_01331.tif,0.30666666666666664,0.25666666666666665,1.0,1.0
CASIA2/Tp/Tp_S_NNN_S_N_ind00042_ind00042_01332.tif,0.16333333333333333,0.03,1.0,1.0
CASIA2/Tp/Tp_S_NNN_S_N_ind00044_ind00044_01334.tif,0.42333333333333334,0.20333333333333334,1.0,1.0
CASIA2/Tp/Tp_S_NNN_S_N_ind00045_ind00045_01335.tif,0.43666666666666665,0.3,1.0,1.0
CASIA2/Tp/Tp_S_NNN_S_N_ind00046_ind00046_00900.tif,0.6,0.5733333333333334,1.0,1.0
CASIA2/Tp/Tp_S_NNN_S_N_ind00050_ind00050_00901.tif,0.36666666666666664,0.2966666666666667,1.0,0.9994444444444444
CASIA2/Tp/Tp_S_NNN_S_N_ind00051_ind00051_00458.tif,0.75,0.69,0.9993333333333334,0.9997619047619049
CASIA2/Tp/Tp_S_NNN_S_N_ind00053_ind00053_00903.tif,0.8366666666666667,0.7166666666666667,1.0,1.0
CASIA2/Tp/Tp_S_NNN_S_N_ind00054_ind00054_01343.tif,0.4766666666666667,0.39666666666666667,0.9974074074074074,0.9984848484848483
CASIA2/Tp/Tp_S_NNN_S_N_ind00057_ind00057_10917.jpg,0.39666666666666667,0.9566666666666667,0.9966666666666667,0.9990740740740741
CASIA2/Tp/Tp_S_NNN_S_N_ind00059_ind00059_01348.tif,0.35333333333333333,0.29333333333333333,1.0,0.9995238095238096
CASIA2/Tp/Tp_S_NNN_S_N_ind00061_ind00061_00908.tif,0.7766666666666666,0.65,0.9976851851851851,0.9995833333333334
CASIA2/Tp/Tp_S_NNN_S_N_ind00061_ind00061_01350.tif,0.6466666666666666,0.5666666666666667,1.0,0.9995833333333334
CASIA2/Tp/Tp_S_NNN_S_N_ind00063_ind00063_00909.tif,0.98,0.9933333333333333,1.0,1.0
CASIA2/Tp/Tp_S_NNN_S_N_ind00063_ind00063_01351.tif,0.9966666666666667,0.99,0.9985,1.0
CASIA2/Tp/Tp_S_NNN_S_N_ind00063_ind00063_10703.jpg,0.7633333333333333,0.99,0.9900909645909646,0.9991666666666666
CASIA2/Tp/Tp_S_NNN_S_N_ind00066_ind00066_01354.tif,0.73,0.75,1.0,1.0
CASIA2/Tp/Tp_S_NNN_S_N_ind00069_ind00069_10693.jpg,0.48,0.9633333333333334,0.9945634920634919,1.0
CASIA2/Tp/Tp_S_NNN_S_N_ind00071_ind00071_10939.jpg,0.9766666666666667,0.9866666666666667,0.9933333333333333,0.995222222222222
CASIA2/Tp/Tp_S_NNN_S_N_ind00072_ind00072_01359.tif,0.5766666666666667,0.46,1.0,0.9987777777777778
CASIA2/Tp/Tp_S_NNN_S_N_ind00073_ind00073_01360.tif,0.54,0.3566666666666667,1.0,1.0
CASIA2/Tp/Tp_S_NNN_S_N_ind00075_ind00075_00911.tif,0.6633333333333333,0.67,1.0,0.9983333333333333
CASIA2/Tp/Tp_S_NNN_S_N_ind00075_ind00075_10678.jpg,0.6966666666666667,0.8733333333333333,0.9459162689162688,0.9525138888888889
CASIA2/Tp/Tp_S_NNN_S_N_ind00076_ind00076_10682.jpg,0.82,0.9533333333333334,0.9931944444444446,0.9802222222222222
CASIA2/Tp/Tp_S_NNN_S_N_ind00078_ind00078_10662.jpg,0.9733333333333334,0.9866666666666667,1.0,0.9927968338850691
CASIA2/Tp/Tp_S_NNN_S_N_ind00079_ind00079_00912.tif,0.7366666666666667,0.7266666666666667,1.0,1.0
CASIA2/Tp/Tp_S_NNN_S_N_ind00080_ind00080_00913.tif,0.22,0.19333333333333333,1.0,0.9979166666666667
CASIA2/Tp/Tp_S_NNN_S_N_ind00080_ind00080_10668.jpg,0.8733333333333333,0.9266666666666666,0.9940476190476191,0.9223707588707589
CASIA2/Tp/Tp_S_NNN_S_N_ind00081_ind00081_01365.tif,0.04,0.08333333333333333,1.0,1.0
CASIA2/Tp/Tp_S_NNN_S_N_ind00084_ind00084_00914.tif,0.39,0.31333333333333335,1.0,1.0
CASIA2/Tp/Tp_S_NNN_S_N_ind00084_ind00084_01368.tif,0.6033333333333334,0.5366666666666666,1.0,1.0
CASIA2/Tp/Tp_S_NNN_S_N_ind00085_ind00085_00915.tif,0.43333333333333335,0.36666666666666664,1.0,1.0
CASIA2/Tp/Tp_S_NNN_S_N_ind00087_ind00087_01371.tif,0.9133333333333333,0.76,1.0,0.9993333333333334
CASIA2/Tp/Tp_S_NNN_S_N_ind00089_ind00089_01372.tif,0.41,0.12,1.0,1.0
CASIA2/Tp/Tp_S_NNN_S_N_ind00089_ind00089_10658.jpg,0.9466666666666667,0.9766666666666667,1.0,1.0
CASIA2/Tp/Tp_S_NNN_S_N_ind00093_ind00093_00916.tif,0.6866666666666666,0.7433333333333333,1.0,0.9976190476190476
CASIA2/Tp/Tp_S_NNN_S_N_ind00099_ind00099_01377.tif,0.21666666666666667,0.05,1.0,1.0
CASIA2/Tp/Tp_S_NNN_S_N_ind00099_ind00099_10630.jpg,0.6866666666666666,0.9733333333333334,0.9966666666666667,1.0
CASIA2/Tp/Tp_S_NNN_S_N_ind00100_ind00100_00917.tif,0.95,0.9533333333333334,1.0,1.0
CASIA2/Tp/Tp_S_NNN_S_N_ind00100_ind00100_10632.jpg,0.9733333333333334,0.96,0.98,0.9883333333333333
CASIA2/Tp/Tp_S_NNN_S_N_ind20003_ind20003_01744.tif,0.9766666666666667,0.99,1.0,0.9983333333333333
CASIA2/Tp/Tp_S_NNN_S_N_ind20004_ind20004_01745.tif,0.8466666666666667,0.91,1.0,1.0
CASIA2/Tp/Tp_S_NNN_S_N_ind20004_ind20004_02264.tif,0.8633333333333333,0.8433333333333334,1.0,1.0
CASIA2/Tp/Tp_S_NNN_S_N_ind20005_ind20005_01746.tif,0.47333333333333333,0.5633333333333334,0.9966666666666667,0.9995833333333334
CASIA2/Tp/Tp_S_NNN_S_N_ind20013_ind20013_02272.tif,0.6866666666666666,0.8233333333333334,1.0,1.0
CASIA2/Tp/Tp_S_NNN_S_N_ind20015_ind20015_02273.tif,0.8366666666666667,0.88,1.0,1.0
CASIA2/Tp/Tp_S_NNN_S_N_ind20019_ind20019_02276.tif,0.97,0.97,1.0,1.0
CASIA2/Tp/Tp_S_NNN_S_N_ind20020_ind20020_01761.tif,0.6033333333333334,0.63,1.0,1.0
CASIA2/Tp/Tp_S_NNN_S_N_ind20022_ind20022_02279.tif,0.8666666666666667,0.8166666666666667,1.0,0.9927777777777779
CASIA2/Tp/Tp_S_NNN_S_N_ind20025_ind20025_01766.tif,0.9066666666666666,0.9366666666666666,1.0,0.9953888888888889
CASIA2/Tp/Tp_S_NNN_S_N_ind20026_ind20026_01767.tif,0.9566666666666667,0.9766666666666667,1.0,1.0
CASIA2/Tp/Tp_S_NNN_S_N_ind20026_ind20026_02461.tif,0.93,0.96,1.0,1.0
CASIA2/Tp/Tp_S_NNN_S_N_ind20027_ind20027_01768.tif,0.64,0.49666666666666665,1.0,0.9964761904761906
CASIA2/Tp/Tp_S_NNN_S_N_ind20030_ind20030_02285.tif,0.31,0.4066666666666667,1.0,0.9983333333333333
CASIA2/Tp/Tp_S_NNN_S_N_ind20031_ind20031_01772.tif,0.9733333333333334,0.99,1.0,1.0
CASIA2/Tp/Tp_S_NNN_S_N_ind20033_ind20033_02287.tif,0.9166666666666666,0.9166666666666666,0.9985714285714286,1.0
CASIA2/Tp/Tp_S_NNN_S_N_ind20037_ind20037_01778.tif,0.86,0.8733333333333333,1.0,1.0
CASIA2/Tp/Tp_S_NNN_S_N_ind20037_ind20037_02289.tif,0.9033333333333333,0.9666666666666667,1.0,0.9972222222222221
CASIA2/Tp/Tp_S_NNN_S_N_ind20038_ind20038_01779.tif,0.95,0.8966666666666666,1.0,1.0
CASIA2/Tp/Tp_S_NNN_S_N_ind20039_ind20039_01780.tif,0.9666666666666667,0.98,1.0,0.9942592592592593
CASIA2/Tp/Tp_S_NNN_S_N_ind20042_ind20042_01783.tif,0.8833333333333333,0.9433333333333334,0.9966666666666667,1.0
CASIA2/Tp/Tp_S_NNN_S_N_ind20043_ind20043_02291.tif,0.4766666666666667,0.47,1.0,1.0
CASIA2/Tp/Tp_S_NNN_S_N_ind20051_ind20051_02297.tif,0.8466666666666667,0.7333333333333333,1.0,0.9966666666666667
CASIA2/Tp/Tp_S_NNN_S_N_ind20052_ind20052_02298.tif,0.76,0.8233333333333334,1.0,0.9954545454545454
CASIA2/Tp/Tp_S_NNN_S_N_ind20056_ind20056_01797.tif,0.85,0.9066666666666666,1.0,0.9986666666666667
CASIA2/Tp/Tp_S_NNN_S_N_ind20059_ind20059_02302.tif,0.7033333333333334,0.8,1.0,0.9852822547822546
CASIA2/Tp/Tp_S_NNN_S_N_ind20060_ind20060_02303.tif,0.9433333333333334,0.9333333333333333,0.9993333333333334,0.9954999999999999
CASIA2/Tp/Tp_S_NNN_S_N_ind20061_ind20061_01802.tif,0.99,0.9733333333333334,1.0,1.0
CASIA2/Tp/Tp_S_NNN_S_N_ind20062_ind20062_01803.tif,0.99,0.9933333333333333,1.0,0.99875
CASIA2/Tp/Tp_S_NNN_S_N_ind20062_ind20062_02304.tif,0.7266666666666667,0.8333333333333334,1.0,0.99875
CASIA2/Tp/Tp_S_NNN_S_N_ind20063_ind20063_01804.tif,1.0,1.0,1.0,1.0
CASIA2/Tp/Tp_S_NNN_S_N_ind20064_ind20064_01805.tif,0.7933333333333333,0.71,1.0,0.9975
CASIA2/Tp/Tp_S_NNN_S_N_ind20064_ind20064_02305.tif,0.95,0.9233333333333333,1.0,1.0
CASIA2/Tp/Tp_S_NNN_S_N_nat00002_nat00002_11058.jpg,0.53,0.77,0.9983333333333333,0.9811706349206349
CASIA2/Tp/Tp_S_NNN_S_N_nat00005_nat00005_00625.tif,1.0,0.9866666666666667,1.0,1.0
CASIA2/Tp/Tp_S_NNN_S_N_nat00008_nat00008_00628.tif,1.0,0.9833333333333333,1.0,1.0
CASIA2/Tp/Tp_S_NNN_S_N_nat00009_nat00009_11091.jpg,0.6333333333333333,0.8833333333333333,1.0,0.9978333333333335
CASIA2/Tp/Tp_S_NNN_S_N_nat00011_nat00011_00937.tif,0.8133333333333334,0.3566666666666667,1.0,1.0
CASIA2/Tp/Tp_S_NNN_S_N_nat00012_nat00012_00938.tif,0.99,0.95,1.0,1.0
CASIA2/Tp/Tp_S_NNN_S_N_nat00014_nat00014_00940.tif,0.4533333333333333,0.22,1.0,0.9970833333333333
CASIA2/Tp/Tp_S_NNN_S_N_nat00015_nat00015_11051.jpg,0.8566666666666667,0.8533333333333334,0.9958333333333333,0.9851666666666667
CASIA2/Tp/Tp_S_NNN_S_N_nat00016_nat00016_00635.tif,0.9966666666666667,0.9166666666666666,1.0,0.9986666666666667
CASIA2/Tp/Tp_S_NNN_S_N_nat00017_nat00017_00941.tif,0.9133333333333333,0.8866666666666667,1.0,1.0
CASIA2/Tp/Tp_S_NNN_S_N_nat00018_nat00018_10928.jpg,0.5433333333333333,0.8833333333333333,1.0,0.9923582251082251
CASIA2/Tp/Tp_S_NNN_S_N_nat00020_nat00020_11044.jpg,0.9033333333333333,0.9466666666666667,0.9933333333333333,1.0
CASIA2/Tp/Tp_S_NNN_S_N_nat00021_nat00021_11041.jpg,0.6833333333333333,0.8566666666666667,0.9966666666666667,0.9783646816146817
CASIA2/Tp/Tp_S_NNN_S_N_nat00021_nat00021_11043.jpg,0.8033333333333333,0.86,0.9966666666666667,0.9737813482813483
CASIA2/Tp/Tp_S_NNN_S_N_nat00024_nat00024_20084.jpg,0.6033333333333334,0.6266666666666667,0.9044772727272724,0.9362513227513227
CASIA2/Tp/Tp_S_NNN_S_N_nat00026_nat00026_11035.jpg,0.7966666666666666,0.9166666666666666,1.0,0.9976666666666667
CASIA2/Tp/Tp_S_NNN_S_N_nat00030_nat00030_00945.tif,1.0,0.9766666666666667,1.0,1.0
CASIA2/Tp/Tp_S_NNN_S_N_nat00030_nat00030_00949.tif,0.9133333333333333,0.7633333333333333,1.0,1.0
CASIA2/Tp/Tp_S_NNN_S_N_nat00035_nat00035_00951.tif,0.9966666666666667,1.0,1.0,1.0
CASIA2/Tp/Tp_S_NNN_S_N_nat00035_nat00035_00955.tif,0.9666666666666667,0.8266666666666667,1.0,1.0
CASIA2/Tp/Tp_S_NNN_S_N_nat00036_nat00036_00952.tif,0.9866666666666667,0.96,1.0,0.9980555555555555
CASIA2/Tp/Tp_S_NNN_S_N_nat00036_nat00036_11075.jpg,0.9766666666666667,0.9866666666666667,0.98,0.9301851851851856
CASIA2/Tp/Tp_S_NNN_S_N_nat00037_nat00037_00004.tif,0.9966666666666667,0.98,1.0,0.9646762866762867
CASIA2/Tp/Tp_S_NNN_S_N_nat00037_nat00037_00953.tif,0.9966666666666667,1.0,1.0,0.9662873977873979
CASIA2/Tp/Tp_S_NNN_S_N_nat00042_nat00042_00656.tif,0.99,0.99,1.0,1.0
CASIA2/Tp/Tp_S_NNN_S_N_nat00043_nat00043_00657.tif,0.99,0.9766666666666667,1.0,1.0
CASIA2/Tp/Tp_S_NNN_S_N_nat00044_nat00044_00658.tif,0.9933333333333333,0.9566666666666667,1.0,1.0
CASIA2/Tp/Tp_S_NNN_S_N_nat00045_nat00045_00659.tif,0.97,0.9833333333333333,1.0,0.9936825396825397
CASIA2/Tp/Tp_S_NNN_S_N_nat00046_nat00046_00965.tif,0.7533333333333333,0.75,1.0,0.9971666666666666
CASIA2/Tp/Tp_S_NNN_S_N_nat00048_nat00048_00967.tif,0.8966666666666666,0.86,1.0,1.0
CASIA2/Tp/Tp_S_NNN_S_N_nat00050_nat00050_00660.tif,0.9566666666666667,0.9133333333333333,1.0,0.9985
CASIA2/Tp/Tp_S_NNN_S_N_nat00050_nat00050_11066.jpg,0.7066666666666667,0.7733333333333333,0.9866666666666667,0.965632386132386
CASIA2/Tp/Tp_S_NNN_S_N_nat00051_nat00051_00661.tif,0.92,0.9066666666666666,0.9994444444444444,0.997388888888889
CASIA2/Tp/Tp_S_NNN_S_N_nat00052_nat00052_00662.tif,0.9,0.8766666666666667,0.9991111111111112,1.0
CASIA2/Tp/Tp_S_NNN_S_N_nat00052_nat00052_11082.jpg,0.73,0.8666666666666667,0.9866851851851851,0.9908809523809524
CASIA2/Tp/Tp_S_NNN_S_N_nat00053_nat00053_11080.jpg,0.5933333333333334,0.9066666666666666,1.0,0.9955476190476192
CASIA2/Tp/Tp_S_NNN_S_N_nat00055_nat00055_10924.jpg,0.25666666666666665,0.7866666666666666,0.9066666666666666,0.9554828042328042
CASIA2/Tp/Tp_S_NNN_S_N_nat00056_nat00056_00664.tif,0.89,0.8833333333333333,1.0,1.0
CASIA2/Tp/Tp_S_NNN_S_N_nat00058_nat00058_00665.tif,0.8533333333333334,0.8033333333333333,1.0,1.0
CASIA2/Tp/Tp_S_NNN_S_N_nat00061_nat00061_10562.jpg,0.37,0.81,0.9933333333333333,0.9870012025012028
CASIA2/Tp/Tp_S_NNN_S_N_nat00062_nat00062_00669.tif,0.99,0.87,0.9972222222222221,0.9914166666666667
CASIA2/Tp/Tp_S_NNN_S_N_nat00063_nat00063_00670.tif,0.8,0.9466666666666667,1.0,0.9994444444444446
CASIA2/Tp/Tp_S_NNN_S_N_nat00066_nat00066_00697.tif,0.9866666666666667,0.91,0.9968888888888888,0.9990909090909091
CASIA2/Tp/Tp_S_NNN_S_N_nat00070_nat00070_00698.tif,0.95,0.9533333333333334,1.0,1.0
CASIA2/Tp/Tp_S_NNN_S_N_nat00072_nat00072_00673.tif,0.9833333333333333,0.97,1.0,1.0
CASIA2/Tp/Tp_S_NNN_S_N_nat00072_nat00072_00978.tif,0.82,0.7133333333333334,1.0,0.9991666666666666
CASIA2/Tp/Tp_S_NNN_S_N_nat00075_nat00075_00981.tif,0.9766666666666667,0.9933333333333333,1.0,1.0
CASIA2/Tp/Tp_S_NNN_S_N_nat00076_nat00076_00674.tif,0.5966666666666667,0.7733333333333333,1.0,1.0
CASIA2/Tp/Tp_S_NNN_S_N_nat00078_nat00078_00675.tif,0.9966666666666667,0.9766666666666667,1.0,1.0
CASIA2/Tp/Tp_S_NNN_S_N_nat00078_nat00078_00984.tif,0.96,0.8366666666666667,1.0,0.9958333333333333
CASIA2/Tp/Tp_S_NNN_S_N_nat00081_nat00081_00677.tif,0.9066666666666666,0.9733333333333334,1.0,1.0
CASIA2/Tp/Tp_S_NNN_S_N_nat00084_nat00084_00679.tif,0.9966666666666667,0.9866666666666667,1.0,0.9985
CASIA2/Tp/Tp_S_NNN_S_N_nat00085_nat00085_00680.tif,0.7033333333333334,0.83,1.0,1.0
CASIA2/Tp/Tp_S_NNN_S_N_nat00085_nat00085_10588.jpg,0.76,0.89,1.0,1.0
CASIA2/Tp/Tp_S_NNN_S_N_nat00091_nat00091_00683.tif,0.9833333333333333,0.9866666666666667,1.0,1.0
CASIA2/Tp/Tp_S_NNN_S_N_nat00091_nat00091_00993.tif,0.94,0.97,1.0,0.9985
CASIA2/Tp/Tp_S_NNN_S_N_nat10117_nat10117_11342.jpg,0.6933333333333334,0.8466666666666667,0.9933333333333333,0.955835063085063
CASIA2/Tp/Tp_S_NNN_S_N_nat10120_nat10120_11340.jpg,0.3566666666666667,0.84,0.8533333333333334,0.8809909904909906
CASIA2/Tp/Tp_S_NNN_S_N_nat10132_nat10132_12141.jpg,0.4766666666666667,0.53,0.94,0.915755698005698
CASIA2/Tp/Tp_S_NNN_S_N_nat10142_nat10142_11960.jpg,0.9166666666666666,0.9266666666666666,0.9991666666666666,1.0
CASIA2/Tp/Tp_S_NNN_S_N_nat10142_nat10142_11961.jpg,0.8566666666666667,0.85,0.9991666666666666,0.9993333333333334
CASIA2/Tp/Tp_S_NNN_S_N_nat10145_nat10145_11976.jpg,0.9433333333333334,0.98,1.0,1.0
CASIA2/Tp/Tp_S_NNN_S_N_nat10146_nat10146_11992.jpg,0.9566666666666667,0.9166666666666666,0.9933333333333333,0.9852472342472343
CASIA2/Tp/Tp_S_NNN_S_N_nat10147_nat10147_11994.jpg,0.8933333333333333,0.9066666666666666,1.0,0.9983333333333333
CASIA2/Tp/Tp_S_NNN_S_N_nat10149_nat10149_12000.jpg,0.77,0.67,1.0,0.9771666666666666
CASIA2/Tp/Tp_S_NNN_S_N_nat10155_nat10155_12114.jpg,0.9366666666666666,0.86,0.9540143777317691,0.9766202501202501
CASIA2/Tp/Tp_S_NNN_S_N_nat10157_nat10157_12038.jpg,0.8766666666666667,0.8866666666666667,1.0,1.0
CASIA2/Tp/Tp_S_NNN_S_N_nat10157_nat10157_12039.jpg,0.9666666666666667,0.97,1.0,0.9986666666666667
CASIA2/Tp/Tp_S_NNN_S_N_nat10158_nat10158_12025.jpg,0.8333333333333334,0.89,1.0,0.9899074074074075
CASIA2/Tp/Tp_S_NNN_S_N_nat10161_nat10161_12078.jpg,0.9633333333333334,0.9933333333333333,0.9993636363636363,0.9891419413919413
CASIA2/Tp/Tp_S_NNN_S_N_nat10162_nat10162_12087.jpg,0.9966666666666667,0.9766666666666667,0.9646593314093315,0.9862417027417028
CASIA2/Tp/Tp_S_NNN_S_N_nat10164_nat10164_12094.jpg,1.0,0.9866666666666667,1.0,1.0
CASIA2/Tp/Tp_S_NNN_S_N_nat20003_nat20003_01507.tif,0.9566666666666667,0.93,1.0,0.9984848484848485
CASIA2/Tp/Tp_S_NNN_S_N_nat20003_nat20003_02203.tif,0.7033333333333334,0.6366666666666667,1.0,1.0
CASIA2/Tp/Tp_S_NNN_S_N_nat20004_nat20004_01508.tif,0.97,0.99,1.0,1.0
CASIA2/Tp/Tp_S_NNN_S_N_nat20005_nat20005_01509.tif,0.9233333333333333,0.9366666666666666,1.0,0.9977272727272729
CASIA2/Tp/Tp_S_NNN_S_N_nat20005_nat20005_02205.tif,0.44333333333333336,0.48,1.0,0.9962987012987015
CASIA2/Tp/Tp_S_NNN_S_N_nat20007_nat20007_01511.tif,0.47333333333333333,0.51,1.0,0.9958333333333333
CASIA2/Tp/Tp_S_NNN_S_N_nat20010_nat20010_02210.tif,0.88,0.91,1.0,0.9953333333333332
CASIA2/Tp/Tp_S_NNN_S_N_nat20011_nat20011_02211.tif,0.7033333333333334,0.78,0.9966666666666667,1.0
CASIA2/Tp/Tp_S_NNN_S_N_nat20017_nat20017_02217.tif,0.36666666666666664,0.36333333333333334,0.9988888888888887,1.0
CASIA2/Tp/Tp_S_NNN_S_N_nat20021_nat20021_02221.tif,0.5733333333333334,0.4766666666666667,0.9986666666666667,0.9975
CASIA2/Tp/Tp_S_NNN_S_N_nat20022_nat20022_02222.tif,0.8166666666666667,0.8633333333333333,1.0,0.9991666666666666
CASIA2/Tp/Tp_S_NNN_S_N_nat20024_nat20024_02224.tif,0.8466666666666667,0.8633333333333333,1.0,1.0
CASIA2/Tp/Tp_S_NNN_S_N_nat20025_nat20025_01529.tif,0.6666666666666666,0.6666666666666666,1.0,0.9967195767195767
CASIA2/Tp/Tp_S_NNN_S_N_nat20026_nat20026_01530.tif,0.8733333333333333,0.87,1.0,0.9985
CASIA2/Tp/Tp_S_NNN_S_N_nat20029_nat20029_01533.tif,0.5466666666666666,0.6966666666666667,1.0,1.0
CASIA2/Tp/Tp_S_NNN_S_N_nat20032_nat20032_02232.tif,0.9566666666666667,0.96,0.9992592592592593,1.0
CASIA2/Tp/Tp_S_NNN_S_N_nat20033_nat20033_01537.tif,0.9666666666666667,0.9466666666666667,1.0,0.9931428571428572
CASIA2/Tp/Tp_S_NNN_S_N_nat20035_nat20035_01539.tif,0.71,0.6933333333333334,1.0,0.9968730158730159
CASIA2/Tp/Tp_S_NNN_S_N_nat20036_nat20036_01540.tif,1.0,0.95,1.0,1.0
CASIA2/Tp/Tp_S_NNN_S_N_nat20036_nat20036_02234.tif,0.75,0.7633333333333333,1.0,1.0
CASIA2/Tp/Tp_S_NNN_S_N_nat20037_nat20037_02235.tif,0.9533333333333334,0.97,1.0,0.9925925925925928
CASIA2/Tp/Tp_S_NNN_S_N_nat20038_nat20038_01542.tif,0.18333333333333332,0.72,0.9966666666666667,0.99875
CASIA2/Tp/Tp_S_NNN_S_N_nat20038_nat20038_02236.tif,0.6466666666666666,0.9166666666666666,0.9966666666666667,0.99875
CASIA2/Tp/Tp_S_NNN_S_N_nat20040_nat20040_01544.tif,1.0,1.0,1.0,1.0
CASIA2/Tp/Tp_S_NNN_S_N_nat20042_nat20042_01546.tif,0.94,0.9,1.0,1.0
CASIA2/Tp/Tp_S_NNN_S_N_nat20042_nat20042_02241.tif,1.0,1.0,1.0,1.0
CASIA2/Tp/Tp_S_NNN_S_N_nat20044_nat20044_01548.tif,0.9833333333333333,0.98,1.0,1.0
CASIA2/Tp/Tp_S_NNN_S_N_nat20045_nat20045_02243.tif,0.9966666666666667,1.0,1.0,1.0
CASIA2/Tp/Tp_S_NNN_S_N_nat20047_nat20047_01551.tif,0.8766666666666667,0.8666666666666667,1.0,0.9985714285714286
CASIA2/Tp/Tp_S_NNN_S_N_nat20048_nat20048_01552.tif,0.9033333333333333,0.8266666666666667,1.0,0.9985714285714286
CASIA2/Tp/Tp_S_NNN_S_N_nat20050_nat20050_01554.tif,0.94,0.9666666666666667,1.0,1.0
CASIA2/Tp/Tp_S_NNN_S_N_nat20050_nat20050_02246.tif,0.6466666666666666,0.46,1.0,1.0
CASIA2/Tp/Tp_S_NNN_S_N_nat20053_nat20053_01557.tif,0.9533333333333334,0.9333333333333333,0.9966666666666667,0.9938425925925926
CASIA2/Tp/Tp_S_NNN_S_N_nat20055_nat20055_02250.tif,0.8233333333333334,0.91,0.9993939393939394,0.9992592592592593
CASIA2/Tp/Tp_S_NNN_S_N_nat20057_nat20057_02252.tif,1.0,0.9866666666666667,1.0,1.0
CASIA2/Tp/Tp_S_NNN_S_N_nat20060_nat20060_01564.tif,0.9833333333333333,0.98,1.0,0.9986666666666667
CASIA2/Tp/Tp_S_NNN_S_N_nat20060_nat20060_02254.tif,0.7133333333333334,0.83,1.0,0.9986666666666667
CASIA2/Tp/Tp_S_NNN_S_N_nat20061_nat20061_01565.tif,0.8866666666666667,0.8066666666666666,0.9979999999999999,0.9953333333333334
CASIA2/Tp/Tp_S_NNN_S_N_nat20061_nat20061_02255.tif,0.9866666666666667,0.9366666666666666,0.9979999999999999,0.9986666666666667
CASIA2/Tp/Tp_S_NNN_S_N_nat20062_nat20062_01566.tif,0.71,0.74,1.0,1.0
CASIA2/Tp/Tp_S_NNN_S_N_nat20063_nat20063_01567.tif,0.9333333333333333,0.8433333333333334,1.0,0.9823611111111112
CASIA2/Tp/Tp_S_NNN_S_N_nat20064_nat20064_01568.tif,0.9566666666666667,0.8533333333333334,1.0,0.9994871794871794
CASIA2/Tp/Tp_S_NNN_S_N_nat20065_nat20065_01569.tif,0.7,0.41,1.0,0.9966666666666667
CASIA2/Tp/Tp_S_NNN_S_N_nat20065_nat20065_02256.tif,0.6633333333333333,0.38333333333333336,1.0,0.9938888888888887
CASIA2/Tp/Tp_S_NNN_S_N_nat20066_nat20066_01570.tif,0.49666666666666665,0.49666666666666665,0.9991666666666666,1.0
CASIA2/Tp/Tp_S_NNN_S_N_nat20068_nat20067_01572.tif,0.66,0.66,0.995702380952381,0.9920793650793651
CASIA2/Tp/Tp_S_NNN_S_N_nat20070_nat20070_01574.tif,0.9866666666666667,0.9433333333333334,0.9994444444444444,0.9986666666666667
CASIA2/Tp/Tp_S_NNN_S_N_nat20071_nat20071_01575.tif,0.6866666666666666,0.7233333333333334,1.0,0.9976094276094276
CASIA2/Tp/Tp_S_NNN_S_N_nat20073_nat20073_01577.tif,0.9933333333333333,0.9866666666666667,1.0,0.9978333333333335
CASIA2/Tp/Tp_S_NNN_S_N_nat20074_nat20074_01578.tif,0.9833333333333333,0.88,0.9966666666666667,0.9948888888888888
CASIA2/Tp/Tp_S_NNN_S_N_nat20074_nat20074_02460.tif,0.8533333333333334,0.78,0.9966666666666667,0.9955555555555554
CASIA2/Tp/Tp_S_NNN_S_N_nat20075_nat20075_01579.tif,0.9833333333333333,0.9833333333333333,0.9933333333333333,0.9973809523809524
CASIA2/Tp/Tp_S_NNN_S_N_nat20076_nat20076_01580.tif,1.0,0.7933333333333333,0.9856435786435788,0.9840500240500241
CASIA2/Tp/Tp_S_NNN_S_N_nat20080_nat20080_01584.tif,0.96,0.9733333333333334,1.0,1.0
CASIA2/Tp/Tp_S_NNN_S_N_nat20083_nat20083_01587.tif,0.88,0.9,1.0,1.0
CASIA2/Tp/Tp_S_NNN_S_N_nat20083_nat20083_02459.tif,0.9333333333333333,0.9566666666666667,1.0,1.0
CASIA2/Tp/Tp_S_NNN_S_N_nat20087_nat20087_01591.tif,0.99,0.9866666666666667,0.9994444444444444,1.0
CASIA2/Tp/Tp_S_NNN_S_N_nat20089_nat20089_01593.tif,0.9866666666666667,0.9833333333333333,1.0,1.0
CASIA2/Tp/Tp_S_NNN_S_N_nat20094_nat20094_01598.tif,0.9866666666666667,1.0,0.9991666666666666,0.9983333333333333
CASIA2/Tp/Tp_S_NNN_S_N_nat20094_nat20094_02456.tif,0.8833333333333333,0.97,0.9991666666666666,0.9951111111111111
CASIA2/Tp/Tp_S_NNN_S_N_nat20096_nat20096_01600.tif,0.45,0.5033333333333333,0.9997222222222221,1.0
CASIA2/Tp/Tp_S_NNN_S_N_nat20098_nat20098_02258.tif,0.7533333333333333,0.77,0.9996666666666666,0.9993333333333334
CASIA2/Tp/Tp_S_NNN_S_N_nat20098_nat20098_02454.tif,0.7833333333333333,0.7966666666666666,0.9966666666666667,1.0
CASIA2/Tp/Tp_S_NNN_S_N_nat20099_nat20099_02259.tif,0.8666666666666667,0.8233333333333334,1.0,1.0
CASIA2/Tp/Tp_S_NNN_S_N_nat20100_nat20100_01604.tif,0.99,0.9866666666666667,1.0,1.0
CASIA2/Tp/Tp_S_NNN_S_N_pla00002_pla00002_00542.tif,0.95,0.9633333333333334,1.0,0.9952037037037036
CASIA2/Tp/Tp_S_NNN_S_N_pla00002_pla00002_10922.jpg,0.71,0.82,0.93,0.9441668701668702
CASIA2/Tp/Tp_S_NNN_S_N_pla00003_pla00003_00543.tif,1.0,1.0,1.0,1.0
CASIA2/Tp/Tp_S_NNN_S_N_pla00005_pla00005_00545.tif,0.9866666666666667,0.99,0.9994444444444446,1.0
CASIA2/Tp/Tp_S_NNN_S_N_pla00008_pla00008_00547.tif,0.9833333333333333,0.98,1.0,0.9963703703703704
CASIA2/Tp/Tp_S_NNN_S_N_pla00008_pla00008_01130.tif,0.9966666666666667,1.0,1.0,0.9970370370370369
CASIA2/Tp/Tp_S_NNN_S_N_pla00011_pla00011_00550.tif,0.9966666666666667,0.9933333333333333,1.0,1.0
CASIA2/Tp/Tp_S_NNN_S_N_pla00011_pla00011_01133.tif,1.0,0.9966666666666667,1.0,1.0
CASIA2/Tp/Tp_S_NNN_S_N_pla00012_pla00012_00551.tif,0.9933333333333333,0.9966666666666667,0.9983333333333333,0.9956944444444443
CASIA2/Tp/Tp_S_NNN_S_N_pla00013_pla00013_01134.tif,0.9966666666666667,0.9933333333333333,1.0,1.0
CASIA2/Tp/Tp_S_NNN_S_N_pla00013_pla00013_10966.jpg,0.99,1.0,0.9808802308802308,0.9893888888888889
CASIA2/Tp/Tp_S_NNN_S_N_pla00013_pla00013_20067.jpg,1.0,1.0,0.9862851037851037,0.9645128667628665
CASIA2/Tp/Tp_S_NNN_S_N_pla00014_pla00014_00553.tif,0.9966666666666667,0.9966666666666667,1.0,1.0
CASIA2/Tp/Tp_S_NNN_S_N_pla00015_pla00015_10958.jpg,0.9833333333333333,0.99,0.9833333333333333,0.9934074074074075
CASIA2/Tp/Tp_S_NNN_S_N_pla00018_pla00018_00556.tif,1.0,0.9933333333333333,1.0,1.0
CASIA2/Tp/Tp_S_NNN_S_N_pla00018_pla00018_01138.tif,1.0,1.0,1.0,1.0
CASIA2/Tp/Tp_S_NNN_S_N_pla00020_pla00020_00558.tif,1.0,0.9933333333333333,1.0,1.0
CASIA2/Tp/Tp_S_NNN_S_N_pla00020_pla00020_01140.tif,0.9966666666666667,0.9633333333333334,1.0,1.0
CASIA2/Tp/Tp_S_NNN_S_N_pla00021_pla00021_00559.tif,1.0,1.0,1.0,1.0
CASIA2/Tp/Tp_S_NNN_S_N_pla00021_pla00021_00942.tif,0.9766666666666667,0.9833333333333333,1.0,1.0
CASIA2/Tp/Tp_S_NNN_S_N_pla00023_pla00023_00560.tif,1.0,1.0,1.0,1.0
CASIA2/Tp/Tp_S_NNN_S_N_pla00023_pla00023_20086.jpg,0.9733333333333334,0.99,0.9909338624338625,0.9891944444444444
CASIA2/Tp/Tp_S_NNN_S_N_pla00025_pla00025_00562.tif,0.9966666666666667,0.9933333333333333,1.0,1.0
CASIA2/Tp/Tp_S_NNN_S_N_pla00025_pla00025_01142.tif,0.9933333333333333,0.9966666666666667,1.0,1.0
CASIA2/Tp/Tp_S_NNN_S_N_pla00026_pla00026_00563.tif,0.9933333333333333,0.9833333333333333,1.0,0.9941666666666666
CASIA2/Tp/Tp_S_NNN_S_N_pla00028_pla00028_01144.tif,0.9666666666666667,0.9633333333333334,1.0,1.0
CASIA2/Tp/Tp_S_NNN_S_N_pla00029_pla00029_01145.tif,0.9833333333333333,0.9933333333333333,1.0,0.9984259259259259
CASIA2/Tp/Tp_S_NNN_S_N_pla00030_pla00030_00566.tif,0.9933333333333333,1.0,0.9993333333333334,1.0
CASIA2/Tp/Tp_S_NNN_S_N_pla00030_pla00030_10946.jpg,0.96,0.9666666666666667,0.9856017316017316,0.9787074314574316
CASIA2/Tp/Tp_S_NNN_S_N_pla00031_pla00031_00567.tif,0.9766666666666667,0.99,1.0,1.0
CASIA2/Tp/Tp_S_NNN_S_N_pla00031_pla00031_01146.tif,0.9666666666666667,0.9866666666666667,1.0,1.0
CASIA2/Tp/Tp_S_NNN_S_N_pla00031_pla00031_10985.jpg,0.8833333333333333,0.9666666666666667,0.9833333333333333,0.9935000000000003
CASIA2/Tp/Tp_S_NNN_S_N_pla00032_pla00032_01147.tif,0.96,0.9633333333333334,1.0,0.9979259259259258
CASIA2/Tp/Tp_S_NNN_S_N_pla00033_pla00033_00568.tif,0.9966666666666667,0.99,1.0,1.0
CASIA2/Tp/Tp_S_NNN_S_N_pla00033_pla00033_10999.jpg,0.8333333333333334,0.91,0.9966666666666667,0.9908531746031747
CASIA2/Tp/Tp_S_NNN_S_N_pla00035_pla00035_00570.tif,0.9666666666666667,0.94,1.0,1.0
CASIA2/Tp/Tp_S_NNN_S_N_pla00035_pla00035_01135.tif,1.0,1.0,1.0,1.0
CASIA2/Tp/Tp_S_NNN_S_N_pla00037_pla00037_01150.tif,1.0,1.0,1.0,1.0
CASIA2/Tp/Tp_S_NNN_S_N_pla00038_pla00038_00573.tif,1.0,0.9933333333333333,1.0,1.0
CASIA2/Tp/Tp_S_NNN_S_N_pla00038_pla00038_01151.tif,0.9933333333333333,1.0,1.0,1.0
CASIA2/Tp/Tp_S_NNN_S_N_pla00039_pla00039_00574.tif,0.9933333333333333,1.0,1.0,1.0
CASIA2/Tp/Tp_S_NNN_S_N_pla00040_pla00040_00575.tif,0.9866666666666667,0.9433333333333334,1.0,1.0
CASIA2/Tp/Tp_S_NNN_S_N_pla00043_pla00043_00578.tif,0.9966666666666667,0.9866666666666667,1.0,0.9979999999999999
CASIA2/Tp/Tp_S_NNN_S_N_pla00044_pla00044_00579.tif,1.0,1.0,1.0,1.0
CASIA2/Tp/Tp_S_NNN_S_N_pla00044_pla00044_01154.tif,1.0,1.0,1.0,1.0
CASIA2/Tp/Tp_S_NNN_S_N_pla00045_pla00045_01155.tif,1.0,0.9933333333333333,1.0,1.0
CASIA2/Tp/Tp_S_NNN_S_N_pla00047_pla00047_00582.tif,0.9566666666666667,0.98,1.0,1.0
CASIA2/Tp/Tp_S_NNN_S_N_pla00048_pla00048_00583.tif,1.0,0.9966666666666667,1.0,0.9977777777777779
CASIA2/Tp/Tp_S_NNN_S_N_pla00049_pla00049_00584.tif,0.9966666666666667,0.9933333333333333,1.0,1.0
CASIA2/Tp/Tp_S_NNN_S_N_pla00051_pla00051_00585.tif,1.0,1.0,1.0,1.0
CASIA2/Tp/Tp_S_NNN_S_N_pla00051_pla00051_01160.tif,0.9866666666666667,0.99,1.0,1.0
CASIA2/Tp/Tp_S_NNN_S_N_pla00052_pla00052_00586.tif,0.98,0.9866666666666667,1.0,1.0
CASIA2/Tp/Tp_S_NNN_S_N_pla00054_pla00054_00588.tif,1.0,1.0,1.0,1.0
CASIA2/Tp/Tp_S_NNN_S_N_pla00055_pla00055_01164.tif,1.0,1.0,1.0,1.0
CASIA2/Tp/Tp_S_NNN_S_N_pla00061_pla00061_00592.tif,1.0,1.0,1.0,0.9992592592592593
CASIA2/Tp/Tp_S_NNN_S_N_pla00063_pla00035_00594.tif,0.99,0.99,1.0,0.9985714285714286
CASIA2/Tp/Tp_S_NNN_S_N_pla00063_pla00063_01171.tif,1.0,0.99,1.0,0.999
CASIA2/Tp/Tp_S_NNN_S_N_pla00064_pla00064_00595.tif,1.0,1.0,1.0,1.0
CASIA2/Tp/Tp_S_NNN_S_N_pla00065_pla00065_00596.tif,0.99,0.9966666666666667,1.0,1.0
CASIA2/Tp/Tp_S_NNN_S_N_pla00070_pla00070_00599.tif,1.0,0.9966666666666667,1.0,1.0
CASIA2/Tp/Tp_S_NNN_S_N_pla00072_pla00072_00600.tif,0.9933333333333333,1.0,1.0,1.0
CASIA2/Tp/Tp_S_NNN_S_N_pla00075_pla00075_10621.jpg,0.99,0.99,0.9433333333333334,0.9682323232323233
CASIA2/Tp/Tp_S_NNN_S_N_pla00077_pla00077_00602.tif,0.84,0.86,1.0,0.9993333333333334
CASIA2/Tp/Tp_S_NNN_S_N_pla00078_pla00078_00603.tif,0.8966666666666666,0.79,0.9991666666666666,0.9851774042950516
CASIA2/Tp/Tp_S_NNN_S_N_pla00081_pla00081_01183.tif,0.99,0.9933333333333333,1.0,1.0
CASIA2/Tp/Tp_S_NNN_S_N_pla00082_pla00082_00606.tif,0.9933333333333333,0.9966666666666667,1.0,1.0
CASIA2/Tp/Tp_S_NNN_S_N_pla00084_pla00084_01186.tif,0.79,0.9433333333333334,1.0,0.9983333333333333
CASIA2/Tp/Tp_S_NNN_S_N_pla00084_pla00084_10454.tif,0.34,0.88,1.0,0.9977777777777779
CASIA2/Tp/Tp_S_NNN_S_N_pla00087_pla00087_00609.tif,0.9566666666666667,0.96,1.0,0.9965925925925927
CASIA2/Tp/Tp_S_NNN_S_N_pla00087_pla00087_01188.tif,0.9933333333333333,0.9933333333333333,1.0,0.9991666666666666
CASIA2/Tp/Tp_S_NNN_S_N_pla00088_pla00088_01189.tif,1.0,0.9233333333333333,1.0,0.9991666666666666
CASIA2/Tp/Tp_S_NNN_S_N_pla00089_pla00089_00611.tif,0.9866666666666667,0.9966666666666667,1.0,0.9947575757575758
CASIA2/Tp/Tp_S_NNN_S_N_pla00090_pla00090_00936.tif,0.76,0.8633333333333333,1.0,0.9993333333333334
CASIA2/Tp/Tp_S_NNN_S_N_pla00093_pla00093_00614.tif,0.7633333333333333,0.9166666666666666,1.0,1.0
CASIA2/Tp/Tp_S_NNN_S_N_pla00093_pla00093_00930.tif,0.9366666666666666,0.92,1.0,1.0
CASIA2/Tp/Tp_S_NNN_S_N_pla00094_pla00094_00615.tif,0.9766666666666667,0.96,1.0,1.0
CASIA2/Tp/Tp_S_NNN_S_N_pla00095_pla00095_00616.tif,0.9766666666666667,0.9766666666666667,1.0,1.0
CASIA2/Tp/Tp_S_NNN_S_N_pla00095_pla00095_00931.tif,0.7366666666666667,0.86,1.0,0.9983333333333333
CASIA2/Tp/Tp_S_NNN_S_N_pla00098_pla00098_00619.tif,0.52,0.8633333333333333,1.0,1.0
CASIA2/Tp/Tp_S_NNN_S_N_pla00098_pla00098_10616.jpg,0.5633333333333334,0.8866666666666667,0.8977163715913716,0.9368375883375883
CASIA2/Tp/Tp_S_NNN_S_N_pla00099_pla00099_10618.jpg,0.9633333333333334,0.9966666666666667,0.99,0.9991666666666666
CASIA2/Tp/Tp_S_NNN_S_N_pla00100_ani00079_00540.tif,0.89,0.9266666666666666,1.0,0.9985833333333333
CASIA2/Tp/Tp_S_NNN_S_N_pla00100_pla00100_00933.tif,0.8066666666666666,0.8766666666666667,1.0,0.9982142857142857
CASIA2/Tp/Tp_S_NNN_S_N_pla10128_pla10128_12139.jpg,0.69,0.9133333333333333,1.0,1.0
CASIA2/Tp/Tp_S_NNN_S_N_pla20005_pla20005_01905.tif,0.9466666666666667,0.88,0.9964444444444445,0.9761623931623933
CASIA2/Tp/Tp_S_NNN_S_N_pla20005_pla20005_02397.tif,0.42,0.5933333333333334,0.9964444444444445,0.9768888888888889
CASIA2/Tp/Tp_S_NNN_S_N_pla20006_pla20006_01906.tif,0.9866666666666667,0.9866666666666667,1.0,0.9980238095238095
CASIA2/Tp/Tp_S_NNN_S_N_pla20008_pla20008_01908.tif,0.9033333333333333,0.9166666666666666,0.9991666666666666,0.9945185185185185
CASIA2/Tp/Tp_S_NNN_S_N_pla20011_pla20011_01911.tif,0.9833333333333333,0.9866666666666667,0.9960050505050505,0.9962340067340066
CASIA2/Tp/Tp_S_NNN_S_N_pla20013_pla20013_01913.tif,0.9233333333333333,0.9066666666666666,1.0,1.0
CASIA2/Tp/Tp_S_NNN_S_N_pla20014_pla20014_01914.tif,0.79,0.7533333333333333,1.0,0.9988888888888889
CASIA2/Tp/Tp_S_NNN_S_N_pla20015_pla20015_01915.tif,0.73,0.38,1.0,0.9947222222222223
CASIA2/Tp/Tp_S_NNN_S_N_pla20015_pla20015_02391.tif,0.9833333333333333,0.7933333333333333,0.998653846153846,0.9922222222222223
CASIA2/Tp/Tp_S_NNN_S_N_pla20017_pla20017_01917.tif,0.99,0.9966666666666667,1.0,1.0
CASIA2/Tp/Tp_S_NNN_S_N_pla20019_pla20019_01919.tif,0.9366666666666666,0.9833333333333333,1.0,1.0
CASIA2/Tp/Tp_S_NNN_S_N_pla20020_pla20020_01920.tif,0.8433333333333334,0.8766666666666667,1.0,0.9943055555555554
CASIA2/Tp/Tp_S_NNN_S_N_pla20021_pla20021_02389.tif,0.93,0.9666666666666667,1.0,0.9967500000000001
CASIA2/Tp/Tp_S_NNN_S_N_pla20023_pla20023_02387.tif,0.9766666666666667,0.9633333333333334,0.9966666666666667,0.9978333333333335
CASIA2/Tp/Tp_S_NNN_S_N_pla20024_pla20024_01924.tif,0.9066666666666666,0.9266666666666666,1.0,0.9991666666666666
CASIA2/Tp/Tp_S_NNN_S_N_pla20032_pla20032_01932.tif,0.97,0.98,1.0,0.9961111111111113
CASIA2/Tp/Tp_S_NNN_S_N_pla20035_pla20035_02385.tif,0.9666666666666667,0.9766666666666667,0.9966666666666667,0.9965277777777777
CASIA2/Tp/Tp_S_NNN_S_N_pla20038_pla20038_01938.tif,0.47333333333333333,0.4066666666666667,1.0,1.0
CASIA2/Tp/Tp_S_NNN_S_N_pla20039_pla20039_01939.tif,0.8733333333333333,0.9433333333333334,0.9989166666666667,1.0
CASIA2/Tp/Tp_S_NNN_S_N_pla20040_pla20040_01940.tif,0.98,0.9766666666666667,1.0,0.99875
CASIA2/Tp/Tp_S_NNN_S_N_pla20043_pla20043_02382.tif,0.9533333333333334,0.9766666666666667,1.0,0.9986666666666667
CASIA2/Tp/Tp_S_NNN_S_N_pla20044_pla20044_01944.tif,0.95,0.9733333333333334,0.9966717171717172,0.9943703703703705
CASIA2/Tp/Tp_S_NNN_S_N_pla20045_pla20045_02381.tif,0.43,0.4533333333333333,0.9961029411764707,0.9985
CASIA2/Tp/Tp_S_NNN_S_N_pla20048_pla20048_01948.tif,0.6533333333333333,0.82,0.9996666666666666,0.9975
CASIA2/Tp/Tp_S_NNN_S_N_pla20052_pla20052_01952.tif,0.92,0.9633333333333334,1.0,1.0
CASIA2/Tp/Tp_S_NNN_S_N_pla20056_pla20056_01956.tif,0.5933333333333334,0.67,1.0,0.9951111111111111
CASIA2/Tp/Tp_S_NNN_S_N_pla20056_pla20056_02375.tif,0.5866666666666667,0.67,1.0,0.9949444444444445
CASIA2/Tp/Tp_S_NNN_S_N_pla20057_pla20057_02374.tif,0.97,0.9333333333333333,1.0,0.9961666666666668
CASIA2/Tp/Tp_S_NNN_S_N_pla20060_pla20060_02372.tif,0.9366666666666666,0.9566666666666667,1.0,0.9990476190476191
CASIA2/Tp/Tp_S_NNN_S_N_pla20060_pla20060_02488.tif,0.5833333333333334,0.55,1.0,0.9993333333333334
CASIA2/Tp/Tp_S_NNN_S_N_pla20063_pla20063_01963.tif,0.9333333333333333,0.9266666666666666,1.0,0.9972698412698412
CASIA2/Tp/Tp_S_NNN_S_N_pla20067_pla20067_02367.tif,0.5033333333333333,0.64,1.0,0.9906392496392497
CASIA2/Tp/Tp_S_NNN_S_N_pla20070_pla20070_01970.tif,0.9466666666666667,0.9533333333333334,1.0,0.9967777777777777
CASIA2/Tp/Tp_S_NNN_S_N_pla20071_pla20071_02377.tif,0.5333333333333333,0.4666666666666667,1.0,0.9947445887445887
CASIA2/Tp/Tp_S_NNN_S_N_pla20073_pla20073_01973.tif,0.96,0.9266666666666666,0.9833333333333333,0.9912056277056278
CASIA2/Tp/Tp_S_NNN_S_N_pla20074_pla20074_01974.tif,0.9666666666666667,0.9633333333333334,1.0,1.0
CASIA2/Tp/Tp_S_NNN_S_N_pla20074_pla20074_02363.tif,0.9866666666666667,0.9733333333333334,1.0,1.0
CASIA2/Tp/Tp_S_NNN_S_N_pla20075_pla20075_01975.tif,0.3433333333333333,0.45666666666666667,1.0,1.0
CASIA2/Tp/Tp_S_NNN_S_N_pla20075_pla20075_02362.tif,0.9533333333333334,0.94,1.0,1.0
CASIA2/Tp/Tp_S_NNN_S_N_pla20076_pla20076_01976.tif,0.5266666666666666,0.4666666666666667,1.0,0.9995833333333334
CASIA2/Tp/Tp_S_NNN_S_N_pla20076_pla20076_02361.tif,0.9433333333333334,0.98,1.0,1.0
CASIA2/Tp/Tp_S_NNN_S_N_pla20077_pla20077_01977.tif,0.63,0.6466666666666666,0.9953205128205127,0.9973392857142858
CASIA2/Tp/Tp_S_NNN_S_N_pla20077_pla20077_02360.tif,0.9366666666666666,0.9766666666666667,0.9953205128205127,0.9956726190476192
CASIA2/Tp/Tp_S_NNN_S_N_pla20082_pla20082_02491.tif,0.7533333333333333,0.75,1.0,1.0
CASIA2/Tp/Tp_S_NNN_S_N_pla20085_pla20085_01985.tif,0.91,0.9666666666666667,1.0,0.9972685185185185
CASIA2/Tp/Tp_S_NNN_S_N_pla20086_pla20086_01986.tif,0.9966666666666667,0.9833333333333333,0.9988888888888889,1.0
CASIA2/Tp/Tp_S_NNN_S_N_pla20087_pla20087_01987.tif,0.2833333333333333,0.4866666666666667,0.9983333333333333,1.0
CASIA2/Tp/Tp_S_NNN_S_N_pla20087_pla20087_02355.tif,0.8433333333333334,0.8,0.9983333333333333,1.0
CASIA2/Tp/Tp_S_NNN_S_N_pla20087_pla20087_02490.tif,0.8466666666666667,0.8133333333333334,0.9983333333333333,1.0
CASIA2/Tp/Tp_S_NNN_S_N_pla20089_pla20089_01989.tif,0.38333333333333336,0.34,1.0,0.9955555555555554
CASIA2/Tp/Tp_S_NNN_S_N_pla20096_pla20096_01996.tif,0.6733333333333333,0.6766666666666666,1.0,1.0
CASIA2/Tp/Tp_S_NNN_S_N_pla20096_pla20096_02346.tif,0.2866666666666667,0.3333333333333333,1.0,0.9975
CASIA2/Tp/Tp_S_NNN_S_N_pla20097_pla20097_01997.tif,0.38666666666666666,0.4666666666666667,0.9966666666666667,0.9991666666666666
CASIA2/Tp/Tp_S_NNN_S_N_pla20098_pla20098_01998.tif,0.9233333333333333,0.9533333333333334,1.0,1.0
CASIA2/Tp/Tp_S_NNN_S_N_pla20100_pla20100_02342.tif,0.9966666666666667,1.0,0.9966666666666667,1.0
CASIA2/Tp/Tp_S_NNN_S_N_sec00007_sec00007_10788.jpg,0.45,0.8366666666666667,0.9971111111111111,0.9908015873015872
CASIA2/Tp/Tp_S_NNN_S_N_sec00012_sec00012_00740.tif,0.8866666666666667,0.9133333333333333,1.0,1.0
CASIA2/Tp/Tp_S_NNN_S_N_sec00012_sec00012_11230.jpg,0.6966666666666667,0.8433333333333334,0.9961111111111113,0.9805327912827912
CASIA2/Tp/Tp_S_NNN_S_N_sec00013_sec00013_00746.tif,0.9766666666666667,0.8766666666666667,1.0,1.0
CASIA2/Tp/Tp_S_NNN_S_N_sec00013_sec00013_11228.jpg,0.8433333333333334,0.7466666666666667,0.9866666666666667,1.0
CASIA2/Tp/Tp_S_NNN_S_N_sec00019_sec00019_00762.tif,0.6933333333333334,0.5133333333333333,1.0,0.997142857142857
CASIA2/Tp/Tp_S_NNN_S_N_sec00020_sec00020_00761.tif,0.9933333333333333,0.9866666666666667,1.0,0.992929773929774
CASIA2/Tp/Tp_S_NNN_S_N_sec00021_sec00021_00766.tif,0.9966666666666667,1.0,1.0,0.9991666666666666
CASIA2/Tp/Tp_S_NNN_S_N_sec00023_sec00023_00748.tif,0.81,0.7566666666666667,1.0,1.0
CASIA2/Tp/Tp_S_NNN_S_N_sec00025_sec00025_00773.tif,0.9766666666666667,0.9733333333333334,1.0,1.0
CASIA2/Tp/Tp_S_NNN_S_N_sec00025_sec00025_01434.tif,0.8433333333333334,0.8133333333333334,1.0,1.0
CASIA2/Tp/Tp_S_NNN_S_N_sec00025_sec00025_10772.jpg,0.6066666666666667,0.9,0.9934920634920636,0.9931746031746033
CASIA2/Tp/Tp_S_NNN_S_N_sec00026_sec00026_10767.jpg,0.8833333333333333,0.97,0.99,1.0
CASIA2/Tp/Tp_S_NNN_S_N_sec00026_sec00026_10769.jpg,0.77,0.9166666666666666,0.9866666666666667,0.9991666666666666
CASIA2/Tp/Tp_S_NNN_S_N_sec00026_sec00026_10774.jpg,0.8233333333333334,0.9033333333333333,0.9833333333333333,0.9892777777777777
CASIA2/Tp/Tp_S_NNN_S_N_sec00027_sec00027_00048.tif,0.9933333333333333,0.9933333333333333,1.0,1.0
CASIA2/Tp/Tp_S_NNN_S_N_sec00027_sec00027_10789.jpg,0.99,1.0,0.9935714285714287,0.9983333333333333
CASIA2/Tp/Tp_S_NNN_S_N_sec00028_sec00028_00767.tif,0.9966666666666667,0.9966666666666667,1.0,1.0
CASIA2/Tp/Tp_S_NNN_S_N_sec00029_sec00029_00050.tif,1.0,1.0,0.9993333333333334,1.0
CASIA2/Tp/Tp_S_NNN_S_N_sec00029_sec00029_00803.tif,0.92,0.7766666666666666,0.9993333333333334,1.0
CASIA2/Tp/Tp_S_NNN_S_N_sec00029_sec00029_10798.jpg,0.8566666666666667,0.9233333333333333,0.9860313852813853,0.9945925925925925
CASIA2/Tp/Tp_S_NNN_S_N_sec00031_sec00031_00765.tif,0.9833333333333333,0.9666666666666667,1.0,1.0
CASIA2/Tp/Tp_S_NNN_S_N_sec00032_sec00032_00053.tif,0.9633333333333334,0.9233333333333333,1.0,1.0
CASIA2/Tp/Tp_S_NNN_S_N_sec00032_sec00032_00750.tif,0.85,0.7,1.0,1.0
CASIA2/Tp/Tp_S_NNN_S_N_sec00034_sec00034_00802.tif,0.9166666666666666,0.8966666666666666,1.0,1.0
CASIA2/Tp/Tp_S_NNN_S_N_sec00035_sec00035_00056.tif,0.98,0.9066666666666666,1.0,1.0
CASIA2/Tp/Tp_S_NNN_S_N_sec00035_sec00035_00801.tif,0.9933333333333333,0.9933333333333333,1.0,1.0
CASIA2/Tp/Tp_S_NNN_S_N_sec00035_sec00035_11249.jpg,0.9366666666666666,0.9566666666666667,0.9879814814814815,0.9950158730158731
CASIA2/Tp/Tp_S_NNN_S_N_sec00036_sec00036_00737.tif,1.0,0.9966666666666667,1.0,0.9995833333333334
CASIA2/Tp/Tp_S_NNN_S_N_sec00036_sec00036_10504.tif,1.0,0.9866666666666667,1.0,1.0
CASIA2/Tp/Tp_S_NNN_S_N_sec00037_sec00037_00763.tif,0.51,0.44,1.0,0.9972222222222221
CASIA2/Tp/Tp_S_NNN_S_N_sec00038_sec00038_00800.tif,0.8766666666666667,0.83,1.0,1.0
CASIA2/Tp/Tp_S_NNN_S_N_sec00039_sec00039_00799.tif,0.9866666666666667,0.9766666666666667,1.0,1.0
CASIA2/Tp/Tp_S_NNN_S_N_sec00040_sec00040_00798.tif,0.9533333333333334,0.9033333333333333,1.0,0.9876202501202501
CASIA2/Tp/Tp_S_NNN_S_N_sec00041_sec00041_00797.tif,0.9733333333333334,0.9333333333333333,1.0,1.0
CASIA2/Tp/Tp_S_NNN_S_N_sec00046_sec00046_00734.tif,1.0,0.9833333333333333,1.0,0.9993333333333334
CASIA2/Tp/Tp_S_NNN_S_N_sec00046_sec00046_00794.tif,0.7433333333333333,0.78,1.0,0.9993333333333334
CASIA2/Tp/Tp_S_NNN_S_N_sec00047_sec00047_00793.tif,0.31666666666666665,0.2,1.0,0.9983333333333333
CASIA2/Tp/Tp_S_NNN_S_N_sec00048_sec00048_00792.tif,0.3566666666666667,0.25666666666666665,1.0,0.9975
CASIA2/Tp/Tp_S_NNN_S_N_sec00049_sec00049_00791.tif,0.38,0.2966666666666667,1.0,0.9991666666666666
CASIA2/Tp/Tp_S_NNN_S_N_sec00053_sec00053_00733.tif,0.27666666666666667,0.08,1.0,0.995
CASIA2/Tp/Tp_S_NNN_S_N_sec00054_sec00054_00790.tif,0.2733333333333333,0.2733333333333333,1.0,1.0
CASIA2/Tp/Tp_S_NNN_S_N_sec00054_sec00055_11341.jpg,0.7833333333333333,0.9633333333333334,0.97,0.9949272486772486
CASIA2/Tp/Tp_S_NNN_S_N_sec00064_sec00064_11259.jpg,0.43666666666666665,0.8066666666666666,0.9666666666666667,0.9973939393939393
CASIA2/Tp/Tp_S_NNN_S_N_sec00065_sec00065_00788.tif,0.85,0.8133333333333334,1.0,0.9993333333333334
CASIA2/Tp/Tp_S_NNN_S_N_sec00065_sec00065_10382.tif,0.7233333333333334,0.6866666666666666,1.0,0.9993333333333334
CASIA2/Tp/Tp_S_NNN_S_N_sec00065_sec00065_10383.tif,0.5166666666666667,0.5033333333333333,1.0,0.9993333333333334
CASIA2/Tp/Tp_S_NNN_S_N_sec00066_sec00066_00087.tif,0.38,0.5766666666666667,0.9847592407592409,0.972199938949939
CASIA2/Tp/Tp_S_NNN_S_N_sec00069_sec00069_00728.tif,0.7766666666666666,0.8366666666666667,1.0,1.0
CASIA2/Tp/Tp_S_NNN_S_N_sec00069_sec00069_00787.tif,0.93,0.9533333333333334,1.0,1.0
CASIA2/Tp/Tp_S_NNN_S_N_sec00071_sec00071_11274.jpg,0.75,0.86,0.9975,0.9941666666666666
CASIA2/Tp/Tp_S_NNN_S_N_sec00072_sec00072_10385.tif,1.0,0.9966666666666667,1.0,1.0
CASIA2/Tp/Tp_S_NNN_S_N_sec00073_sec00073_10439.tif,0.9633333333333334,0.97,1.0,1.0
CASIA2/Tp/Tp_S_NNN_S_N_sec00077_sec00077_00752.tif,1.0,1.0,1.0,1.0
CASIA2/Tp/Tp_S_NNN_S_N_sec00080_sec00080_00776.tif,0.6033333333333334,0.79,1.0,1.0
CASIA2/Tp/Tp_S_NNN_S_N_sec00080_sec00080_10381.tif,0.95,0.97,1.0,1.0
CASIA2/Tp/Tp_S_NNN_S_N_sec00083_sec00083_00103.tif,0.87,0.9666666666666667,1.0,0.9956031746031745
CASIA2/Tp/Tp_S_NNN_S_N_sec00084_sec00084_00784.tif,0.9866666666666667,0.9866666666666667,1.0,1.0
CASIA2/Tp/Tp_S_NNN_S_N_sec00084_sec00084_10353.tif,1.0,0.9966666666666667,1.0,1.0
CASIA2/Tp/Tp_S_NNN_S_N_sec00086_sec00086_00106.tif,0.9566666666666667,0.86,1.0,1.0
CASIA2/Tp/Tp_S_NNN_S_N_sec00086_sec00086_00760.tif,0.65,0.7733333333333333,1.0,1.0
CASIA2/Tp/Tp_S_NNN_S_N_sec00089_sec00089_00775.tif,1.0,1.0,1.0,1.0
CASIA2/Tp/Tp_S_NNN_S_N_sec00090_sec00090_00110.tif,0.8166666666666667,0.92,1.0,1.0
CASIA2/Tp/Tp_S_NNN_S_N_sec00091_sec00091_00753.tif,0.6966666666666667,0.8133333333333334,1.0,1.0
CASIA2/Tp/Tp_S_NNN_S_N_sec00094_sec00094_00755.tif,0.3466666666666667,0.5,1.0,0.9971666666666666
CASIA2/Tp/Tp_S_NNN_S_N_sec00095_sec00095_00754.tif,0.95,0.9766666666666667,1.0,1.0
CASIA2/Tp/Tp_S_NNN_S_N_sec00096_sec00096_00783.tif,0.8266666666666667,0.8933333333333333,1.0,1.0
CASIA2/Tp/Tp_S_NNN_S_N_sec00097_sec00097_00782.tif,1.0,0.9966666666666667,1.0,1.0
CASIA2/Tp/Tp_S_NNN_S_N_sec00098_sec00098_10334.tif,0.9866666666666667,0.99,1.0,1.0
CASIA2/Tp/Tp_S_NNN_S_N_sec00098_sec00098_10335.tif,1.0,0.9933333333333333,1.0,1.0
CASIA2/Tp/Tp_S_NNN_S_N_sec00098_sec00098_10337.tif,0.9766666666666667,0.9866666666666667,1.0,1.0
CASIA2/Tp/Tp_S_NNN_S_N_sec00100_sec00100_00120.tif,0.9966666666666667,1.0,1.0,0.9993333333333334
CASIA2/Tp/Tp_S_NNN_S_N_sec00100_sec00100_00757.tif,0.96,1.0,1.0,0.9976666666666667
CASIA2/Tp/Tp_S_NNN_S_N_sec20001_sec20001_02113.tif,0.23,0.42333333333333334,1.0,1.0
CASIA2/Tp/Tp_S_NNN_S_N_sec20003_sec20003_02453.tif,0.3333333333333333,0.37,1.0,1.0
CASIA2/Tp/Tp_S_NNN_S_N_sec20005_sec20005_02117.tif,0.59,0.6533333333333333,1.0,1.0
CASIA2/Tp/Tp_S_NNN_S_N_sec20007_sec20007_02154.tif,0.8933333333333333,0.97,1.0,1.0
CASIA2/Tp/Tp_S_NNN_S_N_sec20009_sec20009_01444.tif,0.93,0.9666666666666667,0.9995833333333334,1.0
CASIA2/Tp/Tp_S_NNN_S_N_sec20011_sec20011_02120.tif,0.9033333333333333,0.9366666666666666,0.9966666666666667,1.0
CASIA2/Tp/Tp_S_NNN_S_N_sec20012_sec20012_02121.tif,0.42333333333333334,0.5266666666666666,1.0,1.0
CASIA2/Tp/Tp_S_NNN_S_N_sec20013_sec20013_02122.tif,0.8533333333333334,0.7933333333333333,1.0,0.9984722222222221
CASIA2/Tp/Tp_S_NNN_S_N_sec20027_sec20027_02125.tif,0.7533333333333333,0.63,1.0,0.9977777777777778
CASIA2/Tp/Tp_S_NNN_S_N_sec20031_sec20031_01621.tif,0.9333333333333333,0.85,1.0,0.9977777777777778
CASIA2/Tp/Tp_S_NNN_S_N_sec20034_sec20034_01624.tif,0.8333333333333334,0.8033333333333333,1.0,0.9963888888888888
CASIA2/Tp/Tp_S_NNN_S_N_sec20036_sec20036_02450.tif,0.8833333333333333,0.8533333333333334,1.0,1.0
CASIA2/Tp/Tp_S_NNN_S_N_sec20040_sec20040_01630.tif,0.46,0.5066666666666667,1.0,1.0
CASIA2/Tp/Tp_S_NNN_S_N_sec20041_sec20041_02126.tif,1.0,0.9833333333333333,1.0,0.9976190476190476
CASIA2/Tp/Tp_S_NNN_S_N_sec20042_sec20042_01632.tif,0.97,0.9666666666666667,1.0,0.9993333333333334
CASIA2/Tp/Tp_S_NNN_S_N_sec20043_sec20043_01633.tif,0.72,0.8866666666666667,1.0,1.0
CASIA2/Tp/Tp_S_NNN_S_N_sec20044_sec20044_01634.tif,0.96,0.9533333333333334,1.0,1.0
CASIA2/Tp/Tp_S_NNN_S_N_sec20048_sec20048_02129.tif,1.0,0.9966666666666667,1.0,1.0
CASIA2/Tp/Tp_S_NNN_S_N_sec20049_sec20049_01639.tif,0.98,0.99,1.0,1.0
CASIA2/Tp/Tp_S_NNN_S_N_sec20053_sec20053_01643.tif,0.8733333333333333,0.8233333333333334,1.0,0.9955555555555554
CASIA2/Tp/Tp_S_NNN_S_N_sec20054_sec20054_02132.tif,0.7666666666666667,0.9166666666666666,0.9973333333333335,0.9980833333333333
CASIA2/Tp/Tp_S_NNN_S_N_sec20055_sec20055_01645.tif,0.9633333333333334,0.9866666666666667,1.0,1.0
CASIA2/Tp/Tp_S_NNN_S_N_sec20056_sec20056_02133.tif,0.9933333333333333,1.0,1.0,1.0
CASIA2/Tp/Tp_S_NNN_S_N_sec20060_sec20060_01650.tif,0.8266666666666667,0.8366666666666667,1.0,0.9975555555555555
CASIA2/Tp/Tp_S_NNN_S_N_sec20065_sec20065_01655.tif,0.8566666666666667,0.8933333333333333,1.0,1.0
CASIA2/Tp/Tp_S_NNN_S_N_sec20067_sec20067_01657.tif,0.98,0.95,1.0,0.9967619047619048
CASIA2/Tp/Tp_S_NNN_S_N_sec20072_sec20072_01662.tif,0.9866666666666667,0.9933333333333333,0.9956402116402117,0.9993333333333334
CASIA2/Tp/Tp_S_NNN_S_N_sec20073_sec20073_01663.tif,0.7233333333333334,0.6366666666666667,0.9966666666666667,0.9944444444444444
CASIA2/Tp/Tp_S_NNN_S_N_sec20074_sec20074_01664.tif,0.9566666666666667,0.93,0.9907777777777779,1.0
CASIA2/Tp/Tp_S_NNN_S_N_sec20076_sec20076_01666.tif,0.9,0.9533333333333334,1.0,0.9947222222222221
CASIA2/Tp/Tp_S_NNN_S_N_sec20078_sec20078_02144.tif,0.86,0.8266666666666667,0.9934599567099567,0.9973809523809524
CASIA2/Tp/Tp_S_NNN_S_N_sec20081_sec20081_02138.tif,0.9433333333333334,0.88,0.9895462962962963,0.9877857142857142
CASIA2/Tp/Tp_S_NNN_S_N_sec20084_sec20084_01674.tif,1.0,0.9733333333333334,0.9966666666666667,0.999
CASIA2/Tp/Tp_S_NNN_S_N_sec20085_sec20085_01675.tif,0.9666666666666667,0.93,0.9966666666666667,0.9969545454545454
CASIA2/Tp/Tp_S_NNN_S_N_sec20086_sec20086_01676.tif,0.9966666666666667,0.95,0.9966666666666667,0.9965000000000002
CASIA2/Tp/Tp_S_NNN_S_N_sec20088_sec20088_01678.tif,0.5933333333333334,0.6966666666666667,0.9996296296296298,0.9797619047619048
CASIA2/Tp/Tp_S_NNN_S_N_sec20090_sec20090_01680.tif,0.9966666666666667,0.9966666666666667,1.0,0.9954166666666666
CASIA2/Tp/Tp_S_NNN_S_N_sec20093_sec20093_01683.tif,0.99,0.89,0.9967936507936508,0.9924166666666667
CASIA2/Tp/Tp_S_NNN_S_N_sec20100_sec20100_02139.tif,0.9833333333333333,0.9633333333333334,0.9973636363636365,0.9880555555555556
CASIA2/Tp/Tp_S_NNN_S_N_txt00002_txt00002_00685.tif,0.9966666666666667,1.0,1.0,0.9991666666666666
CASIA2/Tp/Tp_S_NNN_S_N_txt00002_txt00002_01261.tif,0.9966666666666667,1.0,1.0,1.0
CASIA2/Tp/Tp_S_NNN_S_N_txt00004_txt00004_01263.tif,0.9966666666666667,0.9966666666666667,1.0,0.9986666666666667
CASIA2/Tp/Tp_S_NNN_S_N_txt00008_txt00008_01266.tif,0.9533333333333334,0.9333333333333333,1.0,1.0
CASIA2/Tp/Tp_S_NNN_S_N_txt00024_txt00024_20087.jpg,1.0,1.0,0.9533333333333334,0.9557449494949496
CASIA2/Tp/Tp_S_NNN_S_N_txt00045_txt00045_11323.jpg,0.8733333333333333,0.9066666666666666,0.8833333333333333,0.9461895604395604
CASIA2/Tp/Tp_S_NNN_S_N_txt00060_txt00060_01282.tif,0.7266666666666667,0.69,1.0,0.9952777777777777
CASIA2/Tp/Tp_S_NNN_S_N_txt00073_txt00073_01286.tif,0.36333333333333334,0.39666666666666667,0.9983333333333333,0.9916353276353275
CASIA2/Tp/Tp_S_NNN_S_N_txt00088_txt00088_01296.tif,0.9433333333333334,0.92,1.0,0.9962922077922077
CASIA2/Tp/Tp_S_NNN_S_N_txt00092_txt00092_11331.jpg,0.9733333333333334,0.97,0.9933333333333333,0.9206907292054352
CASIA2/Tp/Tp_S_NNN_S_N_txt00095_txt00095_00688.tif,0.7266666666666667,0.7266666666666667,1.0,0.9834325396825395
CASIA2/Tp/Tp_S_NNN_S_N_txt00097_txt00097_01294.tif,0.98,0.9733333333333334,0.9933333333333333,0.9970238095238096
CASIA2/Tp/Tp_S_NNN_S_O_ani00021_ani00021_20026.jpg,0.7666666666666667,0.6033333333333334,0.94,0.9269097476597475
CASIA2/Tp/Tp_S_NNN_S_O_ani00072_ani00072_00826.tif,0.9633333333333334,0.9666666666666667,1.0,1.0
CASIA2/Tp/Tp_S_NNN_S_O_arc00023_arc00023_01099.tif,0.95,0.7166666666666667,1.0,1.0
CASIA2/Tp/Tp_S_NNN_S_O_art00019_art00019_20038.jpg,0.39666666666666667,0.4,0.7166666666666667,0.7368471620971622
CASIA2/Tp/Tp_S_NNN_S_O_art10004_art10004_20042.jpg,0.51,0.3566666666666667,0.578199208199208,0.5194779202279202
CASIA2/Tp/Tp_S_NNN_S_O_cha00055_cha00055_11728.jpg,0.7766666666666666,0.9133333333333333,0.9666666666666667,0.9763846801346802
CASIA2/Tp/Tp_S_NNN_S_O_nat00053_nat00053_00969.tif,0.3466666666666667,0.26,1.0,0.9894166666666666
CASIA2/Tp/Tp_S_NNN_S_O_pla00020_pla00020_20039.jpg,0.99,0.96,0.99,0.984968253968254
CASIA2/Tp/Tp_S_NNN_S_O_pla00077_pla00077_11212.jpg,0.7566666666666667,0.9433333333333334,0.9927222222222224,0.9950555555555557
CASIA2/Tp/Tp_S_NNN_S_O_pla10001_pla10001_20003.jpg,0.98,0.9833333333333333,0.7728569301069299,0.7131410626410625
CASIA2/Tp/Tp_S_NNN_S_O_txt00039_txt00042_10831.jpg,0.57,0.9066666666666666,0.9131222203722202,0.9530244107744107
CASIA2/Tp/Tp_S_NRD_M_B_sec00064_sec00064_00085.tif,0.23,0.19,1.0,1.0
CASIA2/Tp/Tp_S_NRD_M_N_arc10124_arc10124_11882.jpg,0.9633333333333334,0.86,0.9966666666666667,0.9939166666666667
CASIA2/Tp/Tp_S_NRD_M_N_nat10135_nat10135_11915.jpg,0.4766666666666667,0.7966666666666666,0.9366666666666666,0.9446968494468494
CASIA2/Tp/Tp_S_NRD_S_B_ani00023_ani00023_00143.tif,0.99,0.97,1.0,1.0
CASIA2/Tp/Tp_S_NRD_S_B_ani00027_ani00027_00147.tif,0.9133333333333333,0.9033333333333333,1.0,0.9966666666666667
CASIA2/Tp/Tp_S_NRD_S_B_ani00029_ani00029_00149.tif,0.9533333333333334,0.95,1.0,1.0
CASIA2/Tp/Tp_S_NRD_S_B_ani00039_ani00039_00159.tif,0.9766666666666667,0.99,1.0,0.9994444444444446
CASIA2/Tp/Tp_S_NRD_S_B_ani00042_ani00042_00162.tif,0.9233333333333333,0.79,1.0,0.9878482905982906
CASIA2/Tp/Tp_S_NRD_S_B_ani00046_ani00046_01259.tif,0.7033333333333334,0.7633333333333333,1.0,0.9986666666666667
CASIA2/Tp/Tp_S_NRD_S_B_ani00049_ani00049_00169.tif,0.9966666666666667,0.98,1.0,0.9962037037037036
CASIA2/Tp/Tp_S_NRD_S_B_ani00065_ani00065_00185.tif,0.9366666666666666,0.91,1.0,1.0
CASIA2/Tp/Tp_S_NRD_S_B_ani20034_ani20034_02077.tif,0.7766666666666666,0.79,1.0,0.9957936507936508
CASIA2/Tp/Tp_S_NRD_S_B_arc00047_arc00047_01079.tif,0.19333333333333333,0.5066666666666667,1.0,0.9966666666666667
CASIA2/Tp/Tp_S_NRD_S_B_arc00049_arc00049_01077.tif,0.19666666666666666,0.18333333333333332,1.0,0.9990909090909091
CASIA2/Tp/Tp_S_NRD_S_B_arc00053_arc00053_01073.tif,0.9533333333333334,0.93,1.0,1.0
CASIA2/Tp/Tp_S_NRD_S_B_arc00065_arc00065_01061.tif,0.3433333333333333,0.63,1.0,0.9950396825396827
CASIA2/Tp/Tp_S_NRD_S_B_arc20003_arc20003_01456.tif,0.6666666666666666,0.67,0.9966666666666667,0.9921464646464648
CASIA2/Tp/Tp_S_NRD_S_B_arc20059_arc20059_01699.tif,0.9566666666666667,0.9833333333333333,1.0,1.0
CASIA2/Tp/Tp_S_NRD_S_B_art00024_art00024_00923.tif,0.9566666666666667,0.8866666666666667,1.0,0.9993636363636363
CASIA2/Tp/Tp_S_NRD_S_B_art00070_art00070_01029.tif,0.96,0.9866666666666667,0.9993333333333334,1.0
CASIA2/Tp/Tp_S_NRD_S_B_art00086_art00086_01011.tif,0.7133333333333334,0.3466666666666667,0.99,0.982530691530692
CASIA2/Tp/Tp_S_NRD_S_B_art00089_art00089_01009.tif,0.18,0.27,1.0,0.9978409090909092
CASIA2/Tp/Tp_S_NRD_S_B_art10106_art10106_11589.jpg,0.5233333333333333,0.8466666666666667,0.960845487845488,0.9467696007696008
CASIA2/Tp/Tp_S_NRD_S_B_art20001_art20001_01807.tif,0.7233333333333334,0.8066666666666666,1.0,0.9981818181818183
CASIA2/Tp/Tp_S_NRD_S_B_art20092_art20092_02306.tif,0.9933333333333333,0.9933333333333333,1.0,1.0
CASIA2/Tp/Tp_S_NRD_S_B_cha00089_ani00013_00409.tif,0.77,0.9533333333333334,1.0,0.9966666666666667
CASIA2/Tp/Tp_S_NRD_S_B_cha00100_cha00100_00875.tif,0.86,0.7266666666666667,0.9933333333333333,0.9882927350427351
CASIA2/Tp/Tp_S_NRD_S_B_cha20032_cha20032_02486.tif,0.7533333333333333,0.79,1.0,0.9708531746031746
CASIA2/Tp/Tp_S_NRD_S_B_cha20044_nat20042_02432.tif,0.7533333333333333,0.78,1.0,0.9985925925925926
CASIA2/Tp/Tp_S_NRD_S_B_ind00051_ind00051_00902.tif,0.043333333333333335,0.06333333333333334,1.0,1.0
CASIA2/Tp/Tp_S_NRD_S_B_ind20017_ind20017_02274.tif,0.7366666666666667,0.94,1.0,0.9997222222222221
CASIA2/Tp/Tp_S_NRD_S_B_nat00038_nat00038_00957.tif,0.9633333333333334,0.8566666666666667,1.0,0.9993333333333334
CASIA2/Tp/Tp_S_NRD_S_B_nat00088_nat00088_00996.tif,0.9533333333333334,0.9566666666666667,1.0,1.0
CASIA2/Tp/Tp_S_NRD_S_B_pla20048_pla20048_02379.tif,0.21666666666666667,0.4166666666666667,0.9996666666666666,0.9983333333333333
CASIA2/Tp/Tp_S_NRD_S_B_pla20089_nat20043_02353.tif,0.33,0.32666666666666666,1.0,0.9901827801827803
CASIA2/Tp/Tp_S_NRD_S_B_sec00066_sec00066_00744.tif,0.23666666666666666,0.37666666666666665,0.9865925740925741,0.9713586691086692
CASIA2/Tp/Tp_S_NRD_S_B_sec00089_sec00089_01435.tif,0.97,0.9866666666666667,1.0,0.9983333333333333
CASIA2/Tp/Tp_S_NRD_S_B_sec20033_sec20033_01623.tif,0.9733333333333334,0.9633333333333334,1.0,1.0
CASIA2/Tp/Tp_S_NRD_S_B_sec20058_sec20058_02147.tif,0.7333333333333333,0.76,0.9991666666666666,1.0
CASIA2/Tp/Tp_S_NRD_S_B_sec20066_sec20066_01656.tif,0.5333333333333333,0.6433333333333333,1.0,0.9982142857142857
CASIA2/Tp/Tp_S_NRD_S_B_sec20070_sec20070_01660.tif,0.7033333333333334,0.6133333333333333,0.9966666666666667,0.9977380952380952
CASIA2/Tp/Tp_S_NRD_S_N_ani00001_ani00001_00014.tif,0.9233333333333333,0.9133333333333333,1.0,0.9978333333333335
CASIA2/Tp/Tp_S_NRD_S_N_ani00013_ani00013_00133.tif,0.9966666666666667,0.9933333333333333,1.0,1.0
CASIA2/Tp/Tp_S_NRD_S_N_ani00019_ani00019_00139.tif,0.78,0.79,1.0,1.0
CASIA2/Tp/Tp_S_NRD_S_N_ani00081_ani00081_00201.tif,0.8433333333333334,0.9433333333333334,1.0,1.0
CASIA2/Tp/Tp_S_NRD_S_N_ani00095_ani00095_01255.tif,1.0,1.0,1.0,1.0
CASIA2/Tp/Tp_S_NRD_S_N_ani00100_ani00100_00220.tif,0.5466666666666666,0.68,0.9966666666666667,0.9938055555555555
CASIA2/Tp/Tp_S_NRD_S_N_ani20011_ani20011_02054.tif,0.9966666666666667,0.9966666666666667,1.0,0.9991666666666666
CASIA2/Tp/Tp_S_NRD_S_N_ani20066_ani20066_02108.tif,0.9033333333333333,0.93,0.9993333333333334,0.9988888888888887
CASIA2/Tp/Tp_S_NRD_S_N_arc00006_arc00006_01122.tif,0.17666666666666667,0.10333333333333333,1.0,0.9906421356421355
CASIA2/Tp/Tp_S_NRD_S_N_arc00011_arc00011_11150.jpg,0.9333333333333333,0.9366666666666666,0.9733333333333334,0.9401535409035411
CASIA2/Tp/Tp_S_NRD_S_N_arc00042_arc00042_01083.tif,0.3333333333333333,0.48333333333333334,1.0,1.0
CASIA2/Tp/Tp_S_NRD_S_N_arc00043_arc00043_00263.tif,0.5233333333333333,0.5833333333333334,1.0,1.0
CASIA2/Tp/Tp_S_NRD_S_N_arc00043_arc00043_01082.tif,0.5866666666666667,0.52,1.0,0.9959444444444443
CASIA2/Tp/Tp_S_NRD_S_N_arc00059_arc00059_01067.tif,0.27666666666666667,0.4766666666666667,1.0,0.9966666666666667
CASIA2/Tp/Tp_S_NRD_S_N_arc00067_arc00067_01060.tif,0.56,0.86,1.0,0.9990277777777777
CASIA2/Tp/Tp_S_NRD_S_N_arc00071_arc00071_01056.tif,0.8633333333333333,0.9466666666666667,0.9993939393939394,0.9991666666666666
CASIA2/Tp/Tp_S_NRD_S_N_arc10121_arc10121_12106.jpg,0.6566666666666666,0.6466666666666666,0.9566666666666667,0.9938888888888889
CASIA2/Tp/Tp_S_NRD_S_N_arc10123_arc10123_11926.jpg,0.98,0.9733333333333334,0.9833333333333333,0.9927777777777779
CASIA2/Tp/Tp_S_NRD_S_N_art00026_art00026_01213.tif,0.87,0.82,0.9991666666666666,0.9991666666666666
CASIA2/Tp/Tp_S_NRD_S_N_art00041_art00041_00925.tif,1.0,0.9933333333333333,1.0,1.0
CASIA2/Tp/Tp_S_NRD_S_N_art00073_art00073_01014.tif,0.9,0.9466666666666667,1.0,0.9988888888888889
CASIA2/Tp/Tp_S_NRD_S_N_art00089_art00089_10339.tif,0.98,0.99,1.0,1.0
CASIA2/Tp/Tp_S_NRD_S_N_art00089_art00089_10340.tif,0.73,0.7466666666666667,1.0,0.99875
CASIA2/Tp/Tp_S_NRD_S_N_art10109_art10109_11573.jpg,0.6833333333333333,0.8266666666666667,0.9828333333333334,0.9699650072150071
CASIA2/Tp/Tp_S_NRD_S_N_art20006_art20006_02498.tif,0.44,0.42333333333333334,1.0,1.0
CASIA2/Tp/Tp_S_NRD_S_N_art20008_art20008_01814.tif,0.13333333333333333,0.65,1.0,1.0
CASIA2/Tp/Tp_S_NRD_S_N_art20055_art20055_01861.tif,0.8566666666666667,0.9133333333333333,1.0,1.0
CASIA2/Tp/Tp_S_NRD_S_N_art20081_art20081_01887.tif,0.5933333333333334,0.5766666666666667,1.0,1.0
CASIA2/Tp/Tp_S_NRD_S_N_cha00005_cha00005_00839.tif,0.9733333333333334,0.96,1.0,1.0
CASIA2/Tp/Tp_S_NRD_S_N_cha00011_cha00011_10308.tif,1.0,1.0,1.0,1.0
CASIA2/Tp/Tp_S_NRD_S_N_cha00060_cha00060_11024.jpg,0.9966666666666667,1.0,0.9966666666666667,0.9968974358974357
CASIA2/Tp/Tp_S_NRD_S_N_cha00066_cha00066_00857.tif,0.8966666666666666,0.9533333333333334,1.0,1.0
CASIA2/Tp/Tp_S_NRD_S_N_cha00069_cha00069_00389.tif,0.9433333333333334,0.9866666666666667,1.0,1.0
CASIA2/Tp/Tp_S_NRD_S_N_cha00081_cha00081_00866.tif,0.98,0.9733333333333334,1.0,0.9795555555555556
CASIA2/Tp/Tp_S_NRD_S_N_cha00084_cha00084_00879.tif,0.5466666666666666,0.43,0.9933333333333333,0.9884219576719577
CASIA2/Tp/Tp_S_NRD_S_N_cha00090_cha00090_00410.tif,0.9333333333333333,0.9333333333333333,1.0,0.9986111111111112
CASIA2/Tp/Tp_S_NRD_S_N_cha00091_cha00091_00872.tif,0.98,0.99,1.0,1.0
CASIA2/Tp/Tp_S_NRD_S_N_cha10123_cha10123_12189.jpg,0.47,0.7666666666666667,0.9995238095238096,0.974891774891775
CASIA2/Tp/Tp_S_NRD_S_N_cha10154_cha10154_12266.jpg,0.9933333333333333,0.9966666666666667,1.0,1.0
CASIA2/Tp/Tp_S_NRD_S_N_cha20041_cha20041_02040.tif,0.9766666666666667,0.9633333333333334,1.0,1.0
CASIA2/Tp/Tp_S_NRD_S_N_cha20048_cha20048_02047.tif,0.8966666666666666,0.8066666666666666,0.9991666666666666,0.9995238095238096
CASIA2/Tp/Tp_S_NRD_S_N_ind00006_ind00006_01304.tif,0.013333333333333334,0.006666666666666667,1.0,0.9935714285714285
CASIA2/Tp/Tp_S_NRD_S_N_ind00007_ind00007_10418.tif,0.78,0.6533333333333333,1.0,0.9991666666666666
CASIA2/Tp/Tp_S_NRD_S_N_ind00011_ind00011_01309.tif,0.1,0.03666666666666667,1.0,1.0
CASIA2/Tp/Tp_S_NRD_S_N_ind00014_ind00014_01312.tif,0.8966666666666666,0.7766666666666666,1.0,1.0
CASIA2/Tp/Tp_S_NRD_S_N_ind00020_ind00020_01318.tif,0.6366666666666667,0.5466666666666666,1.0,0.9991666666666666
CASIA2/Tp/Tp_S_NRD_S_N_ind00028_ind00028_00895.tif,0.6366666666666667,0.6266666666666667,1.0,1.0
CASIA2/Tp/Tp_S_NRD_S_N_ind00054_ind00054_00904.tif,0.5033333333333333,0.4866666666666667,0.9974074074074074,0.9984848484848483
CASIA2/Tp/Tp_S_NRD_S_N_ind00081_ind00081_10670.jpg,0.24666666666666667,0.99,1.0,0.9993333333333334
CASIA2/Tp/Tp_S_NRD_S_N_ind00083_ind00083_10671.jpg,0.4866666666666667,0.87,0.991433621933622,0.9983333333333333
CASIA2/Tp/Tp_S_NRD_S_N_ind00085_ind00085_00482.tif,0.7866666666666666,0.7466666666666667,1.0,1.0
CASIA2/Tp/Tp_S_NRD_S_N_ind00085_ind00085_01369.tif,0.47,0.38666666666666666,1.0,1.0
CASIA2/Tp/Tp_S_NRD_S_N_ind20021_ind20021_02278.tif,0.36666666666666664,0.17333333333333334,1.0,1.0
CASIA2/Tp/Tp_S_NRD_S_N_ind20034_ind20034_01775.tif,0.8033333333333333,0.7866666666666666,1.0,1.0
CASIA2/Tp/Tp_S_NRD_S_N_ind20060_ind20060_01801.tif,0.9666666666666667,0.9933333333333333,0.9993333333333334,0.9983333333333333
CASIA2/Tp/Tp_S_NRD_S_N_nat00028_nat00028_00644.tif,1.0,0.9366666666666666,1.0,1.0
CASIA2/Tp/Tp_S_NRD_S_N_nat00069_nat00069_00976.tif,0.9966666666666667,0.9966666666666667,1.0,1.0
CASIA2/Tp/Tp_S_NRD_S_N_pla00040_pla00040_01152.tif,0.9766666666666667,0.99,1.0,1.0
CASIA2/Tp/Tp_S_NRD_S_N_pla00059_pla00059_00591.tif,1.0,0.9966666666666667,0.9991666666666666,1.0
CASIA2/Tp/Tp_S_NRD_S_N_pla20003_pla20003_01903.tif,0.8533333333333334,0.87,0.9966666666666667,0.9985185185185185
CASIA2/Tp/Tp_S_NRD_S_N_pla20007_pla20007_01907.tif,0.8133333333333334,0.8633333333333333,1.0,0.9953571428571428
CASIA2/Tp/Tp_S_NRD_S_N_pla20018_pla20018_01918.tif,0.34,0.49,0.9983333333333333,1.0
CASIA2/Tp/Tp_S_NRD_S_N_pla20018_pla20018_02489.tif,0.87,0.8633333333333333,0.9983333333333333,0.9992592592592593
CASIA2/Tp/Tp_S_NRD_S_N_pla20019_pla20019_02390.tif,0.5233333333333333,0.4666666666666667,1.0,1.0
CASIA2/Tp/Tp_S_NRD_S_N_pla20059_pla20059_02373.tif,0.86,0.8266666666666667,1.0,1.0
CASIA2/Tp/Tp_S_NRD_S_N_pla20071_pla20071_01971.tif,0.37,0.4,0.9988888888888887,0.9975833333333335
CASIA2/Tp/Tp_S_NRD_S_N_pla20081_pla20081_01981.tif,0.4633333333333333,0.5333333333333333,1.0,0.9986666666666667
CASIA2/Tp/Tp_S_NRD_S_N_sec00017_sec00017_00772.tif,0.9966666666666667,1.0,1.0,0.9979166666666667
CASIA2/Tp/Tp_S_NRD_S_N_sec00053_sec00053_00074.tif,0.7933333333333333,0.7766666666666666,1.0,1.0
CASIA2/Tp/Tp_S_NRD_S_N_sec20063_sec20063_01653.tif,0.6333333333333333,0.48,0.9733333333333334,0.9678769841269843
CASIA2/Tp/Tp_S_NRD_S_N_sec20097_sec20097_01687.tif,0.9433333333333334,0.8433333333333334,0.99,0.9879999999999999
CASIA2/Tp/Tp_S_NRD_S_N_sec20097_sec20097_02141.tif,0.85,0.85,0.9933333333333333,0.9879999999999999
CASIA2/Tp/Tp_S_NRD_S_O_arc00035_arc00035_01100.tif,0.17,0.27666666666666667,1.0,1.0
CASIA2/Tp/Tp_S_NRD_S_O_art00052_art00052_00927.tif,0.8066666666666666,0.8166666666666667,0.9979999999999999,1.0
CASIA2/Tp/Tp_S_NRD_S_O_nat00039_nat00039_00964.tif,0.9466666666666667,0.96,1.0,1.0
CASIA2/Tp/Tp_S_NRD_S_O_pla20057_pla20057_01957.tif,0.4166666666666667,0.56,1.0,0.9889642857142859
CASIA2/Tp/Tp_S_NRN_M_B_ani00029_ani00029_20121.jpg,0.7066666666666667,0.7033333333333334,0.8166666666666667,0.8164271284271285
CASIA2/Tp/Tp_S_NRN_M_B_cha10125_cha10125_12162.jpg,0.84,0.9633333333333334,0.9909166666666666,0.9972435897435897
CASIA2/Tp/Tp_S_NRN_M_B_sec00032_sec00032_11252.jpg,0.69,0.8266666666666667,1.0,0.9975833333333333
CASIA2/Tp/Tp_S_NRN_M_N_ani00076_ani00076_10502.tif,0.9733333333333334,0.9933333333333333,1.0,0.9980158730158731
CASIA2/Tp/Tp_S_NRN_M_N_ani10216_ani10216_12388.jpg,0.9033333333333333,0.9333333333333333,0.37448891386391375,0.5949474789915964
CASIA2/Tp/Tp_S_NRN_M_N_arc00004_arc00004_11174.jpg,0.44666666666666666,0.81,0.984010582010582,0.9606335978835978
CASIA2/Tp/Tp_S_NRN_M_N_arc00056_arc00056_10393.tif,0.99,0.9933333333333333,1.0,1.0
CASIA2/Tp/Tp_S_NRN_M_N_arc00078_arc00078_11878.jpg,0.9666666666666667,0.9833333333333333,0.98,0.9988888888888889
CASIA2/Tp/Tp_S_NRN_M_N_arc10125_arc10125_11887.jpg,0.9866666666666667,1.0,1.0,0.9971666666666668
CASIA2/Tp/Tp_S_NRN_M_N_art00002_art00002_10715.jpg,0.9933333333333333,1.0,0.98,0.995
CASIA2/Tp/Tp_S_NRN_M_N_art00023_art00023_10738.jpg,0.9833333333333333,0.98,0.82,0.9282621082621082
CASIA2/Tp/Tp_S_NRN_M_N_art00025_art00025_10550.tif,1.0,1.0,1.0,1.0
CASIA2/Tp/Tp_S_NRN_M_N_art00030_art00030_10470.tif,0.92,0.9466666666666667,1.0,1.0
CASIA2/Tp/Tp_S_NRN_M_N_art00041_art00041_10544.tif,0.9966666666666667,0.99,1.0,1.0
CASIA2/Tp/Tp_S_NRN_M_N_art00042_art00042_10543.tif,0.96,0.98,1.0,1.0
CASIA2/Tp/Tp_S_NRN_M_N_art00051_art00051_10533.tif,1.0,0.9933333333333333,1.0,1.0
CASIA2/Tp/Tp_S_NRN_M_N_art00055_art00055_10465.tif,0.9966666666666667,0.9933333333333333,1.0,1.0
CASIA2/Tp/Tp_S_NRN_M_N_art00087_art00087_10310.tif,0.9433333333333334,0.9633333333333334,1.0,1.0
CASIA2/Tp/Tp_S_NRN_M_N_art00087_art00087_10338.tif,0.9933333333333333,0.9933333333333333,1.0,1.0
CASIA2/Tp/Tp_S_NRN_M_N_art00093_art00093_10485.tif,0.9966666666666667,0.98,1.0,1.0
CASIA2/Tp/Tp_S_NRN_M_N_art00100_art00100_10303.tif,0.95,0.62,1.0,0.9991666666666666
CASIA2/Tp/Tp_S_NRN_M_N_art10112_sec00098_11671.jpg,0.61,0.9166666666666666,0.86,0.92580784030784
CASIA2/Tp/Tp_S_NRN_M_N_cha00009_cha00009_11156.jpg,1.0,0.9966666666666667,0.9901349206349206,0.9801254208754206
CASIA2/Tp/Tp_S_NRN_M_N_cha00010_art00010_10170.tif,0.9866666666666667,0.9633333333333334,1.0,1.0
CASIA2/Tp/Tp_S_NRN_M_N_cha00055_cha00055_11727.jpg,0.9966666666666667,0.9966666666666667,0.9966666666666667,0.9937142857142857
CASIA2/Tp/Tp_S_NRN_M_N_cha00058_cha00058_10314.tif,0.9733333333333334,0.99,1.0,1.0
CASIA2/Tp/Tp_S_NRN_M_N_cha00062_cha00062_11022.jpg,0.95,0.99,0.99,0.9883888888888889
CASIA2/Tp/Tp_S_NRN_M_N_cha00067_cha00067_10316.tif,0.98,0.9766666666666667,1.0,1.0
CASIA2/Tp/Tp_S_NRN_M_N_cha00067_cha00067_10318.tif,0.9833333333333333,0.9966666666666667,1.0,1.0
CASIA2/Tp/Tp_S_NRN_M_N_cha00067_cha00067_10319.tif,0.9966666666666667,1.0,1.0,1.0
CASIA2/Tp/Tp_S_NRN_M_N_cha00068_cha00068_10315.tif,0.9733333333333334,0.9766666666666667,0.9981717171717172,1.0
CASIA2/Tp/Tp_S_NRN_M_N_cha00085_ani10104_10029.tif,0.4866666666666667,0.32666666666666666,0.9833333333333333,0.9675211640211641
CASIA2/Tp/Tp_S_NRN_M_N_cha10102_cha10102_10026.tif,0.7866666666666666,0.71,0.9977380952380952,0.9814663299663299
CASIA2/Tp/Tp_S_NRN_M_N_cha10114_nat10114_12181.jpg,0.79,0.5633333333333334,0.99,0.9511335423835423
CASIA2/Tp/Tp_S_NRN_M_N_cha10129_cha10129_12179.jpg,1.0,0.9933333333333333,0.9966666666666667,0.9980952380952381
CASIA2/Tp/Tp_S_NRN_M_N_cha10208_cha10208_12338.jpg,0.9866666666666667,0.9966666666666667,0.9566666666666667,0.9952592592592593
CASIA2/Tp/Tp_S_NRN_M_N_ind00070_ind00070_10694.jpg,0.75,0.9266666666666666,0.9833333333333333,0.9934550264550266
CASIA2/Tp/Tp_S_NRN_M_N_ind00070_ind00070_10931.jpg,0.35,0.97,0.9733333333333334,0.9985
CASIA2/Tp/Tp_S_NRN_M_N_ind00075_ind00075_10679.jpg,0.9633333333333334,0.9466666666666667,0.9839242424242423,0.9631269841269843
CASIA2/Tp/Tp_S_NRN_M_N_ind00085_ind00085_10675.jpg,0.46,0.9566666666666667,0.9912592592592593,1.0
CASIA2/Tp/Tp_S_NRN_M_N_ind00085_ind00085_10676.jpg,0.8666666666666667,0.9733333333333334,0.9935555555555557,1.0
CASIA2/Tp/Tp_S_NRN_M_N_nat00020_nat00020_11045.jpg,0.8666666666666667,0.96,0.99,1.0
CASIA2/Tp/Tp_S_NRN_M_N_nat00037_nat00037_11074.jpg,1.0,1.0,0.9933333333333333,0.9279368594368597
CASIA2/Tp/Tp_S_NRN_M_N_nat00075_nat00075_11101.jpg,0.8866666666666667,0.9433333333333334,0.95,0.9904469696969697
CASIA2/Tp/Tp_S_NRN_M_N_nat10131_nat10131_11901.jpg,0.9933333333333333,0.9966666666666667,1.0,1.0
CASIA2/Tp/Tp_S_NRN_M_N_nat10148_nat10148_12118.jpg,0.98,0.9633333333333334,1.0,0.9980555555555555
CASIA2/Tp/Tp_S_NRN_M_N_nat10164_nat00097_12097.jpg,0.6766666666666666,0.92,0.9966666666666667,0.9973333333333333
CASIA2/Tp/Tp_S_NRN_M_N_nat10164_nat10124_12095.jpg,0.6566666666666666,0.94,1.0,0.9983333333333333
CASIA2/Tp/Tp_S_NRN_M_N_pla00020_pla00020_10988.jpg,1.0,1.0,0.9933333333333333,1.0
CASIA2/Tp/Tp_S_NRN_M_N_pla00082_pla00082_10455.tif,0.9966666666666667,0.9966666666666667,1.0,1.0
CASIA2/Tp/Tp_S_NRN_M_N_sec00035_sec00035_11250.jpg,0.45666666666666667,0.9033333333333333,0.9975925925925926,0.9983809523809525
CASIA2/Tp/Tp_S_NRN_M_N_sec00040_sec00040_10489.tif,0.9966666666666667,0.99,1.0,0.9974747474747475
CASIA2/Tp/Tp_S_NRN_M_N_sec00061_sec00061_11263.jpg,0.87,0.8866666666666667,0.9933333333333333,0.9366915399415401
CASIA2/Tp/Tp_S_NRN_M_N_sec00070_sec00070_10716.jpg,0.9933333333333333,0.9933333333333333,0.969621693121693,0.988554232804233
CASIA2/Tp/Tp_S_NRN_S_B_ani00037_ani00037_00157.tif,0.9566666666666667,0.95,1.0,1.0
CASIA2/Tp/Tp_S_NRN_S_B_ani00083_ani00083_00203.tif,0.9966666666666667,0.9933333333333333,1.0,1.0
CASIA2/Tp/Tp_S_NRN_S_B_ani00096_ani00096_00216.tif,1.0,1.0,1.0,1.0
CASIA2/Tp/Tp_S_NRN_S_B_ani10002_ani10002_20005.jpg,0.5766666666666667,0.6533333333333333,0.49825186850186864,0.46162000962000965
CASIA2/Tp/Tp_S_NRN_S_B_ani10159_ani10159_12467.jpg,0.35333333333333333,0.92,0.9733333333333334,0.9856136363636364
CASIA2/Tp/Tp_S_NRN_S_B_ani10202_ani10202_12413.jpg,0.93,0.9766666666666667,0.9566666666666667,0.9863174603174605
CASIA2/Tp/Tp_S_NRN_S_B_ani10217_ani10217_12370.jpg,0.9,0.95,0.8533333333333334,0.7885259740259741
CASIA2/Tp/Tp_S_NRN_S_B_ani20004_ani20004_02403.tif,0.5366666666666666,0.4533333333333333,0.9966666666666667,0.9947979797979798
CASIA2/Tp/Tp_S_NRN_S_B_ani20033_ani20033_02076.tif,0.9966666666666667,0.9133333333333333,0.9873333333333333,0.9804040404040404
CASIA2/Tp/Tp_S_NRN_S_B_ani20043_ani20043_02086.tif,0.99,0.9966666666666667,1.0,0.9983333333333333
CASIA2/Tp/Tp_S_NRN_S_B_ani20050_ani20050_02093.tif,0.89,0.97,1.0,0.9920357142857145
CASIA2/Tp/Tp_S_NRN_S_B_arc00002_arc00002_11185.jpg,0.44666666666666666,0.8433333333333334,0.9966666666666667,0.9837939375439375
CASIA2/Tp/Tp_S_NRN_S_B_arc00004_arc00004_11173.jpg,0.45666666666666667,0.92,0.9807843915343917,0.9570383597883598
CASIA2/Tp/Tp_S_NRN_S_B_arc00029_arc00029_01093.tif,0.8566666666666667,0.6533333333333333,0.9966666666666667,1.0
CASIA2/Tp/Tp_S_NRN_S_B_arc00052_arc00052_01074.tif,0.9933333333333333,0.99,1.0,0.9993333333333334
CASIA2/Tp/Tp_S_NRN_S_B_arc00053_arc00053_00273.tif,1.0,1.0,1.0,1.0
CASIA2/Tp/Tp_S_NRN_S_B_arc00054_arc00054_01072.tif,1.0,0.9933333333333333,1.0,1.0
CASIA2/Tp/Tp_S_NRN_S_B_arc00074_arc00074_11196.jpg,0.6733333333333333,0.86,0.9933333333333333,0.967965811965812
CASIA2/Tp/Tp_S_NRN_S_B_arc00095_arc00095_00315.tif,1.0,0.9933333333333333,1.0,1.0
CASIA2/Tp/Tp_S_NRN_S_B_arc20011_arc20011_01464.tif,0.24666666666666667,0.52,1.0,0.9986666666666667
CASIA2/Tp/Tp_S_NRN_S_B_arc20027_arc20027_01480.tif,0.5166666666666667,0.5966666666666667,1.0,1.0
CASIA2/Tp/Tp_S_NRN_S_B_arc20063_arc20063_02197.tif,0.9566666666666667,0.8233333333333334,0.9366666666666666,0.9026050061050063
CASIA2/Tp/Tp_S_NRN_S_B_art00019_art00019_01019.tif,0.8033333333333333,0.8566666666666667,1.0,1.0
CASIA2/Tp/Tp_S_NRN_S_B_art00024_art00024_20088.jpg,0.86,0.8333333333333334,0.94,0.9088987493987494
CASIA2/Tp/Tp_S_NRN_S_B_art00039_art00039_01415.tif,0.9833333333333333,0.96,1.0,1.0
CASIA2/Tp/Tp_S_NRN_S_B_art00060_art00060_01017.tif,0.8933333333333333,0.94,1.0,1.0
CASIA2/Tp/Tp_S_NRN_S_B_art00061_sec00099_00527.tif,0.7166666666666667,0.79,1.0,1.0
CASIA2/Tp/Tp_S_NRN_S_B_art00072_art00072_01015.tif,0.7933333333333333,0.9366666666666666,1.0,1.0
CASIA2/Tp/Tp_S_NRN_S_B_art00076_art00076_01395.tif,0.38,0.6166666666666667,1.0,1.0
CASIA2/Tp/Tp_S_NRN_S_B_art00084_art00084_00929.tif,0.7033333333333334,0.7,1.0,0.9961111111111111
CASIA2/Tp/Tp_S_NRN_S_B_art10106_art10106_11590.jpg,0.44,0.81,0.9662462814962817,0.9463798701298702
CASIA2/Tp/Tp_S_NRN_S_B_cha00019_cha00019_11180.jpg,0.9766666666666667,0.9566666666666667,0.9933333333333333,0.9792923280423281
CASIA2/Tp/Tp_S_NRN_S_B_cha00065_cha00065_10176.tif,0.9233333333333333,0.94,1.0,1.0
CASIA2/Tp/Tp_S_NRN_S_B_cha00069_cha00069_10870.jpg,0.97,0.9966666666666667,0.9981904761904762,1.0
CASIA2/Tp/Tp_S_NRN_S_B_cha00086_art00012_00406.tif,0.9266666666666666,0.9766666666666667,1.0,1.0
CASIA2/Tp/Tp_S_NRN_S_B_cha10111_cha10111_11690.jpg,0.91,0.9133333333333333,0.9661606634106635,0.9724500314500314
CASIA2/Tp/Tp_S_NRN_S_B_cha10125_pla00050_12163.jpg,0.9733333333333334,0.99,0.9951388888888889,0.9967673992673993
CASIA2/Tp/Tp_S_NRN_S_B_cha10140_cha10140_12199.jpg,0.8166666666666667,0.68,0.9915274170274171,0.9927380952380952
CASIA2/Tp/Tp_S_NRN_S_B_cha10146_cha10146_12229.jpg,0.9166666666666666,0.95,1.0,1.0
CASIA2/Tp/Tp_S_NRN_S_B_cha20001_cha20001_01504.tif,0.9666666666666667,0.9433333333333334,0.9933333333333333,0.9955555555555556
CASIA2/Tp/Tp_S_NRN_S_B_cha20030_cha20030_02029.tif,0.86,0.7866666666666666,0.9933333333333333,0.9944444444444444
CASIA2/Tp/Tp_S_NRN_S_B_ind00017_ind00017_00889.tif,0.9666666666666667,0.8166666666666667,1.0,1.0
CASIA2/Tp/Tp_S_NRN_S_B_ind10002_ind10002_20010.jpg,0.7333333333333333,0.63,0.42,0.5610013875013875
CASIA2/Tp/Tp_S_NRN_S_B_nat00043_nat00043_00962.tif,0.9633333333333334,0.8933333333333333,1.0,1.0
CASIA2/Tp/Tp_S_NRN_S_B_nat00076_nat00076_00982.tif,0.9066666666666666,0.9733333333333334,1.0,1.0
CASIA2/Tp/Tp_S_NRN_S_B_nat00089_nat00089_00991.tif,0.8966666666666666,0.9233333333333333,1.0,0.9936825396825397
CASIA2/Tp/Tp_S_NRN_S_B_nat00098_nat00098_00995.tif,1.0,1.0,1.0,1.0
CASIA2/Tp/Tp_S_NRN_S_B_nat10133_nat10133_11909.jpg,0.81,0.84,0.99,0.9966666666666667
CASIA2/Tp/Tp_S_NRN_S_B_nat20006_nat20006_02206.tif,0.21666666666666667,0.2733333333333333,1.0,0.9980952380952381
CASIA2/Tp/Tp_S_NRN_S_B_nat20008_nat20008_01512.tif,0.82,0.8333333333333334,1.0,0.9976367845117846
CASIA2/Tp/Tp_S_NRN_S_B_nat20014_nat20014_01518.tif,0.47333333333333333,0.4,1.0,1.0
CASIA2/Tp/Tp_S_NRN_S_B_nat20079_nat20079_01583.tif,0.92,0.95,1.0,1.0
CASIA2/Tp/Tp_S_NRN_S_B_nat20099_nat20099_01603.tif,0.59,0.34,1.0,0.9978888888888889
CASIA2/Tp/Tp_S_NRN_S_B_pla00004_pla00004_00544.tif,0.9733333333333334,0.9833333333333333,1.0,0.9995833333333334
CASIA2/Tp/Tp_S_NRN_S_B_pla00014_pla00014_10986.jpg,0.8566666666666667,0.87,0.9966666666666667,0.9845145502645505
CASIA2/Tp/Tp_S_NRN_S_B_pla00040_pla00040_10979.jpg,0.9066666666666666,0.98,1.0,1.0
CASIA2/Tp/Tp_S_NRN_S_B_pla00072_pla00072_01177.tif,1.0,0.9966666666666667,1.0,1.0
CASIA2/Tp/Tp_S_NRN_S_B_pla00082_pla00082_01184.tif,0.05333333333333334,0.4033333333333333,1.0,0.9801666666666667
CASIA2/Tp/Tp_S_NRN_S_B_pla20088_pla20088_02354.tif,0.9633333333333334,0.97,0.9966666666666667,0.9961111111111113
CASIA2/Tp/Tp_S_NRN_S_B_pla20090_pla20090_01990.tif,0.9833333333333333,0.9633333333333334,1.0,0.9993333333333334
CASIA2/Tp/Tp_S_NRN_S_B_pla20098_pla20098_02344.tif,0.8233333333333334,0.8666666666666667,1.0,1.0
CASIA2/Tp/Tp_S_NRN_S_B_sec00038_sec00038_10483.tif,1.0,0.9966666666666667,1.0,1.0
CASIA2/Tp/Tp_S_NRN_S_B_sec00065_sec00065_00745.tif,0.26,0.12,0.9966666666666667,0.9881111111111113
CASIA2/Tp/Tp_S_NRN_S_B_sec20004_sec20004_01439.tif,0.7833333333333333,0.75,1.0,1.0
CASIA2/Tp/Tp_S_NRN_S_B_sec20014_sec20014_01449.tif,0.6766666666666666,0.6866666666666666,1.0,1.0
CASIA2/Tp/Tp_S_NRN_S_B_sec20017_sec20017_01607.tif,0.8466666666666667,0.9166666666666666,1.0,1.0
CASIA2/Tp/Tp_S_NRN_S_B_txt00022_txt00022_20089.jpg,1.0,1.0,0.9912519841269841,0.9917129629629629
CASIA2/Tp/Tp_S_NRN_S_B_txt00022_txt00022_20090.jpg,0.99,0.9866666666666667,0.9740269961519962,0.9788425925925925
CASIA2/Tp/Tp_S_NRN_S_M_ind00055_ind00055_10909.jpg,0.43333333333333335,0.81,0.99,0.9990476190476191
CASIA2/Tp/Tp_S_NRN_S_N_ani00002_ani00002_00002.tif,0.9733333333333334,0.95,1.0,1.0
CASIA2/Tp/Tp_S_NRN_S_N_ani00003_ani00003_00123.tif,0.6966666666666667,0.69,0.9991666666666666,0.9995238095238096
CASIA2/Tp/Tp_S_NRN_S_N_ani00005_ani00005_00125.tif,0.9033333333333333,0.88,0.9966666666666667,0.9895885225885229
CASIA2/Tp/Tp_S_NRN_S_N_ani00010_ani00010_00130.tif,0.7033333333333334,0.7266666666666667,0.9978333333333335,0.9848492063492065
CASIA2/Tp/Tp_S_NRN_S_N_ani00020_ani00020_00140.tif,0.9666666666666667,0.9566666666666667,0.9985185185185185,1.0
CASIA2/Tp/Tp_S_NRN_S_N_ani00033_ani00033_00153.tif,0.89,0.8833333333333333,0.9990277777777777,1.0
CASIA2/Tp/Tp_S_NRN_S_N_ani00045_ani00045_00831.tif,0.9566666666666667,0.98,1.0,1.0
CASIA2/Tp/Tp_S_NRN_S_N_ani00058_ani00058_00178.tif,0.5066666666666667,0.6733333333333333,0.99,0.9663477633477635
CASIA2/Tp/Tp_S_NRN_S_N_ani00068_ani00068_00188.tif,0.98,0.9833333333333333,1.0,1.0
CASIA2/Tp/Tp_S_NRN_S_N_ani00069_ani00069_00189.tif,0.9866666666666667,0.9833333333333333,1.0,1.0
CASIA2/Tp/Tp_S_NRN_S_N_ani00074_ani00074_00825.tif,0.26,0.6633333333333333,1.0,0.9900793650793651
CASIA2/Tp/Tp_S_NRN_S_N_ani00079_ani00079_00199.tif,0.9933333333333333,1.0,1.0,0.9986666666666667
CASIA2/Tp/Tp_S_NRN_S_N_ani00084_ani00084_00204.tif,0.9,0.99,1.0,1.0
CASIA2/Tp/Tp_S_NRN_S_N_ani00092_ani00092_00212.tif,0.66,0.9066666666666666,1.0,1.0
CASIA2/Tp/Tp_S_NRN_S_N_ani00099_ani00099_00219.tif,0.7033333333333334,0.87,1.0,0.9993333333333334
CASIA2/Tp/Tp_S_NRN_S_N_ani10115_ani10115_11656.jpg,0.9466666666666667,0.9566666666666667,0.93,0.9581533189033192
CASIA2/Tp/Tp_S_NRN_S_N_ani10125_ani10125_12397.jpg,0.99,0.9766666666666667,0.9966666666666667,0.9963333333333333
CASIA2/Tp/Tp_S_NRN_S_N_ani10128_ani10128_12461.jpg,0.95,0.9666666666666667,0.48462692862692885,0.6607319254819254
CASIA2/Tp/Tp_S_NRN_S_N_ani10147_ani10147_12493.jpg,0.9333333333333333,0.8766666666666667,1.0,0.9944920634920635
CASIA2/Tp/Tp_S_NRN_S_N_ani10167_ani10167_12446.jpg,0.99,1.0,0.6526581104081103,0.6745812890812891
CASIA2/Tp/Tp_S_NRN_S_N_ani10185_ani10185_12428.jpg,0.5266666666666666,0.7733333333333333,0.9892500000000001,0.9503075443075445
CASIA2/Tp/Tp_S_NRN_S_N_ani10189_ani10189_12433.jpg,0.9633333333333334,0.8933333333333333,0.99,0.9585721223221223
CASIA2/Tp/Tp_S_NRN_S_N_ani10194_ani10194_12400.jpg,0.8666666666666667,0.9266666666666666,0.9866666666666667,0.9954188034188034
CASIA2/Tp/Tp_S_NRN_S_N_ani10200_ani10200_12410.jpg,0.9066666666666666,0.88,0.9447437018319372,0.9350393772893775
CASIA2/Tp/Tp_S_NRN_S_N_ani10207_ani10207_12418.jpg,0.9166666666666666,0.9833333333333333,0.9613399470899471,0.9586500166500165
CASIA2/Tp/Tp_S_NRN_S_N_ani10207_ani10207_12419.jpg,0.9433333333333334,0.9833333333333333,0.9527222222222224,0.9684807044807046
CASIA2/Tp/Tp_S_NRN_S_N_ani10212_ani10212_12376.jpg,1.0,0.9166666666666666,0.6033333333333334,0.7406781366781369
CASIA2/Tp/Tp_S_NRN_S_N_ani10212_ani10212_12377.jpg,0.9966666666666667,0.9133333333333333,0.6066666666666667,0.7429096181596183
CASIA2/Tp/Tp_S_NRN_S_N_ani10214_ani10214_12379.jpg,0.9566666666666667,0.99,0.6666666666666666,0.6179672549672551
CASIA2/Tp/Tp_S_NRN_S_N_ani10220_ani10220_12390.jpg,0.9066666666666666,0.7966666666666666,0.32666666666666666,0.33704653679653673
CASIA2/Tp/Tp_S_NRN_S_N_ani10221_ani10221_12394.jpg,0.44666666666666666,0.7766666666666666,0.9866111111111112,0.9822500000000001
CASIA2/Tp/Tp_S_NRN_S_N_ani20007_ani20007_02405.tif,0.9733333333333334,0.9566666666666667,1.0,0.9974074074074074
CASIA2/Tp/Tp_S_NRN_S_N_ani20008_ani20008_02406.tif,0.99,0.9966666666666667,1.0,1.0
CASIA2/Tp/Tp_S_NRN_S_N_ani20017_ani20017_02060.tif,0.95,0.97,1.0,0.9963333333333333
CASIA2/Tp/Tp_S_NRN_S_N_ani20021_ani20021_02064.tif,0.61,0.6566666666666666,1.0,0.9986666666666667
CASIA2/Tp/Tp_S_NRN_S_N_ani20037_ani20037_02080.tif,0.9033333333333333,0.88,0.9991666666666666,1.0
CASIA2/Tp/Tp_S_NRN_S_N_ani20038_ani20038_02081.tif,0.98,0.98,0.9966666666666667,1.0
CASIA2/Tp/Tp_S_NRN_S_N_ani20039_ani20039_02082.tif,0.5666666666666667,0.5533333333333333,0.997015873015873,0.9967424242424242
CASIA2/Tp/Tp_S_NRN_S_N_ani20047_ani20047_02090.tif,0.9766666666666667,0.9633333333333334,0.9980158730158731,0.9961904761904761
CASIA2/Tp/Tp_S_NRN_S_N_ani20053_ani20053_02096.tif,0.96,0.9633333333333334,0.9957275132275133,1.0
CASIA2/Tp/Tp_S_NRN_S_N_ani20054_ani20054_02097.tif,0.9433333333333334,0.9533333333333334,1.0,0.9967460317460317
CASIA2/Tp/Tp_S_NRN_S_N_ani20058_ani20058_02100.tif,0.8966666666666666,0.8866666666666667,1.0,1.0
CASIA2/Tp/Tp_S_NRN_S_N_ani20061_ani20061_02103.tif,0.9633333333333334,0.9766666666666667,1.0,1.0
CASIA2/Tp/Tp_S_NRN_S_N_ani20065_ani20065_02107.tif,0.9266666666666666,0.8966666666666666,1.0,1.0
CASIA2/Tp/Tp_S_NRN_S_N_arc00001_arc00001_11184.jpg,0.54,0.8266666666666667,0.9884517195767195,0.9910634920634921
CASIA2/Tp/Tp_S_NRN_S_N_arc00005_arc00005_00225.tif,0.23333333333333334,0.2733333333333333,1.0,0.9993333333333334
CASIA2/Tp/Tp_S_NRN_S_N_arc00009_arc00009_00229.tif,0.5233333333333333,0.5466666666666666,1.0,1.0
CASIA2/Tp/Tp_S_NRN_S_N_arc00010_arc00010_01109.tif,0.35,0.2733333333333333,1.0,0.9956349206349207
CASIA2/Tp/Tp_S_NRN_S_N_arc00023_arc00023_01101.tif,0.99,0.91,1.0,1.0
CASIA2/Tp/Tp_S_NRN_S_N_arc00031_arc00031_00779.tif,0.6866666666666666,0.8866666666666667,1.0,0.9991111111111112
CASIA2/Tp/Tp_S_NRN_S_N_arc00031_arc00031_11188.jpg,0.5466666666666666,0.8266666666666667,1.0,0.9975
CASIA2/Tp/Tp_S_NRN_S_N_arc00037_arc00037_01087.tif,0.7333333333333333,0.89,1.0,1.0
CASIA2/Tp/Tp_S_NRN_S_N_arc00051_arc00051_11208.jpg,0.27,0.8733333333333333,1.0,0.9976666666666667
CASIA2/Tp/Tp_S_NRN_S_N_arc00054_arc00054_11928.jpg,0.96,0.79,0.9966666666666667,0.9706085026085027
CASIA2/Tp/Tp_S_NRN_S_N_arc00059_arc00059_00279.tif,0.9933333333333333,1.0,1.0,1.0
CASIA2/Tp/Tp_S_NRN_S_N_arc00062_ani00017_11500.jpg,0.5366666666666666,0.8866666666666667,0.9796255411255411,0.9906957671957674
CASIA2/Tp/Tp_S_NRN_S_N_arc00062_ani00058_11497.jpg,0.94,0.9866666666666667,0.9785144300144301,0.9890291005291006
CASIA2/Tp/Tp_S_NRN_S_N_arc00062_ani00070_11498.jpg,0.91,0.9833333333333333,0.9732395012395013,0.9857680097680099
CASIA2/Tp/Tp_S_NRN_S_N_arc00062_arc00062_00282.tif,0.99,0.9966666666666667,1.0,1.0
CASIA2/Tp/Tp_S_NRN_S_N_arc00065_arc00065_00285.tif,0.9966666666666667,0.99,1.0,1.0
CASIA2/Tp/Tp_S_NRN_S_N_arc00069_arc00069_11206.jpg,0.8533333333333334,0.9233333333333333,0.9933333333333333,0.995
CASIA2/Tp/Tp_S_NRN_S_N_arc00074_arc00074_00294.tif,0.88,0.94,1.0,1.0
CASIA2/Tp/Tp_S_NRN_S_N_arc00078_arc00078_01050.tif,1.0,0.9966666666666667,1.0,1.0
CASIA2/Tp/Tp_S_NRN_S_N_arc00081_arc00081_00301.tif,0.5366666666666666,0.72,1.0,1.0
CASIA2/Tp/Tp_S_NRN_S_N_arc00086_arc00086_10735.jpg,0.6366666666666667,0.84,0.9733333333333334,0.9822857142857142
CASIA2/Tp/Tp_S_NRN_S_N_arc00089_arc00089_10729.jpg,1.0,0.9933333333333333,0.9993333333333334,1.0
CASIA2/Tp/Tp_S_NRN_S_N_arc00090_arc00090_00781.tif,1.0,1.0,1.0,1.0
CASIA2/Tp/Tp_S_NRN_S_N_arc00091_arc00091_01039.tif,1.0,0.9566666666666667,1.0,0.9993939393939394
CASIA2/Tp/Tp_S_NRN_S_N_arc10119_arc10119_10758.jpg,0.9033333333333333,0.9533333333333334,0.9966666666666667,0.995
CASIA2/Tp/Tp_S_NRN_S_N_arc10124_arc10124_11883.jpg,0.52,0.52,1.0,0.9700235042735043
CASIA2/Tp/Tp_S_NRN_S_N_arc10128_arc10128_11896.jpg,0.91,0.97,1.0,0.9986666666666667
CASIA2/Tp/Tp_S_NRN_S_N_arc20001_arc20001_01454.tif,0.96,0.9966666666666667,0.9990476190476191,1.0
CASIA2/Tp/Tp_S_NRN_S_N_arc20001_arc20001_02464.tif,0.8066666666666666,0.8866666666666667,0.9990476190476191,1.0
CASIA2/Tp/Tp_S_NRN_S_N_arc20003_arc20003_02151.tif,0.25333333333333335,0.45,0.9966666666666667,0.9867373737373739
CASIA2/Tp/Tp_S_NRN_S_N_arc20004_arc20004_02152.tif,0.54,0.6533333333333333,0.9962301587301586,1.0
CASIA2/Tp/Tp_S_NRN_S_N_arc20007_arc20007_02200.tif,0.71,0.8633333333333333,1.0,0.9971111111111111
CASIA2/Tp/Tp_S_NRN_S_N_arc20012_arc20012_02155.tif,0.9566666666666667,0.9766666666666667,1.0,0.9955000000000002
CASIA2/Tp/Tp_S_NRN_S_N_arc20034_arc20034_02473.tif,0.5866666666666667,0.67,0.9966666666666667,0.9971666666666668
CASIA2/Tp/Tp_S_NRN_S_N_arc20040_arc20040_02176.tif,0.6366666666666667,0.7233333333333334,1.0,0.9976017316017317
CASIA2/Tp/Tp_S_NRN_S_N_arc20052_arc20052_01692.tif,0.8966666666666666,0.8966666666666666,1.0,1.0
CASIA2/Tp/Tp_S_NRN_S_N_arc20064_arc20064_01704.tif,0.89,0.8133333333333334,0.99,0.9901904761904763
CASIA2/Tp/Tp_S_NRN_S_N_arc20067_arc20067_01707.tif,0.9633333333333334,0.96,0.9966666666666667,0.9973333333333333
CASIA2/Tp/Tp_S_NRN_S_N_arc20068_arc20068_01708.tif,0.8933333333333333,0.79,1.0,1.0
CASIA2/Tp/Tp_S_NRN_S_N_arc20072_arc20072_01712.tif,0.92,0.8833333333333333,0.9972727272727273,1.0
CASIA2/Tp/Tp_S_NRN_S_N_arc20077_arc20077_01717.tif,0.67,0.7966666666666666,0.999,0.9975
CASIA2/Tp/Tp_S_NRN_S_N_arc20078_arc20078_01718.tif,0.8566666666666667,0.81,1.0,1.0
CASIA2/Tp/Tp_S_NRN_S_N_arc20080_arc20080_01720.tif,0.6,0.6866666666666666,1.0,0.9984126984126984
CASIA2/Tp/Tp_S_NRN_S_N_arc20082_arc20082_02190.tif,0.5733333333333334,0.47333333333333333,0.99,1.0
CASIA2/Tp/Tp_S_NRN_S_N_arc20083_arc20083_01723.tif,0.87,0.89,0.9994444444444446,1.0
CASIA2/Tp/Tp_S_NRN_S_N_arc20085_arc20085_01725.tif,0.48333333333333334,0.6433333333333333,0.9972222222222222,0.9997222222222221
CASIA2/Tp/Tp_S_NRN_S_N_arc20085_arc20085_02416.tif,0.7,0.89,0.9972222222222222,1.0
CASIA2/Tp/Tp_S_NRN_S_N_arc20090_arc20090_01730.tif,0.9633333333333334,0.95,1.0,1.0
CASIA2/Tp/Tp_S_NRN_S_N_arc20096_arc20096_01736.tif,0.7833333333333333,0.76,1.0,1.0
CASIA2/Tp/Tp_S_NRN_S_N_arc20098_arc20098_01738.tif,0.7366666666666667,0.7233333333333334,1.0,1.0
CASIA2/Tp/Tp_S_NRN_S_N_art00002_art00002_00919.tif,0.96,0.96,1.0,1.0
CASIA2/Tp/Tp_S_NRN_S_N_art00003_art00003_10754.jpg,0.89,0.94,0.9889646464646464,0.9856256613756615
CASIA2/Tp/Tp_S_NRN_S_N_art00003_art00003_10755.jpg,0.7266666666666667,0.9166666666666666,0.9895202020202021,0.9829280904280904
CASIA2/Tp/Tp_S_NRN_S_N_art00017_art00017_01429.tif,0.8166666666666667,0.6633333333333333,1.0,0.9980303030303029
CASIA2/Tp/Tp_S_NRN_S_N_art00019_art00019_10275.tif,0.9066666666666666,0.8933333333333333,1.0,1.0
CASIA2/Tp/Tp_S_NRN_S_N_art00019_art00019_10276.tif,0.8033333333333333,0.8266666666666667,1.0,1.0
CASIA2/Tp/Tp_S_NRN_S_N_art00020_art00020_00502.tif,0.8533333333333334,0.96,1.0,1.0
CASIA2/Tp/Tp_S_NRN_S_N_art00022_art00022_10740.jpg,1.0,1.0,0.9325901135901137,0.9813105413105415
CASIA2/Tp/Tp_S_NRN_S_N_art00023_art00023_20091.jpg,0.8733333333333333,0.9066666666666666,0.86,0.8634587172087173
CASIA2/Tp/Tp_S_NRN_S_N_art00024_art00024_10737.jpg,0.9633333333333334,0.94,0.9733333333333334,0.9825634920634922
CASIA2/Tp/Tp_S_NRN_S_N_art00030_art00030_01217.tif,0.8733333333333333,0.9066666666666666,1.0,1.0
CASIA2/Tp/Tp_S_NRN_S_N_art00030_art00030_10469.tif,0.92,0.9566666666666667,1.0,0.9995833333333334
CASIA2/Tp/Tp_S_NRN_S_N_art00034_art00034_01220.tif,0.9433333333333334,0.9333333333333333,1.0,1.0
CASIA2/Tp/Tp_S_NRN_S_N_art00042_art00042_01226.tif,0.9,0.9766666666666667,1.0,1.0
CASIA2/Tp/Tp_S_NRN_S_N_art00043_art00043_01227.tif,0.58,0.8633333333333333,1.0,0.9941666666666666
CASIA2/Tp/Tp_S_NRN_S_N_art00043_art00043_01411.tif,0.9866666666666667,0.9466666666666667,1.0,0.9962380952380954
CASIA2/Tp/Tp_S_NRN_S_N_art00047_art00047_01022.tif,0.6433333333333333,0.8,1.0,1.0
CASIA2/Tp/Tp_S_NRN_S_N_art00063_art00063_01028.tif,0.72,0.7433333333333333,0.9933333333333333,0.9940555555555557
CASIA2/Tp/Tp_S_NRN_S_N_art00077_art00077_11712.jpg,0.9866666666666667,0.99,0.9833333333333333,1.0
CASIA2/Tp/Tp_S_NRN_S_N_art00086_art00086_10284.tif,0.81,0.57,0.9933333333333333,0.9913569023569025
CASIA2/Tp/Tp_S_NRN_S_N_art00090_art00090_10282.tif,0.9633333333333334,0.9766666666666667,0.995,0.9961666666666668
CASIA2/Tp/Tp_S_NRN_S_N_art00093_art00093_10486.tif,0.9933333333333333,0.9966666666666667,1.0,1.0
CASIA2/Tp/Tp_S_NRN_S_N_art00095_art00095_01386.tif,0.43666666666666665,0.5666666666666667,0.9888067765567768,0.9979999999999999
CASIA2/Tp/Tp_S_NRN_S_N_art20005_art20005_01811.tif,0.9733333333333334,0.98,1.0,1.0
CASIA2/Tp/Tp_S_NRN_S_N_art20005_art20005_02495.tif,0.95,0.9766666666666667,1.0,0.9977777777777779
CASIA2/Tp/Tp_S_NRN_S_N_art20009_art20009_01815.tif,0.9933333333333333,1.0,1.0,1.0
CASIA2/Tp/Tp_S_NRN_S_N_art20016_art20016_01822.tif,1.0,0.9966666666666667,1.0,1.0
CASIA2/Tp/Tp_S_NRN_S_N_art20032_art20032_01838.tif,0.8966666666666666,0.9266666666666666,0.9945202020202019,0.991759259259259
CASIA2/Tp/Tp_S_NRN_S_N_art20037_art20037_01843.tif,0.86,0.9666666666666667,1.0,0.9975
CASIA2/Tp/Tp_S_NRN_S_N_art20038_art20038_01844.tif,0.9866666666666667,0.93,1.0,0.9962063492063491
CASIA2/Tp/Tp_S_NRN_S_N_art20040_art20040_01846.tif,0.98,0.9633333333333334,0.9994444444444444,1.0
CASIA2/Tp/Tp_S_NRN_S_N_art20043_art20043_01849.tif,0.7833333333333333,0.88,1.0,0.9972857142857143
CASIA2/Tp/Tp_S_NRN_S_N_art20048_art20048_01854.tif,0.8466666666666667,0.8833333333333333,0.9966666666666667,0.9962129629629629
CASIA2/Tp/Tp_S_NRN_S_N_art20051_art20051_01857.tif,0.9166666666666666,0.9133333333333333,1.0,0.9970000000000001
CASIA2/Tp/Tp_S_NRN_S_N_art20057_art20057_01863.tif,0.17333333333333334,0.36,1.0,1.0
CASIA2/Tp/Tp_S_NRN_S_N_art20065_art20065_01871.tif,0.37666666666666665,0.43666666666666665,1.0,0.9986904761904764
CASIA2/Tp/Tp_S_NRN_S_N_art20066_art20066_01872.tif,0.66,0.42,1.0,0.9994444444444444
CASIA2/Tp/Tp_S_NRN_S_N_art20067_arc20001_01873.tif,0.7866666666666666,0.5066666666666667,0.9993333333333334,0.9981481481481482
CASIA2/Tp/Tp_S_NRN_S_N_art20068_art20068_01874.tif,0.8033333333333333,0.6,1.0,0.9993333333333334
CASIA2/Tp/Tp_S_NRN_S_N_art20073_art20073_01879.tif,0.98,0.98,1.0,1.0
CASIA2/Tp/Tp_S_NRN_S_N_art20074_art20074_02319.tif,0.5066666666666667,0.7033333333333334,1.0,0.9970075757575758
CASIA2/Tp/Tp_S_NRN_S_N_art20076_art20076_01882.tif,0.71,0.76,1.0,0.9988888888888889
CASIA2/Tp/Tp_S_NRN_S_N_art20077_art20077_02316.tif,0.94,0.9666666666666667,0.9966666666666667,1.0
CASIA2/Tp/Tp_S_NRN_S_N_art20082_art20082_02314.tif,0.7533333333333333,0.8,0.9994444444444446,0.9977777777777779
CASIA2/Tp/Tp_S_NRN_S_N_art20084_art20084_02312.tif,0.81,0.86,1.0,1.0
CASIA2/Tp/Tp_S_NRN_S_N_art20086_art20086_02311.tif,0.5333333333333333,0.6066666666666667,1.0,0.9990476190476191
CASIA2/Tp/Tp_S_NRN_S_N_art20092_art20092_01898.tif,0.77,0.87,1.0,1.0
CASIA2/Tp/Tp_S_NRN_S_N_art20094_art20094_01900.tif,0.9733333333333334,0.9833333333333333,1.0,0.9966666666666667
CASIA2/Tp/Tp_S_NRN_S_N_cha00002_cha00002_00322.tif,1.0,0.9933333333333333,1.0,1.0
CASIA2/Tp/Tp_S_NRN_S_N_cha00002_cha00002_11171.jpg,0.6333333333333333,0.9366666666666666,0.9982142857142857,0.9939444444444444
CASIA2/Tp/Tp_S_NRN_S_N_cha00004_cha00004_00324.tif,1.0,1.0,1.0,1.0
CASIA2/Tp/Tp_S_NRN_S_N_cha00011_cha00011_10309.tif,0.9966666666666667,0.9966666666666667,1.0,1.0
CASIA2/Tp/Tp_S_NRN_S_N_cha00018_cha00018_11152.jpg,0.94,0.95,0.9556315536315537,0.9903562271062273
CASIA2/Tp/Tp_S_NRN_S_N_cha00025_cha00025_10725.jpg,0.9766666666666667,0.99,0.9766666666666667,0.986563492063492
CASIA2/Tp/Tp_S_NRN_S_N_cha00035_cha00035_11733.jpg,0.49,0.92,0.9933333333333333,0.9944444444444444
CASIA2/Tp/Tp_S_NRN_S_N_cha00037_cha00037_00357.tif,0.5766666666666667,0.5333333333333333,1.0,1.0
CASIA2/Tp/Tp_S_NRN_S_N_cha00037_cha00037_11014.jpg,0.41,0.93,0.9785518566400918,0.9939871794871794
CASIA2/Tp/Tp_S_NRN_S_N_cha00039_cha00039_00359.tif,0.29333333333333333,0.18666666666666668,1.0,1.0
CASIA2/Tp/Tp_S_NRN_S_N_cha00039_cha00039_11013.jpg,0.5733333333333334,0.9,0.9748783068783069,0.9775886243386246
CASIA2/Tp/Tp_S_NRN_S_N_cha00040_cha00040_11033.jpg,0.3,0.8366666666666667,0.9866666666666667,0.9767390572390572
CASIA2/Tp/Tp_S_NRN_S_N_cha00046_cha00046_11006.jpg,0.9933333333333333,1.0,0.9885725200725198,0.9947619047619048
CASIA2/Tp/Tp_S_NRN_S_N_cha00060_cha00060_11023.jpg,0.9966666666666667,1.0,0.9966666666666667,0.9992307692307693
CASIA2/Tp/Tp_S_NRN_S_N_cha00064_cha00064_00383.tif,0.9133333333333333,0.96,1.0,1.0
CASIA2/Tp/Tp_S_NRN_S_N_cha00066_cha00066_00386.tif,0.99,0.9866666666666667,1.0,1.0
CASIA2/Tp/Tp_S_NRN_S_N_cha00067_cha00067_10317.tif,0.91,0.9866666666666667,1.0,1.0
CASIA2/Tp/Tp_S_NRN_S_N_cha00080_cha00080_00400.tif,0.9966666666666667,0.9966666666666667,1.0,1.0
CASIA2/Tp/Tp_S_NRN_S_N_cha00081_cha00081_10190.tif,0.96,1.0,1.0,1.0
CASIA2/Tp/Tp_S_NRN_S_N_cha00083_cha00083_11016.jpg,0.83,0.99,1.0,0.9979166666666667
CASIA2/Tp/Tp_S_NRN_S_N_cha00097_cha00097_00877.tif,0.8466666666666667,0.91,1.0,1.0
CASIA2/Tp/Tp_S_NRN_S_N_cha10116_cha10116_12170.jpg,0.64,0.8633333333333333,0.995,0.9952857142857143
CASIA2/Tp/Tp_S_NRN_S_N_cha10119_cha10119_12194.jpg,0.9133333333333333,0.8833333333333333,0.9355112757612761,0.9085147537647535
CASIA2/Tp/Tp_S_NRN_S_N_cha10120_cha10120_12165.jpg,0.62,0.91,0.9966666666666667,0.9807783882783884
CASIA2/Tp/Tp_S_NRN_S_N_cha10122_cha10122_12157.jpg,0.9766666666666667,0.9733333333333334,1.0,0.9971904761904763
CASIA2/Tp/Tp_S_NRN_S_N_cha10129_cha10129_12178.jpg,0.97,0.97,1.0,0.9980952380952381
CASIA2/Tp/Tp_S_NRN_S_N_cha10130_cha10130_12186.jpg,0.9266666666666666,0.9266666666666666,1.0,0.9979999999999999
CASIA2/Tp/Tp_S_NRN_S_N_cha10132_cha10132_12216.jpg,0.99,0.9933333333333333,0.9766666666666667,0.9990769230769231
CASIA2/Tp/Tp_S_NRN_S_N_cha10146_cha10146_12228.jpg,0.93,0.97,1.0,1.0
CASIA2/Tp/Tp_S_NRN_S_N_cha10153_cha10153_12269.jpg,0.4766666666666667,0.87,1.0,0.9931111111111112
CASIA2/Tp/Tp_S_NRN_S_N_cha10158_cha10158_12260.jpg,0.7133333333333334,0.7433333333333333,0.86,0.8943416305916304
CASIA2/Tp/Tp_S_NRN_S_N_cha10160_cha10160_12258.jpg,0.65,0.67,0.2441195517445517,0.42227982202982195
CASIA2/Tp/Tp_S_NRN_S_N_cha10167_cha10167_12298.jpg,0.7133333333333334,0.67,0.6799635642135641,0.8049983164983162
CASIA2/Tp/Tp_S_NRN_S_N_cha10167_cha10208_12368.jpg,0.7366666666666667,0.6466666666666666,0.6688445165945165,0.7861863506863505
CASIA2/Tp/Tp_S_NRN_S_N_cha10174_cha10174_12274.jpg,0.8333333333333334,0.7433333333333333,0.7106787194287195,0.6869698357198357
CASIA2/Tp/Tp_S_NRN_S_N_cha10178_cha10178_12288.jpg,0.81,0.9266666666666666,0.9897566137566138,0.9957878787878788
CASIA2/Tp/Tp_S_NRN_S_N_cha10184_cha10184_12315.jpg,0.9466666666666667,0.9766666666666667,0.9366666666666666,0.9726784326784328
CASIA2/Tp/Tp_S_NRN_S_N_cha10187_cha10187_12310.jpg,0.8166666666666667,0.9733333333333334,0.9966666666666667,1.0
CASIA2/Tp/Tp_S_NRN_S_N_cha10192_cha10192_12324.jpg,0.7866666666666666,0.9033333333333333,0.9833333333333333,0.9811778499278501
CASIA2/Tp/Tp_S_NRN_S_N_cha10194_cha10194_12322.jpg,0.88,0.9333333333333333,0.97,0.9805375180375182
CASIA2/Tp/Tp_S_NRN_S_N_cha10196_cha10196_12304.jpg,0.8666666666666667,0.9266666666666666,0.965927008177008,0.9952539682539682
CASIA2/Tp/Tp_S_NRN_S_N_cha10198_cha10198_12361.jpg,0.8466666666666667,0.95,0.9966666666666667,1.0
CASIA2/Tp/Tp_S_NRN_S_N_cha10203_cha10203_12354.jpg,0.38666666666666666,0.9433333333333334,0.9866666666666667,0.9948333333333333
CASIA2/Tp/Tp_S_NRN_S_N_cha10204_cha10204_12352.jpg,0.84,0.9533333333333334,0.8466666666666667,0.952474358974359
CASIA2/Tp/Tp_S_NRN_S_N_cha10206_cha10206_12343.jpg,0.8333333333333334,0.9066666666666666,0.9718373015873014,0.9856084656084658
CASIA2/Tp/Tp_S_NRN_S_N_cha10207_cha10207_12340.jpg,0.93,0.9433333333333334,0.97,0.9780357142857145
CASIA2/Tp/Tp_S_NRN_S_N_cha10209_cha10209_12335.jpg,0.8533333333333334,0.91,0.91,0.9038686961186964
CASIA2/Tp/Tp_S_NRN_S_N_cha20009_cha20009_02008.tif,0.5733333333333334,0.6966666666666667,1.0,1.0
CASIA2/Tp/Tp_S_NRN_S_N_cha20018_cha20018_02017.tif,0.5866666666666667,0.7,0.9953647186147185,0.9957142857142858
CASIA2/Tp/Tp_S_NRN_S_N_cha20022_cha20022_02021.tif,0.9333333333333333,0.9733333333333334,1.0,1.0
CASIA2/Tp/Tp_S_NRN_S_N_cha20028_cha20028_02427.tif,0.88,0.93,1.0,1.0
CASIA2/Tp/Tp_S_NRN_S_N_cha20032_cha20032_02031.tif,0.6933333333333334,0.7666666666666667,0.9976190476190476,0.9718055555555555
CASIA2/Tp/Tp_S_NRN_S_N_cha20033_cha20033_02032.tif,0.9533333333333334,0.89,0.9766666666666667,0.9972435897435897
CASIA2/Tp/Tp_S_NRN_S_N_cha20042_cha20042_02041.tif,0.9733333333333334,0.94,1.0,0.9873333333333335
CASIA2/Tp/Tp_S_NRN_S_N_ind00006_ind00006_10417.tif,0.98,0.9133333333333333,1.0,1.0
CASIA2/Tp/Tp_S_NRN_S_N_ind00007_ind00007_01305.tif,0.15666666666666668,0.12666666666666668,1.0,0.9968333333333331
CASIA2/Tp/Tp_S_NRN_S_N_ind00008_ind00008_01306.tif,0.6833333333333333,0.5766666666666667,1.0,0.9974074074074074
CASIA2/Tp/Tp_S_NRN_S_N_ind00012_ind00012_01310.tif,0.97,0.9466666666666667,1.0,1.0
CASIA2/Tp/Tp_S_NRN_S_N_ind00012_ind00012_10411.tif,0.9966666666666667,0.9933333333333333,1.0,1.0
CASIA2/Tp/Tp_S_NRN_S_N_ind00012_ind00012_10412.tif,0.98,0.9866666666666667,1.0,0.9995833333333334
CASIA2/Tp/Tp_S_NRN_S_N_ind00013_ind00013_01311.tif,0.97,0.7966666666666666,1.0,1.0
CASIA2/Tp/Tp_S_NRN_S_N_ind00013_ind00013_20069.jpg,0.99,0.9633333333333334,0.9866666666666667,0.9652905242905244
CASIA2/Tp/Tp_S_NRN_S_N_ind00015_ind00015_10919.jpg,0.7066666666666667,0.9433333333333334,0.9966666666666667,0.9979797979797981
CASIA2/Tp/Tp_S_NRN_S_N_ind00019_ind00019_01317.tif,0.97,0.86,1.0,1.0
CASIA2/Tp/Tp_S_NRN_S_N_ind00019_ind00019_10710.jpg,0.6666666666666666,0.94,1.0,1.0
CASIA2/Tp/Tp_S_NRN_S_N_ind00022_ind00022_10707.jpg,0.95,0.97,0.99,0.9914326229326229
CASIA2/Tp/Tp_S_NRN_S_N_ind00023_ind00023_00894.tif,0.9066666666666666,0.9133333333333333,1.0,1.0
CASIA2/Tp/Tp_S_NRN_S_N_ind00024_ind00024_10712.jpg,0.9166666666666666,0.9066666666666666,0.987338383838384,0.9940134680134681
CASIA2/Tp/Tp_S_NRN_S_N_ind00024_ind00024_10713.jpg,0.74,0.8633333333333333,0.9852828282828284,0.9965740740740741
CASIA2/Tp/Tp_S_NRN_S_N_ind00029_ind00029_11062.jpg,0.9833333333333333,0.9866666666666667,0.9966666666666667,1.0
CASIA2/Tp/Tp_S_NRN_S_N_ind00032_ind00032_01325.tif,0.76,0.7633333333333333,1.0,1.0
CASIA2/Tp/Tp_S_NRN_S_N_ind00034_art00068_00449.tif,0.7966666666666666,0.7533333333333333,1.0,1.0
CASIA2/Tp/Tp_S_NRN_S_N_ind00035_ind00035_11087.jpg,0.47333333333333333,0.8666666666666667,0.9966666666666667,0.9782222222222223
CASIA2/Tp/Tp_S_NRN_S_N_ind00035_ind00035_11088.jpg,0.5666666666666667,0.8866666666666667,0.9966666666666667,0.9771706349206348
CASIA2/Tp/Tp_S_NRN_S_N_ind00036_ind00036_00450.tif,0.19333333333333333,0.15333333333333332,1.0,0.9993333333333334
CASIA2/Tp/Tp_S_NRN_S_N_ind00037_ind00037_01328.tif,0.14333333333333334,0.05,1.0,0.9967619047619047
CASIA2/Tp/Tp_S_NRN_S_N_ind00040_ind00040_00451.tif,0.62,0.5833333333333334,1.0,1.0
CASIA2/Tp/Tp_S_NRN_S_N_ind00042_ind00042_00899.tif,0.42333333333333334,0.13666666666666666,1.0,1.0
CASIA2/Tp/Tp_S_NRN_S_N_ind00042_ind00042_10885.jpg,0.24,0.96,0.998201465201465,0.9979166666666667
CASIA2/Tp/Tp_S_NRN_S_N_ind00044_ind00044_10894.jpg,0.09,0.95,1.0,0.9900238095238095
CASIA2/Tp/Tp_S_NRN_S_N_ind00044_ind00044_10895.jpg,0.12666666666666668,0.94,0.9966666666666667,0.9940714285714286
CASIA2/Tp/Tp_S_NRN_S_N_ind00045_ind00045_10915.jpg,0.9766666666666667,0.9966666666666667,0.9966666666666667,0.9993333333333334
CASIA2/Tp/Tp_S_NRN_S_N_ind00046_ind00046_10893.jpg,0.8066666666666666,0.9466666666666667,0.9959365079365079,0.9870436507936508
CASIA2/Tp/Tp_S_NRN_S_N_ind00048_ind00034_00456.tif,0.67,0.65,1.0,1.0
CASIA2/Tp/Tp_S_NRN_S_N_ind00053_ind00053_10903.jpg,0.52,0.84,1.0,0.9991666666666666
CASIA2/Tp/Tp_S_NRN_S_N_ind00055_ind00055_00905.tif,0.32666666666666666,0.2966666666666667,1.0,1.0
CASIA2/Tp/Tp_S_NRN_S_N_ind00061_ind00061_10711.jpg,0.9066666666666666,0.9733333333333334,0.9759761904761904,0.9950925925925925
CASIA2/Tp/Tp_S_NRN_S_N_ind00068_ind00068_10690.jpg,0.34,0.9733333333333334,1.0,1.0
CASIA2/Tp/Tp_S_NRN_S_N_ind00072_ind00072_10698.jpg,0.66,0.9133333333333333,1.0,0.9901388888888889
CASIA2/Tp/Tp_S_NRN_S_N_ind00075_ind00075_00475.tif,0.16,0.08666666666666667,1.0,0.9983333333333333
CASIA2/Tp/Tp_S_NRN_S_N_ind00077_ind00077_10681.jpg,0.4533333333333333,0.9266666666666666,0.9965833333333334,0.9896190476190475
CASIA2/Tp/Tp_S_NRN_S_N_ind00078_ind00078_10663.jpg,0.4066666666666667,0.9766666666666667,1.0,1.0
CASIA2/Tp/Tp_S_NRN_S_N_ind00081_ind00081_10669.jpg,0.16666666666666666,0.9866666666666667,1.0,1.0
CASIA2/Tp/Tp_S_NRN_S_N_ind00084_ind00084_10673.jpg,0.08666666666666667,0.9133333333333333,1.0,0.9845324074074076
CASIA2/Tp/Tp_S_NRN_S_N_ind00085_ind00085_10674.jpg,0.7766666666666666,0.88,0.984857142857143,0.9983333333333333
CASIA2/Tp/Tp_S_NRN_S_N_ind00086_ind00086_01370.tif,0.6166666666666667,0.48333333333333334,1.0,1.0
CASIA2/Tp/Tp_S_NRN_S_N_ind00086_ind00086_10677.jpg,0.46,0.9633333333333334,1.0,1.0
CASIA2/Tp/Tp_S_NRN_S_N_ind00089_ind00089_10642.jpg,0.3566666666666667,0.9766666666666667,1.0,0.9996296296296298
CASIA2/Tp/Tp_S_NRN_S_N_ind00090_ind00090_10643.jpg,0.33666666666666667,0.8233333333333334,1.0,0.9991666666666666
CASIA2/Tp/Tp_S_NRN_S_N_ind00092_ind00092_10649.jpg,0.5966666666666667,0.88,0.9966666666666667,1.0
CASIA2/Tp/Tp_S_NRN_S_N_ind00093_ind00093_10650.jpg,0.8766666666666667,0.9366666666666666,0.995,0.996
CASIA2/Tp/Tp_S_NRN_S_N_ind00093_ind00093_10651.jpg,0.84,0.9133333333333333,0.9966666666666667,0.9993333333333334
CASIA2/Tp/Tp_S_NRN_S_N_ind10101_ind10101_11117.jpg,0.5766666666666667,0.6633333333333333,0.8664478946978946,0.8356302540052539
CASIA2/Tp/Tp_S_NRN_S_N_ind20001_ind20001_01742.tif,0.44666666666666666,0.38333333333333336,1.0,0.9993333333333334
CASIA2/Tp/Tp_S_NRN_S_N_ind20002_ind20002_01743.tif,0.20666666666666667,0.33666666666666667,1.0,1.0
CASIA2/Tp/Tp_S_NRN_S_N_ind20003_ind20003_02263.tif,0.5066666666666667,0.65,1.0,0.9983333333333333
CASIA2/Tp/Tp_S_NRN_S_N_ind20006_ind20006_02266.tif,0.48333333333333334,0.5566666666666666,0.9966666666666667,1.0
CASIA2/Tp/Tp_S_NRN_S_N_ind20009_ind20009_01750.tif,0.87,0.8066666666666666,1.0,1.0
CASIA2/Tp/Tp_S_NRN_S_N_ind20009_ind20009_02269.tif,0.9366666666666666,0.91,1.0,1.0
CASIA2/Tp/Tp_S_NRN_S_N_ind20011_ind20011_01752.tif,0.7366666666666667,0.54,1.0,0.9959065934065935
CASIA2/Tp/Tp_S_NRN_S_N_ind20014_ind20014_01755.tif,0.7866666666666666,0.8966666666666666,1.0,0.9977380952380952
CASIA2/Tp/Tp_S_NRN_S_N_ind20015_ind20015_01756.tif,0.7833333333333333,0.7666666666666667,1.0,1.0
CASIA2/Tp/Tp_S_NRN_S_N_ind20018_ind20018_01759.tif,0.86,0.8066666666666666,1.0,1.0
CASIA2/Tp/Tp_S_NRN_S_N_ind20019_ind20019_01760.tif,0.31,0.14666666666666667,1.0,1.0
CASIA2/Tp/Tp_S_NRN_S_N_ind20022_ind20022_01763.tif,0.3566666666666667,0.31,1.0,0.9956111111111111
CASIA2/Tp/Tp_S_NRN_S_N_ind20024_ind20024_02280.tif,0.8533333333333334,0.9,0.9966666666666667,0.9972222222222221
CASIA2/Tp/Tp_S_NRN_S_N_ind20030_ind20030_01771.tif,0.38333333333333336,0.46,1.0,0.9983333333333333
CASIA2/Tp/Tp_S_NRN_S_N_ind20032_ind20032_01773.tif,0.78,0.7133333333333334,1.0,0.9973333333333333
CASIA2/Tp/Tp_S_NRN_S_N_ind20032_ind20032_02286.tif,0.7633333333333333,0.7033333333333334,1.0,0.9973333333333333
CASIA2/Tp/Tp_S_NRN_S_N_ind20033_ind20033_01774.tif,0.9833333333333333,0.9733333333333334,0.9985714285714286,1.0
CASIA2/Tp/Tp_S_NRN_S_N_ind20041_ind20041_01782.tif,0.4766666666666667,0.66,1.0,1.0
CASIA2/Tp/Tp_S_NRN_S_N_ind20043_ind20043_01784.tif,0.8866666666666667,0.8966666666666666,1.0,1.0
CASIA2/Tp/Tp_S_NRN_S_N_ind20045_ind20045_01786.tif,0.7366666666666667,0.86,1.0,1.0
CASIA2/Tp/Tp_S_NRN_S_N_ind20047_ind20047_02295.tif,0.34,0.4266666666666667,1.0,0.9993333333333334
CASIA2/Tp/Tp_S_NRN_S_N_ind20048_ind20048_01789.tif,0.79,0.7266666666666667,0.9926666666666667,0.9911015466015467
CASIA2/Tp/Tp_S_NRN_S_N_ind20051_ind20051_01792.tif,0.9033333333333333,0.7133333333333334,0.9960714285714285,0.997142857142857
CASIA2/Tp/Tp_S_NRN_S_N_ind20052_ind20052_01793.tif,0.6433333333333333,0.7933333333333333,1.0,0.9929545454545454
CASIA2/Tp/Tp_S_NRN_S_N_ind20054_ind20054_01795.tif,0.44666666666666666,0.44333333333333336,0.9833333333333333,0.9959629629629629
CASIA2/Tp/Tp_S_NRN_S_N_ind20057_ind20057_02300.tif,0.7466666666666667,0.6533333333333333,1.0,0.9844457671957673
CASIA2/Tp/Tp_S_NRN_S_N_ind20059_ind20059_01800.tif,0.69,0.8066666666666666,0.9966666666666667,0.9947222222222223
CASIA2/Tp/Tp_S_NRN_S_N_nat00017_nat00017_11050.jpg,0.6966666666666667,0.9233333333333333,1.0,0.9974814814814814
CASIA2/Tp/Tp_S_NRN_S_N_nat00018_nat00018_10927.jpg,0.22666666666666666,0.8,1.0,0.9947272727272728
CASIA2/Tp/Tp_S_NRN_S_N_nat00021_nat00021_11042.jpg,0.5133333333333333,0.75,0.9966666666666667,0.9706080678580679
CASIA2/Tp/Tp_S_NRN_S_N_nat00028_nat00028_20122.jpg,0.9966666666666667,0.99,0.93,0.8734820827320825
CASIA2/Tp/Tp_S_NRN_S_N_nat00033_nat00033_00948.tif,0.9933333333333333,0.9766666666666667,1.0,0.9993333333333334
CASIA2/Tp/Tp_S_NRN_S_N_nat00040_nat00040_00959.tif,0.93,0.9166666666666666,1.0,1.0
CASIA2/Tp/Tp_S_NRN_S_N_nat00041_nat00041_00960.tif,1.0,1.0,1.0,1.0
CASIA2/Tp/Tp_S_NRN_S_N_nat00062_nat00062_00973.tif,0.2966666666666667,0.5666666666666667,0.9957222222222223,0.9924123376623377
CASIA2/Tp/Tp_S_NRN_S_N_nat00063_nat00063_00974.tif,0.77,0.9133333333333333,1.0,0.9988888888888889
CASIA2/Tp/Tp_S_NRN_S_N_nat00074_nat00074_11123.jpg,0.8733333333333333,0.97,0.8176891534391534,0.9121496558996565
CASIA2/Tp/Tp_S_NRN_S_N_nat00082_nat00082_00986.tif,0.65,0.86,1.0,1.0
CASIA2/Tp/Tp_S_NRN_S_N_nat10102_nat10102_11102.jpg,0.32,0.8733333333333333,0.99,0.9536923076923082
CASIA2/Tp/Tp_S_NRN_S_N_nat10105_nat10105_11347.jpg,0.59,0.72,0.8703391053391054,0.8274213934213936
CASIA2/Tp/Tp_S_NRN_S_N_nat10131_nat10131_11900.jpg,0.8466666666666667,0.85,1.0,1.0
CASIA2/Tp/Tp_S_NRN_S_N_nat10134_nat10134_11911.jpg,0.9333333333333333,0.9466666666666667,1.0,0.9993333333333334
CASIA2/Tp/Tp_S_NRN_S_N_nat10140_nat10140_11952.jpg,0.9566666666666667,0.94,1.0,0.9964166666666667
CASIA2/Tp/Tp_S_NRN_S_N_nat10144_nat10144_11963.jpg,0.7566666666666667,0.72,0.9651880341880343,0.9805784493284496
CASIA2/Tp/Tp_S_NRN_S_N_nat10144_nat10144_11973.jpg,0.6866666666666666,0.75,0.9664380341880343,0.9793167943167945
CASIA2/Tp/Tp_S_NRN_S_N_nat10147_nat10147_11995.jpg,0.8766666666666667,0.9266666666666666,1.0,0.9983333333333333
CASIA2/Tp/Tp_S_NRN_S_N_nat10157_nat10157_12040.jpg,0.9966666666666667,0.9866666666666667,1.0,1.0
CASIA2/Tp/Tp_S_NRN_S_N_nat10157_nat10157_12044.jpg,0.9,0.9233333333333333,1.0,1.0
CASIA2/Tp/Tp_S_NRN_S_N_nat20001_nat20001_02201.tif,0.4666666666666667,0.49666666666666665,0.9983809523809525,0.9972727272727273
CASIA2/Tp/Tp_S_NRN_S_N_nat20011_nat20011_01515.tif,0.94,0.9533333333333334,0.9966666666666667,0.998611111111111
CASIA2/Tp/Tp_S_NRN_S_N_nat20013_nat20013_01517.tif,0.68,0.71,1.0,0.9980952380952381
CASIA2/Tp/Tp_S_NRN_S_N_nat20018_nat20018_02218.tif,0.9333333333333333,0.95,1.0,1.0
CASIA2/Tp/Tp_S_NRN_S_N_nat20023_nat20023_02223.tif,0.7466666666666667,0.7166666666666667,0.9985,0.9996666666666666
CASIA2/Tp/Tp_S_NRN_S_N_nat20028_nat20028_01532.tif,0.9066666666666666,0.9433333333333334,1.0,0.9993333333333334
CASIA2/Tp/Tp_S_NRN_S_N_nat20030_nat20030_01534.tif,0.77,0.85,1.0,0.9988888888888889
CASIA2/Tp/Tp_S_NRN_S_N_nat20031_nat20031_01535.tif,0.77,0.86,1.0,0.9957142857142858
CASIA2/Tp/Tp_S_NRN_S_N_nat20032_nat20032_01536.tif,0.8666666666666667,0.8633333333333333,0.9981481481481482,1.0
CASIA2/Tp/Tp_S_NRN_S_N_nat20033_nat20033_02233.tif,0.9533333333333334,0.9466666666666667,1.0,0.9938095238095239
CASIA2/Tp/Tp_S_NRN_S_N_nat20034_nat20034_01538.tif,0.9333333333333333,0.9566666666666667,1.0,1.0
CASIA2/Tp/Tp_S_NRN_S_N_nat20041_nat20041_01545.tif,0.3566666666666667,0.74,1.0,1.0
CASIA2/Tp/Tp_S_NRN_S_N_nat20051_nat20051_01555.tif,0.38666666666666666,0.3933333333333333,0.9968398268398269,1.0
CASIA2/Tp/Tp_S_NRN_S_N_nat20057_nat20057_01561.tif,0.9766666666666667,0.96,1.0,1.0
CASIA2/Tp/Tp_S_NRN_S_N_nat20078_nat20078_01582.tif,0.41,0.3433333333333333,1.0,1.0
CASIA2/Tp/Tp_S_NRN_S_N_nat20093_nat20093_02457.tif,0.8733333333333333,0.9,1.0,0.9993333333333334
CASIA2/Tp/Tp_S_NRN_S_N_nat20097_nat20097_02257.tif,0.9433333333333334,0.8766666666666667,0.9827407407407408,0.9929126984126982
CASIA2/Tp/Tp_S_NRN_S_N_pla00002_pla00002_10921.jpg,0.65,0.8066666666666666,0.9366666666666666,0.9479472934472933
CASIA2/Tp/Tp_S_NRN_S_N_pla00003_pla00003_10920.jpg,0.9533333333333334,0.9766666666666667,0.9833333333333333,0.9988571428571428
CASIA2/Tp/Tp_S_NRN_S_N_pla00005_pla00005_10937.jpg,0.97,0.9666666666666667,0.9590227767874825,0.9810727513227513
CASIA2/Tp/Tp_S_NRN_S_N_pla00009_pla00009_00548.tif,1.0,1.0,1.0,1.0
CASIA2/Tp/Tp_S_NRN_S_N_pla00018_pla00018_10995.jpg,0.7166666666666667,0.9066666666666666,0.9976349206349205,0.9670829725829727
CASIA2/Tp/Tp_S_NRN_S_N_pla00033_pla00033_01148.tif,1.0,0.99,1.0,1.0
CASIA2/Tp/Tp_S_NRN_S_N_pla00047_pla00047_10970.jpg,0.4766666666666667,0.9033333333333333,1.0,0.995888888888889
CASIA2/Tp/Tp_S_NRN_S_N_pla00049_pla00049_10984.jpg,0.6933333333333334,0.83,0.99,0.9794068061568064
CASIA2/Tp/Tp_S_NRN_S_N_pla00053_pla00053_00587.tif,0.99,0.9866666666666667,1.0,1.0
CASIA2/Tp/Tp_S_NRN_S_N_pla00053_pla00053_01162.tif,1.0,1.0,1.0,1.0
CASIA2/Tp/Tp_S_NRN_S_N_pla00062_pla00062_00593.tif,1.0,0.9966666666666667,1.0,1.0
CASIA2/Tp/Tp_S_NRN_S_N_pla00062_pla00062_11221.jpg,0.9633333333333334,0.9833333333333333,0.9933333333333333,0.9983333333333333
CASIA2/Tp/Tp_S_NRN_S_N_pla00065_pla00065_01172.tif,0.9666666666666667,0.93,1.0,1.0
CASIA2/Tp/Tp_S_NRN_S_N_pla00065_pla00065_11219.jpg,0.9633333333333334,0.9633333333333334,0.9966666666666667,0.9938571428571428
CASIA2/Tp/Tp_S_NRN_S_N_pla00066_pla00066_01173.tif,0.9466666666666667,0.9,1.0,1.0
CASIA2/Tp/Tp_S_NRN_S_N_pla00073_pla00073_11226.jpg,1.0,1.0,0.98,0.9556017316017318
CASIA2/Tp/Tp_S_NRN_S_N_pla00100_pla00100_11291.jpg,0.97,0.9866666666666667,0.8966666666666666,0.9629727032227035
CASIA2/Tp/Tp_S_NRN_S_N_pla10123_pla10123_11554.jpg,0.5066666666666667,0.85,0.9066666666666666,0.894198255448256
CASIA2/Tp/Tp_S_NRN_S_N_pla10126_pla10126_12126.jpg,0.9866666666666667,0.98,1.0,0.9975
CASIA2/Tp/Tp_S_NRN_S_N_pla10126_pla10126_12128.jpg,0.9933333333333333,0.9766666666666667,1.0,0.9947619047619048
CASIA2/Tp/Tp_S_NRN_S_N_pla10127_pla10127_12138.jpg,0.7766666666666666,0.92,0.7433333333333333,0.9250036075036078
CASIA2/Tp/Tp_S_NRN_S_N_pla20001_pla20001_01901.tif,0.8833333333333333,0.9633333333333334,1.0,0.9982222222222223
CASIA2/Tp/Tp_S_NRN_S_N_pla20017_pla20027_01927.tif,0.9233333333333333,0.96,1.0,0.9991666666666666
CASIA2/Tp/Tp_S_NRN_S_N_pla20022_pla20022_01922.tif,0.6033333333333334,0.7433333333333333,1.0,0.9929642857142857
CASIA2/Tp/Tp_S_NRN_S_N_pla20022_pla20022_02388.tif,0.7266666666666667,0.83,1.0,0.993297619047619
CASIA2/Tp/Tp_S_NRN_S_N_pla20023_pla20023_01923.tif,0.94,0.89,0.9966666666666667,0.9987962962962964
CASIA2/Tp/Tp_S_NRN_S_N_pla20025_pla20025_01925.tif,0.99,0.9966666666666667,1.0,1.0
CASIA2/Tp/Tp_S_NRN_S_N_pla20026_pla20026_01926.tif,0.96,0.99,1.0,0.994537037037037
CASIA2/Tp/Tp_S_NRN_S_N_pla20028_pla20028_01928.tif,0.9666666666666667,0.9533333333333334,0.9966666666666667,0.9983333333333333
CASIA2/Tp/Tp_S_NRN_S_N_pla20029_pla20029_01929.tif,0.9933333333333333,0.99,0.9980952380952381,1.0
CASIA2/Tp/Tp_S_NRN_S_N_pla20030_pla20030_01930.tif,0.9766666666666667,0.9833333333333333,0.9991111111111112,0.9951666666666668
CASIA2/Tp/Tp_S_NRN_S_N_pla20036_pla20036_01936.tif,0.99,0.98,0.9985714285714286,0.9995238095238096
CASIA2/Tp/Tp_S_NRN_S_N_pla20041_pla20041_01941.tif,0.78,0.49,0.9991666666666666,0.9986666666666667
CASIA2/Tp/Tp_S_NRN_S_N_pla20042_pla20042_02383.tif,0.9833333333333333,0.98,1.0,0.9994444444444444
CASIA2/Tp/Tp_S_NRN_S_N_pla20043_pla20043_01943.tif,0.6066666666666667,0.43,1.0,0.9968484848484847
CASIA2/Tp/Tp_S_NRN_S_N_pla20045_pla20045_01945.tif,0.8833333333333333,0.8933333333333333,0.9925315126050422,0.9993333333333334
CASIA2/Tp/Tp_S_NRN_S_N_pla20046_pla20046_01946.tif,0.8266666666666667,0.8766666666666667,1.0,0.9991666666666666
CASIA2/Tp/Tp_S_NRN_S_N_pla20047_pla20047_01947.tif,0.8233333333333334,0.7633333333333333,1.0,1.0
CASIA2/Tp/Tp_S_NRN_S_N_pla20050_pla20050_01950.tif,0.3933333333333333,0.42,0.9966666666666667,0.9983333333333333
CASIA2/Tp/Tp_S_NRN_S_N_pla20051_pla20051_01951.tif,0.97,0.9933333333333333,1.0,1.0
CASIA2/Tp/Tp_S_NRN_S_N_pla20060_pla20060_01960.tif,0.96,0.9633333333333334,1.0,0.9990476190476191
CASIA2/Tp/Tp_S_NRN_S_N_pla20061_pla20061_01961.tif,0.99,0.9766666666666667,0.9966666666666667,1.0
CASIA2/Tp/Tp_S_NRN_S_N_pla20078_pla20078_01978.tif,0.5733333333333334,0.44,1.0,1.0
CASIA2/Tp/Tp_S_NRN_S_N_pla20079_pla20079_01979.tif,0.3466666666666667,0.38,1.0,1.0
CASIA2/Tp/Tp_S_NRN_S_N_pla20080_pla20080_01980.tif,0.63,0.73,1.0,0.9991666666666666
CASIA2/Tp/Tp_S_NRN_S_N_pla20083_pla20083_01983.tif,0.95,0.95,1.0,0.9817546897546896
CASIA2/Tp/Tp_S_NRN_S_N_pla20088_pla20088_01988.tif,0.9833333333333333,0.9766666666666667,0.9966666666666667,0.9961111111111113
CASIA2/Tp/Tp_S_NRN_S_N_pla20091_pla20091_01991.tif,0.6233333333333333,0.8,1.0,1.0
CASIA2/Tp/Tp_S_NRN_S_N_pla20093_pla20093_01993.tif,0.99,0.9866666666666667,1.0,0.9975
CASIA2/Tp/Tp_S_NRN_S_N_pla20094_pla20094_01994.tif,0.9933333333333333,0.9933333333333333,1.0,0.9991666666666666
CASIA2/Tp/Tp_S_NRN_S_N_pla20099_pla20099_01999.tif,0.9933333333333333,0.9766666666666667,0.9933333333333333,0.996611111111111
CASIA2/Tp/Tp_S_NRN_S_N_sec00020_sec00020_10794.jpg,1.0,0.9766666666666667,0.97,0.9694837662337664
CASIA2/Tp/Tp_S_NRN_S_N_sec00022_sec00022_10804.jpg,0.68,0.9666666666666667,1.0,0.9937962962962964
CASIA2/Tp/Tp_S_NRN_S_N_sec00028_sec00028_10783.jpg,0.8866666666666667,0.9533333333333334,1.0,0.9964502164502165
CASIA2/Tp/Tp_S_NRN_S_N_sec00041_sec00041_10501.tif,1.0,1.0,1.0,1.0
CASIA2/Tp/Tp_S_NRN_S_N_sec00051_sec00051_00072.tif,0.8666666666666667,0.79,1.0,1.0
CASIA2/Tp/Tp_S_NRN_S_N_sec00051_sec00051_11241.jpg,0.3333333333333333,0.8366666666666667,0.9333333333333333,0.9889563492063492
CASIA2/Tp/Tp_S_NRN_S_N_sec00059_sec00059_00731.tif,0.6333333333333333,0.49,1.0,1.0
CASIA2/Tp/Tp_S_NRN_S_N_sec00059_sec00059_11268.jpg,0.56,0.93,0.99,0.9985714285714286
CASIA2/Tp/Tp_S_NRN_S_N_sec00060_sec00060_11265.jpg,0.7066666666666667,0.9733333333333334,0.9934166666666666,0.9920014245014246
CASIA2/Tp/Tp_S_NRN_S_N_sec00061_sec00061_00729.tif,0.75,0.81,0.9966666666666667,0.9904607244607244
CASIA2/Tp/Tp_S_NRN_S_N_sec00061_sec00061_11262.jpg,0.13666666666666666,0.7833333333333333,1.0,0.9247381414881414
CASIA2/Tp/Tp_S_NRN_S_N_sec00063_sec00063_11272.jpg,0.5133333333333333,0.94,0.9959814814814814,0.9949074074074072
CASIA2/Tp/Tp_S_NRN_S_N_sec00064_sec00064_11258.jpg,0.4866666666666667,0.84,0.97,0.9981818181818183
CASIA2/Tp/Tp_S_NRN_S_N_sec00065_sec00065_11280.jpg,0.7166666666666667,0.8933333333333333,0.96,0.9741893199393205
CASIA2/Tp/Tp_S_NRN_S_N_sec00070_sec00070_10717.jpg,0.97,1.0,0.9888214285714286,1.0
CASIA2/Tp/Tp_S_NRN_S_N_sec00078_sec00078_00786.tif,0.9766666666666667,0.9933333333333333,1.0,1.0
CASIA2/Tp/Tp_S_NRN_S_N_sec00086_sec00086_10359.tif,0.92,0.9166666666666666,1.0,1.0
CASIA2/Tp/Tp_S_NRN_S_N_sec00090_sec00090_10356.tif,0.48333333333333334,0.55,1.0,0.992111111111111
CASIA2/Tp/Tp_S_NRN_S_N_sec00100_sec00100_11290.jpg,0.46,0.83,1.0,0.9970833333333333
CASIA2/Tp/Tp_S_NRN_S_N_sec10116_sec10116_12146.jpg,1.0,1.0,1.0,1.0
CASIA2/Tp/Tp_S_NRN_S_N_sec20004_sec20004_02116.tif,0.9766666666666667,0.9366666666666666,0.9996296296296298,1.0
CASIA2/Tp/Tp_S_NRN_S_N_sec20016_sec20016_01606.tif,0.7833333333333333,0.84,0.9988888888888887,1.0
CASIA2/Tp/Tp_S_NRN_S_N_sec20019_sec20019_01609.tif,0.6333333333333333,0.44333333333333336,0.9966666666666667,0.9716562326562327
CASIA2/Tp/Tp_S_NRN_S_N_sec20020_sec20020_01610.tif,0.9666666666666667,0.9533333333333334,1.0,1.0
CASIA2/Tp/Tp_S_NRN_S_N_sec20021_sec20021_01611.tif,0.9966666666666667,1.0,1.0,1.0
CASIA2/Tp/Tp_S_NRN_S_N_sec20023_sec20023_01613.tif,0.7866666666666666,0.8033333333333333,1.0,0.9969047619047618
CASIA2/Tp/Tp_S_NRN_S_N_sec20037_sec20037_01627.tif,0.4533333333333333,0.71,1.0,1.0
CASIA2/Tp/Tp_S_NRN_S_N_sec20041_sec20041_01631.tif,1.0,0.9933333333333333,1.0,0.9976190476190476
CASIA2/Tp/Tp_S_NRN_S_N_sec20046_sec20046_01636.tif,0.7066666666666667,0.75,1.0,1.0
CASIA2/Tp/Tp_S_NRN_S_N_sec20047_sec20047_01637.tif,0.9533333333333334,0.9433333333333334,1.0,1.0
CASIA2/Tp/Tp_S_NRN_S_N_sec20048_sec20048_01638.tif,0.98,0.9733333333333334,1.0,1.0
CASIA2/Tp/Tp_S_NRN_S_N_sec20050_sec20050_01640.tif,1.0,0.9966666666666667,1.0,1.0
CASIA2/Tp/Tp_S_NRN_S_N_sec20075_sec20075_01665.tif,1.0,1.0,1.0,0.9979999999999999
CASIA2/Tp/Tp_S_NRN_S_N_sec20081_sec20081_01671.tif,0.9,0.9266666666666666,0.9934722222222221,0.9926058201058201
CASIA2/Tp/Tp_S_NRN_S_N_sec20082_sec20082_01672.tif,0.9333333333333333,0.97,1.0,1.0
CASIA2/Tp/Tp_S_NRN_S_N_sec20085_sec20085_02446.tif,0.97,0.92,0.9966666666666667,0.9986111111111112
CASIA2/Tp/Tp_S_NRN_S_N_sec20094_sec20094_01684.tif,0.13,0.38333333333333336,1.0,1.0
CASIA2/Tp/Tp_S_NRN_S_N_sec20096_sec20096_01686.tif,0.8866666666666667,0.87,1.0,0.9985
CASIA2/Tp/Tp_S_NRN_S_N_sec20096_sec20096_02142.tif,0.9433333333333334,0.9533333333333334,1.0,0.9993333333333334
CASIA2/Tp/Tp_S_NRN_S_N_sec20100_sec20100_01690.tif,0.9166666666666666,0.93,0.9971969696969696,0.9822222222222223
CASIA2/Tp/Tp_S_NRN_S_N_txt00009_txt00009_01267.tif,0.9533333333333334,0.95,1.0,1.0
CASIA2/Tp/Tp_S_NRN_S_N_txt00061_txt00061_01283.tif,0.8833333333333333,0.7666666666666667,1.0,0.9934350649350651
CASIA2/Tp/Tp_S_NRN_S_N_txt00062_txt00062_01284.tif,0.5766666666666667,0.6266666666666667,0.9995833333333334,0.9979047619047619
CASIA2/Tp/Tp_S_NRN_S_N_txt00070_txt00070_11315.jpg,0.7533333333333333,0.88,0.9633333333333334,0.9672778795278797
CASIA2/Tp/Tp_S_NRN_S_N_txt00070_txt00070_11316.jpg,0.66,0.7866666666666666,0.9333333333333333,0.926179995929996
CASIA2/Tp/Tp_S_NRN_S_N_txt00082_txt00082_11293.jpg,0.8166666666666667,0.8866666666666667,0.8689708994708997,0.895834878084878
CASIA2/Tp/Tp_S_NRN_S_N_txt00083_txt00083_01289.tif,0.79,0.7933333333333333,1.0,1.0
CASIA2/Tp/Tp_S_NRN_S_N_txt00084_txt00084_11302.jpg,0.5366666666666666,0.92,0.77,0.9375359547859548
CASIA2/Tp/Tp_S_NRN_S_N_txt10109_txt10109_10814.jpg,0.9466666666666667,0.8733333333333333,0.9233333333333333,0.8786457094104151
CASIA2/Tp/Tp_S_NRN_S_O_ani10103_ani10103_10634.jpg,0.97,0.8766666666666667,0.6266666666666667,0.8593180985680984
CASIA2/Tp/Tp_S_NRN_S_O_arc00021_arc00021_01119.tif,1.0,0.9666666666666667,1.0,1.0
CASIA2/Tp/Tp_S_NRN_S_O_cha00035_cha00067_11734.jpg,0.38666666666666666,0.95,0.9966666666666667,0.9977380952380952
CASIA2/Tp/Tp_S_NRN_S_O_cha00077_cha00077_11017.jpg,0.9966666666666667,1.0,0.9966666666666667,1.0
CASIA2/Tp/Tp_S_NRN_S_O_cha10187_cha10187_12308.jpg,0.8633333333333333,0.95,0.9966666666666667,0.9973333333333333
CASIA2/Tp/Tp_S_NRN_S_O_nat00032_nat00032_00947.tif,0.9866666666666667,0.9833333333333333,1.0,1.0
CASIA2/Tp/Tp_S_NRN_S_O_sec00036_sec00036_00764.tif,0.9733333333333334,0.72,1.0,1.0
