image_id,iou,f1,mcc,pred_area,pixel_auc,oracle_f1,half,forgery_type,area_bucket,split_group
Tp_D_CNN_M_B_nat10139_nat00059_11949,0.7441098792879631,0.8532832571211025,0.7740738122850592,0.343408203125,0.9817781178249614,0.9320710722824002,1,splicing,>5%,nat10139
Tp_D_CNN_M_B_nat10139_nat00097_11948,0.7849595930468987,0.8795264566263763,0.8057015056274136,0.36999674479166667,0.9801719638439456,0.9498812244407024,1,splicing,>5%,nat10139
Tp_D_CNN_M_N_nat10139_nat00095_11947,0.38112742494103646,0.5519076923076923,0.4143876474055843,0.217861328125,0.9205160616336678,0.9027600329663606,1,splicing,>5%,nat10139
Tp_D_CNN_S_N_cha00044_cha00043_00364,0.7507631257631258,0.8576410077586959,0.8490655539045133,0.057037353515625,0.990934734796756,0.8532476554359153,1,splicing,>5%,cha00044
Tp_D_CNN_S_N_txt00051_txt00051_10376,0.9119865361840055,0.9539675295038144,0.946300252555068,0.161529541015625,0.9977272922513029,0.9478380683682173,1,copy-move,>5%,txt00051
Tp_D_CRD_M_N_nat00048_nat00049_11067,0.01788218793828892,0.03513606613847744,-0.01647648107460237,0.035044352213541664,0.6212919575325858,0.18870413246334106,1,splicing,>5%,nat00048
Tp_D_CRD_S_B_cha00098_sec00082_00418,0.3110474907376221,0.47450224791265255,0.5318588917434283,0.059092203776041664,0.9895770476823392,0.7194961952243506,1,splicing,1-5%,cha00098
Tp_D_CRD_S_O_ani10111_ani10103_10635,0.13252081724648873,0.23402804651077083,0.2265379574547972,0.05234133333333333,0.8417293509360865,0.5998419407930512,1,splicing,>5%,ani10111
Tp_D_CRN_M_B_nat10143_nat00013_12037,0.756897976283297,0.8616299711204727,0.8308257772986238,0.212626953125,0.9916781750020187,0.9391783013208812,1,splicing,>5%,nat10143
Tp_D_CRN_M_B_nat10165_nat10164_12100,0.25437303032931446,0.4055779647343552,0.37110138492448824,0.08229817708333333,0.8373764138677056,0.6265414940845776,1,splicing,>5%,nat10165
Tp_D_CRN_M_N_ani00069_ani00041_10035,0.0,0.0,0.0,0.0,0.33084394444790244,0.25508764144663854,1,splicing,>5%,ani00069
Tp_D_CRN_M_N_ani10105_ani00100_10086,0.6066641133665263,0.7551847437425506,0.7436266722524729,0.050833333333333335,0.9670171518238564,0.7071386197350208,1,splicing,1-5%,ani10105
Tp_D_CRN_M_N_art10115_cha00086_11526,0.014594989053758209,0.028770079117717572,0.015082902613883025,0.010660807291666666,0.8513008154292645,0.2561321541798765,1,splicing,1-5%,art10115
Tp_D_CRN_M_N_cha00035_cha00040_11732,0.3220080167970987,0.4871498700548657,0.5010964441439318,0.02349853515625,0.9493870423111813,0.6306115981831626,1,splicing,1-5%,cha00035
Tp_D_CRN_M_N_cha10164_cha00026_12247,0.018651211801896734,0.03661942691631323,0.02694153024129271,0.010284769895753878,0.6639583322163488,0.1537984496124031,1,splicing,>5%,cha10164
Tp_D_CRN_M_N_ind00010_pla00050_10424,0.41625,0.587819947043248,0.5980077461684234,0.11653645833333333,0.9764125072002608,0.7126843657817109,1,splicing,>5%,ind00010
Tp_D_CRN_M_N_nat10139_nat10124_11946,0.6562386430219018,0.7924445499285743,0.693937149275118,0.3128515625,0.9729696770577647,0.9391842816601897,1,splicing,>5%,nat10139
Tp_D_CRN_M_N_nat10144_nat10125_11968,0.17382533766085181,0.29616899905610045,0.10583820188967187,0.15634765625,0.7585301409939607,0.7779670705642834,1,splicing,>5%,nat10144
Tp_D_CRN_M_N_nat10165_nat10164_12099,0.25263869696880603,0.40337041731211565,0.3708685136625653,0.08039713541666667,0.823467397922722,0.5865007894275188,1,splicing,>5%,nat10165
Tp_D_CRN_M_N_pla00035_pla00033_10997,0.0,0.0,-0.007330698099091966,0.0013936360677083333,0.5660444818502444,0.09298733395118937,1,splicing,1-5%,pla00035
Tp_D_CRN_M_N_pla10110_ani00005_10118,0.0,0.0,0.0,0.0,0.7812602003574077,0.0260246760583915,1,splicing,<1%,pla10110
Tp_D_CRN_M_N_pla10110_sec00046_10119,0.0,0.0,-0.011068653735777237,0.000352,0.8257891914701161,0.6374360445213401,1,splicing,>5%,pla10110
Tp_D_CRN_S_B_sec00004_ind00069_00024,0.47283746556473827,0.6420769115666617,0.6160638129176602,0.06905110677083333,0.9277049205895572,0.6331364872934775,1,splicing,>5%,sec00004
Tp_D_CRN_S_N_ani00055_ani00019_11860,0.0,0.0,-0.040330313147559915,0.021525065104166668,0.3068709524260136,0.12882594792142532,1,splicing,>5%,ani00055
Tp_D_CRN_S_N_art00081_ani00098_00491,0.0005287508261731659,0.0010569427929713305,-0.038213476567491,0.045705159505208336,0.609524251595282,0.08841334647332114,1,splicing,1-5%,art00081
Tp_D_CRN_S_N_cha00063_art00014_11818,0.027517564402810304,0.05356125356125356,0.115370412684808,0.050923665364583336,0.942176353498263,0.05335786568537258,1,splicing,<1%,cha00063
Tp_D_CRN_S_N_nat10164_ani00005_12093,0.09029617144233085,0.16563604240282687,0.295240631672048,0.03796334384569679,0.9963235574663174,0.5139813581890812,1,splicing,<1%,nat10164
Tp_D_CRN_S_N_nat10169_ani00097_12111,0.19932868577330234,0.33240043057050594,0.4419096631476865,0.02521484375,0.9995007934009869,0.7755651237890204,1,splicing,<1%,nat10169
Tp_D_CRN_S_O_ani10180_ani10206_12425,0.3057768924302789,0.4683447749809306,0.4750934567555576,0.011918257756563246,0.9475523576693227,0.47297297297297297,1,splicing,<1%,ani10180
Tp_D_NND_M_N_arc00048_arc00086_00268,0.10663680186979597,0.192722312667752,0.1313478244080629,0.061482747395833336,0.7873057585534309,0.4861289924339959,1,splicing,>5%,arc00048
Tp_D_NND_S_N_sec00060_sec00059_11270,0.437456807187284,0.6086538461538461,0.6110819336919728,0.009053548177083334,0.9907574109675789,0.5772174696082846,1,splicing,1-5%,sec00060
Tp_D_NNN_M_N_art10115_cha00070_11525,0.1011762360446571,0.1837602969131891,0.21277920072927053,0.03118896484375,0.8224699816980251,0.5389546696559938,1,splicing,>5%,art10115
Tp_D_NNN_M_N_nat00048_nat00053_11076,0.0,0.0,-0.02371969206611155,0.032155354817708336,0.7205095882816911,0.06409423584946516,1,splicing,1-5%,nat00048
Tp_D_NNN_M_N_nat10165_nat10169_12112,0.1735284403406235,0.295737937617014,0.25367988145581843,0.06967447916666666,0.8100275220546651,0.5555663493297066,1,splicing,>5%,nat10165
Tp_D_NNN_M_N_pla10110_nat10103_10116,0.0,0.0,0.0,0.0,0.7053765213404433,0.35985620960215686,1,splicing,>5%,pla10110
Tp_D_NNN_M_N_sec00089_cha00062_11491,0.0,0.0,-0.02314388450720224,0.00262451171875,0.6277351289852146,0.3325235490494177,1,splicing,>5%,sec00089
Tp_D_NNN_M_N_sec00089_nat00059_11120,0.0,0.0,-0.027312761769066784,0.004831949869791667,0.5808181061876727,0.26603123396143413,1,splicing,>5%,sec00089
Tp_D_NNN_M_N_sec20059_arc20022_02134,0.01788826815642458,0.03514780298789256,-0.29254232034508615,0.1827504342790967,0.5187161664784383,0.5925050571770631,1,splicing,>5%,sec20059
Tp_D_NNN_S_B_ani00055_ani00089_11137,0.0,0.0,-0.027871209160907028,0.011311848958333334,0.7323853124126863,0.23602913258085673,1,splicing,>5%,ani00055
Tp_D_NNN_S_B_ani20056_ani20057_02099,0.10574217750873903,0.19126009599629895,0.16822246150775103,0.04780230708035004,0.45205555516315227,0.34729623679550337,1,splicing,>5%,ani10180
Tp_D_NNN_S_B_ind00057_ind00066_01346,0.0,0.0,-0.003448479810919436,0.00042724609375,0.5365333475045146,0.1758533669810068,1,splicing,1-5%,ind00057
Tp_D_NNN_S_B_sec00011_cha00051_00371,0.021734517566461546,0.042544354120928024,0.09937147861293384,0.008758544921875,0.8828946442154737,0.7258816801169219,1,splicing,>5%,sec00011
Tp_D_NNN_S_N_arc00017_ani00058_00237,0.0,0.0,0.0,0.0,0.9748354323021096,0.3889908256880734,1,splicing,1-5%,arc00017
Tp_D_NNN_S_N_arc00087_arc00087_00307,0.4462143481369667,0.617079133133738,0.5772490536062942,0.240081787109375,0.950831183251749,0.7196725183027631,1,copy-move,>5%,arc00087
Tp_D_NNN_S_N_cha00084_cha00084_00700,0.3039440495299243,0.4661918579090829,0.48656151395295216,0.08154296875,0.9262806289828303,0.4856415006947661,1,copy-move,1-5%,cha00084
Tp_D_NNN_S_N_cha10134_pla00049_12203,0.035391566265060244,0.06836363636363636,0.06833121023986274,0.005066592674805771,0.7040633371799287,0.08197564740181787,1,splicing,1-5%,cha10134
Tp_D_NNN_S_N_ind00062_ind00060_10702,0.0,0.0,0.0,0.0,0.6097958214965232,0.04710200336442881,1,splicing,1-5%,ind00062
Tp_D_NNN_S_N_ind00097_ind00098_10661,0.0,0.0,0.0,0.0,0.6973289784101234,0.23305911288270714,1,splicing,>5%,ani30794
Tp_D_NNN_S_N_nat00040_nat00061_11434,0.0034965034965034965,0.006968641114982578,-0.0032566697083040337,0.009653727213541666,0.7527007958157859,0.04814269633734523,1,splicing,1-5%,nat00040
Tp_D_NNN_S_N_nat00052_cha00042_11083,0.0,0.0,-0.006189300951265136,0.0015462239583333333,0.6845344461059625,0.07902973395931143,1,splicing,1-5%,nat00052
Tp_D_NNN_S_N_nat00052_nat00053_11081,0.0,0.0,-0.0024856276634575873,0.0019429524739583333,0.7903512339149769,0.01865944680228304,1,splicing,<1%,nat00052
Tp_D_NNN_S_N_nat20082_nat20090_01586,0.16687737041719342,0.28602383531960995,0.2848732192590275,0.011627292426404524,0.971636085118915,0.3871654501216545,1,splicing,1-5%,nat20082
Tp_D_NNN_S_N_sec00011_cha00050_00370,0.32512889486662183,0.49071285989782454,0.5121457688782394,0.07613118489583333,0.8949805469084688,0.7082437634354847,1,splicing,>5%,sec00011
Tp_D_NNN_S_O_pla20092_arc20009_01992,0.4570891928337507,0.6274004296810445,0.654326012159474,0.11074133333333333,0.9870756332083223,0.6864790032302722,1,splicing,>5%,pla20092
Tp_D_NRD_L_B_arc00028_ani00001_00248,0.0015894522903746938,0.003173859881890788,-0.040426688278909426,0.005320231119791667,0.7395728300356721,0.6669550505633098,1,splicing,>5%,arc00028
Tp_D_NRD_M_B_arc20063_arc20001_02483,0.04904787612573924,0.093509318767946,0.09511089830946615,0.03680762852404643,0.8477048380839194,0.9007731472751273,1,splicing,>5%,arc20063
Tp_D_NRD_S_B_arc20016_arc20016_02199,0.0,0.0,-0.04053393784705848,0.017072815533980584,0.8080609879270336,0.402918842834389,1,splicing,>5%,arc20016
Tp_D_NRD_S_N_cha00021_cha00020_00341,0.0037163885447788385,0.007405256279947728,-0.023650187621269653,0.010111490885416666,0.8077599134071483,0.45149922914765755,1,splicing,>5%,cha00021
Tp_D_NRD_S_N_ind00068_ind00084_10944,0.0,0.0,-0.002665903360304069,0.0004374186197916667,0.5628857897431174,0.03818881560222252,1,splicing,1-5%,ind00068
Tp_D_NRD_S_N_sec00011_sec00016_00031,0.24759825327510918,0.3969198459922996,0.3771311704075621,0.067047119140625,0.8987399337745924,0.6139095803525334,1,splicing,>5%,sec00011
Tp_D_NRD_S_N_sec00060_cha00028_00081,0.40502392344497606,0.5765366933424144,0.6138041307422679,0.018544514973958332,0.9492802146489714,0.6761991420772131,1,splicing,1-5%,sec00060
Tp_D_NRN_M_B_arc00091_nat00097_11202,0.0842023060315127,0.1553258198457758,0.20722292937329928,0.024943033854166668,0.9585775975072026,0.8298352124891587,1,splicing,>5%,arc00091
Tp_D_NRN_M_B_nat10123_nat00059_11333,0.012969937378824683,0.025607743922560773,0.06093526710243614,0.00732421875,0.7046055680157894,0.6585425831306866,1,splicing,>5%,nat10123
Tp_D_NRN_M_B_nat10123_nat00062_11332,0.0,0.0,-0.05572745124968589,0.0037333170572916665,0.8667503642985305,0.84152699467058,1,splicing,>5%,nat10123
Tp_D_NRN_M_B_nat10139_nat10124_11945,0.6230511837254409,0.7677529704212183,0.6637000078803473,0.30035481770833333,0.9714693611929228,0.940559965189731,1,splicing,>5%,nat10139
Tp_D_NRN_M_N_ani00045_ani00043_11140,0.0,0.0,0.0,0.0,0.631872960115203,0.3269422730395779,1,splicing,>5%,ani00045
Tp_D_NRN_M_N_art10115_cha00063_11528,0.23147310206133737,0.37592879888952396,0.42661511229700727,0.02777099609375,0.872784803690398,0.4371999288720289,1,splicing,>5%,art10115
Tp_D_NRN_M_N_art10115_cha00067_11527,0.23446105428796224,0.3798597833014659,0.44956750035831544,0.020050048828125,0.8942684837289767,0.5151993683379392,1,splicing,>5%,art10115
Tp_D_NRN_M_N_art10115_cha10110_11536,0.37184355420543,0.542107812608124,0.5221089562117825,0.08948771158854167,0.9330570058123656,0.5243976513464264,1,splicing,>5%,art10115
Tp_D_NRN_M_N_cha00048_cha00063_10302,0.010722014558331694,0.02121654501216545,0.09810137730718187,0.0011088053385416667,0.7228929570887417,0.39349398700640464,1,splicing,>5%,cha00048
Tp_D_NRN_M_N_nat00040_nat00013_11073,0.12136392338455063,0.21645769201892034,0.2858604538339759,0.032450358072916664,0.7187953900670941,0.46425449183835904,1,splicing,>5%,nat00040
Tp_D_NRN_M_N_nat10111_art00021_11467,0.0,0.0,-0.05247060295701717,0.041798909505208336,0.769385222252737,0.24337065409546257,1,splicing,>5%,nat10111
Tp_D_NRN_M_N_nat10111_cha00072_11468,0.0953095953095953,0.17403224753573993,0.10643063036089886,0.06810506184895833,0.7176576300938244,0.24724820826542232,1,splicing,>5%,nat10111
Tp_D_NRN_M_N_nat10111_nat00062_11363,0.0,0.0,-0.0785413035608577,0.031463623046875,0.7801287550543857,0.4816951053432668,1,splicing,>5%,nat10111
Tp_D_NRN_M_N_nat10111_nat10122_11362,0.052988362896847815,0.10064377682403433,0.07599000527555753,0.030029296875,0.8863159951022842,0.611536451825431,1,splicing,>5%,nat10111
Tp_D_NRN_M_N_nat10123_nat00097_11338,0.00648717308957289,0.012890721835350326,0.039813850213176474,0.0037841796875,0.860487198736406,0.7693815287010284,1,splicing,>5%,nat10123
Tp_D_NRN_M_N_nat10123_nat10122_11336,0.007168382540627924,0.014234725126190628,0.061262610515217315,0.0034281412760416665,0.8759100533257281,0.7932032412766661,1,splicing,>5%,nat10123
Tp_D_NRN_M_N_nat10143_nat00095_12035,0.708308371003758,0.8292511855896066,0.7938427291728964,0.181513671875,0.9835157987819216,0.8860987444349957,1,splicing,>5%,nat10143
Tp_D_NRN_M_N_nat10144_nat00059_11969,0.010816959808296818,0.021402410601318506,0.02604272452460858,0.008414713541666667,0.2524789328134582,0.6490319601569973,1,splicing,>5%,nat10144
Tp_D_NRN_M_N_nat10144_nat00060_11965,0.0016000779168376894,0.0031950435151035265,-0.2397206460833808,0.089609375,0.03901933731732584,0.5497291364231846,1,splicing,>5%,nat10144
Tp_D_NRN_M_N_nat10144_nat00060_11974,0.01585991627455026,0.03122461280431877,0.030791329094609878,0.012486979166666667,0.5682931213378323,0.6578011649930314,1,splicing,>5%,nat10144
Tp_D_NRN_M_N_nat10144_nat00095_11975,0.46677823957709336,0.636467363616843,0.4601169609107567,0.29562174479166664,0.8716698184236477,0.8337904114931868,1,splicing,>5%,nat10144
Tp_D_NRN_M_N_nat10144_nat00097_11972,0.008954637513293099,0.017750327280051024,0.056270981155412694,0.0048828125,0.49241814873929945,0.6480658363772389,1,splicing,>5%,nat10144
Tp_D_NRN_M_N_nat10144_nat00099_11966,0.00207799197207418,0.004147365751411671,-0.18387838787222294,0.056787109375,0.06267061870331282,0.5503142873322385,1,splicing,>5%,nat10144
Tp_D_NRN_M_N_nat10144_nat10124_11970,0.004193883361806184,0.008352736321727122,-0.04860204398999171,0.009059244791666667,0.6240589075614401,0.6892181596977652,1,splicing,>5%,nat10144
Tp_D_NRN_M_N_nat10144_nat10128_11971,0.16131112712925377,0.2778086308843226,0.16889596440094076,0.11626953125,0.7059908014474867,0.7057571917851184,1,splicing,>5%,nat10144
Tp_D_NRN_M_N_nat10144_nat10142_11967,0.005837727321639944,0.01160769210195512,-0.014338866562514428,0.0071484375,0.24141214102545533,0.648363252375924,1,splicing,>5%,nat10144
Tp_D_NRN_M_N_nat10144_nat10145_11964,0.0,0.0,-0.15012149577540587,0.036529947916666666,0.020604019390381825,0.5431264449582074,1,splicing,>5%,nat10144
Tp_D_NRN_M_N_nat10144_nat10156_12150,0.008212339980140093,0.01629089360342854,-0.011501849209346982,0.009466145833333333,0.267110829251538,0.648363252375924,1,splicing,>5%,nat10144
Tp_D_NRN_M_N_sec00089_cha00063_11489,0.08085710019411677,0.14961663328037578,0.2584134251581852,0.01153564453125,0.7604416036796944,0.38695606289794915,1,splicing,>5%,sec00089
Tp_D_NRN_M_N_sec00089_cha00070_11490,0.0,0.0,0.0,0.0,0.74815814660416,0.3990320629159105,1,splicing,>5%,sec00089
Tp_D_NRN_M_N_sec10105_sec10109_10333,0.0,0.0,-0.03206048168925974,0.013717717717717718,0.3148075370204329,0.1321353442435911,1,splicing,>5%,sec10105
Tp_D_NRN_M_N_sec10112_art00098_10343,0.47292692162059824,0.642159383033419,0.6231378471586352,0.051354166666666666,0.9623946911549708,0.6399796022437532,1,splicing,1-5%,sec10112
Tp_D_NRN_M_O_ani10105_ani10104_10022,0.23378076062639822,0.37896645512239346,0.46078597063983984,0.015324074074074073,0.9857882157727222,0.843587842846553,1,splicing,>5%,ani10105
Tp_D_NRN_M_O_sec10105_cha10104_10027,0.041208249536653654,0.07915467353431298,0.08714636909348518,0.016744744744744744,0.6226606458170815,0.29475771597091577,1,splicing,>5%,sec10105
Tp_D_NRN_S_B_arc00091_arc00095_11201,0.0,0.0,-0.0075317446268564825,0.002471923828125,0.7128391464566851,0.08092237565357287,1,splicing,1-5%,arc00091
Tp_D_NRN_S_B_cha00065_txt00068_10177,0.1558530255429586,0.26967619948002836,0.3563783606614578,0.07269287109375,0.9702949382319495,0.5699588477366255,1,splicing,1-5%,cha00065
Tp_D_NRN_S_B_ind00033_ind00098_00448,0.24052109663620455,0.3877742946708464,0.3751775595103541,0.043039957682291664,0.8888924913734597,0.4921683798335781,1,splicing,>5%,cha30322
Tp_D_NRN_S_B_ind00057_ind00018_00463,0.0,0.0,-0.013034165976040018,0.0020853678385416665,0.755118123499064,0.26496946172726754,1,splicing,>5%,ind00057
Tp_D_NRN_S_B_nat00040_ani00070_00654,0.021048503072297033,0.0412291933418694,0.02825473304096078,0.012705485026041666,0.6140073948663626,0.16335066906035425,1,splicing,>5%,nat00040
Tp_D_NRN_S_B_sec00006_ani00017_00704,0.07509344206591913,0.13969658659924147,0.21742224054743226,0.11677042643229167,0.9141517598735474,0.14171930788244988,1,splicing,1-5%,sec00006
Tp_D_NRN_S_B_sec00075_ani00096_00096,0.75689050793869,0.8616251320370878,0.8434176887339574,0.13848876953125,0.9798608934473758,0.8674195924380064,1,splicing,>5%,sec00075
Tp_D_NRN_S_B_sec00075_cha00026_00019,0.5441778348447155,0.7048123895644943,0.714301955452737,0.12671915690104166,0.988523834810838,0.7814203971726691,1,splicing,>5%,sec00075
Tp_D_NRN_S_B_sec00089_ani00070_00718,0.4,0.5714285714285714,0.5406867572446682,0.07588704427083333,0.9286876993150798,0.5626528557042152,1,splicing,>5%,sec00089
Tp_D_NRN_S_N_ani00045_ani00077_00165,0.3017633674630262,0.46362246012672054,0.4974884263605011,0.06700642903645833,0.9642529760155092,0.5983655571058402,1,splicing,1-5%,ani00045
Tp_D_NRN_S_N_ani00055_ani00050_10224,0.00012540757461750688,0.00025078369905956113,-0.011833673180448662,0.0018717447916666667,0.6966164433518522,0.24248086155443105,1,splicing,>5%,ani00055
Tp_D_NRN_S_N_ani00081_ani00078_10526,0.5523618302863785,0.711640571817563,0.7231768973847575,0.095458984375,0.9886206557965046,0.7632574165896294,1,splicing,>5%,ani00081
Tp_D_NRN_S_N_art00021_ani00005_00503,0.21589259796806967,0.3551178752611161,0.3548080171456501,0.023142496744791668,0.9316526910748715,0.5040049291435613,1,splicing,1-5%,art00021
Tp_D_NRN_S_N_art00021_art00092_11725,0.0,0.0,0.0,0.0,0.9948292271713711,0.5091463414634146,1,splicing,<1%,art00021
Tp_D_NRN_S_N_art00042_ani00098_00518,0.00912506709608159,0.018085106382978722,0.009117619096059439,0.006998697916666667,0.4195655300550939,0.10030469355472275,1,splicing,>5%,art00042
Tp_D_NRN_S_N_cha00008_art10102_11163,0.0,0.0,-0.00847305497519574,0.01080322265625,0.960441997941998,0.17216642754662842,1,splicing,<1%,cha00008
Tp_D_NRN_S_N_cha00035_cha00040_00355,0.455816120515608,0.6262001280136548,0.6081781396451644,0.049784342447916664,0.9748805817988209,0.6334581053843938,1,splicing,1-5%,cha00035
Tp_D_NRN_S_N_cha00084_ani00081_00404,0.0027522935779816515,0.0054894784995425435,0.008334767662969688,0.0010477701822916667,0.9371044774529544,0.3460034412638824,1,splicing,1-5%,cha00084
Tp_D_NRN_S_N_cha10134_pla00020_12202,0.0,0.0,-0.0036751638207445756,0.0139937106918239,0.7129656223414093,0.004035061126994663,1,splicing,<1%,cha10134
Tp_D_NRN_S_N_cha10171_cha00062_12282,0.025982234937955356,0.0506485084306096,0.017921611929749618,0.03795994718309859,0.45391188325802806,0.06776776389587282,1,splicing,1-5%,cha10171
Tp_D_NRN_S_N_ind00010_art00009_00428,0.0009380863039399625,0.0018744142455482662,-0.032146566881811556,0.056681315104166664,0.6842014087006267,0.06302688740166726,1,splicing,1-5%,ind00010
Tp_D_NRN_S_N_ind00097_ind00098_01378,0.040112127077354336,0.07713039014373717,0.1688829543630719,0.007008870442708333,0.6072782333790491,0.30353689020596986,1,splicing,>5%,ani30794
Tp_D_NRN_S_N_nat00040_art00025_11429,0.10196560196560196,0.1850613154960981,0.17401402184031464,0.014383951822916666,0.9345932720839991,0.2642082429501085,1,splicing,1-5%,nat00040
Tp_D_NRN_S_N_nat00040_art00025_11472,0.09507998792635074,0.17364939360529216,0.16894549959400448,0.012542724609375,0.9416012263728,0.36982857142857145,1,splicing,1-5%,nat00040
Tp_D_NRN_S_N_nat10123_ani00005_11419,0.09291005291005291,0.1700232378001549,0.18662844991680894,0.040720621744791664,0.9062038012534539,0.15813837107469036,1,splicing,1-5%,nat10123
Tp_D_NRN_S_N_nat10123_ani00017_11411,0.0,0.0,-0.007801212403915416,0.014750162760416666,0.9563115405078224,0.11484948140652669,1,splicing,<1%,nat10123
Tp_D_NRN_S_N_nat10123_ani00070_11417,0.01602112676056338,0.03153699532143476,0.006181486759814432,0.019287109375,0.7075605166117377,0.12787545503833941,1,splicing,1-5%,nat10123
Tp_D_NRN_S_N_nat10139_ani00005_11950,0.06170031276656241,0.11622924477771826,0.24022199806167827,0.06869140625,0.9976033959957846,0.5099656357388316,1,splicing,<1%,nat10139
Tp_D_NRN_S_N_nat10139_ani00058_11951,0.04980437770963308,0.09488315874294924,0.21652189240161385,0.06156901041666667,0.9990076840831171,0.5382099316086827,1,splicing,<1%,nat10139
Tp_D_NRN_S_N_nat10139_ani00070_11944,0.14030428519985597,0.24608218529191173,0.36261823198421067,0.07231770833333333,0.9989107447176214,0.7713769051924567,1,splicing,1-5%,nat10139
Tp_D_NRN_S_N_nat10139_cha00063_11942,0.44583444237423475,0.6167157584683358,0.648505483772128,0.09783854166666667,0.9987608952649922,0.8874757346542607,1,splicing,1-5%,nat10139
Tp_D_NRN_S_N_nat10139_cha00070_11943,0.7180022840589398,0.8358571938130289,0.8319691357431143,0.116865234375,0.9991187437154294,0.9508418549805726,1,splicing,>5%,nat10139
Tp_D_NRN_S_N_nat10164_ani00058_12091,0.1931118068881931,0.3237111656649454,0.4312751643239016,0.04525343937108643,0.9987352424623074,0.8259557344064387,1,splicing,<1%,nat10164
Tp_D_NRN_S_N_nat10164_ani00070_12092,0.18618770554009614,0.3139262102793773,0.4250592440698825,0.03613510672334202,0.9986455060059518,0.7433398310591293,1,splicing,<1%,nat10164
Tp_D_NRN_S_N_pla00028_pla00027_10949,0.0,0.0,-0.0029587216829543195,0.0007120768229166666,0.9105360386079681,0.13830129925910017,1,splicing,1-5%,pla00028
Tp_D_NRN_S_N_pla00038_pla00049_10983,0.4108455882352941,0.5824104234527687,0.5769181326685902,0.026234944661458332,0.9874256372037757,0.585676625659051,1,splicing,1-5%,pla00038
Tp_D_NRN_S_O_ani10127_ani00021_12468,0.4563011456628478,0.6266576758822208,0.6363467963724968,0.0043932748538011695,0.9459228758626961,0.5627214741318214,1,splicing,<1%,ani10127
Tp_D_NRN_S_O_ani10146_ani10163_12494,0.12202103581413926,0.21750222485909226,0.3406167823299353,0.05563703703703704,0.9993478936035598,0.7063182527301092,1,splicing,<1%,ani10146
Tp_D_NRN_S_O_pla00028_pla00025_10950,0.13990103463787673,0.24546172059984214,0.29553688961430646,0.00537109375,0.9895943816860785,0.6206308610400681,1,splicing,1-5%,pla00028
Tp_S_CND_L_N_cha00084_cha00084_10203,0.4743347298695057,0.643455953739202,0.15241647512550896,0.9736429850260416,0.5680943760364137,0.647729641208873,1,copy-move,>5%,cha00084
Tp_S_CND_S_N_arc00017_arc00017_01115,0.0,0.0,0.0,0.0,0.3813241289844329,0.012293756065998059,1,copy-move,<1%,arc00017
Tp_S_CND_S_N_art00047_art00047_10507,0.3367496339677892,0.5038335158817087,0.5748140955189478,0.007069905598958333,0.8758040702507298,0.49111352919840406,1,copy-move,1-5%,art00047
Tp_S_CND_S_N_cha00052_cha00052_10718,0.1786977018267531,0.30321209848768904,0.3637418905044236,0.06535847981770833,0.9351075895430734,0.48461747890008167,1,copy-move,1-5%,cha00052
Tp_S_CND_S_N_sec00059_sec00059_00080,0.3176268130787511,0.4821195347969401,0.5371876448335138,0.12397257486979167,0.985082975010749,0.6406235148750119,1,copy-move,1-5%,sec00059
Tp_S_CND_S_N_sec20057_sec20057_01647,0.135280861012237,0.23832139809283515,0.23843526097961332,0.25718642117376295,0.8401427795795141,0.2526700891013159,1,copy-move,>5%,sec20057
Tp_S_CNN_M_N_arc00063_arc00063_10256,0.47743973049794713,0.6463068789100911,0.5541412503550668,0.4768880208333333,0.9306108237970522,0.7323312380431812,1,copy-move,>5%,arc00063
Tp_S_CNN_M_N_arc00087_arc00087_10734,0.45978224773471227,0.6299326470755506,0.12555261724592517,0.77947998046875,0.5941850657387298,0.6440923845910775,1,copy-move,>5%,arc00087
Tp_S_CNN_M_N_art00047_art00047_10506,0.36784347086346236,0.5378443933080416,0.5262464043676319,0.22984822591145834,0.9555491964365015,0.6718947634707817,1,copy-move,>5%,art00047
Tp_S_CNN_M_N_cha00048_cha00048_11004,0.37690641063766517,0.5474684520687421,0.5607108628335467,0.2392578125,0.9265845111396708,0.5471586853294436,1,copy-move,>5%,cha00048
Tp_S_CNN_M_N_cha00063_cha00063_10344,0.40495632628673855,0.5764682057513163,0.542470532326096,0.3538004557291667,0.9323520146867615,0.6475095785440613,1,copy-move,>5%,cha00063
Tp_S_CNN_M_N_ind00010_ind00010_10425,0.4980324902150583,0.6649154720850687,0.05504744112896084,0.94586181640625,0.7370405833724003,0.6904040826570735,1,copy-move,>5%,ind00010
Tp_S_CNN_M_N_pla00035_pla00035_10149,0.4765988728252879,0.6455360106206439,0.5519846701068392,0.3939208984375,0.8647163876048083,0.6405848111547313,1,copy-move,>5%,pla00035
Tp_S_CNN_M_N_pla00081_pla00081_10628,0.4256256628363382,0.597107184489846,0.0803524065620703,0.8994140625,0.5380521319586418,0.6015435693051044,1,copy-move,>5%,pla00081
Tp_S_CNN_S_B_arc00093_arc00093_01037,0.06495263870094722,0.12198221092757307,0.1477362614295529,0.026163736979166668,0.8984980213379715,0.1582608695652174,1,copy-move,<1%,arc00093
Tp_S_CNN_S_N_ani00055_ani00055_00175,0.3980576556641465,0.5694438338096285,0.5765109266046413,0.15985107421875,0.9500335703665292,0.5933819405496354,1,copy-move,>5%,ani00055
Tp_S_CNN_S_N_ani10180_ani10180_12424,0.30257731958762885,0.46458250890383856,0.4460704376603169,0.06884944311853619,0.8093837327283434,0.46231997905210787,1,copy-move,1-5%,ani10180
Tp_S_CNN_S_N_ani10196_ani10196_12404,0.2258853831294269,0.3685261056833701,0.3973387449809323,0.06209998270195468,0.9276950404506084,0.37269470611649197,1,copy-move,1-5%,ani10196
Tp_S_CNN_S_N_arc00014_arc00014_01112,0.3107119095143047,0.47411167512690355,0.4913936461370462,0.040384928385416664,0.9150879522360942,0.5051546391752577,1,copy-move,1-5%,arc00014
Tp_S_CNN_S_N_arc00048_arc00048_10243,0.07805832147937411,0.14481279894441695,0.20893250796107538,0.11011759440104167,0.8674706009717461,0.20925632911392406,1,copy-move,1-5%,arc00048
Tp_S_CNN_S_N_arc00048_arc00048_10244,0.22077282795963574,0.3616935483870968,0.4216766307629865,0.16280110677083334,0.9752379495481234,0.7489736070381232,1,copy-move,1-5%,arc00048
Tp_S_CNN_S_N_arc20034_arc20034_01487,0.09576361694553222,0.17478882391163092,0.20881237028095911,0.05481418918918919,0.6835400922320674,0.2765598650927487,1,copy-move,1-5%,arc20034
Tp_S_CNN_S_N_art00021_art00021_01208,0.0,0.0,-0.0026620190845502703,0.0026753743489583335,0.7590025097981035,0.013466820235669355,1,copy-move,<1%,art00021
Tp_S_CNN_S_N_art00026_art00026_10548,0.1522432701894317,0.26425542960976034,0.3726485001504112,0.10203043619791667,0.9958659715332892,0.7400241837968561,1,copy-move,1-5%,art00026
Tp_S_CNN_S_N_art00026_art00026_10736,0.04115281501340483,0.07905240118449852,0.18742006388534896,0.15177408854166666,0.972719569977021,0.39518072289156625,1,copy-move,<1%,art00026
Tp_S_CNN_S_N_art00081_art00081_10435,0.3421292083712466,0.5098305084745762,0.46864392453117415,0.18708292643229166,0.9047564669356518,0.5166921725330159,1,copy-move,>5%,art00081
Tp_S_CNN_S_N_art20062_art20062_01868,0.0,0.0,0.0,0.0,0.409874452446082,0.017093739160596602,1,copy-move,<1%,art20062
Tp_S_CNN_S_N_art20071_art20071_01877,0.39503117414687544,0.5663402818054655,0.48225814754115537,0.20429440389294404,0.83262761532764,0.5770965801684138,1,copy-move,>5%,art20071
Tp_S_CNN_S_N_ind00036_ind00036_10873,0.10611183355006502,0.19186456618857278,0.25428611081301805,0.0740966796875,0.9414810600475315,0.2662016855565243,1,copy-move,1-5%,ind00036
Tp_S_CNN_S_N_nat00040_nat00040_11072,0.30909329140461217,0.472225002502252,0.5302017178939175,0.07645670572916667,0.9826028137164053,0.5744449619624282,1,copy-move,1-5%,nat00040
Tp_S_CNN_S_N_nat00065_nat00065_00671,0.23284921478332743,0.37774159563260223,0.4659881646404544,0.086151123046875,0.9978149772508854,0.8009950248756219,1,copy-move,1-5%,nat00065
Tp_S_CNN_S_N_pla00081_pla00081_10629,0.20866459269501095,0.34528122020972357,0.4185925166906774,0.08619181315104167,0.9797326769690928,0.6977437207322265,1,copy-move,1-5%,pla00081
Tp_S_CNN_S_N_sec00089_sec00089_10357,0.49195005846986145,0.659472554965283,0.30985331976069874,0.8513997395833334,0.8562877087618119,0.7351977012424623,1,copy-move,>5%,sec00089
Tp_S_CNN_S_N_txt00053_txt00053_01279,0.37837603878116344,0.5490171450103624,0.5900251937479513,0.11729939778645833,0.9937669743814352,0.7937402190923317,1,copy-move,1-5%,txt00053
Tp_S_CRD_S_N_ind00036_ind00036_10874,0.0,0.0,-0.04791025971362789,0.03631591796875,0.47852990412092067,0.11537350325832237,1,copy-move,>5%,ind00036
Tp_S_CRD_S_N_ind00052_ind00052_01341,0.0,0.0,-0.025686667604695,0.0906982421875,0.39095307590160266,0.013585842122419794,1,copy-move,<1%,ind00052
Tp_S_CRD_S_N_ind00052_ind00052_10402,0.26149325098371273,0.414577328542662,0.3662519145933558,0.17200724283854166,0.8864394670441738,0.44420755604326695,1,copy-move,>5%,ind00052
Tp_S_CRN_M_B_arc00100_arc00100_11192,0.3600030220610456,0.5294150324981945,0.5411493649720209,0.12744140625,0.9520810750489895,0.5301891681782845,1,copy-move,>5%,arc00100
Tp_S_CRN_M_N_art00021_art00021_10547,0.45675591006578786,0.6270864005558221,0.56603805578687,0.4193522135416667,0.9695352968192635,0.8058305699358256,1,copy-move,>5%,art00021
Tp_S_CRN_M_N_cha00048_cha00048_11005,0.23030163127116035,0.37438238789167555,0.3294240996929784,0.09772745768229167,0.8693816930589142,0.3807683815411791,1,copy-move,>5%,cha00048
Tp_S_CRN_M_N_ind00033_ind00033_10400,0.3175382837330251,0.4820175438596491,0.5206705461594192,0.17476399739583334,0.9779331915021402,0.6704717867206127,1,copy-move,>5%,cha30322
Tp_S_CRN_M_N_nat10164_nat00021_12098,0.7485362901906911,0.8561861648396872,0.8480336656869774,0.1397367338543809,0.9967411846332627,0.9123293007552968,1,splicing,>5%,nat10164
Tp_S_CRN_S_B_cha00021_cha00021_20025,0.0,0.0,-0.009652116142917062,0.011708577473958334,0.38844697268469874,0.01747789627198979,1,copy-move,<1%,cha00021
Tp_S_CRN_S_B_sec00060_sec00060_11266,0.19474671669793622,0.3260050251256281,0.3998035768449487,0.07899983723958333,0.9643885882436529,0.3932662270045123,1,copy-move,1-5%,sec00060
Tp_S_CRN_S_N_ani10141_ani10141_12480,0.07396877409406322,0.13774846322968548,0.260208656337859,0.08936261843238587,0.9975960042724723,0.7266313932980599,1,copy-move,<1%,ani10141
Tp_S_CRN_S_N_arc20016_arc20016_02159,0.31683662554374953,0.4812087078955919,0.4694286152581254,0.021941747572815536,0.9205585681874983,0.4825782344698739,1,copy-move,1-5%,arc20016
Tp_S_CRN_S_N_art20072_art20072_02321,0.40759418570157224,0.5791359325605901,0.5641709393713213,0.040756410256410254,0.8872579846615013,0.5727103436600643,1,copy-move,1-5%,art20072
Tp_S_CRN_S_N_cha00021_cha00021_11182,0.0,0.0,-0.013369492184871313,0.017801920572916668,0.4962982048103839,0.023041081879652252,1,copy-move,<1%,cha00021
Tp_S_CRN_S_N_cha10135_cha10135_12206,0.40032408657741425,0.5717591954814712,0.6109227303791377,0.10799583333333333,0.9996891179533165,0.922091212458287,1,copy-move,1-5%,cha10135
Tp_S_CRN_S_N_cha10164_cha10164_12246,0.0,0.0,-0.012685971874843287,0.035170353419781336,0.7447290144164866,0.022639610934093578,1,copy-move,<1%,cha10164
Tp_S_CRN_S_N_cha10206_cha10207_12346,0.0,0.0,-0.011768965001400188,0.027797916666666665,0.4547124711601536,0.011491155527059968,1,splicing,<1%,cha10206
Tp_S_CRN_S_N_ind00036_ind00036_10875,0.0,0.0,-0.01125030830539977,0.025563557942708332,0.6562346638311795,0.01706603697641345,1,copy-move,<1%,ind00036
Tp_S_CRN_S_N_ind00057_ind00057_10916,0.37128125805620005,0.5415100015039855,0.5123320410420955,0.17805989583333334,0.9338251509249625,0.5636898484764389,1,copy-move,>5%,ind00057
Tp_S_CRN_S_N_ind00081_ind00081_00479,0.3304812834224599,0.4967845659163987,0.49896473466799623,0.005411783854166667,0.9631627908035927,0.514367816091954,1,copy-move,<1%,ind00081
Tp_S_CRN_S_N_nat00065_nat00065_10559,0.18470855412566237,0.31182108626198085,0.30647053281607767,0.007700602213541667,0.94929330668752,0.43015521064301554,1,copy-move,<1%,nat00065
Tp_S_CRN_S_N_nat10111_nat10111_11361,0.18230513483561137,0.308389314169661,0.40687698851576715,0.11014811197916667,0.9772127800178203,0.4856694149980369,1,copy-move,1-5%,nat10111
Tp_S_CRN_S_N_pla00038_pla00038_10987,0.0,0.0,-0.0068781673715741735,0.0018717447916666667,0.4140582697072218,0.04803272340974753,1,copy-move,1-5%,pla00038
Tp_S_CRN_S_N_sec20051_sec20051_01641,0.45787325972155546,0.6281386350539228,0.647478352336979,0.04275440254646982,0.9915353765321047,0.6617353528237643,1,copy-move,1-5%,sec20051
Tp_S_CRN_S_N_sec20089_sec20089_01679,0.13314606741573035,0.23500247892910262,0.3541353360881885,0.0664179104477612,0.9997878618041487,0.71007493755204,1,copy-move,<1%,sec20089
Tp_S_CRN_S_N_txt00051_txt00051_01278,0.31966909494999385,0.4844685628742515,0.5111797905503045,0.247161865234375,0.994129500688309,0.864850910029689,1,copy-move,>5%,txt00051
Tp_S_NND_M_N_sec00006_sec00006_00026,0.7473024712843718,0.8553784860557769,0.8213301354532807,0.190673828125,0.9767557898418294,0.8621268835780785,1,copy-move,>5%,sec00006
Tp_S_NND_S_B_arc00028_arc00028_01094,0.17771395749569213,0.3017947717518533,0.32915474668852523,0.07981363932291667,0.855130847267068,0.42017119464086344,1,copy-move,1-5%,arc00028
Tp_S_NND_S_N_ani00062_ani00062_00182,0.3862128425235221,0.5572201189832342,0.560670792643778,0.2713724772135417,0.9947789031620553,0.9047855306481439,1,copy-move,>5%,ani00062
Tp_S_NND_S_N_ani20022_ani20022_02440,0.20962851805347135,0.34659982783938426,0.4348217327735515,0.12093703703703704,0.9986221309290404,0.6833658317084146,1,copy-move,1-5%,ani10146
Tp_S_NND_S_N_ani20060_ani20060_02102,0.24443916349809885,0.39285032272848797,0.4677803232016591,0.09240260978714533,0.9812292415611096,0.5567094278151089,1,copy-move,1-5%,ani10196
Tp_S_NND_S_N_arc20010_arc20010_01463,0.0,0.0,-0.004471301824222863,0.01356827111984283,0.850312443155745,0.02297614016213932,1,copy-move,<1%,arc20010
Tp_S_NND_S_N_ind00010_ind00010_00885,0.04316895715440582,0.08276503409795412,0.1121417686146084,0.05804443359375,0.7859466389256995,0.08785316560115487,1,copy-move,<1%,ind00010
Tp_S_NND_S_N_ind00068_ind00068_01355,0.0,0.0,-0.005550439925415655,0.003387451171875,0.6879466709082188,0.03430586726514909,1,copy-move,<1%,ind00068
Tp_S_NND_S_N_ind20006_ind20006_01747,0.26751300091771185,0.42210691444431037,0.4994817438637365,0.08980769230769231,0.9852851354778279,0.5782511210762332,1,copy-move,1-5%,ind20006
Tp_S_NND_S_N_sec00059_sec00059_11267,0.33022739877981144,0.49649766511007337,0.5210030435478968,0.08606974283854167,0.9619664296959637,0.5140367860600193,1,copy-move,1-5%,sec00059
Tp_S_NND_S_N_sec00059_sec00059_11269,0.1571044921875,0.2715476316067096,0.380235618945518,0.08321126302083333,0.9865722012079485,0.4922149673530889,1,copy-move,1-5%,sec00059
Tp_S_NND_S_N_sec20024_sec20024_01614,0.13632059391689708,0.23993333333333333,0.34068435553570414,0.15111557212503585,0.9748181980998425,0.5787030103339823,1,copy-move,1-5%,sec20024
Tp_S_NND_S_N_sec20059_sec20059_01649,0.09440808857736563,0.17252812650551194,0.2795707199196777,0.18669947886508395,0.9939343889078854,0.6900984682713348,1,copy-move,1-5%,sec20059
Tp_S_NNN_M_N_art00039_art00039_10545,0.548090894413949,0.708086193635854,0.6117496292087532,0.5034281412760416,0.9827160421676749,0.8818641476894132,1,copy-move,>5%,art00039
Tp_S_NNN_M_N_cha00044_cha00044_11008,0.354744996772111,0.523707410054801,0.5478660218393023,0.089630126953125,0.9753219431836956,0.7089592274678111,1,copy-move,1-5%,cha00044
Tp_S_NNN_M_N_nat00017_nat00017_11049,0.4441660701503221,0.6151177199504337,0.6354630098634655,0.11171468098958333,0.9708468200507392,0.6296467481016838,1,copy-move,>5%,nat00017
Tp_S_NNN_M_N_nat10164_nat10160_12096,0.13687899974105722,0.24079783296592452,0.25092229653025894,0.07192741898624251,0.8643857058315656,0.8072525895101796,1,splicing,>5%,nat10164
Tp_S_NNN_M_N_sec00075_sec00075_10349,0.38599194536858694,0.5569901710589483,0.5553002926467846,0.2904459635416667,0.9965816200040878,0.9096948491961557,1,copy-move,>5%,sec00075
Tp_S_NNN_S_B_ani10208_ani10208_12371,0.0,0.0,-0.004655448087589372,0.011216186004918399,0.8874023927366558,0.019194841198095582,1,copy-move,<1%,ani10208
Tp_S_NNN_S_B_ani20003_ani20003_01452,0.30353430353430355,0.46570972886762363,0.5459142634863653,0.023423489278752437,0.9946270747362788,0.5352952490863627,1,copy-move,<1%,ani10127
Tp_S_NNN_S_B_ani20003_ani20003_02402,0.22764412165229234,0.3708633758550564,0.46652126774896674,0.010618908382066276,0.996380855593717,0.40495598304532116,1,copy-move,<1%,ani10127
Tp_S_NNN_S_B_arc00014_arc00014_00234,0.31514971835161576,0.4792605951307484,0.546623244868641,0.068511962890625,0.9841861568371632,0.5502170333782368,1,copy-move,1-5%,arc00014
Tp_S_NNN_S_B_arc00014_arc00014_20059,0.17473684210526316,0.2974910394265233,0.3459737488252505,0.021830240885416668,0.8624471006648748,0.34046890927624873,1,copy-move,<1%,arc00014
Tp_S_NNN_S_B_arc00063_arc00063_00283,0.30351361074469363,0.46568537258509657,0.5339545997051971,0.08482869466145833,0.9905991986539953,0.6324525745257452,1,copy-move,1-5%,arc00063
Tp_S_NNN_S_B_arc00100_arc00100_01030,0.0,0.0,-0.012398817289127673,0.07145182291666667,0.3932730948950569,0.00471232043778977,1,copy-move,<1%,arc00100
Tp_S_NNN_S_B_arc20016_arc20016_01469,0.3965264838967261,0.5678753514080145,0.5741804931253593,0.031466019417475725,0.9478504071958647,0.570338527673294,1,copy-move,1-5%,arc20016
Tp_S_NNN_S_B_arc20027_arc20027_02168,0.2644628099173554,0.41830065359477125,0.4459983971159331,0.027339583333333334,0.97520716496391,0.4305239179954442,1,copy-move,1-5%,arc20027
Tp_S_NNN_S_B_arc20081_arc20081_02191,0.32676648997212965,0.49257573573326197,0.5422577711427032,0.14185271317829456,0.9996141616664092,0.9022567740961582,1,copy-move,1-5%,arc20081
Tp_S_NNN_S_B_arc20088_arc20088_02414,0.2837674543501611,0.44208544684411444,0.4194445996298669,0.06517627911241518,0.8760516681574736,0.4656215282063943,1,copy-move,1-5%,arc20088
Tp_S_NNN_S_B_art00021_art00021_20030,0.1334648257725181,0.2354988399071926,0.22948358736257002,0.008087158203125,0.7072465947044956,0.24698367636621718,1,copy-move,<1%,art00021
Tp_S_NNN_S_B_art00042_art00042_01412,0.0921409214092141,0.1687344913151365,0.19938843323386365,0.01611328125,0.9130652822969212,0.2847457627118644,1,copy-move,<1%,art00042
Tp_S_NNN_S_B_art00047_art00047_01407,0.38863976083707025,0.5597416576964478,0.6076232197086759,0.00567626953125,0.9678409735456901,0.5151515151515151,1,copy-move,1-5%,art00047
Tp_S_NNN_S_B_art10006_art10006_20046,0.34033214172586995,0.5078325455773126,0.4528833703396497,0.09924166666666667,0.8979730721819622,0.6142868511101091,1,copy-move,>5%,art10006
Tp_S_NNN_S_B_cha00008_cha00008_00328,0.2969230769230769,0.4578884934756821,0.5029124394364404,0.1983642578125,0.9931104605198104,0.7615186869685584,1,copy-move,>5%,cha00008
Tp_S_NNN_S_B_ind00036_ind00036_01327,0.0,0.0,-0.020959849455671913,0.048116048177083336,0.7632734002915768,0.04581389070996105,1,copy-move,<1%,ind00036
Tp_S_NNN_S_B_ind20027_ind20027_02282,0.0,0.0,-0.003953976401426834,0.018784,0.6174376009771338,0.0032095369096744614,1,copy-move,<1%,ind20027
Tp_S_NNN_S_B_nat00017_nat00017_00636,0.4108342038501716,0.5823989845568014,0.6089531418660398,0.135345458984375,0.9772183384877102,0.6399506781750924,1,copy-move,>5%,nat00017
Tp_S_NNN_S_B_nat00040_nat00040_00963,0.2624131396083386,0.4157325860688551,0.4686719888308308,0.07743326822916667,0.9635465048693609,0.4997629208155524,1,copy-move,1-5%,nat00040
Tp_S_NNN_S_B_nat00065_nat00065_00975,0.3337810611148422,0.500503524672709,0.556181981304973,0.10602823893229167,0.9955148364398752,0.8078070611636002,1,copy-move,1-5%,nat00065
Tp_S_NNN_S_B_pla20092_pla20092_02350,0.1525767829255596,0.26475768935459104,0.3729872637676498,0.10245333333333333,0.9991066229699019,0.7493240633449209,1,copy-move,1-5%,pla20092
Tp_S_NNN_S_B_pla20093_pla20093_02349,0.24655353742076688,0.39557633109109563,0.4364757114830975,0.1644726712856043,0.9160989643554263,0.5382480368264284,1,copy-move,1-5%,pla20093
Tp_S_NNN_S_B_sec00038_sec00038_00059,0.42080764115584574,0.5923499127770923,0.6098850575408129,0.16717529296875,0.9886964871816033,0.7975500965315225,1,copy-move,>5%,sec00038
Tp_S_NNN_S_B_sec00075_sec00075_00726,0.5412429855280368,0.7023460811957623,0.6871645785878948,0.24102783203125,0.996379090668462,0.921788387618855,1,copy-move,>5%,sec00075
Tp_S_NNN_S_B_sec00089_sec00089_00109,0.3570794715046342,0.5262469575326043,0.5416312531328111,0.20311482747395834,0.9850952056855108,0.8801455231422219,1,copy-move,>5%,sec00089
Tp_S_NNN_S_B_sec00089_sec00089_11121,0.323138762670395,0.4884427420420024,0.5421806657585031,0.056803385416666664,0.9899465565099943,0.6633846153846154,1,copy-move,1-5%,sec00089
Tp_S_NNN_S_B_sec10002_sec10002_20048,0.0,0.0,-0.017914294119331653,0.019524914936241932,0.47502433905280145,0.03833963011702113,1,copy-move,1-5%,sec10002
Tp_S_NNN_S_B_sec10003_sec10003_20070,0.31120423027037813,0.47468460379540717,0.491958232960861,0.08511666666666666,0.9505630614325465,0.4685959676439211,1,copy-move,1-5%,sec10003
Tp_S_NNN_S_B_sec20001_sec20001_01436,0.0,0.0,-0.000989139021684471,0.00011875,0.6152250031258164,0.022215998516829646,1,copy-move,<1%,sec20001
Tp_S_NNN_S_B_sec20043_sec20043_02145,0.4080044676098287,0.5795499616594834,0.5576285803717346,0.13844733044733046,0.8880561586847742,0.5956454121306376,1,copy-move,>5%,sec20043
Tp_S_NNN_S_B_sec20078_sec20078_01668,0.09642670990907512,0.17589266849778154,0.3002432369533232,0.07158789386401326,0.9997588953124009,0.6685404537241518,1,copy-move,<1%,sec20078
Tp_S_NNN_S_N_ani00049_ani00049_01258,0.0,0.0,-0.00831246992348106,0.022074381510416668,0.5194344004499521,0.00838084556189052,1,copy-move,<1%,ani00049
Tp_S_NNN_S_N_ani00055_ani00051_11147,0.0,0.0,-0.036286288749614724,0.027913411458333332,0.6546153060145312,0.13062230437461492,1,splicing,1-5%,ani00055
Tp_S_NNN_S_N_ani00081_ani00081_00819,0.45978794931471423,0.6299379982285208,0.6165977511875478,0.2749226888020833,0.9956858376671978,0.9141724034720143,1,copy-move,>5%,ani00081
Tp_S_NNN_S_N_ani10127_ani10127_12469,0.18027912330343868,0.3054855749695246,0.41452471340592884,0.05075536062378168,0.9873677672014571,0.4031440534782928,1,copy-move,<1%,ani10127
Tp_S_NNN_S_N_ani20022_ani20022_02065,0.1843615070680783,0.31132640831002795,0.418133280970551,0.06261851851851852,0.9996768221964965,0.7740731525255039,1,copy-move,1-5%,ani10146
Tp_S_NNN_S_N_arc00028_arc00028_20118,0.15494006667139512,0.26830841035403935,0.14570771508523137,0.213134765625,0.6701329032228525,0.3249630723781389,1,copy-move,>5%,arc00028
Tp_S_NNN_S_N_arc00048_arc00048_00780,0.05529618626083793,0.10479747199080724,0.14720588920586908,0.16131591796875,0.8243380215222663,0.1518324607329843,1,copy-move,1-5%,arc00048
Tp_S_NNN_S_N_arc00048_arc00048_01078,0.23225625700410907,0.37696097006441837,0.46079161142026553,0.10892740885416667,0.9991270198987567,0.8967642526964561,1,copy-move,1-5%,arc00048
Tp_S_NNN_S_N_arc00063_arc00063_01063,0.08817658800046965,0.1620630125161847,0.2848807214985148,0.086639404296875,0.9922188974513126,0.4328767123287671,1,copy-move,<1%,arc00063
Tp_S_NNN_S_N_arc00091_arc00091_00311,0.0,0.0,-0.014264939217803797,0.008616129557291666,0.4915219167616023,0.050270241905861365,1,copy-move,1-5%,arc00091
Tp_S_NNN_S_N_arc00093_arc00093_00313,0.0,0.0,-0.015209682080659797,0.022755940755208332,0.34396882382579946,0.020001863527657857,1,copy-move,<1%,arc00093
Tp_S_NNN_S_N_arc00100_arc00100_00320,0.0,0.0,-0.017352291588373713,0.059458414713541664,0.7990912473960895,0.028325550881796783,1,copy-move,<1%,arc00100
Tp_S_NNN_S_N_arc20003_arc20003_02466,0.10109519797809605,0.18362662586074982,0.3006088646716577,0.013356102003642987,0.9942935987045876,0.2628755364806867,1,copy-move,<1%,arc20003
Tp_S_NNN_S_N_arc20024_arc20024_01477,0.0,0.0,0.0,0.0,0.3071423793301019,0.014618116199951991,1,copy-move,<1%,arc20024
Tp_S_NNN_S_N_arc20024_arc20024_02165,0.0894917368256938,0.16428162564396107,0.19475124059217064,0.00565,0.9765825877307034,0.16336633663366337,1,copy-move,<1%,arc20024
Tp_S_NNN_S_N_arc20024_arc20024_02475,0.0,0.0,0.0,0.0,0.3717774221202616,0.004468009426917469,1,copy-move,<1%,arc20024
Tp_S_NNN_S_N_arc20063_arc20063_01703,0.1856422605162164,0.31315054582381313,0.4209832723247832,0.055095356550580434,0.9992491610766823,0.6760756371608659,1,copy-move,1-5%,arc20063
Tp_S_NNN_S_N_arc20081_arc20081_01721,0.14029194161167766,0.24606319924245082,0.3569010489231945,0.09681007751937984,0.9932334135565213,0.7408906882591093,1,copy-move,1-5%,arc20081
Tp_S_NNN_S_N_arc20088_arc20088_01728,0.0,0.0,-0.0031178741676238172,0.003770860077021823,0.767335324573845,0.012194690891096108,1,copy-move,<1%,arc20088
Tp_S_NNN_S_N_arc20095_arc20095_01735,0.0,0.0,-0.010792842951914178,0.030878535319032653,0.8544606213249446,0.029451585913136076,1,copy-move,<1%,arc20095
Tp_S_NNN_S_N_arc20095_arc20095_02409,0.0,0.0,-0.014230676594352693,0.026331466047274217,0.30965816138481334,0.016683427129463645,1,copy-move,<1%,arc20095
Tp_S_NNN_S_N_arc20099_arc20099_01739,0.019718402743429946,0.03867421180274858,0.06449295169239301,0.12274212827135418,0.8733570564566518,0.06797628617363344,1,copy-move,<1%,arc20099
Tp_S_NNN_S_N_arc20099_arc20099_02186,0.018934681181959564,0.0371656427671996,0.13013002524722347,0.10749182945075521,0.9711278178315804,0.06604942771743093,1,copy-move,<1%,arc20099
Tp_S_NNN_S_N_art00021_art00021_00922,0.30694275274056027,0.46971109040074555,0.5524142925929377,0.008351643880208334,0.9991167643195289,0.691285081240768,1,copy-move,<1%,art00021
Tp_S_NNN_S_N_art10013_art10013_20097,0.01758515646635281,0.03456252551367533,0.08051291221126951,0.23298502604166665,0.7565804182086332,0.03749714198612911,1,copy-move,<1%,art10013
Tp_S_NNN_S_N_art20010_art20010_01816,0.4292718270740249,0.6006860541746227,0.5329800943108449,0.20127388535031848,0.9102847070375456,0.598638759531242,1,copy-move,>5%,art20010
Tp_S_NNN_S_N_art20017_art20017_01823,0.0,0.0,-0.00951865563279577,0.029991286668602964,0.7697035623914922,0.017033861819815435,1,copy-move,<1%,art20017
Tp_S_NNN_S_N_art20072_art20072_01878,0.3641139854948318,0.5338468623100431,0.5576665472951472,0.05202564102564103,0.9766092349328753,0.5357962537943288,1,copy-move,1-5%,art20072
Tp_S_NNN_S_N_cha00005_cha00005_00325,0.0,0.0,-0.003978733448709799,0.0020548502604166665,0.3962005752132931,0.015763525725346766,1,copy-move,<1%,cha00005
Tp_S_NNN_S_N_cha00008_cha00008_00840,0.0,0.0,-0.007257702848740668,0.009552001953125,0.7867105740424789,0.03810276679841897,1,copy-move,<1%,cha00008
Tp_S_NNN_S_N_cha00008_cha00008_11157,0.0,0.0,-0.007382231681613536,0.015065511067708334,0.9657822077515139,0.11620603015075377,1,copy-move,<1%,cha00008
Tp_S_NNN_S_N_cha00008_cha00008_11158,0.0,0.0,-0.005982188906282303,0.0159912109375,0.7180770404202426,0.011723153227624558,1,copy-move,<1%,cha00008
Tp_S_NNN_S_N_cha00008_cha00008_11159,0.13692434210526316,0.24086799276672693,0.29225240520290446,0.06905110677083333,0.9274947021398499,0.37723398405279074,1,copy-move,1-5%,cha00008
Tp_S_NNN_S_N_cha00008_cha00008_11160,0.35116473177024055,0.5197955860055035,0.5497951674647971,0.13092041015625,0.9673388466292959,0.5747278126031012,1,copy-move,>5%,cha00008
Tp_S_NNN_S_N_cha00048_cha00048_00368,0.0,0.0,0.0,0.0,0.9291054640587624,0.33807005948446794,1,copy-move,1-5%,cha00048
Tp_S_NNN_S_N_cha00052_cha00052_00372,0.29912241558827907,0.46049919853446303,0.44533753246729413,0.11882527669270833,0.9104270467367787,0.475733972438586,1,copy-move,>5%,cha00052
Tp_S_NNN_S_N_cha00065_cha00065_00385,0.1750168501460346,0.2978967495219885,0.4021583032821838,0.09055582682291667,0.9911337724793381,0.6203830369357045,1,copy-move,1-5%,cha00065
Tp_S_NNN_S_N_cha00065_cha00065_00856,0.1314756671899529,0.23239680887963926,0.34120429447209166,0.12959798177083334,0.9964927376812622,0.7582722909825713,1,copy-move,1-5%,cha00065
Tp_S_NNN_S_N_cha00066_cha00066_10320,0.24554941682013506,0.39428289797930016,0.48276990354842525,0.0662841796875,0.9962471045665122,0.7537942664418212,1,copy-move,1-5%,cha00066
Tp_S_NNN_S_N_cha00066_cha00066_10321,0.36438676043335416,0.5341399828852316,0.5134029674855245,0.3745320638020833,0.9890485709015412,0.8305905751772367,1,copy-move,>5%,cha00066
Tp_S_NNN_S_N_cha00084_cha00084_00869,0.0,0.0,0.0,0.0,0.4307490438835265,0.0488765945590957,1,copy-move,1-5%,cha00084
Tp_S_NNN_S_N_cha00084_cha00084_10871,0.14194151422085727,0.24859681945743686,0.36409004321480276,0.07618204752604167,0.9976088149496452,0.7571830985915493,1,copy-move,1-5%,cha00084
Tp_S_NNN_S_N_cha10135_cha10135_12205,0.20393437642412274,0.3387798877042458,0.4415060920040123,0.054858333333333335,0.9955341854744711,0.6982398838686263,1,copy-move,1-5%,cha10135
Tp_S_NNN_S_N_cha10171_cha10171_12281,0.05235626547101957,0.09950292916740636,0.220879508711384,0.04705985915492958,0.9949672080503604,0.4827586206896552,1,copy-move,<1%,cha10171
Tp_S_NNN_S_N_cha10202_cha10202_12356,0.0,0.0,-0.0016304462241633533,0.003708124648774145,0.8482871914791558,0.005299153041351511,1,copy-move,<1%,cha10202
Tp_S_NNN_S_N_cha10206_cha10206_12344,0.2857065511640498,0.44443508653724684,0.45956110938805755,0.032995833333333335,0.9500024422313875,0.4253667446772076,1,copy-move,1-5%,cha10206
Tp_S_NNN_S_N_cha10206_cha10206_12345,0.0031970488779588073,0.006373720659434945,0.005576310062560031,0.03198125,0.6996925606260642,0.007916801612148692,1,copy-move,<1%,cha10206
Tp_S_NNN_S_N_cha20044_cha20044_02043,0.0,0.0,-0.006049526835397198,0.023974471830985916,0.08026676553058232,0.0029739646115808645,1,copy-move,<1%,cha10171
Tp_S_NNN_S_N_ind00010_ind00010_01308,0.05606506315971621,0.10617728985744716,0.16746138182127565,0.056142171223958336,0.9156430487443342,0.12033898305084746,1,copy-move,<1%,ind00010
Tp_S_NNN_S_N_ind00057_ind00057_10917,0.0,0.0,-0.004341379526044207,0.003204345703125,0.7790766461626454,0.03170536429143315,1,copy-move,<1%,ind00057
Tp_S_NNN_S_N_ind00081_ind00081_01365,0.0,0.0,0.0,0.0,0.7710434889737589,0.041978148361127086,1,copy-move,<1%,ind00081
Tp_S_NNN_S_N_ind20025_ind20025_01766,0.4091894234937148,0.5807443863426638,0.5362953867125364,0.1305952380952381,0.9279316975398644,0.5961305549517095,1,copy-move,>5%,ind20025
Tp_S_NNN_S_N_ind20027_ind20027_01768,0.0,0.0,-0.01011356541971354,0.0324,0.8236265840494754,0.023079410082319878,1,copy-move,<1%,ind20027
Tp_S_NNN_S_N_nat00017_nat00017_00941,0.05009823182711198,0.09541627689429373,0.21709940462404834,0.0621337890625,0.9974056171917571,0.6432748538011696,1,copy-move,<1%,nat00017
Tp_S_NNN_S_N_nat00048_nat00048_00967,0.4503158764834386,0.6209900667643706,0.5985010764646497,0.15793863932291666,0.9582692408727795,0.7678333227466175,1,copy-move,>5%,nat00048
Tp_S_NNN_S_N_nat00052_nat00052_00662,0.32547352145342096,0.4911052785068533,0.5288934568603095,0.010477701822916666,0.954871735549175,0.62317158114697,1,copy-move,1-5%,nat00052
Tp_S_NNN_S_N_nat00052_nat00052_11082,0.0,0.0,-0.005862022792879044,0.00146484375,0.708143677284288,0.09401641303481795,1,copy-move,1-5%,nat00052
Tp_S_NNN_S_N_nat10132_nat10132_12141,0.1122715404699739,0.20187793427230047,0.32691229356060486,0.004230555555555556,0.9985362083615684,0.3693181818181818,1,copy-move,<1%,nat10132
Tp_S_NNN_S_N_nat10164_nat10164_12094,0.2802518498092743,0.4378073733711455,0.5095255273742024,0.09945152886329357,0.9992915277273958,0.8179092272045795,1,copy-move,1-5%,nat10164
Tp_S_NNN_S_N_nat20040_nat20040_01544,0.34499514091350825,0.5130057803468208,0.5375361487362151,0.048201642594165955,0.96515791214068,0.6260116265815571,1,copy-move,1-5%,nat20040
Tp_S_NNN_S_N_nat20070_nat20070_01574,0.2002258610954263,0.3336469702672187,0.43211639086245895,0.0829119850187266,0.996614664666315,0.6641213278184325,1,copy-move,1-5%,nat20070
Tp_S_NNN_S_N_pla00018_pla00018_00556,0.7135911090530215,0.8328604242669909,0.8198391622841921,0.077880859375,0.985977753834203,0.8110473065354116,1,copy-move,>5%,pla00018
Tp_S_NNN_S_N_pla00018_pla00018_01138,0.4794520547945205,0.6481481481481481,0.6263155589236317,0.13484700520833334,0.9624288170837649,0.7231786501459463,1,copy-move,>5%,pla00018
Tp_S_NNN_S_N_pla00028_pla00028_01144,0.0,0.0,0.0,0.0,0.8182446839091233,0.07791164658634538,1,copy-move,1-5%,pla00028
Tp_S_NNN_S_N_pla00035_pla00035_00570,0.0,0.0,-0.008601094746538402,0.00042724609375,0.6406880017469685,0.3217803897011007,1,copy-move,>5%,pla00035
Tp_S_NNN_S_N_pla00035_pla00035_01135,0.4311157674174961,0.6024890190336749,0.5577571403528996,0.38616943359375,0.9623522448843667,0.7709651898734177,1,copy-move,>5%,pla00035
Tp_S_NNN_S_N_pla00038_pla00038_00573,0.4123991746389045,0.5839697191048543,0.616332621243971,0.10764567057291667,0.987517103227616,0.7368421052631579,1,copy-move,1-5%,pla00038
Tp_S_NNN_S_N_pla00038_pla00038_01151,0.3831303831303831,0.5540047240712905,0.5824787662586015,0.09981282552083333,0.9846394518207793,0.7999046029096113,1,copy-move,1-5%,pla00038
Tp_S_NNN_S_N_pla00081_pla00081_01183,0.41762265072003907,0.5891873278236914,0.6180371522114704,0.039703369140625,0.9925686374540814,0.7008999470619375,1,copy-move,1-5%,pla00081
Tp_S_NNN_S_N_pla20005_pla20005_01905,0.08971752621442328,0.16466198635180912,0.2886384763026483,0.07788333333333333,0.9993740626749694,0.6668012108980828,1,copy-move,<1%,pla20005
Tp_S_NNN_S_N_pla20005_pla20005_02397,0.13147743345763147,0.23239956815728166,0.35215521685342455,0.06480833333333333,0.9996959710528266,0.8492179353493222,1,copy-move,<1%,pla20005
Tp_S_NNN_S_N_pla20044_pla20044_01944,0.42274714843689215,0.594268839549382,0.5853245581532756,0.26132594417077176,0.934242638568443,0.6215357436419624,1,copy-move,>5%,pla20044
Tp_S_NNN_S_N_pla20045_pla20045_02381,0.0,0.0,-0.005676156102871141,0.007865353037766832,0.20714896554566437,0.008199345549193994,1,copy-move,<1%,pla20045
Tp_S_NNN_S_N_sec00038_sec00038_00800,0.0,0.0,-0.004280203592864475,0.0023091634114583335,0.9375958463779277,0.16177636796193498,1,copy-move,<1%,sec00038
Tp_S_NNN_S_N_sec00080_sec00080_00776,0.09101685985247629,0.16684776047325847,0.2591640248348513,0.075531005859375,0.9633755625494131,0.3328313253012048,1,copy-move,<1%,sec00080
Tp_S_NNN_S_N_sec00080_sec00080_10381,0.24910424842177104,0.3988526157628739,0.4876309057686639,0.059621175130208336,0.9972446422712398,0.7408942848682263,1,copy-move,1-5%,sec00080
Tp_S_NNN_S_N_sec00089_sec00089_00775,0.36581598388179987,0.5356738948714166,0.5732492409620356,0.15146891276041666,0.9875112910214051,0.7484504913076342,1,copy-move,>5%,sec00089
Tp_S_NNN_S_N_sec20001_sec20001_02113,0.0,0.0,-0.0009517990365825513,0.00020416666666666668,0.8179177915491465,0.06264140271493213,1,copy-move,<1%,sec20001
Tp_S_NNN_S_N_sec20043_sec20043_01633,0.0,0.0,-0.0020716303059483557,0.0015295815295815296,0.12596574027571122,0.005625846346977561,1,copy-move,<1%,sec20043
Tp_S_NNN_S_N_sec20074_sec20074_01664,0.037831649161232515,0.07290517530816826,0.18652173711556577,0.083287728026534,0.9999573299808777,0.7407407407407407,1,copy-move,<1%,sec20074
Tp_S_NNN_S_N_sec20078_sec20078_02144,0.08088723602071989,0.14966822315065126,0.27608402503583845,0.06242951907131011,0.9998326623448088,0.7514018691588785,1,copy-move,<1%,sec20078
Tp_S_NRD_S_B_ani00029_ani00029_00149,0.22648523066710918,0.3693240244628457,0.4436672682277397,0.15294392903645834,0.9933607080011684,0.766339274887838,1,copy-move,1-5%,ani00029
Tp_S_NRD_S_B_ani00049_ani00049_00169,0.2454725057622654,0.3941837409120952,0.4612066435835659,0.122222900390625,0.9668078733407457,0.524390243902439,1,copy-move,1-5%,ani00049
Tp_S_NRD_S_B_arc20003_arc20003_01456,0.18941599588970714,0.31850251979841615,0.32396893462738013,0.01567167577413479,0.5766890242743083,0.33678891889537416,1,copy-move,1-5%,arc20003
Tp_S_NRD_S_B_cha20044_nat20042_02432,0.010095160670634942,0.019988533880179047,-0.04002765940004406,0.01702244718309859,0.820133852259902,0.7765297710495747,1,splicing,>5%,cha10171
Tp_S_NRD_S_B_sec00089_sec00089_01435,0.027440633245382585,0.05341551104262968,0.051851905739381685,0.068206787109375,0.6988115203117055,0.06373682857877153,1,copy-move,1-5%,sec00089
Tp_S_NRD_S_B_sec20033_sec20033_01623,0.22594548001292963,0.36860608191246264,0.43185234127791083,0.15832566168009207,0.9707410971656701,0.6540992596654784,1,copy-move,1-5%,sec20033
Tp_S_NRD_S_B_sec20070_sec20070_01660,0.10914574502771437,0.1968104652017344,0.3203138907715353,0.06681917211328976,0.999265826473027,0.8187520633872565,1,copy-move,<1%,sec20070
Tp_S_NRD_S_N_ani00081_ani00081_00201,0.3000870132695236,0.46164142892997573,0.5290330934315508,0.09352620442708333,0.9917768715676749,0.682624845233182,1,copy-move,1-5%,ani00081
Tp_S_NRD_S_N_ani20011_ani20011_02054,0.28717467403987623,0.4462093293656268,0.500638897999881,0.16977605512489233,0.9990088178644516,0.8985178585891309,1,copy-move,1-5%,ani10135
Tp_S_NRD_S_N_art00026_art00026_01213,0.0,0.0,-0.016402558068585666,0.134429931640625,0.7774891421964633,0.011494794365666368,1,copy-move,<1%,art00026
Tp_S_NRD_S_N_cha00005_cha00005_00839,0.2298728813559322,0.37381567614125755,0.47040193223689614,0.048014322916666664,0.999356977249674,0.8610456900612341,1,copy-move,1-5%,cha00005
Tp_S_NRD_S_N_cha00066_cha00066_00857,0.6561928702010968,0.7924111762676785,0.7943693874007802,0.08814493815104167,0.9907249789011919,0.8163117485151383,1,copy-move,>5%,cha00066
Tp_S_NRD_S_N_cha00084_cha00084_00879,0.0,0.0,0.0,0.0,0.7051693679955856,0.0763595166163142,1,copy-move,1-5%,cha00084
Tp_S_NRD_S_N_ind00081_ind00081_10670,0.058277654046028214,0.11013679410733077,0.16876876516912667,0.0032145182291666665,0.7857031773203624,0.3484193768478508,1,copy-move,1-5%,ind00081
Tp_S_NRN_M_B_ani00029_ani00029_20121,0.17354406726876362,0.2957606315929145,0.20050103784143988,0.10194905598958333,0.6814689466101115,0.4281181057148901,1,copy-move,>5%,ani00029
Tp_S_NRN_M_N_art00042_art00042_10543,0.3596401028277635,0.5290224995273208,0.40548084528346584,0.23817952473958334,0.8132914423589893,0.538440142412105,1,copy-move,>5%,art00042
Tp_S_NRN_M_N_nat10164_nat00097_12097,0.09125020692699616,0.16723975188781015,0.1908845973247484,0.04989716166186754,0.8644572818036986,0.8018708879801499,1,splicing,>5%,nat10164
Tp_S_NRN_M_N_nat10164_nat10124_12095,0.005056236794272059,0.010061599757640299,0.0017168032377516123,0.004959093194387312,0.5778003582102522,0.6716345450434273,1,splicing,>5%,nat10164
Tp_S_NRN_S_B_ani10202_ani10202_12413,0.0,0.0,-0.026855629356273496,0.034623331658010834,0.8962680732938186,0.18330323206728308,1,copy-move,1-5%,ani10202
Tp_S_NRN_S_B_arc20027_arc20027_01480,0.10413256955810148,0.18862330924587734,0.17102460297391864,0.020260416666666666,0.6053661576745811,0.18876941457586618,1,copy-move,1-5%,arc20027
Tp_S_NRN_S_B_arc20063_arc20063_02197,0.21980543318649046,0.36039425174930406,0.46041370670963866,0.04517412935323383,0.9998218016819096,0.8855193328279,1,copy-move,<1%,arc20063
Tp_S_NRN_S_B_art00039_art00039_01415,0.5022731911892965,0.6686842235288305,0.5569040364118053,0.5468037923177084,0.9648514741783435,0.8211816775355932,1,copy-move,>5%,art00039
Tp_S_NRN_S_B_cha00065_cha00065_10176,0.16782608695652174,0.2874162323157111,0.3878980400263203,0.069580078125,0.9899429196411175,0.6536621273463379,1,copy-move,1-5%,cha00065
Tp_S_NRN_S_B_sec00038_sec00038_10483,0.37283830523130135,0.5431641932055269,0.5674155891259036,0.18739827473958334,0.9855160885764361,0.7819209039548023,1,copy-move,>5%,sec00038
Tp_S_NRN_S_B_sec20004_sec20004_01439,0.17495260164314302,0.2978036754818467,0.3564783747120518,0.02160749506903353,0.937436263007297,0.3849542527956625,1,copy-move,<1%,sec20004
Tp_S_NRN_S_N_ani00045_ani00045_00831,0.4275584444362374,0.5990065711181249,0.5274009375577293,0.24070231119791666,0.8992543788062699,0.5963311704151827,1,copy-move,>5%,ani00045
Tp_S_NRN_S_N_ani00069_ani00069_00189,0.2328925547700096,0.37779862303322065,0.3687798305848146,0.464935302734375,0.9358175578555411,0.5769566920828185,1,copy-move,>5%,ani00069
Tp_S_NRN_S_N_ani20017_ani20017_02060,0.5310748705617716,0.6937281523886721,0.6843767698112234,0.22208871662360036,0.9982481935382388,0.9210681891120382,1,copy-move,>5%,ani10141
Tp_S_NRN_S_N_arc00091_arc00091_01039,0.0,0.0,-0.0070935030844785215,0.0028076171875,0.8534654013664933,0.14034739454094292,1,copy-move,1-5%,arc00091
Tp_S_NRN_S_N_arc20003_arc20003_02151,0.0,0.0,-0.0005480938962798873,0.00020264116575591985,0.06367012562879668,0.0029555530294418553,1,copy-move,<1%,arc20003
Tp_S_NRN_S_N_arc20034_arc20034_02473,0.06211078869290209,0.11695726915520628,0.24037344547185796,0.07401303088803089,0.9903159135987228,0.31877521955850935,1,copy-move,<1%,arc20034
Tp_S_NRN_S_N_art00042_art00042_01226,0.23376623376623376,0.37894736842105264,0.45209320928142804,0.061147054036458336,0.9822759958286681,0.7329334475864039,1,copy-move,1-5%,art00042
Tp_S_NRN_S_N_art00047_art00047_01022,0.17163412127440905,0.2929824561403509,0.30901461476866465,0.0037740071614583335,0.953167301000222,0.279320987654321,1,copy-move,<1%,art00047
Tp_S_NRN_S_N_cha00035_cha00035_11733,0.2346264960792406,0.3800768845061006,0.45758153213027364,0.048207600911458336,0.9826071524474707,0.49759743726641753,1,copy-move,1-5%,cha00035
Tp_S_NRN_S_N_cha00066_cha00066_00386,0.22241173460685656,0.3638900516255058,0.4603893820238845,0.059641520182291664,0.9989877657701665,0.8372712146422628,1,copy-move,1-5%,cha00066
Tp_S_NRN_S_N_cha10206_cha10206_12343,0.1307821095431715,0.23131266128008798,0.24543120528351378,0.03605833333333333,0.620382547422925,0.23486921308963554,1,copy-move,1-5%,cha10206
Tp_S_NRN_S_N_cha20022_cha20022_02021,0.13043119795531372,0.23076362045073298,0.34469440414732955,0.101075,0.9996416154806285,0.6153247763516142,1,copy-move,1-5%,cha10135
Tp_S_NRN_S_N_ind00036_ind00036_00450,0.02563220368140375,0.04998322710499832,0.03604128773021468,0.047190348307291664,0.892931489575759,0.11998340150572055,1,copy-move,1-5%,ind00036
Tp_S_NRN_S_N_ind00068_ind00068_10690,0.0,0.0,-0.0015121757861221489,0.00048828125,0.44006946283613846,0.011733811567283673,1,copy-move,<1%,ind00068
Tp_S_NRN_S_N_ind00081_ind00081_10669,0.0,0.0,0.0,0.0,0.9790744946889935,0.6136662286465178,1,copy-move,<1%,ind00081
Tp_S_NRN_S_N_ind20006_ind20006_02266,0.0,0.0,-0.008825425869445257,0.01986721611721612,0.9287636509045448,0.06157670794090931,1,copy-move,<1%,ind20006
Tp_S_NRN_S_N_ind20054_ind20054_01795,0.0,0.0,-0.0030563097131980767,0.001589343132751493,0.8172713652045778,0.03252299605781866,1,copy-move,<1%,ind20054
Tp_S_NRN_S_N_nat00017_nat00017_11050,0.0,0.0,-0.0038662231368109244,0.0026448567708333335,0.744780343276271,0.028306525251106274,1,copy-move,<1%,nat00017
Tp_S_NRN_S_N_nat00040_nat00040_00959,0.022401208155046565,0.04382077794190054,0.027508535628787044,0.027496337890625,0.6781221934096515,0.04932182490752158,1,copy-move,1-5%,nat00040
Tp_S_NRN_S_N_nat10144_nat10144_11963,0.13680659670164919,0.240685789647214,0.36283319806331593,0.04342447916666667,0.998712504202119,0.7483974358974359,1,copy-move,<1%,nat10144
Tp_S_NRN_S_N_nat10144_nat10144_11973,0.2030282830206647,0.3375286946885142,0.44436309684961484,0.03418294270833333,0.9996543459200836,0.8078552175587216,1,copy-move,<1%,nat10144
Tp_S_NRN_S_N_pla00018_pla00018_10995,0.0,0.0,-0.010510972447140075,0.004241943359375,0.21027485004575908,0.04931093670936312,1,copy-move,1-5%,pla00018
Tp_S_NRN_S_N_pla20045_pla20045_01945,0.35224028794836787,0.5209729233593392,0.5153748500846113,0.05516830870279146,0.881409946997266,0.5211607626742868,1,copy-move,1-5%,pla20045
Tp_S_NRN_S_N_pla20079_pla20079_01979,0.0,0.0,-0.005358794045694881,0.005123698796809517,0.3945253652340386,0.011940124076003856,1,copy-move,<1%,pla20079
Tp_S_NRN_S_N_pla20093_pla20093_01993,0.2589969584619142,0.41143381121162426,0.39570206077588643,0.19861431870669746,0.8581789305417662,0.4678069719042664,1,copy-move,>5%,pla20093
Tp_S_NRN_S_N_sec00059_sec00059_00731,0.036258465011286684,0.06997957794417971,0.05934468362562376,0.059611002604166664,0.8760980469984769,0.1605784580711804,1,copy-move,1-5%,sec00059
Tp_S_NRN_S_N_sec00059_sec00059_11268,0.0,0.0,-0.009238685081430128,0.008707682291666666,0.6259400625389534,0.030202854996243426,1,copy-move,<1%,sec00059
Tp_S_NRN_S_N_sec00060_sec00060_11265,0.0,0.0,0.0,0.0,0.9021227465771733,0.03836215464122441,1,copy-move,<1%,sec00060
Tp_S_NRN_S_N_sec20004_sec20004_02116,0.2878406708595388,0.44701286016604264,0.45754893625766513,0.05082593688362919,0.9105161553754861,0.4317174833437264,1,copy-move,1-5%,sec20004
Tp_S_NRN_S_N_txt00070_txt00070_11315,0.23406925400883105,0.37934541071899364,0.4338657220117725,0.21785481770833334,0.9786436939226941,0.6613119143239625,1,copy-move,>5%,txt00070
Tp_S_NRN_S_N_txt00070_txt00070_11316,0.19896973599484868,0.3319011815252417,0.4095585763684427,0.17331949869791666,0.9771244769982329,0.5886816313626304,1,copy-move,1-5%,txt00070
Tp_S_NRN_S_O_cha00035_cha00067_11734,0.0,0.0,-0.007344698625186584,0.00189208984375,0.7776554099627798,0.1687129856998411,1,splicing,1-5%,cha00035
Tp_D_CNN_M_B_nat00056_nat00099_11105,0.0,0.0,0.0,0.0,0.4929858425781254,0.6916232326431883,0,splicing,>5%,nat00056
Tp_D_CNN_M_N_arc00086_arc00086_00306,0.5609180109762182,0.7187027211319227,0.6639865942471087,0.185791015625,0.864161596711005,0.7565637315669695,0,splicing,>5%,arc00086
Tp_D_CNN_M_N_nat00089_nat00062_10577,0.0,0.0,0.0,0.0,0.8401520388214261,0.7971024357042151,0,splicing,>5%,nat00089
Tp_D_CNN_M_N_nat00089_nat00089_10576,0.4973643255183493,0.6643197210487494,0.385252923727615,0.8064982096354166,0.7180230845827349,0.6607940763436742,0,copy-move,>5%,nat00089
Tp_D_CNN_S_B_cha00025_cha00025_00345,0.4005113781641524,0.5719501953481578,0.5151988982069307,0.16312662760416666,0.8819360824829754,0.6330974663318877,0,copy-move,>5%,cha00025
Tp_D_CNN_S_B_txt00055_txt00047_11328,0.13247942907357602,0.2339635063957863,0.07777494530432419,0.3062642415364583,0.6795822621391762,0.31712326382845407,0,splicing,>5%,txt00055
Tp_D_CRD_M_N_txt00068_txt00065_10135,0.2628698103396371,0.41630547850208044,0.2710228392821827,0.17094930013020834,0.8013426801183763,0.6508563899868248,0,splicing,>5%,cha00088
Tp_D_CRD_M_N_txt00068_txt00065_10136,0.04849836115557588,0.0925101324948656,-0.07644364292750803,0.0738525390625,0.6302645053769247,0.6933286674831904,0,splicing,>5%,cha00088
Tp_D_CRN_M_N_nat10129_cha00086_11522,0.06191467221644121,0.116609505144537,0.15157753941013707,0.012746175130208334,0.8171134481428866,0.3447667021525199,0,splicing,>5%,nat10129
Tp_D_CRN_M_N_txt00050_txt00049_10368,0.7634276342763427,0.8658451522901651,0.8569762117878094,0.063446044921875,0.9952067468214506,0.8790137215295675,0,splicing,>5%,txt00050
Tp_D_CRN_M_O_ani00030_ani00079_10003,0.1754312158182583,0.2984967788117394,0.4103362162923585,0.00848388671875,0.8425017625283244,0.5190386173372941,0,splicing,1-5%,ani00030
Tp_D_CRN_S_B_cha00056_ani00070_00376,0.0,0.0,0.0,0.0,0.3157566136160992,0.10876446579608953,0,splicing,>5%,cha00056
Tp_D_CRN_S_B_pla00071_pla00070_11214,0.0,0.0,0.0,0.0,0.5172693708759273,0.155491551819572,0,splicing,>5%,pla00071
Tp_D_CRN_S_B_sec00050_sec00055_11246,0.0,0.0,-0.017393856939787462,0.007893880208333334,0.7587181648243847,0.24497052493683916,0,splicing,1-5%,sec00050
Tp_D_CRN_S_N_cha10130_art00092_12187,0.053144624613365825,0.10092559629761481,0.22564034039474673,0.04423300165837479,0.9995982278168527,0.7482517482517482,0,splicing,<1%,cha10130
Tp_D_CRN_S_N_nat10129_ani00100_11644,0.0,0.0,-0.015003632416110316,0.0091552734375,0.6961175271894284,0.07622630588916221,0,splicing,1-5%,nat10129
Tp_D_CRN_S_N_sec00022_art00076_11743,0.0,0.0,0.0,0.0,0.7438635160085303,0.04299610894941634,0,splicing,<1%,ind00014
Tp_D_CRN_S_N_txt00039_txt00041_10828,0.5482673267326733,0.7082334132693845,0.7222594713037361,0.05010986328125,0.9731640341383823,0.8251089388764574,0,splicing,>5%,txt00039
Tp_D_CRN_S_N_txt00055_txt00048_11329,0.007706004261653872,0.015294151724936998,-0.1619522107807643,0.2659708658854167,0.5177306454251895,0.2017944355361886,0,splicing,>5%,txt00055
Tp_D_NND_M_N_arc00049_arc00092_00269,0.06109544905356424,0.11515542566516111,-0.07362485160527157,0.09394327799479167,0.7861312457833838,0.8226198070898756,0,splicing,>5%,arc00049
Tp_D_NNN_L_B_arc00032_nat00095_00252,0.03621832066783963,0.06990480663282816,-0.17975641142083315,0.101043701171875,0.7176381220769746,0.7626778498726591,0,splicing,>5%,arc00032
Tp_D_NNN_L_B_arc00038_nat00007_00258,0.1650482335654507,0.28333287637430427,0.13520028095374925,0.14387003580729166,0.7797072250509365,0.5717124017391805,0,splicing,>5%,arc00038
Tp_D_NNN_L_N_txt00068_cha00074_10194,0.1815001575795777,0.30723678945824107,-0.10125956935439447,0.3110860188802083,0.4619457529223117,0.6222381062501314,0,splicing,>5%,cha00088
Tp_D_NNN_M_B_arc10117_arc10115_10744,0.0,0.0,0.0,0.0,0.6145060600558112,0.3013686089623289,0,splicing,>5%,arc10117
Tp_D_NNN_M_B_art00023_nat00095_11877,0.02409468789629421,0.04705558613098514,0.13136495995480116,0.0069580078125,0.9667958512203096,0.8507030537648169,0,splicing,>5%,art00023
Tp_D_NNN_M_B_art00037_txt10112_10108,0.0,0.0,-0.09991952971922842,0.017049153645833332,0.3350972924010043,0.5353060554510998,0,splicing,>5%,art00037
Tp_D_NNN_M_N_art00023_nat00013_11876,0.0,0.0,-0.04188107979523908,0.004384358723958333,0.34386088149911165,0.44339936345066744,0,splicing,>5%,art00023
Tp_D_NNN_M_N_art00023_nat00059_11875,0.034767520323897044,0.06719870819488867,-0.011796306875560832,0.042348225911458336,0.6021528294668294,0.4587859966719308,0,splicing,>5%,art00023
Tp_D_NNN_M_N_art00023_nat10122_11873,0.0,0.0,0.0,0.0,0.7531231946777185,0.5483944272554058,0,splicing,>5%,art00023
Tp_D_NNN_M_N_art00037_nat10103_10107,0.006104862757989152,0.012135639104763238,-0.19016154902005886,0.07261149088541667,0.1056082444117015,0.532940342498974,0,splicing,>5%,art00037
Tp_D_NNN_M_N_art00037_pla10110_10106,0.0,0.0,-0.19077693024289796,0.060353597005208336,0.16272981990061589,0.5312415956969969,0,splicing,>5%,art00037
Tp_D_NNN_M_N_art00088_txt00002_10327,0.0,0.0,-0.10894508675849204,0.039723714192708336,0.30222862537742234,0.36461183986158824,0,splicing,>5%,art00088
Tp_D_NNN_M_N_art00088_txt00098_10326,0.01049682612858612,0.020775574662221442,-0.11417459018518801,0.066558837890625,0.47727887637048394,0.36637863315003927,0,splicing,>5%,art00088
Tp_D_NNN_M_N_sec00087_cha00062_11470,0.07491741387446908,0.13939194380419273,0.20669934166155557,0.017140706380208332,0.7318692787639512,0.3820816864295125,0,splicing,>5%,sec00087
Tp_D_NNN_M_N_txt00013_txt00019_10847,0.0010747008142224814,0.0021470941446195277,-0.20895692101969754,0.041269938151041664,0.4550729938933437,0.6822961696994069,0,splicing,>5%,txt00013
Tp_D_NNN_M_N_txt00040_txt00042_10007,0.0,0.0,-0.09492694165443354,0.18742879231770834,0.32103455552846727,0.07385574550141377,0,splicing,1-5%,txt00040
Tp_D_NNN_M_N_txt00050_txt00059_10369,0.26296403993408934,0.41642363775901764,0.45268468088285707,0.058736165364583336,0.9820240915326384,0.8832757628094415,0,splicing,>5%,txt00050
Tp_D_NNN_M_N_txt00065_txt00066_10008,0.0,0.0,-0.06843278249847737,0.013621012369791666,0.15709517620227956,0.4041428907702173,0,splicing,>5%,cha00088
Tp_D_NNN_M_N_txt00068_txt00065_10123,0.03730033847651607,0.07191810721145452,-0.09024039139380775,0.044362386067708336,0.4292557274089026,0.9405469486730432,0,splicing,>5%,cha00088
Tp_D_NNN_M_O_arc00041_nat00097_00261,0.03430689901765215,0.06633794872727934,-0.11577041298528908,0.067138671875,0.7962084132274087,0.8155947337891758,0,splicing,>5%,arc00041
Tp_D_NNN_S_B_art20064_nat20042_02325,0.0,0.0,0.0,0.0,0.5733583104502886,0.22219760744350908,0,splicing,>5%,art20064
Tp_D_NNN_S_B_cha00088_cha00063_00408,0.46316115063408597,0.6330965668865213,0.628008702525063,0.15778605143229166,0.9402649305694595,0.6873122255604345,0,splicing,>5%,cha00088
Tp_D_NNN_S_B_cha00088_txt00068_10182,0.18235740395889372,0.30846409613253223,0.2920468792449987,0.12598673502604166,0.8473553899442312,0.283186877562976,0,splicing,1-5%,cha00088
Tp_D_NNN_S_B_ind00079_ind00080_00477,0.0,0.0,-0.019064127696745058,0.016794840494791668,0.808529050152868,0.12915012915012916,0,splicing,1-5%,ind00079
Tp_D_NNN_S_B_nat00079_nat00040_00676,0.048246476565060634,0.09205177912575824,0.18476464803431558,0.00860595703125,0.7935443889927721,0.4266279050776593,0,splicing,>5%,nat00079
Tp_D_NNN_S_B_nat00089_nat00065_00696,0.43444616405040903,0.6057336621454994,0.6503158605730528,0.046010335286458336,0.9966388811247355,0.753808787811879,0,splicing,1-5%,nat00089
Tp_D_NNN_S_B_txt00068_cha00065_10178,0.06517403574788334,0.12237255802451691,0.12152909922323504,0.2556864420572917,0.7155677726310272,0.11412360397888462,0,splicing,1-5%,cha00088
Tp_D_NNN_S_N_ani10193_ani10195_12442,0.0,0.0,-0.007924917829834075,0.0023644084153638294,0.42898370338369324,0.058610559165214,0,splicing,1-5%,ani10193
Tp_D_NNN_S_N_ani20069_ani20070_02111,0.0,0.0,-0.009080833506743859,0.0074309978768577496,0.5148608636209697,0.027958578706021666,0,splicing,1-5%,ani10193
Tp_D_NNN_S_N_arc00047_arc00086_00267,0.05955279055089712,0.11241118155129133,0.030697779230653914,0.059244791666666664,0.7233697810997686,0.4386281110021469,0,splicing,>5%,arc00047
Tp_D_NNN_S_N_art00037_cha00040_01417,0.366807040276428,0.5367356612419023,0.4975589203486668,0.163330078125,0.9135633678277171,0.5352014498815001,0,splicing,>5%,art00037
Tp_D_NNN_S_N_cha10187_cha10188_12307,0.3848009650180941,0.5557491289198606,0.5958686737642925,0.0034222027972027973,0.9966903187130166,0.5581039755351682,0,splicing,<1%,cha10187
Tp_D_NNN_S_N_ind00053_cha00023_00459,0.3141048438722526,0.47805142083897156,0.4269858013568653,0.10316975911458333,0.8849265682940547,0.482943056552084,0,splicing,>5%,ind00053
Tp_D_NNN_S_N_ind00053_ind00020_01342,0.04914879977206354,0.09369271505193835,0.03581396834687405,0.045369466145833336,0.6975830156198237,0.27537219434636273,0,splicing,>5%,ind00053
Tp_D_NNN_S_N_nat00007_ani00021_00627,0.02213613724405091,0.04331348132106118,0.05963055858696449,0.010508219401041666,0.3893559605299949,0.3285626661214476,0,splicing,>5%,nat00007
Tp_D_NNN_S_N_nat20055_nat20054_01559,0.0,0.0,0.0,0.0,0.6679130420552337,0.03830541164861288,0,splicing,<1%,nat20055
Tp_D_NNN_S_N_pla20033_pla20032_01933,0.0,0.0,0.0,0.0,0.718039803648312,0.2516041678930947,0,splicing,1-5%,pla20033
Tp_D_NNN_S_N_sec00051_sec00055_11240,0.0334051724137931,0.06465067778936393,0.030760278303587837,0.049540201822916664,0.7752224289782926,0.1379503322840154,0,splicing,1-5%,sec00051
Tp_D_NNN_S_O_arc00062_arc00060_11494,0.0,0.0,0.0,0.0,0.4059794003554851,0.02275940062199604,0,splicing,1-5%,arc00062
Tp_D_NNN_S_O_pla20082_arc20003_01982,0.0,0.0,-0.03184632027085536,0.0137,0.8098502062914004,0.3025474036078612,0,splicing,>5%,pla20082
Tp_D_NNN_S_O_sec20058_sec20053_01648,0.0,0.0,0.0,0.0,0.806099361101134,0.5553235908141962,0,splicing,>5%,sec20058
Tp_D_NRD_S_N_arc00015_arc00045_11756,0.0,0.0,0.0,0.0,0.6284707110886086,0.06749525289142068,0,splicing,1-5%,arc00015
Tp_D_NRD_S_N_cha20017_ani20036_02016,0.40183806052923465,0.57330168418673,0.6236903211106622,0.052330016583747925,0.9990553047835012,0.8612033018466514,0,splicing,1-5%,cha10130
Tp_D_NRN_M_B_arc00094_nat00097_11203,0.0,0.0,0.0,0.0,0.779337463936547,0.8295058876185587,0,splicing,>5%,arc00094
Tp_D_NRN_M_B_ind00053_cha00062_11379,0.04462707670554966,0.0854411640301159,0.026945776699399744,0.060801188151041664,0.6730680522798334,0.1890162500575427,0,splicing,>5%,ind00053
Tp_D_NRN_M_B_ind00053_cha00063_11390,0.155617931148353,0.26932418916988143,0.2133494475614726,0.07218424479166667,0.674977716491431,0.2692978761807352,0,splicing,>5%,ind00053
Tp_D_NRN_M_B_ind00053_cha00070_11480,0.014197212183789365,0.027996945787732246,-0.05055770791443405,0.055043538411458336,0.6669192119503534,0.2766873366473633,0,splicing,>5%,ind00053
Tp_D_NRN_M_B_nat00098_arc00065_11449,0.5314981471678136,0.694089180781196,0.6854669332826008,0.030659993489583332,0.9874071538487399,0.6195004437682262,0,splicing,1-5%,nat00098
Tp_D_NRN_M_B_nat00098_nat00095_11464,0.0,0.0,0.0,0.0,0.8238006807147922,0.6769245579693868,0,splicing,>5%,nat00098
Tp_D_NRN_M_B_sec20053_arc20001_02131,0.0,0.0,0.0,0.0,0.9205426317190716,0.8556052091524579,0,splicing,>5%,sec20053
Tp_D_NRN_M_N_cha00027_cha00028_11785,0.020126091173617848,0.03945804611362016,0.0930430248214394,0.0031331380208333335,0.7226567656461726,0.23538441857490086,0,splicing,>5%,cha00027
Tp_D_NRN_M_N_cha10130_cha00067_12188,0.642612099931388,0.7824270866606059,0.7857181128187251,0.10272388059701493,0.9983377445415242,0.9107361784108822,0,splicing,>5%,cha10130
Tp_D_NRN_M_N_cha10175_cha10174_12279,0.021771376620890952,0.04261496675096001,-0.0023797782049052056,0.03480118829981718,0.5298882274381099,0.12457522710964894,0,splicing,>5%,cha10175
Tp_D_NRN_M_N_cha10207_cha10208_12339,0.0,0.0,-0.04366076807087927,0.024245833333333335,0.3457831198381046,0.1332813717848792,0,splicing,>5%,cha10207
Tp_D_NRN_M_N_ind00014_ind00055_10910,0.0,0.0,0.0,0.0,0.7676200383856506,0.4295423652016312,0,splicing,>5%,ind00014
Tp_D_NRN_M_N_ind00053_cha00036_11777,0.0,0.0,-0.07924604944068375,0.051829020182291664,0.5369484257149679,0.22015541822186868,0,splicing,>5%,ind00053
Tp_D_NRN_M_N_ind00053_cha00062_11378,0.043304347826086956,0.08301383563927321,0.023557833130257635,0.063629150390625,0.6818593139987792,0.1920546487863602,0,splicing,>5%,ind00053
Tp_D_NRN_M_N_nat00089_pla10118_10583,0.06700529896842568,0.12559506317954747,0.18195152550020496,0.013516,0.7199351871661952,0.3614773041089519,0,splicing,>5%,nat00089
Tp_D_NRN_M_N_nat00098_art00096_11448,0.0,0.0,-0.015608297547726035,0.004689534505208333,0.7871120023023888,0.24550467513785662,0,splicing,1-5%,nat00098
Tp_D_NRN_M_N_nat00098_nat00099_10062,0.0017923823749066467,0.0035783509765916206,-0.04362844819692227,0.006937662760416667,0.2731508565325055,0.5009721173860335,0,splicing,>5%,nat00098
Tp_D_NRN_M_N_nat10126_cha00063_11652,0.12353884941553976,0.21991024071807425,0.23253288557343935,0.029958089192708332,0.6904465610879176,0.34282292242491247,0,splicing,>5%,nat10126
Tp_D_NRN_M_N_nat10126_cha10110_11535,0.0,0.0,-0.030768676748384613,0.016042073567708332,0.6234296106867849,0.2012956964368348,0,splicing,>5%,nat10126
Tp_D_NRN_M_N_nat10129_cha00071_11731,0.16244923461418306,0.27949475947325986,0.31191487946009555,0.017435709635416668,0.8565526825175164,0.42712842712842713,0,splicing,>5%,nat10129
Tp_D_NRN_M_N_nat10133_nat00013_11910,0.2938917218183791,0.45427560415234197,0.49777776686007136,0.04965614035087719,0.9463999315201491,0.7253177955000367,0,splicing,>5%,nat10133
Tp_D_NRN_M_N_sec00087_cha00070_11469,0.2912531969309463,0.4511170971319918,0.5197257554123224,0.028961181640625,0.8283909073701339,0.4886740331491713,0,splicing,>5%,sec00087
Tp_D_NRN_M_N_sec00087_nat00062_11410,0.0,0.0,-0.04687826568604303,0.007670084635416667,0.7932717948510085,0.5967078189300411,0,splicing,>5%,sec00087
Tp_D_NRN_M_N_txt00065_sec00077_10391,0.0,0.0,-0.10443383073097293,0.026947021484375,0.172189800908309,0.44060913705583754,0,splicing,>5%,cha00088
Tp_D_NRN_M_N_txt00068_txt10112_10109,0.12153545207428296,0.2167304686615172,-0.004650524489585597,0.19367472330729166,0.7033429876958268,0.5688310456819098,0,splicing,>5%,cha00088
Tp_D_NRN_S_B_ani00066_ani00013_00186,0.5330705840200645,0.6954286248480882,0.6588373649482591,0.10487874348958333,0.9682314442651659,0.7447721813098098,0,splicing,>5%,ani00066
Tp_D_NRN_S_B_arc00094_ani00100_00314,0.0,0.0,-0.014355559183786492,0.008351643880208334,0.19425135612023697,0.04708430255875511,0,splicing,1-5%,arc00094
Tp_D_NRN_S_B_arc00099_ani00058_00319,0.0,0.0,-0.005121151744202553,0.0022684733072916665,0.750457676559078,0.12545126353790614,0,splicing,1-5%,arc00099
Tp_D_NRN_S_B_nat00020_cha00019_20017,0.0,0.0,-0.05052986301940173,0.014617919921875,0.5498022450030776,0.29138444508868566,0,splicing,>5%,nat00020
Tp_D_NRN_S_B_nat00098_nat00061_11463,0.0,0.0,-0.01530156019362303,0.012746175130208334,0.7687190737517388,0.09607551561388764,0,splicing,1-5%,nat00098
Tp_D_NRN_S_B_nat10117_nat10118_11343,0.03343796915517947,0.0647120972002113,0.09864574018929427,0.006520589192708333,0.94633370827267,0.5336387364832472,0,splicing,>5%,nat10117
Tp_D_NRN_S_B_nat20017_nat20016_01521,0.0,0.0,0.0,0.0,0.3121462413320818,0.015726516919834344,0,splicing,<1%,nat20017
Tp_D_NRN_S_B_sec00070_cha00030_00091,0.4500070811499788,0.6206963910729111,0.5874978674567851,0.12101236979166667,0.9450001431635704,0.6114517405063291,0,splicing,>5%,sec00070
Tp_D_NRN_S_B_sec00088_ani00100_00719,0.0,0.0,0.0,0.0,0.5933875066300935,0.10107752455420997,0,splicing,1-5%,sec00088
Tp_D_NRN_S_B_sec00088_cha00047_00108,0.0,0.0,0.0,0.0,0.5945049471249249,0.18178701227456628,0,splicing,>5%,sec00088
Tp_D_NRN_S_N_ani00032_ani00034_10235,0.07617656266304915,0.14156889362939978,0.2227603596865072,0.00994873046875,0.30872809819450403,0.22457593374213586,0,splicing,>5%,ani00032
Tp_D_NRN_S_N_ani00033_ani00032_10233,0.0,0.0,0.0,0.0,0.6737401320283463,0.2930487899172659,0,splicing,>5%,ani00033
Tp_D_NRN_S_N_ani00033_ani00034_10236,0.0,0.0,0.0,0.0,0.3143080755415447,0.1265972347947059,0,splicing,>5%,ani00033
Tp_D_NRN_S_N_ani10152_ani10175_12490,0.1568627450980392,0.2711864406779661,0.3036517265870627,0.005555555555555556,0.9914012650873953,0.6481481481481481,0,splicing,1-5%,ani10152
Tp_D_NRN_S_N_ani10173_ani00070_12455,0.08066119811086254,0.14928119608970672,0.1353819525351104,0.03011896965728007,0.6818783655424575,0.12930225846020638,0,splicing,1-5%,ani10173
Tp_D_NRN_S_N_ani10193_ani10194_12443,0.0,0.0,-0.005968238364075129,0.00246627635162667,0.45847871030225884,0.028635458167330676,0,splicing,1-5%,ani10193
Tp_D_NRN_S_N_ani10211_ani00100_12375,0.0,0.0,-0.007986960344757377,0.0051830255911888565,0.658763816365446,0.0384941701209609,0,splicing,1-5%,ani10211
Tp_D_NRN_S_N_arc00015_ani00013_00235,0.0,0.0,0.0,0.0,0.7808615111059094,0.12632978723404256,0,splicing,1-5%,arc00015
Tp_D_NRN_S_N_arc00062_art00025_11492,0.0,0.0,0.0,0.0,0.9977446265047145,0.6,0,splicing,<1%,arc00062
Tp_D_NRN_S_N_art00023_ani00058_00505,0.11688650907666188,0.20930776426566886,0.24412911157209483,0.07057698567708333,0.9086115337684022,0.19430903525677362,0,splicing,1-5%,art00023
Tp_D_NRN_S_N_art00023_art00092_11874,0.005650604300737718,0.011237708756048072,-0.009188186047027442,0.054534912109375,0.7497267828106337,0.0546012087290482,0,splicing,1-5%,art00023
Tp_D_NRN_S_N_art00037_cha00096_00515,0.19398838090426876,0.3249418235667442,0.40878842306719554,0.11979166666666667,0.9578934122889355,0.37634799466860536,0,splicing,1-5%,art00037
Tp_D_NRN_S_N_cha00027_ani10123_11685,0.0,0.0,-0.011265455729269758,0.004150390625,0.4611504986976685,0.0629619194174126,0,splicing,1-5%,cha00027
Tp_D_NRN_S_N_cha00032_ani00013_00352,0.0,0.0,0.0,0.0,0.6525961033992779,0.17623616236162362,0,splicing,>5%,cha00032
Tp_D_NRN_S_N_cha00040_ani00013_00360,0.16204716751762704,0.27889946647138825,0.25312196988307634,0.060679117838541664,0.9219152355339632,0.3371852247678846,0,splicing,1-5%,cha00040
Tp_D_NRN_S_N_cha00040_ani10123_11679,0.0,0.0,-0.026316420981305755,0.03631591796875,0.6866841417657346,0.06875723561685207,0,splicing,1-5%,cha00040
Tp_D_NRN_S_N_cha00041_cha00042_11010,0.0,0.0,-0.017631654708462587,0.008931477864583334,0.7716178467550248,0.16748241052309576,0,splicing,1-5%,cha00041
Tp_D_NRN_S_N_cha10118_cha10119_12195,0.0,0.0,-0.012379368425598652,0.004833815028901734,0.42133975958187475,0.05994319220782387,0,splicing,1-5%,cha10118
Tp_D_NRN_S_N_cha10209_pla00050_12336,0.0,0.0,-0.011711054448053702,0.0289375,0.3359870463286817,0.009122853598735495,0,splicing,<1%,cha10209
Tp_D_NRN_S_N_ind00066_ind00071_10697,0.0,0.0,-0.05041028721899039,0.0867919921875,0.48952603787579774,0.05855894500753741,0,splicing,1-5%,ind00066
Tp_D_NRN_S_N_ind00090_cha00063_00485,0.28916163927605576,0.4486041633048249,0.4344137274770663,0.08075968424479167,0.9077450999959814,0.5266733769501761,0,splicing,1-5%,ind00053
Tp_D_NRN_S_N_nat00020_ani00005_00638,0.0,0.0,-0.011673543596614716,0.005655924479166667,0.7848942321008673,0.11575269633905515,0,splicing,1-5%,nat00020
Tp_D_NRN_S_N_nat00098_ani00058_11461,0.09557595993322204,0.17447619047619048,0.18656595262613432,0.007273356119791667,0.9424031761075649,0.31001890359168244,0,splicing,1-5%,nat00098
Tp_D_NRN_S_N_nat00098_cha00072_11462,0.0,0.0,-0.007077280953337556,0.006337483723958333,0.9560300038423629,0.19678788997600147,0,splicing,<1%,nat00098
Tp_D_NRN_S_N_nat10117_nat10124_11344,0.14104455591619947,0.24722006723558315,0.3641555124104345,0.009724934895833334,0.9009791312433649,0.5904543217976054,0,splicing,>5%,nat10117
Tp_D_NRN_S_N_nat10126_ani10123_11651,0.0,0.0,-0.0185458198584452,0.0186767578125,0.08473579817391945,0.03497414518779813,0,splicing,1-5%,nat10126
Tp_D_NRN_S_N_nat20081_nat20082_01585,0.10723213516076201,0.1936940443752433,0.200264972430267,0.08146901724636678,0.8970012631573554,0.2103491796381994,0,splicing,1-5%,nat20081
Tp_D_NRN_S_N_sec00022_sec00023_10809,0.0,0.0,0.0,0.0,0.9560861400669947,0.40330874133691036,0,splicing,1-5%,ind00014
Tp_D_NRN_S_N_sec00050_sec00049_00071,0.13640346606951612,0.24006168608636053,0.23095282865036498,0.032216389973958336,0.907420810619585,0.49916612283373213,0,splicing,>5%,sec00050
Tp_D_NRN_S_N_sec00087_ani00037_00720,0.6228868660598179,0.7676282051282052,0.7634593538098766,0.122833251953125,0.9860673753051182,0.7978769971547385,0,splicing,>5%,sec00087
Tp_D_NRN_S_N_sec00087_cha00052_11471,0.0,0.0,-0.00820158765211619,0.006622314453125,0.8603818097367163,0.07590960649158014,0,splicing,<1%,sec00087
Tp_D_NRN_S_N_txt00088_txt00092_11330,0.0,0.0,0.0,0.0,0.9661862396792881,0.5503116651825467,0,splicing,1-5%,txt00088
Tp_S_CND_M_N_cha00088_cha00088_10174,0.51727294921875,0.6818456092360916,-0.14880350889997154,0.9743754069010416,0.4009680929271576,0.7037376461202719,0,copy-move,>5%,cha00088
Tp_S_CND_S_B_cha00088_cha00088_10179,0.240643823442283,0.3879337790512576,0.44523695993704565,0.20543416341145834,0.9871785414949673,0.7963206307490145,0,copy-move,>5%,cha00088
Tp_S_CND_S_N_art20067_art20067_02500,0.0,0.0,-0.01080858523878388,0.03293718004833768,0.7928739977254547,0.024115202371813537,0,copy-move,<1%,art20067
Tp_S_CND_S_N_pla00004_pla00004_01126,0.0,0.0,-0.0049711499390406285,0.0023193359375,0.514788074850226,0.024393995324227882,0,copy-move,1-5%,pla00004
Tp_S_CND_S_N_sec00047_sec00047_00068,0.3601776163084065,0.5296037987832023,0.5769443684990646,0.10035196940104167,0.9950057426902718,0.8837693609267213,0,copy-move,1-5%,sec00047
Tp_S_CNN_L_N_txt00095_txt00095_10164,0.4090474446614583,0.5806013789120312,-0.41247566029223914,0.763214111328125,0.30206312943228736,0.7848101265822784,0,copy-move,>5%,txt00095
Tp_S_CNN_L_O_ind00004_ind00004_10165,0.5187506241885549,0.6831281132354633,0.26042213498622513,0.7480265299479166,0.6851977789085292,0.6676642821925629,0,copy-move,>5%,ind00004
Tp_S_CNN_M_N_arc00032_arc00032_10263,0.5342775107268445,0.6964548551242693,0.15268010899614262,0.9279683430989584,0.7769471594199457,0.7433279951329927,0,copy-move,>5%,arc00032
Tp_S_CNN_M_N_arc00062_arc00062_10252,0.5093831830084375,0.6749554238349958,0.46348930463106286,0.6883036295572916,0.8574520644634223,0.7117327310183921,0,copy-move,>5%,arc00062
Tp_S_CNN_M_N_arc00062_arc00062_10253,0.46224102133674955,0.6322364296881491,0.12712563951995104,0.8912760416666666,0.661054355469735,0.6381010559385636,0,copy-move,>5%,arc00062
Tp_S_CNN_M_N_art00023_art00023_10549,0.5254597898103724,0.6889198828055527,0.49040704511466265,0.711944580078125,0.9636374273913684,0.8514188926528572,0,copy-move,>5%,art00023
Tp_S_CNN_M_N_cha00056_cha00056_10262,0.4119561431951099,0.5835254093132043,0.010861326754959351,0.7035929361979166,0.49211543184684464,0.6599142543605543,0,copy-move,>5%,cha00056
Tp_S_CNN_M_N_ind00079_ind00079_10665,0.15932019771142258,0.2748510688003738,0.30910340256642127,0.141021728515625,0.8036808299833298,0.3791469194312796,0,copy-move,1-5%,ind00079
Tp_S_CNN_M_N_nat00079_nat00079_10572,0.4723647968160363,0.6416409816881212,0.23558124039761594,0.7960611979166666,0.6145002139728957,0.6395149387689976,0,copy-move,>5%,nat00079
Tp_S_CNN_M_N_pla00082_pla00082_10461,0.4963823529411765,0.6634432061638854,0.45631050398364337,0.6799214680989584,0.874910359521798,0.7217044630837735,0,copy-move,>5%,pla00082
Tp_S_CNN_M_N_sec00047_sec00047_10585,0.4127126902031332,0.5842839709237544,0.03816615373495783,0.6378072102864584,0.5642735042134778,0.678504622224632,0,copy-move,>5%,sec00047
Tp_S_CNN_M_N_sec00087_sec00087_10361,0.511962111841677,0.677215530510974,0.497191115956369,0.6071573893229166,0.9505296998299521,0.9024779796638044,0,copy-move,>5%,sec00087
Tp_S_CNN_M_N_txt00016_txt00016_10833,0.4970477546380602,0.6640372734912935,0.2420706418008696,0.9163818359375,0.5188114634572305,0.6568958491005414,0,copy-move,>5%,txt00016
Tp_S_CNN_M_N_txt00050_txt00050_10372,0.5069013034540403,0.6727730638923035,0.5954590553659025,0.447357177734375,0.9789722925392934,0.8644215349369988,0,copy-move,>5%,txt00050
Tp_S_CNN_M_N_txt00055_txt00055_10826,0.5022491478881517,0.6686629159939401,0.12881867301266117,0.93634033203125,0.6046113888811921,0.6707379419983333,0,copy-move,>5%,txt00055
Tp_S_CNN_S_B_art20065_art20065_02499,0.0,0.0,-0.005659880568774252,0.005216836734693878,0.5454747475706057,0.014059663443587531,0,copy-move,<1%,art20064
Tp_S_CNN_S_B_cha10187_cha10187_12309,0.0,0.0,0.0,0.0,0.28068570739364984,0.08708748968331441,0,copy-move,1-5%,cha10187
Tp_S_CNN_S_B_cha20005_cha20005_02419,0.0,0.0,0.0,0.0,0.3743431460732514,0.014232387300994399,0,copy-move,<1%,cha10118
Tp_S_CNN_S_B_nat00079_nat00079_00985,0.5944128297982411,0.745619727449708,0.7433363320854951,0.014617919921875,0.9787639439557843,0.7275031685678074,0,copy-move,1-5%,nat00079
Tp_S_CNN_S_N_ani10193_ani10193_12441,0.0,0.0,-0.007587448804766502,0.0025895901692080036,0.79880241780047,0.16807082068169182,0,copy-move,1-5%,ani10193
Tp_S_CNN_S_N_ani10204_ani10204_12416,0.2689479213567462,0.42389118864577174,0.484332609148028,0.023648107816310195,0.9924296597572512,0.5473866840164823,0,copy-move,<1%,ani10204
Tp_S_CNN_S_N_ani10211_ani10211_12374,0.0,0.0,-0.00205534967498887,0.0052478134110787176,0.9769525628482993,0.03735294117647059,0,copy-move,<1%,ani10211
Tp_S_CNN_S_N_ani20028_ani20028_02071,0.0,0.0,0.0,0.0,0.959613077891893,0.24921334172435494,0,copy-move,1-5%,ani10152
Tp_S_CNN_S_N_arc00041_arc00041_01084,0.12380816849295574,0.22033683677345828,0.32866388202254315,0.14296468098958334,0.9948392595182536,0.7212741751990899,0,copy-move,1-5%,arc00041
Tp_S_CNN_S_N_arc00047_arc00047_10240,0.2819630568634553,0.43989264020341856,0.4498162056379397,0.10169474283854167,0.9215248299944561,0.4372612816522846,0,copy-move,1-5%,arc00047
Tp_S_CNN_S_N_arc00047_arc00047_10241,0.2337228714524207,0.37889039242219213,0.4371782509988108,0.1187744140625,0.9771676540721725,0.6792580101180439,0,copy-move,1-5%,arc00047
Tp_S_CNN_S_N_arc00049_arc00049_10247,0.4677544121017648,0.6373742204350924,0.4505886257208184,0.7101236979166666,0.7300873663205242,0.6376135143052436,0,copy-move,>5%,arc00049
Tp_S_CNN_S_N_arc20069_arc20069_01709,0.12951148377688662,0.22932300492213345,0.3517594052197248,0.05016460905349794,0.9937227145814931,0.4866693195384003,0,copy-move,<1%,arc20069
Tp_S_CNN_S_N_art00018_art00018_10278,0.30822810407585494,0.47121461940093434,0.4894272359832272,0.22194417317708334,0.9673968045102728,0.7860358698058897,0,copy-move,>5%,art00018
Tp_S_CNN_S_N_art20058_art20058_01864,0.268389662027833,0.4231974921630094,0.47438864120806934,0.05902328921719503,0.9609305309247025,0.39009054325955733,0,copy-move,1-5%,art20058
Tp_S_CNN_S_N_art20065_art20065_01870,0.28607221812822403,0.44487737795095117,0.5048096162956582,0.025469483568075116,0.9890439788861005,0.47284109740379304,0,copy-move,<1%,art20064
Tp_S_CNN_S_N_cha00064_cha00064_11018,0.0,0.0,-0.014510372872099143,0.011637369791666666,0.5448847498667241,0.04050290658375017,0,copy-move,1-5%,cha00064
Tp_S_CNN_S_N_cha10118_cha10118_12196,0.392529601722282,0.5637648222871543,0.5367590360036294,0.09083574181117533,0.9470884166869296,0.5714804317169545,0,copy-move,>5%,cha10118
Tp_S_CNN_S_N_cha10207_cha10207_12341,0.36428687591478287,0.5340326618190487,0.5658883717661068,0.048370833333333335,0.9820460245234905,0.543952583811817,0,copy-move,1-5%,cha10207
Tp_S_CNN_S_N_cha10207_cha10207_12348,0.0,0.0,-0.015430683744241738,0.03043125,0.6243021423409538,0.05081350466604778,0,copy-move,<1%,cha10207
Tp_S_CNN_S_N_ind00004_ind00004_00881,0.24807226261291032,0.3975286849073257,0.4892439957913938,0.046173095703125,0.997828540335745,0.7820224719101123,0,copy-move,1-5%,ind00004
Tp_S_CNN_S_N_ind00041_ind00041_10882,0.0,0.0,0.0,0.0,0.676947165952452,0.06705764554427121,0,copy-move,1-5%,ind00041
Tp_S_CNN_S_N_ind00041_ind00041_10883,0.0,0.0,0.0,0.0,0.5595271013437909,0.0289348589895346,0,copy-move,1-5%,ind00041
Tp_S_CNN_S_N_ind00090_ind00090_10644,0.0,0.0,-0.018520534492686765,0.053324381510416664,0.5005003112050646,0.015868136372286387,0,copy-move,<1%,ind00053
Tp_S_CNN_S_N_ind20044_ind20044_02292,0.0,0.0,0.0,0.0,0.33938010580519057,0.0038586557617699487,0,copy-move,<1%,ind20044
Tp_S_CNN_S_N_pla00045_pla00045_00580,0.373185060847671,0.543532072242765,0.557301206034361,0.242340087890625,0.9896904289553398,0.8353863381858903,0,copy-move,>5%,pla00045
Tp_S_CNN_S_N_pla00045_pla00045_10971,0.2242054854157597,0.3662873399715505,0.4662457991839372,0.023284912109375,0.9988310184456793,0.8164948453608247,0,copy-move,<1%,pla00045
Tp_S_CNN_S_N_pla00052_pla00052_01161,0.38301824937165335,0.5538874841972187,0.5768775684953178,0.088897705078125,0.976372964291432,0.6201335517197933,0,copy-move,1-5%,pla00052
Tp_S_CNN_S_N_pla20062_pla20062_01962,0.21235664076951535,0.35032041501373207,0.3625952450706962,0.005533403214167198,0.7666437938135773,0.47823691460055096,0,copy-move,<1%,pla20062
Tp_S_CNN_S_N_sec00022_sec00022_00043,0.0,0.0,0.0,0.0,0.7618304913373777,0.034409033206387385,0,copy-move,<1%,ind00014
Tp_S_CNN_S_N_sec00087_sec00087_10362,0.3390980554406289,0.5064573935611444,0.5570893530196921,0.12293497721354167,0.9994574081253426,0.9340175953079178,0,copy-move,1-5%,sec00087
Tp_S_CNN_S_N_sec00087_sec00087_11122,0.28504024424091035,0.44362850971922246,0.5176370807681463,0.07313028971354167,0.9948925713951902,0.8124184711714062,0,copy-move,1-5%,sec00087
Tp_S_CNN_S_N_txt00039_txt00039_11325,0.47478378074806243,0.6438690022848439,0.6324399275663848,0.173553466796875,0.9689842594305004,0.6710577971646674,0,copy-move,>5%,txt00039
Tp_S_CNN_S_N_txt00039_txt00039_11326,0.3637546065467158,0.5334604991257352,0.5525899833451333,0.021443684895833332,0.9789241909443601,0.6689727463312369,0,copy-move,1-5%,txt00039
Tp_S_CNN_S_N_txt00050_txt00050_01277,0.4532484076433121,0.6237727910238429,0.6526767133858628,0.078948974609375,0.9937803631600346,0.7689218412109978,0,copy-move,1-5%,txt00050
Tp_S_CRN_M_B_arc00086_arc00086_11197,0.17286902286902286,0.29477975715678456,0.27734676997392216,0.07764689127604167,0.8132709110079696,0.3639435260045855,0,copy-move,1-5%,arc00086
Tp_S_CRN_M_B_arc00099_arc00099_11191,0.2413079656366662,0.3887962895862019,0.434846515510263,0.22417195638020834,0.9502744958724961,0.5320215333209578,0,copy-move,>5%,arc00099
Tp_S_CRN_M_B_art00018_art00018_10034,0.26553977913004284,0.4196466733152871,0.3865724463148636,0.20171101888020834,0.8890995555763612,0.46437667791009846,0,copy-move,>5%,art00018
Tp_S_CRN_M_N_cha00064_cha00064_11019,0.5006466632177962,0.6672412307161941,0.6046432696872555,0.2950541178385417,0.9091362575599252,0.6671135425000541,0,copy-move,>5%,cha00064
Tp_S_CRN_M_N_txt00019_txt00019_10850,0.44184792750948637,0.6128911642890014,0.03963765721245546,0.9720560709635416,0.7077791304651966,0.6241046536564443,0,copy-move,>5%,txt00013
Tp_S_CRN_S_B_cha10207_cha10207_12355,0.12615963055294455,0.22405283785745392,0.20978938551415902,0.03594375,0.8630293473653506,0.24582217119530553,0,copy-move,1-5%,cha10207
Tp_S_CRN_S_B_pla00039_pla00039_10980,0.17823250296559906,0.30254215957714575,0.3356712543379676,0.010355631510416666,0.9703951365739744,0.6145664056729206,0,copy-move,1-5%,pla00039
Tp_S_CRN_S_N_arc00062_ani00005_11499,0.0,0.0,0.0,0.0,0.7923701150484599,0.03422146174529455,0,splicing,<1%,arc00062
Tp_S_CRN_S_N_arc00062_arc00062_11495,0.0,0.0,0.0,0.0,0.3493606462013347,0.005049267120937301,0,copy-move,<1%,arc00062
Tp_S_CRN_S_N_arc00078_art00092_11881,0.18964184488533883,0.3188217457223305,0.4281477651033664,0.039469401041666664,0.9946415109312383,0.5499741066804764,0,splicing,<1%,arc00078
Tp_S_CRN_S_N_art20022_art20022_01828,0.42298861346703526,0.5945073761854583,0.6306143020654765,0.09875034712579839,0.9973982794166472,0.8686162322525959,0,copy-move,1-5%,art20022
Tp_S_CRN_S_N_art20067_art20067_02323,0.0,0.0,-0.008693885838305994,0.012101071421774792,0.7690815026885817,0.02964028976081587,0,copy-move,<1%,art20067
Tp_S_CRN_S_N_cha00040_cha00040_11032,0.037723214285714284,0.07270380727038073,0.17850874553814827,0.045359293619791664,0.9773286312241791,0.0879050368944498,0,copy-move,<1%,cha00040
Tp_S_CRN_S_N_cha00040_cha00040_11034,0.0,0.0,-0.012758490059611046,0.035329182942708336,0.9202189253991608,0.05879642429269192,0,copy-move,<1%,cha00040
Tp_S_CRN_S_N_cha00064_cha00064_00384,0.31899701095981403,0.4836963363968274,0.46583657640666004,0.045186360677083336,0.9246030492255144,0.47625079164027867,0,copy-move,1-5%,cha00064
Tp_S_CRN_S_N_cha10190_cha10190_12326,0.12176506711115011,0.21709548760459843,0.3310590040790768,0.09949956293706294,0.9866392627602352,0.507268492490563,0,copy-move,1-5%,cha10190
Tp_S_CRN_S_N_cha10190_cha10190_12327,0.09426021813374463,0.1722811751203109,0.25262846779811315,0.0963527097902098,0.9472906134874421,0.47161097527845697,0,copy-move,1-5%,cha10190
Tp_S_CRN_S_N_cha10207_cha10207_12347,0.016968839957577902,0.033371405869791926,0.06085456108688565,0.039385416666666666,0.8742694815280413,0.054173576561636266,0,copy-move,<1%,cha10207
Tp_S_CRN_S_N_ind00023_ind00023_10705,0.3810686584314852,0.5518460738429537,0.5804296620282383,0.06758626302083333,0.9872689164243955,0.6878393944380451,0,copy-move,1-5%,ind00023
Tp_S_CRN_S_N_ind00066_ind00066_10691,0.08221841052029731,0.15194420963651734,0.151534361237067,0.16172281901041666,0.7785886105044856,0.31877151178183744,0,copy-move,1-5%,ind00066
Tp_S_CRN_S_N_ind20044_ind20044_01785,0.0491325973553318,0.09366327474560592,0.1416569235481832,0.007027083333333333,0.6181352251247219,0.203040421428127,0,copy-move,>5%,ind20044
Tp_S_CRN_S_N_nat00098_nat00098_10063,0.3080307150855863,0.4709839173240384,0.5278732397492362,0.12699381510416666,0.9955752922282634,0.8659318123558062,0,copy-move,1-5%,nat00098
Tp_S_CRN_S_N_nat10135_nat10135_11914,0.1283280580897412,0.22746586361948765,0.3381512486960911,0.07492631578947369,0.9850908976177863,0.5135206786850477,0,copy-move,1-5%,nat10135
Tp_S_CRN_S_N_pla00004_pla00004_10938,0.2391304347826087,0.38596491228070173,0.4870859685147226,0.0024617513020833335,0.967350653740639,0.2803203661327231,0,copy-move,1-5%,pla00004
Tp_S_CRN_S_N_pla00045_pla00045_10972,0.3852784238609933,0.5562469135802469,0.5698362436440851,0.06844075520833333,0.9688822128392662,0.5739530380053256,0,copy-move,1-5%,pla00045
Tp_S_CRN_S_N_sec00022_sec00022_00749,0.0,0.0,0.0,0.0,0.9555095616581606,0.4248642124321062,0,copy-move,<1%,ind00014
Tp_S_CRN_S_N_sec00022_sec00022_10806,0.4285450004624919,0.5999740999741,0.5942554029539634,0.09974161783854167,0.9649760778093096,0.5980031529164477,0,copy-move,>5%,ind00014
Tp_S_CRN_S_N_txt00013_txt00013_20056,0.282844958040996,0.44096514745308313,0.5172286369889364,0.073944091796875,0.9680587433821398,0.4070190928153625,0,copy-move,1-5%,txt00013
Tp_S_NND_S_B_ind20008_ind20008_01749,0.0,0.0,-0.018327866836029293,0.045550621669627,0.7586749368376388,0.037072417227292126,0,copy-move,<1%,ind20008
Tp_S_NND_S_B_ind20008_ind20008_02268,0.26989508700102355,0.4250667472671402,0.44166536121767297,0.06146980461811723,0.9470240610885596,0.451810136765889,0,copy-move,1-5%,ind20008
Tp_S_NND_S_N_ani00032_ani00032_00016,0.2970408491476359,0.4580285182889027,0.4849966777647877,0.185150146484375,0.9327874273282368,0.48624294124714645,0,copy-move,>5%,ani00032
Tp_S_NND_S_N_ani20051_ani20051_02094,0.34849243087701737,0.5168622721157861,0.5326417486596354,0.2415795762952161,0.9315623986365287,0.5521235521235521,0,copy-move,>5%,ani10175
Tp_S_NND_S_N_art20014_art20014_01820,0.3905325443786982,0.5617021276595745,0.5522828121951558,0.0741542002301496,0.9520674996801186,0.5563200141130811,0,copy-move,1-5%,art20014
Tp_S_NND_S_N_art20063_art20063_02326,0.0,0.0,-0.007389342940634319,0.004824766355140187,0.8513540208455463,0.07921708655690009,0,copy-move,1-5%,art20063
Tp_S_NND_S_N_cha00027_cha00027_00347,0.48177170633590344,0.6502644155991063,0.5862007653736437,0.207672119140625,0.9327746854035358,0.6384593541058936,0,copy-move,>5%,cha00027
Tp_S_NND_S_N_ind00066_ind00066_00468,0.10008380222674489,0.18195668734356296,0.2161089028580457,0.160400390625,0.8667782713251523,0.49884763124199744,0,copy-move,1-5%,ind00066
Tp_S_NND_S_N_ind20008_ind20008_02270,0.0,0.0,-0.03678712684594453,0.12757548845470693,0.3810005156066901,0.018172617869007545,0,copy-move,<1%,ind20008
Tp_S_NND_S_N_pla20062_pla20062_02370,0.0,0.0,0.0,0.0,0.6758387891148434,0.09075235790968228,0,copy-move,1-5%,pla20062
Tp_S_NNN_M_N_ani00032_ani00032_00152,0.39053726285011797,0.561707008195742,0.459065079453296,0.17559814453125,0.854533889362986,0.6722254886240134,0,copy-move,>5%,ani00032
Tp_S_NNN_M_N_ani10217_ani10217_12369,0.3927560451553494,0.5639983348434018,0.5326395820206283,0.12364043824701196,0.8440008263566263,0.5631899131629299,0,copy-move,>5%,ani10217
Tp_S_NNN_M_N_arc00078_arc00078_11879,0.3432456012796277,0.5110690121786198,0.5456373171218488,0.13759358723958334,0.969750411323536,0.6026344676180022,0,copy-move,>5%,arc00078
Tp_S_NNN_M_N_arc00094_arc00094_10720,0.19034423958222316,0.3198137702569612,0.33770933597315056,0.377532958984375,0.8810117924575035,0.41542388821711673,0,copy-move,>5%,arc00094
Tp_S_NNN_M_N_ind00079_ind00079_10664,0.3269370021723389,0.4927694406548431,0.5151298011454432,0.19297281901041666,0.9504818344780147,0.5626283367556468,0,copy-move,>5%,ind00079
Tp_S_NNN_M_N_txt00065_txt00065_10120,0.3120704467353952,0.4756916025536094,0.4090098569941212,0.197784423828125,0.8448508744978986,0.4953163662071403,0,copy-move,>5%,cha00088
Tp_S_NNN_M_N_txt00065_txt00065_10132,0.4243629335051432,0.5958634888944347,0.4392487133996601,0.4000651041666667,0.8211128610473102,0.5980050876958093,0,copy-move,>5%,cha00088
Tp_S_NNN_S_B_ani00030_ani00030_00150,0.15246358847226527,0.26458725463834365,0.37166820743684065,0.005411783854166667,0.8854727993371536,0.43450479233226835,0,copy-move,1-5%,ani00030
Tp_S_NNN_S_B_arc00015_arc00015_20060,0.3761261261261261,0.546644844517185,0.5472661140208642,0.08504231770833333,0.9099187394506446,0.550241259629222,0,copy-move,1-5%,arc00015
Tp_S_NNN_S_B_arc00094_arc00094_01043,0.1712054042643023,0.2923576063446287,0.37045273298161496,0.093963623046875,0.9678807201281885,0.4843304843304843,0,copy-move,1-5%,arc00094
Tp_S_NNN_S_B_arc00099_arc00099_01031,0.0,0.0,-0.009110477186426503,0.0027872721354166665,0.64393293895612,0.08906922414853068,0,copy-move,1-5%,arc00099
Tp_S_NNN_S_B_arc20030_arc20030_02170,0.0,0.0,-0.005970782611799011,0.0082875,0.517277646512594,0.010627093068745083,0,copy-move,<1%,arc20030
Tp_S_NNN_S_B_arc20032_arc20032_02172,0.0,0.0,0.0,0.0,0.2936017951168909,0.011022436922910536,0,copy-move,<1%,arc20032
Tp_S_NNN_S_B_art10001_art10001_20001,0.3133950339669089,0.47722890046317157,0.45112213750319413,0.049495833333333336,0.8933262100630892,0.4952273335513991,0,copy-move,>5%,art10001
Tp_S_NNN_S_B_art20058_art20058_02328,0.0,0.0,0.0,0.0,0.4057638967061491,0.003487250172294969,0,copy-move,<1%,art20058
Tp_S_NNN_S_B_ind00001_ind00001_01301,0.0,0.0,0.0,0.0,0.8114738739174184,0.3234694339964653,0,copy-move,>5%,ind00001
Tp_S_NNN_S_B_ind00011_ind00011_00429,0.12884419180877424,0.22827630729502904,0.3370555894225069,0.0692138671875,0.9794496490441145,0.4081954294720252,0,copy-move,<1%,ind00011
Tp_S_NNN_S_B_ind00011_ind00011_10413,0.051719541455611834,0.09835234474017744,0.15662862333198746,0.073150634765625,0.7738573340982979,0.2690972222222222,0,copy-move,<1%,ind00011
Tp_S_NNN_S_B_ind20005_ind20005_02265,0.14764795144157816,0.2573053021287849,0.3741739967861657,0.06018264840182649,0.9869503545991578,0.3827792915531335,0,copy-move,<1%,ind20005
Tp_S_NNN_S_B_nat00098_nat00098_00999,0.0,0.0,0.0,0.0,0.7265716013338902,0.2012565222021084,0,copy-move,1-5%,nat00098
Tp_S_NNN_S_B_nat20047_nat20047_02244,0.0,0.0,-0.008724255799990848,0.0045529676934635615,0.676420229279369,0.07293542577823514,0,copy-move,1-5%,nat20047
Tp_S_NNN_S_B_nat20088_nat20088_01592,0.0,0.0,-0.009972893606553374,0.010177238332233,0.3725734681741855,0.023862378648452077,0,copy-move,<1%,nat20088
Tp_S_NNN_S_B_pla20001_pla20001_02399,0.0,0.0,0.0,0.0,0.8327880335226832,0.04044244728655375,0,copy-move,<1%,pla20001
Tp_S_NNN_S_B_pla20004_pla20004_01904,0.37346612876113633,0.5438301257534498,0.5372128036640202,0.048772365805168985,0.8683066910735912,0.5422672856095774,0,copy-move,1-5%,pla20004
Tp_S_NNN_S_B_pla20004_pla20004_02400,0.0,0.0,0.0,0.0,0.6598574991895368,0.016638120871054565,0,copy-move,<1%,pla20004
Tp_S_NNN_S_B_sec00065_sec00065_00086,0.20394635424695545,0.33879641485275286,0.43941633095680044,0.06598917643229167,0.9961396943950768,0.6866141732283465,0,copy-move,1-5%,sec00065
Tp_S_NNN_S_B_sec00087_sec00087_00107,0.26895680147058826,0.4239022181982798,0.5011218764740384,0.08854166666666667,0.999445450034419,0.8925019127773527,0,copy-move,1-5%,sec00087
Tp_S_NNN_S_B_sec20041_sec20041_02447,0.41141679059078007,0.5829841239433922,0.5962198432701069,0.1459964547986832,0.9751212199858313,0.6864169504351116,0,copy-move,>5%,sec20041
Tp_S_NNN_S_B_txt00019_txt00019_20036,0.0535832414553473,0.10171619924654668,0.12894171877413962,0.007212320963541667,0.7632698228527424,0.17462572396459403,0,copy-move,1-5%,txt00013
Tp_S_NNN_S_N_ani10139_ani10139_12499,0.12765194219534692,0.22640309020677118,0.34379072798137417,0.0840396210163652,0.998048255953415,0.7709560919977191,0,copy-move,1-5%,ani10139
Tp_S_NNN_S_N_ani10175_ani10175_12459,0.34681885436482773,0.5150193038074014,0.47938154143713585,0.09232085713128367,0.9076010287019843,0.5300390843104411,0,copy-move,>5%,ani10175
Tp_S_NNN_S_N_ani10222_ani10222_12395,0.338282320694381,0.5055470216760539,0.5107484602115946,0.00764648567252757,0.9901681526975633,0.41621870680387035,0,copy-move,<1%,ani10222
Tp_S_NNN_S_N_ani20008_ani20008_02051,0.285310119695321,0.4439552996952252,0.4678359796784571,0.03023406374501992,0.9617733347638179,0.36334708894744694,0,copy-move,1-5%,ani10217
Tp_S_NNN_S_N_arc00015_arc00015_01113,0.6478915967236323,0.7863279332351497,0.7895206294302233,0.10059611002604167,0.9889370013986414,0.8435430463576159,0,copy-move,>5%,arc00015
Tp_S_NNN_S_N_arc00032_arc00032_01092,0.10766589233410767,0.19440138597611015,0.3005641691020092,0.09989420572916667,0.9709292148773416,0.47893864013266996,0,copy-move,1-5%,arc00032
Tp_S_NNN_S_N_arc00038_arc00038_01086,0.0803921568627451,0.14882032667876588,0.2731350875236607,0.07781982421875,0.9916441349374328,0.43831902394939,0,copy-move,<1%,arc00038
Tp_S_NNN_S_N_arc00062_arc00062_01064,0.07284004038655705,0.13578919064264589,0.24379822910049112,0.06983439127604167,0.9817359818587665,0.4402407566638005,0,copy-move,<1%,arc00062
Tp_S_NNN_S_N_arc00078_arc00078_00298,0.19484054964998704,0.3261364869263318,0.29626955923813947,0.052907307942708336,0.8082696871242955,0.32326056565222067,0,copy-move,1-5%,arc00078
Tp_S_NNN_S_N_arc00078_arc00078_11880,0.20420995079278295,0.3391600454029512,0.4451028387091062,0.037211100260416664,0.9985254697475255,0.7617306520414382,0,copy-move,<1%,arc00078
Tp_S_NNN_S_N_arc00086_arc00086_01044,0.08263254113345521,0.15265113137453562,0.2441421084829896,0.0269775390625,0.9879612998040497,0.2805071315372425,0,copy-move,<1%,arc00086
Tp_S_NNN_S_N_arc00094_arc00094_01036,0.0,0.0,-0.009070637903637583,0.012776692708333334,0.5736880236880237,0.01726228914334315,0,copy-move,<1%,arc00094
Tp_S_NNN_S_N_arc10117_arc10117_10766,0.3780853517877739,0.5487110813525277,0.587913625385542,0.06763733333333333,0.9779272567943283,0.5874201143625967,0,copy-move,1-5%,arc10117
Tp_S_NNN_S_N_arc20030_arc20030_01483,0.17360649195157643,0.2958512808886874,0.33081173908406375,0.013539583333333334,0.9210054228405077,0.538183837822827,0,copy-move,<1%,arc20030
Tp_S_NNN_S_N_arc20032_arc20032_01485,0.3824144566217686,0.5532558702493343,0.5692161692374239,0.02396965579710145,0.9728008251779139,0.5449713077620054,0,copy-move,1-5%,arc20032
Tp_S_NNN_S_N_art00018_art00018_00921,0.005392081343398552,0.010726325467361323,-0.011036261832811686,0.055094401041666664,0.8674752370866116,0.0898712108430347,0,copy-move,1-5%,art00018
Tp_S_NNN_S_N_art00018_art00018_01206,0.04960257571184224,0.09451687116564417,0.13739851617765753,0.09602864583333333,0.9014911133858768,0.1499212598425197,0,copy-move,1-5%,art00018
Tp_S_NNN_S_N_art00023_art00023_01210,0.0,0.0,-0.026334131451609188,0.06443277994791667,0.5457575762851135,0.03109953169316008,0,copy-move,<1%,art00023
Tp_S_NNN_S_N_art00088_art00088_01249,0.0025281357038003586,0.005043520702839014,-0.032569761586664026,0.11167399088541667,0.6313539130022239,0.04198795298918908,0,copy-move,1-5%,art00088
Tp_S_NNN_S_N_art00088_art00088_10325,0.10125151392813887,0.1838844490065254,0.2988447216765735,0.125946044921875,0.9940538225812225,0.5764854614412137,0,copy-move,1-5%,art00088
Tp_S_NNN_S_N_art20063_art20063_01869,0.11730470770822556,0.20997800671374,0.19657404581113808,0.01734423676012461,0.906012785884194,0.3459936698317508,0,copy-move,1-5%,art20063
Tp_S_NNN_S_N_art20074_art20074_01880,0.44912773679896967,0.6198594166599337,0.6310867171656204,0.041616,0.9828681220552173,0.6951219512195121,0,copy-move,1-5%,art20074
Tp_S_NNN_S_N_cha00032_cha00032_00847,0.11912034208918754,0.212882096069869,0.22011167588037797,0.006103515625,0.8368821483532625,0.20811099252934898,0,copy-move,1-5%,cha00032
Tp_S_NNN_S_N_cha00032_cha00032_11028,0.0,0.0,0.0,0.0,0.8016814098399226,0.03217829731205241,0,copy-move,<1%,cha00032
Tp_S_NNN_S_N_cha00040_cha00040_00849,0.25930861487810614,0.4118269530034236,0.4832348033440124,0.12977091471354166,0.9862857142857142,0.699492688749627,0,copy-move,1-5%,cha00040
Tp_S_NNN_S_N_cha00041_cha00041_00361,0.42277227722772276,0.5942936673625608,0.621964771341806,0.10117594401041667,0.9881420706233115,0.7835074216602529,0,copy-move,1-5%,cha00041
Tp_S_NNN_S_N_cha00041_cha00041_00850,0.0,0.0,-0.014450909217474309,0.009816487630208334,0.7808853311741607,0.13788575180564674,0,copy-move,1-5%,cha00041
Tp_S_NNN_S_N_cha10190_cha10190_12430,0.0,0.0,-0.03258062336880493,0.0883479020979021,0.537330025855483,0.031345992246474545,0,copy-move,1-5%,cha10190
Tp_S_NNN_S_N_cha10209_cha10209_12334,0.09112937210282343,0.1670367867142995,0.29512534879426017,0.03951875,0.9921996211617807,0.3319919517102616,0,copy-move,<1%,cha10209
Tp_S_NNN_S_N_cha20005_cha20005_02004,0.0,0.0,0.0,0.0,0.5785589083464497,0.004008330301471603,0,copy-move,<1%,cha10118
Tp_S_NNN_S_N_cha20030_cha20030_02485,0.10866956341816678,0.19603598223283938,0.18427340598063882,0.040660420475319925,0.8976658102530066,0.2179885448014756,0,copy-move,1-5%,cha10175
Tp_S_NNN_S_N_ind00023_ind00023_10704,0.0,0.0,-0.004039553866965737,0.007710774739583333,0.2766580436553469,0.004628329420223103,0,copy-move,<1%,ind00023
Tp_S_NNN_S_N_ind00041_ind00041_00898,0.0,0.0,0.0,0.0,0.9069579435292789,0.15748031496062992,0,copy-move,<1%,ind00041
Tp_S_NNN_S_N_ind00041_ind00041_01331,0.5510204081632653,0.7105263157894737,0.7138691181419542,0.010467529296875,0.996947943255648,0.7354838709677419,0,copy-move,<1%,ind00041
Tp_S_NNN_S_N_ind00053_ind00053_00903,0.27065556711758587,0.42600933584473016,0.5008328733984532,0.09775797526041667,0.996548053690536,0.8017353579175704,0,copy-move,1-5%,ind00053
Tp_S_NNN_S_N_ind00066_ind00066_01354,0.1052736055051942,0.1904932950191571,0.28828988270794825,0.15256754557291666,0.9687861631508119,0.6727423363711682,0,copy-move,1-5%,ind00066
Tp_S_NNN_S_N_ind00079_ind00079_00912,0.04014446450895958,0.07719017094017094,0.1516766434530518,0.07167561848958333,0.8129452375467253,0.29493087557603687,0,copy-move,<1%,ind00079
Tp_S_NNN_S_N_ind20005_ind20005_01746,0.0,0.0,0.0,0.0,0.33468892681948176,0.012087499060362324,0,copy-move,<1%,ind20005
Tp_S_NNN_S_N_ind20031_ind20031_01772,0.16476120228655725,0.28290983930974434,0.38720333440391624,0.10591796875,0.9992782575924235,0.7937708565072302,0,copy-move,1-5%,ind20031
Tp_S_NNN_S_N_ind20052_ind20052_02298,0.16446227233304422,0.2824690438506657,0.3970642555127658,0.04910196216210461,0.999440830350802,0.8262773722627738,0,copy-move,<1%,ind20052
Tp_S_NNN_S_N_nat00020_nat00020_11044,0.0,0.0,-0.010500414645900492,0.00537109375,0.6297897716616655,0.0570869990224829,0,copy-move,1-5%,nat00020
Tp_S_NNN_S_N_nat00046_nat00046_00965,0.06921989575050799,0.1294773807064656,0.23268562339533655,0.23028564453125,0.980070944189783,0.4100699300699301,0,copy-move,1-5%,nat00046
Tp_S_NNN_S_N_nat00056_nat00056_00664,0.08367126644688859,0.15442186027729168,0.19476301912900612,0.3425089518229167,0.8667880548448668,0.3351213746704246,0,copy-move,1-5%,nat00056
Tp_S_NNN_S_N_nat10117_nat10117_11342,0.0,0.0,-0.005625981028421173,0.007904052734375,0.6497855479759814,0.012894232444676773,0,copy-move,<1%,nat10117
Tp_S_NNN_S_N_nat20005_nat20005_01509,0.2743975024144824,0.43063094818470216,0.4282574520125164,0.17150625,0.8874196401304558,0.43609223741674075,0,copy-move,>5%,nat20005
Tp_S_NNN_S_N_nat20005_nat20005_02205,0.0,0.0,-0.012433119040600557,0.04314375,0.8161615083194621,0.02172722457151579,0,copy-move,<1%,nat20005
Tp_S_NNN_S_N_nat20017_nat20017_02217,0.0,0.0,0.0,0.0,0.7182971874863786,0.009158652845426917,0,copy-move,<1%,nat20017
Tp_S_NNN_S_N_nat20047_nat20047_01551,0.2206896551724138,0.3615819209039548,0.46398418736017294,0.031229651890808917,0.9968116816755087,0.6329695577254452,0,copy-move,<1%,nat20047
Tp_S_NNN_S_N_nat20050_nat20050_01554,0.4179512076708338,0.5895142306869249,0.6065035466563901,0.05869946605644546,0.9791460707697893,0.5846646646646647,0,copy-move,1-5%,nat20050
Tp_S_NNN_S_N_nat20050_nat20050_02246,0.0,0.0,0.0,0.0,0.4818981666762309,0.010118478827991722,0,copy-move,<1%,nat20050
Tp_S_NNN_S_N_nat20055_nat20055_02250,0.30385416666666665,0.46608612287289286,0.5290817651804686,0.04753199268738574,0.9786945346760301,0.43486761710794297,0,copy-move,1-5%,nat20055
Tp_S_NNN_S_N_nat20075_nat20075_01579,0.3856568233101148,0.5566411781365053,0.5768282609727174,0.08764039855072464,0.9714932707460413,0.5610956942082177,0,copy-move,1-5%,nat20075
Tp_S_NNN_S_N_nat20087_nat20087_01591,0.40530842958957974,0.5768248749606519,0.5244763964957736,0.1508845615374825,0.8689594788550088,0.5826108913391129,0,copy-move,>5%,nat20087
Tp_S_NNN_S_N_pla00039_pla00039_00574,0.48400031761156104,0.6522913935632307,0.603890004515935,0.23653157552083334,0.9575681542814722,0.7660983026057504,0,copy-move,>5%,pla00039
Tp_S_NNN_S_N_pla00045_pla00045_01155,0.34612211221122113,0.5142506895494944,0.5471840197503051,0.022735595703125,0.9925445556640625,0.6422200198216056,0,copy-move,1-5%,pla00045
Tp_S_NNN_S_N_pla00051_pla00051_00585,0.3094112192860454,0.4725959495822121,0.5125066855336289,0.10624186197916667,0.9787047224000514,0.6527367703838292,0,copy-move,1-5%,pla00051
Tp_S_NNN_S_N_pla00051_pla00051_01160,0.18746898263027295,0.3157454811409466,0.3984133406799516,0.080352783203125,0.9619483733681494,0.6818065833120694,0,copy-move,1-5%,pla00051
Tp_S_NNN_S_N_pla00052_pla00052_00586,0.3574158909865484,0.5266122098022356,0.5157043551314976,0.3486226399739583,0.9682972951113407,0.6947483588621444,0,copy-move,>5%,pla00052
Tp_S_NNN_S_N_pla00082_pla00082_00606,0.3517045273011917,0.5203866972368639,0.5111795964089475,0.315521240234375,0.9741402143433956,0.7914139057396173,0,copy-move,>5%,pla00082
Tp_S_NNN_S_N_pla20082_pla20082_02491,0.0,0.0,-0.005480853267371834,0.009479166666666667,0.21058184226924792,0.006363597847731221,0,copy-move,<1%,pla20082
Tp_S_NNN_S_N_sec00047_sec00047_00793,0.21853290945484516,0.3586819982607015,0.3628537405206673,0.07383219401041667,0.9078910587857912,0.3481748896911352,0,copy-move,1-5%,sec00047
Tp_S_NNN_S_N_sec00065_sec00065_00788,0.2855197458011802,0.4442090395480226,0.5164813315438327,0.08964029947916667,0.9927852607130669,0.7328214971209213,0,copy-move,1-5%,sec00065
Tp_S_NNN_S_N_sec00065_sec00065_10382,0.1439385974135212,0.2516544117647059,0.3601102687283116,0.096527099609375,0.9886843090899113,0.5662042875157629,0,copy-move,1-5%,sec00065
Tp_S_NNN_S_N_sec00065_sec00065_10383,0.5706806282722513,0.7266666666666667,0.7297214949211981,0.014404296875,0.9855970396457339,0.6423118865866958,0,copy-move,1-5%,sec00065
Tp_S_NNN_S_N_sec20040_sec20040_01630,0.04394079555966698,0.08418254319893664,0.13906608226817438,0.07631466176920722,0.8377718599866758,0.31151832460732987,0,copy-move,<1%,sec20040
Tp_S_NNN_S_N_sec20041_sec20041_02126,0.1708815028901734,0.29188522061092254,0.31048877660957874,0.011324385920486199,0.9382112041299125,0.2794903411426223,0,copy-move,<1%,sec20041
Tp_S_NNN_S_N_sec20053_sec20053_01643,0.0,0.0,-0.011919359698358807,0.019879759519038077,0.6202915659635759,0.03497813866333541,0,copy-move,<1%,sec20053
Tp_S_NNN_S_N_sec20085_sec20085_01675,0.03135735399856195,0.06080793214299547,0.1679123412726266,0.1037893864013267,0.9998424125302089,0.378131021194605,0,copy-move,<1%,sec20085
Tp_S_NNN_S_N_sec20093_sec20093_01683,0.21085475274910612,0.34827422904420985,0.4383509615299306,0.1098,0.9992172613661375,0.8463308962902789,0,copy-move,1-5%,sec20093
Tp_S_NNN_S_N_sec20100_sec20100_02139,0.13909984124941005,0.2442276545255942,0.3586600494645063,0.08632222222222222,0.9998745526204992,0.7658870777226553,0,copy-move,1-5%,sec20100
Tp_S_NNN_S_N_txt00088_txt00088_01296,0.4437896070975919,0.6147566167756661,0.6268788064366759,0.15858968098958334,0.9883376092354004,0.8082503333071915,0,copy-move,>5%,txt00088
Tp_S_NNN_S_N_txt00095_txt00095_00688,0.24643534163026456,0.3954241883224228,0.3563759188007392,0.09283447265625,0.9474928565434385,0.5491292195226833,0,copy-move,>5%,txt00095
Tp_S_NNN_S_O_txt00039_txt00042_10831,0.22915516289342905,0.3728661275831087,0.46101336524961806,0.021107991536458332,0.9560981477742447,0.7247759927893537,0,splicing,>5%,txt00039
Tp_S_NRD_M_N_nat10135_nat10135_11915,0.0012055974165769644,0.0024082914032597944,-0.034401691352083257,0.021126315789473684,0.6053990808109067,0.15232095896275458,0,copy-move,>5%,nat10135
Tp_S_NRD_S_B_arc00047_arc00047_01079,0.0,0.0,-0.020974269821755084,0.07130940755208333,0.633682575603924,0.02168913560666138,0,copy-move,<1%,arc00047
Tp_S_NRD_S_B_arc00049_arc00049_01077,0.015460295151089248,0.03044982698961938,0.05774233618223379,0.09852091471354167,0.8611675391829394,0.034205031321467634,0,copy-move,<1%,arc00049
Tp_S_NRD_S_B_arc20059_arc20059_01699,0.5160737248178311,0.6808029403449251,0.6934226932556155,0.03172563962983125,0.9935799217197087,0.7253378378378378,0,copy-move,1-5%,arc20059
Tp_S_NRD_S_B_sec20058_sec20058_02147,0.0,0.0,0.0,0.0,0.4525968301204108,0.02026356513834047,0,copy-move,<1%,sec20058
Tp_S_NRD_S_N_ind00011_ind00011_01309,0.0,0.0,0.0,0.0,0.3058529416232571,0.025280455048190868,0,copy-move,1-5%,ind00011
Tp_S_NRD_S_N_ind00014_ind00014_01312,0.0,0.0,0.0,0.0,0.9060168147657788,0.14356435643564355,0,copy-move,<1%,ind00014
Tp_S_NRD_S_N_ind20034_ind20034_01775,0.0,0.0,-0.004969059637943252,0.008172916666666667,0.9598669287237531,0.08105826062482409,0,copy-move,<1%,ind20034
Tp_S_NRD_S_N_pla20007_pla20007_01907,0.4503225762844755,0.6209964371348878,0.4892920962179375,0.26148538660747317,0.8744087292601642,0.8094782834902167,0,copy-move,>5%,pla20007
Tp_S_NRN_M_N_arc00078_arc00078_11878,0.2691407266105957,0.42413062786090044,0.47891221433175846,0.11491902669270833,0.9758279136930101,0.5836551830681291,0,copy-move,1-5%,arc00078
Tp_S_NRN_M_N_art00023_art00023_10738,0.3852824090497024,0.55625106697775,0.544326879471962,0.2513224283854167,0.9668501290011626,0.7785145298384585,0,copy-move,>5%,art00023
Tp_S_NRN_M_N_nat00020_nat00020_11045,0.0,0.0,-0.012333315886299113,0.006093343098958333,0.6728549837726902,0.08336627574998902,0,copy-move,1-5%,nat00020
Tp_S_NRN_M_N_pla00082_pla00082_10455,0.2755355222893061,0.4320311233587291,0.4343341559082131,0.23591105143229166,0.9326671005949834,0.5957007738607051,0,copy-move,>5%,pla00082
Tp_S_NRN_M_N_sec00070_sec00070_10716,0.4835250107130862,0.6518596009118446,0.21523053903646558,0.8472900390625,0.6437562872558326,0.6485302939412118,0,copy-move,>5%,sec00070
Tp_S_NRN_S_B_ani10217_ani10217_12370,0.3074046871870201,0.47025177467953627,0.4930517475848641,0.03312250996015936,0.9042201675365964,0.4987033712347895,0,copy-move,1-5%,ani10217
Tp_S_NRN_S_B_cha20030_cha20030_02029,0.13268411442483263,0.23428264373992477,0.265526782200004,0.03268967093235832,0.9216126099896704,0.3003412969283277,0,copy-move,<1%,cha10175
Tp_S_NRN_S_B_nat00089_nat00089_00991,0.45609150880590693,0.6264599526164845,0.6400922266551303,0.16778564453125,0.9804014910897777,0.7001902044698051,0,copy-move,>5%,nat00089
Tp_S_NRN_S_B_nat00098_nat00098_00995,0.393784192759865,0.56505762485385,0.5981471457108425,0.085418701171875,0.9913903768830711,0.7924361057763333,0,copy-move,1-5%,nat00098
Tp_S_NRN_S_B_nat10133_nat10133_11909,0.5867278122471001,0.7395443726623597,0.7553678308085229,0.01256140350877193,0.9971407261898039,0.8298572996706916,0,copy-move,<1%,nat10133
Tp_S_NRN_S_B_pla00004_pla00004_00544,0.3256722744734402,0.4913315013739695,0.538672126676336,0.15358479817708334,0.9834146579953612,0.6533417935702199,0,copy-move,>5%,pla00004
Tp_S_NRN_S_B_pla00082_pla00082_01184,0.0,0.0,-0.008267432759023953,0.005869547526041667,0.9287675443897363,0.16284208737038924,0,copy-move,1-5%,pla00082
Tp_S_NRN_S_B_sec00065_sec00065_00745,0.0,0.0,-0.00877352611883988,0.008626302083333334,0.7266132608151474,0.04080607065681693,0,copy-move,<1%,sec00065
Tp_S_NRN_S_N_ani00033_ani00033_00153,0.3298879527490663,0.4961139050355953,0.5387878782916475,0.11510213216145833,0.9762408963067091,0.6268537074148297,0,copy-move,1-5%,ani00033
Tp_S_NRN_S_N_ani20008_ani20008_02406,0.3436561604584527,0.511523960625757,0.49178718541140387,0.09036852589641434,0.8744285528747944,0.4772658635616254,0,copy-move,>5%,ani10217
Tp_S_NRN_S_N_ani20021_ani20021_02064,0.0,0.0,-0.0013290802450830128,0.004412050534499514,0.9635203801184717,0.016681046879493816,0,copy-move,<1%,ani10211
Tp_S_NRN_S_N_ani20037_ani20037_02080,0.26547778058553845,0.41956924832406217,0.3727128443460605,0.12953605879650895,0.8183582282683385,0.41148489884807155,0,copy-move,>5%,ani10161
Tp_S_NRN_S_N_arc00062_ani00017_11500,0.0,0.0,0.0,0.0,0.8176285002241493,0.1109229466553768,0,splicing,<1%,arc00062
Tp_S_NRN_S_N_arc00062_ani00058_11497,0.0,0.0,0.0,0.0,0.7584047672102838,0.07840616966580977,0,splicing,<1%,arc00062
Tp_S_NRN_S_N_arc00062_ani00070_11498,0.0,0.0,0.0,0.0,0.8766513029723875,0.18194254445964433,0,splicing,1-5%,arc00062
Tp_S_NRN_S_N_arc00062_arc00062_00282,0.3203684112265853,0.48527124475656314,0.5315535332549733,0.16341145833333334,0.9972473694233268,0.9027627568577328,0,copy-move,>5%,arc00062
Tp_S_NRN_S_N_arc00078_arc00078_01050,0.32486936041804665,0.49041719904449754,0.5391793772321046,0.13779703776041666,0.9960896035524324,0.886952636282395,0,copy-move,1-5%,arc00078
Tp_S_NRN_S_N_arc00086_arc00086_10735,0.0,0.0,-0.02093014412773891,0.061930338541666664,0.45994657993238036,0.014614253082507146,0,copy-move,<1%,arc00086
Tp_S_NRN_S_N_arc20085_arc20085_01725,0.0,0.0,-0.017904015921335448,0.0701467468175389,0.1971860597069565,0.008758759799538355,0,copy-move,<1%,arc20085
Tp_S_NRN_S_N_arc20085_arc20085_02416,0.0,0.0,-0.028445604850124373,0.06989761476147614,0.186868853441489,0.02115747100731606,0,copy-move,1-5%,arc20085
Tp_S_NRN_S_N_art00023_art00023_20091,0.5667744916820703,0.7234921103082141,0.6802158390390577,0.199920654296875,0.9607750178295617,0.7217180109932251,0,copy-move,>5%,art00023
Tp_S_NRN_S_N_art20040_art20040_01846,0.3480368595245616,0.516361043194784,0.4967975156460838,0.3249682107175295,0.8985976524539376,0.5590355361989522,0,copy-move,>5%,art20040
Tp_S_NRN_S_N_art20065_art20065_01871,0.0,0.0,-0.006279420005502,0.005229591836734694,0.3820665430650475,0.015359348191101855,0,copy-move,<1%,art20064
Tp_S_NRN_S_N_art20067_arc20001_01873,0.005229665953315665,0.01040491766298218,0.016834640433805056,0.0031757283955316192,0.8104537243403708,0.5280360231734439,0,splicing,>5%,art20067
Tp_S_NRN_S_N_art20074_art20074_02319,0.0,0.0,-0.02922961138146228,0.05171733333333333,0.7279895171068105,0.0671890739262961,0,copy-move,1-5%,art20074
Tp_S_NRN_S_N_cha00025_cha00025_10725,0.2286536402569593,0.3722019497848701,0.4099092713722556,0.14549763997395834,0.9402531847175628,0.4860060514372163,0,copy-move,1-5%,cha00025
Tp_S_NRN_S_N_cha00040_cha00040_11033,0.05144160962455922,0.09784967449201026,0.21222057900642277,0.048828125,0.9737980807613086,0.10746102449888642,0,copy-move,<1%,cha00040
Tp_S_NRN_S_N_cha00064_cha00064_00383,0.24497354497354498,0.3935401614959626,0.4789413377413124,0.07680257161458333,0.9948525514361745,0.7395007342143906,0,copy-move,1-5%,cha00064
Tp_S_NRN_S_N_cha10130_cha10130_12186,0.07298264940787662,0.1360369609856263,0.26441837603784046,0.04516169154228856,0.999694009983361,0.8207822533566842,0,copy-move,<1%,cha10130
Tp_S_NRN_S_N_cha10187_cha10187_12310,0.0,0.0,0.0,0.0,0.30416172303878164,0.025193844582414516,0,copy-move,1-5%,cha10187
Tp_S_NRN_S_N_cha10207_cha10207_12340,0.0,0.0,-0.01204718355424819,0.0291875,0.332807091306844,0.0107288108415411,0,copy-move,<1%,cha10207
Tp_S_NRN_S_N_cha10209_cha10209_12335,0.0,0.0,-0.009418462967009874,0.028291666666666666,0.4490076221546756,0.0067886319180761705,0,copy-move,<1%,cha10209
Tp_S_NRN_S_N_ind00023_ind00023_00894,0.0,0.0,-0.007108235241484273,0.004587809244791667,0.5652030631906794,0.02754228639079021,0,copy-move,1-5%,ind00023
Tp_S_NRN_S_N_ind00053_ind00053_10903,0.07456922162804516,0.13878905170030412,0.180973732197893,0.063262939453125,0.7564504479596905,0.4027355623100304,0,copy-move,1-5%,ind00053
Tp_S_NRN_S_N_ind00090_ind00090_10643,0.12910729863332365,0.2286891578676281,0.27989426249082394,0.06494140625,0.9338167662757091,0.3069842988630211,0,copy-move,1-5%,ind00053
Tp_S_NRN_S_N_ind20052_ind20052_01793,0.04608482871125612,0.08810916179337232,0.21061882167750198,0.03915806956466192,0.9986787630309006,0.5551684088269454,0,copy-move,<1%,ind20052
Tp_S_NRN_S_N_pla20001_pla20001_01901,0.2546801872074883,0.4059682934410942,0.3967760275432675,0.016163101984708095,0.8604104491512866,0.39194469492034867,0,copy-move,1-5%,pla20001
Tp_S_NRN_S_N_pla20029_pla20029_01929,0.268484946722745,0.42331593672656836,0.27694426183332393,0.43881426202321727,0.6802438774560269,0.44403669724770645,0,copy-move,>5%,pla20029
Tp_S_NRN_S_N_sec00022_sec00022_10804,0.0,0.0,0.0,0.0,0.6048641293142552,0.037215093556531666,0,copy-move,1-5%,ind00014
Tp_S_NRN_S_N_sec00051_sec00051_00072,0.296605122096486,0.45751033532384017,0.5047560153822936,0.01593017578125,0.9920866538260691,0.49041255084253343,0,copy-move,<1%,sec00051
Tp_S_NRN_S_N_sec00051_sec00051_11241,0.0,0.0,-0.01555424781634428,0.045623779296875,0.8450031402534612,0.040056129608368414,0,copy-move,<1%,sec00051
Tp_S_NRN_S_N_sec00065_sec00065_11280,0.3283723875870804,0.49439809296781884,0.49274943718086867,0.025309244791666668,0.9587594157761661,0.49052268811028144,0,copy-move,1-5%,sec00065
Tp_S_NRN_S_N_sec00070_sec00070_10717,0.29687312806996524,0.45782909930715937,0.42626311726855376,0.054534912109375,0.9328343963011226,0.47235023041474655,0,copy-move,>5%,sec00070
Tp_S_NRN_S_N_sec20041_sec20041_01631,0.3024390243902439,0.46441947565543074,0.5050372540217817,0.018166624461889085,0.9753583819173793,0.4651760472886147,0,copy-move,<1%,sec20041
Tp_S_NRN_S_N_sec20085_sec20085_02446,0.01857742715358188,0.03647720174890693,0.12958394842854953,0.09774875621890547,0.999690223383528,0.30416666666666664,0,copy-move,<1%,sec20085
Tp_S_NRN_S_N_sec20100_sec20100_01690,0.10846038863976083,0.1956955607098549,0.3200469470211868,0.06194444444444445,0.9995351089452962,0.7542784703148109,0,copy-move,<1%,sec20100
Tp_S_NRN_S_N_txt00009_txt00009_01267,0.41033393501805054,0.5818961379707548,0.5105377215749292,0.4441426595052083,0.9499135602776636,0.7655970541820095,0,copy-move,>5%,txt00009
Tp_S_NRN_S_O_cha10187_cha10187_12308,0.0,0.0,0.0,0.0,0.8972715671054273,0.17975567190226877,0,copy-move,1-5%,cha10187
