image_id,iou,f1,mcc,pred_area,pixel_auc,oracle_f1,half,forgery_type,area_bucket,split_group
Tp_D_CNN_M_B_nat10139_nat00059_11949,0.12338439938885906,0.2196655026649513,0.264435594945688,0.05368055555555556,0.9484065847742117,0.8629062872252693,1,splicing,>5%,nat10139
Tp_D_CNN_M_B_nat10139_nat00097_11948,0.24469272222524632,0.3931777182528836,0.3676027923163183,0.1122974537037037,0.9420957539885016,0.8684752034131884,1,splicing,>5%,nat10139
Tp_D_CNN_M_N_nat10139_nat00095_11947,0.5264714775909444,0.6897888173080235,0.5852667555787764,0.25377314814814816,0.9477228902373537,0.9000737787584863,1,splicing,>5%,nat10139
Tp_D_CNN_S_N_cha00044_cha00043_00364,0.17004716981132076,0.2906672041927031,0.2755427263882018,0.030924479166666668,0.8184852725401647,0.32238282961016207,1,splicing,>5%,cha00044
Tp_D_CNN_S_N_txt00051_txt00051_10376,0.48467283468955524,0.652901869509723,0.6329171535725768,0.0910915798611111,0.9786502593384656,0.8264058679706602,1,copy-move,>5%,txt00051
Tp_D_CRD_M_N_nat00048_nat00049_11067,0.0,0.0,-0.08931589097445036,0.08056640625,0.5053572188183958,0.1830335501977293,1,splicing,>5%,nat00048
Tp_D_CRD_S_B_cha00098_sec00082_00418,0.04924242424242424,0.09386281588447654,0.07351605701961708,0.024703414351851853,0.5653778744523316,0.09219600725952813,1,splicing,1-5%,cha00098
Tp_D_CRD_S_O_ani10111_ani10103_10635,0.059575073846044345,0.11245087831256508,0.05861635659067776,0.045105575326215896,0.723072606178996,0.5157180915475902,1,splicing,>5%,ani10111
Tp_D_CRN_M_B_nat10143_nat00013_12037,0.0,0.0,-0.09252433364657017,0.021799768518518517,0.32630204934249807,0.43687117393739255,1,splicing,>5%,nat10143
Tp_D_CRN_M_B_nat10165_nat10164_12100,0.25126338097049394,0.4016154948538672,0.40767526170847623,0.06530092592592593,0.7145729297117975,0.5097060087965872,1,splicing,>5%,nat10165
Tp_D_CRN_M_N_ani00069_ani00041_10035,0.0,0.0,-0.023582319255507814,0.0032552083333333335,0.17895336447467472,0.25404944586530265,1,splicing,>5%,ani00069
Tp_D_CRN_M_N_ani10105_ani00100_10086,0.26035322777101094,0.41314327132157525,0.42526315573142265,0.12407407407407407,0.9363576211459611,0.4314192204700982,1,splicing,1-5%,ani10105
Tp_D_CRN_M_N_art10115_cha00086_11526,0.09087048832271762,0.16660179057999222,0.16145276676730208,0.0146484375,0.7258249000121197,0.1801986981843097,1,splicing,1-5%,art10115
Tp_D_CRN_M_N_cha00035_cha00040_11732,0.10410308579179382,0.18857493857493857,0.2202291886349032,0.011592158564814815,0.8575671597627657,0.371824480369515,1,splicing,1-5%,cha00035
Tp_D_CRN_M_N_cha10164_cha00026_12247,0.0,0.0,-0.0430061397892469,0.03324864498644987,0.5337044754607692,0.1171796006066734,1,splicing,>5%,cha10164
Tp_D_CRN_M_N_ind00010_pla00050_10424,0.3465546218487395,0.5147279081377933,0.5540973512311725,0.16124131944444445,0.9892702875030813,0.7552130553037172,1,splicing,>5%,ind00010
Tp_D_CRN_M_N_nat10139_nat10124_11946,0.21065040968124324,0.3479954378187609,0.26373206916524244,0.1227199074074074,0.9384119816060279,0.9075488729908519,1,splicing,>5%,nat10139
Tp_D_CRN_M_N_nat10144_nat10125_11968,0.11571195260750043,0.20742262792304614,-0.05136748291464619,0.15722222222222224,0.6327440676977802,0.7013087164598879,1,splicing,>5%,nat10144
Tp_D_CRN_M_N_nat10165_nat10164_12099,0.27433603810684315,0.4305552537216125,0.43513595269104705,0.06848379629629629,0.631352664430765,0.47616085160799765,1,splicing,>5%,nat10165
Tp_D_CRN_M_N_pla00035_pla00033_10997,0.0,0.0,0.0,0.0,0.6330258830626686,0.09378806333739342,1,splicing,1-5%,pla00035
Tp_D_CRN_M_N_pla10110_ani00005_10118,0.11813186813186813,0.2113022113022113,0.306619830823499,0.03358481613285884,0.9554322532444096,0.37574722459436377,1,splicing,<1%,pla10110
Tp_D_CRN_M_N_pla10110_sec00046_10119,0.021594577146546157,0.042276217258049226,-0.04915986365265065,0.040930011862396205,0.8589022127444373,0.7272887479073046,1,splicing,>5%,pla10110
Tp_D_CRN_S_B_sec00004_ind00069_00024,0.027679532523450717,0.053868023342810115,-0.006403586157924305,0.05454282407407408,0.6432736698568897,0.1879407616361072,1,splicing,>5%,sec00004
Tp_D_CRN_S_N_ani00055_ani00019_11860,0.0,0.0,-0.07232728118786926,0.06597222222222222,0.16751784502424305,0.12901588590569965,1,splicing,>5%,ani00055
Tp_D_CRN_S_N_art00081_ani00098_00491,0.02517162471395881,0.049107142857142856,0.011341533445586163,0.04953342013888889,0.6975216402553821,0.10169618172308152,1,splicing,1-5%,art00081
Tp_D_CRN_S_N_cha00063_art00014_11818,0.02026643990929705,0.039727739963883874,0.13313977294939564,0.12760416666666666,0.9087410953163781,0.03855486654084659,1,splicing,<1%,cha00063
Tp_D_CRN_S_N_nat10164_ani00005_12093,0.02518607123870282,0.04913463408310106,0.13913590209555388,0.12205934988448898,0.9560526340624813,0.12290909090909091,1,splicing,<1%,nat10164
Tp_D_CRN_S_N_nat10169_ani00097_12111,0.025156867301882407,0.04907905922357608,0.095947133864664,0.09705439814814815,0.8744033574641683,0.07153965785381027,1,splicing,<1%,nat10169
Tp_D_CRN_S_O_ani10180_ani10206_12425,0.34345908868201863,0.5113056163384391,0.546747818406508,0.016666666666666666,0.9661470974803783,0.5685654008438819,1,splicing,<1%,ani10180
Tp_D_NND_M_N_arc00048_arc00086_00268,0.04080878471122373,0.0784174486431651,-0.1212537595669422,0.18558304398148148,0.5462350597901143,0.30860028941917544,1,splicing,>5%,arc00048
Tp_D_NND_S_N_sec00060_sec00059_11270,0.4108645753634277,0.5824295010845987,0.6006799611522864,0.021339699074074073,0.9919500817738667,0.674175382139984,1,splicing,1-5%,sec00060
Tp_D_NNN_M_N_art10115_cha00070_11525,0.2928643895840379,0.45304734501700233,0.42620974213076046,0.08345992476851852,0.822035008778797,0.5624735639962778,1,splicing,>5%,art10115
Tp_D_NNN_M_N_nat00048_nat00053_11076,0.00636835930953578,0.012656119900083264,-0.02285483072510867,0.09192346643518519,0.5897304296497636,0.046033676931941866,1,splicing,1-5%,nat00048
Tp_D_NNN_M_N_nat10165_nat10169_12112,0.1720355649115032,0.2935671408989932,0.31297479661622934,0.04769675925925926,0.7839681499233988,0.5580168938081587,1,splicing,>5%,nat10165
Tp_D_NNN_M_N_pla10110_nat10103_10116,0.0,0.0,-0.04337355455625829,0.01065717674970344,0.38240965915455394,0.25888165504478006,1,splicing,>5%,pla10110
Tp_D_NNN_M_N_sec00089_cha00062_11491,0.042624601443195166,0.08176404313536134,-0.002480567732591942,0.055573640046296294,0.6389542007156053,0.3516950438556557,1,splicing,>5%,sec00089
Tp_D_NNN_M_N_sec00089_nat00059_11120,0.15318044136737344,0.26566604127579735,0.16822147710623292,0.10615596064814815,0.7651297192342857,0.39294229852169765,1,splicing,>5%,sec00089
Tp_D_NNN_M_N_sec20059_arc20022_02134,0.04483007953723789,0.08581314878892733,-0.35731563464723404,0.3072753825900938,0.4948740739897422,0.5876183484139167,1,splicing,>5%,sec20059
Tp_D_NNN_S_B_ani00055_ani00089_11137,0.13518252829587118,0.23816879651734307,0.18581156961799736,0.06575520833333333,0.8478988301098918,0.32296118994699946,1,splicing,>5%,ani00055
Tp_D_NNN_S_B_ani20056_ani20057_02099,0.23874791628079273,0.3854665071770335,0.26484053762242055,0.14489561217268224,0.48100282243711945,0.3760331580095499,1,splicing,>5%,ani10180
Tp_D_NNN_S_B_ind00057_ind00066_01346,0.12859424920127796,0.2278839348903043,0.20813093269771318,0.023980034722222224,0.6027100738907594,0.21236133122028525,1,splicing,1-5%,ind00057
Tp_D_NNN_S_B_sec00011_cha00051_00371,0.03931307793923382,0.07565204128323758,0.08706366595181309,0.02220775462962963,0.7490412862356798,0.604589332460733,1,splicing,>5%,sec00011
Tp_D_NNN_S_N_arc00017_ani00058_00237,0.100383631713555,0.18245206275421266,0.22586154627542712,0.051595052083333336,0.8520511370447134,0.15886668353149508,1,splicing,1-5%,arc00017
Tp_D_NNN_S_N_arc00087_arc00087_00307,0.2229519071310116,0.36461271425471903,0.2542524036205504,0.2040473090277778,0.6822508785745321,0.3611989919030511,1,copy-move,>5%,arc00087
Tp_D_NNN_S_N_cha00084_cha00084_00700,0.0,0.0,-0.029693243122315728,0.024866174768518517,0.3075330490390823,0.06469342388545624,1,copy-move,1-5%,cha00084
Tp_D_NNN_S_N_cha10134_pla00049_12203,0.0,0.0,-0.021353392270099986,0.034003944773175546,0.7278939823594038,0.051778020959648244,1,splicing,1-5%,cha10134
Tp_D_NNN_S_N_ind00062_ind00060_10702,0.0,0.0,-0.032850572345734276,0.06712962962962964,0.6881966161349669,0.05841584158415842,1,splicing,1-5%,ind00062
Tp_D_NNN_S_N_ind00097_ind00098_10661,0.03161302609026852,0.06128853609008676,0.07508472957662762,0.010036892361111112,0.5832190960979575,0.18583154625452933,1,splicing,>5%,ani30794
Tp_D_NNN_S_N_nat00040_nat00061_11434,0.0,0.0,-0.04873452335081862,0.17921730324074073,0.41707459506889166,0.023392502604627392,1,splicing,1-5%,nat00040
Tp_D_NNN_S_N_nat00052_cha00042_11083,0.12203166226912929,0.2175191064079953,0.1987120599597313,0.03732638888888889,0.7361087603791895,0.20425761250336835,1,splicing,1-5%,nat00052
Tp_D_NNN_S_N_nat00052_nat00053_11081,0.0,0.0,-0.009643510931098213,0.027687355324074073,0.8602234065718535,0.025346006336501584,1,splicing,<1%,nat00052
Tp_D_NNN_S_N_nat20082_nat20090_01586,0.2329059829059829,0.3778162911611785,0.44444068370308837,0.07371324157245808,0.9704596115882232,0.40702781844802344,1,splicing,1-5%,nat20082
Tp_D_NNN_S_N_sec00011_cha00050_00370,0.057729941291585124,0.1091581868640148,0.1015961455597903,0.029730902777777776,0.654392508276313,0.42229799851742034,1,splicing,>5%,sec00011
Tp_D_NNN_S_O_pla20092_arc20009_01992,0.41093892433910667,0.5825041995089805,0.5847042203078217,0.09581020166073546,0.9605267316642943,0.6409360526529617,1,splicing,>5%,pla20092
Tp_D_NRD_L_B_arc00028_ani00001_00248,0.06408722856091277,0.12045484024384971,0.15860283411025566,0.030635127314814815,0.8066638089143878,0.6929253073958525,1,splicing,>5%,arc00028
Tp_D_NRD_M_B_arc20063_arc20001_02483,0.01467777692836939,0.02893091237851277,0.06424760610588459,0.010191317144959529,0.8030334245540479,0.8341145993955468,1,splicing,>5%,arc20063
Tp_D_NRD_S_B_arc20016_arc20016_02199,0.024193203675999145,0.047243437252201495,0.028905195377836056,0.016204663212435234,0.8812157087279048,0.4731754298352001,1,splicing,>5%,arc20016
Tp_D_NRD_S_N_cha00021_cha00020_00341,0.07429851139507311,0.13832004904966277,0.17621326998409007,0.018012152777777776,0.8393912405189914,0.5181999032206033,1,splicing,>5%,cha00021
Tp_D_NRD_S_N_ind00068_ind00084_10944,0.0,0.0,-0.0104879297321577,0.006763599537037037,0.8946888545679469,0.15304770318021202,1,splicing,1-5%,ind00068
Tp_D_NRD_S_N_sec00011_sec00016_00031,0.0,0.0,-0.04666520397776134,0.010868778935185185,0.728641107287869,0.4433329544162783,1,splicing,>5%,sec00011
Tp_D_NRD_S_N_sec00060_cha00028_00081,0.0,0.0,-0.011774149424125345,0.003219039351851852,0.6092667886044925,0.11603905160390517,1,splicing,1-5%,sec00060
Tp_D_NRN_M_B_arc00091_nat00097_11202,0.24100378787878787,0.3884013735215567,0.392901986427384,0.06740089699074074,0.9683187210875637,0.8552941680593049,1,splicing,>5%,arc00091
Tp_D_NRN_M_B_nat10123_nat00059_11333,0.07822956208664344,0.1451074332171893,0.1737237484288516,0.04139539930555555,0.7775438366907246,0.7051966974259349,1,splicing,>5%,nat10123
Tp_D_NRN_M_B_nat10123_nat00062_11332,0.07083333333333333,0.13229571984435798,0.07149059471745614,0.05629701967592592,0.9259964376609219,0.8886373394746087,1,splicing,>5%,nat10123
Tp_D_NRN_M_B_nat10139_nat10124_11945,0.2998453996485154,0.4613554807819378,0.3766266459686171,0.15491319444444446,0.9518548897501895,0.9277382030521351,1,splicing,>5%,nat10139
Tp_D_NRN_M_N_ani00045_ani00043_11140,0.0,0.0,-0.06530457824400786,0.022677951388888888,0.326444444913162,0.26878101469920634,1,splicing,>5%,ani00045
Tp_D_NRN_M_N_art10115_cha00063_11528,0.28150736211629646,0.43933787731256085,0.3823233592406335,0.18178530092592593,0.8964163234635684,0.45476978001785057,1,splicing,>5%,art10115
Tp_D_NRN_M_N_art10115_cha00067_11527,0.27842770238652315,0.4355783308931186,0.39052544045558774,0.0725368923611111,0.8560799492070923,0.42973643777331283,1,splicing,>5%,art10115
Tp_D_NRN_M_N_art10115_cha10110_11536,0.23559231590181431,0.381343122435759,0.351020107090918,0.10971860532407407,0.8587012828089506,0.4574448009058313,1,splicing,>5%,art10115
Tp_D_NRN_M_N_cha00048_cha00063_10302,0.1972318339100346,0.32947976878612717,0.41233432452547786,0.021882233796296297,0.7081671091857596,0.391812865497076,1,splicing,>5%,cha00048
Tp_D_NRN_M_N_nat00040_nat00013_11073,0.002412248313887658,0.004812886749828111,-0.20928155199563472,0.12812861689814814,0.35479904509294724,0.39473175662618365,1,splicing,>5%,nat00040
Tp_D_NRN_M_N_nat10111_art00021_11467,0.1697687535250987,0.29026036644165865,0.24180726428233776,0.09085648148148148,0.8222509807259004,0.27010723860589814,1,splicing,>5%,nat10111
Tp_D_NRN_M_N_nat10111_cha00072_11468,0.09795918367346938,0.17843866171003717,0.08563803577601133,0.12693504050925927,0.6271860176100484,0.21890698736489572,1,splicing,>5%,nat10111
Tp_D_NRN_M_N_nat10111_nat00062_11363,0.08128941836019622,0.15035644847699287,0.07617408182211662,0.06222873263888889,0.8518392719778505,0.5242737763629128,1,splicing,>5%,nat10111
Tp_D_NRN_M_N_nat10111_nat10122_11362,0.20685760387252924,0.3428036633464804,0.2503551749127773,0.10951967592592593,0.8917927718294765,0.6258866010402786,1,splicing,>5%,nat10111
Tp_D_NRN_M_N_nat10123_nat00097_11338,0.17493020878386348,0.29777123351850615,0.2768730197945696,0.0909107349537037,0.9079507860147467,0.8307450865891713,1,splicing,>5%,nat10123
Tp_D_NRN_M_N_nat10123_nat10122_11336,0.3187510841283608,0.4834135690421698,0.32900468352495127,0.20728443287037038,0.8230091861247832,0.7778982683249178,1,splicing,>5%,nat10123
Tp_D_NRN_M_N_nat10143_nat00095_12035,0.10446257197696737,0.18916453056436547,0.19365638940507793,0.040740740740740744,0.7380763586123974,0.48421705426356587,1,splicing,>5%,nat10143
Tp_D_NRN_M_N_nat10144_nat00059_11969,0.0522169228051581,0.09925125071349428,0.09110209267227744,0.03575231481481481,0.5229370456625039,0.6647607400718367,1,splicing,>5%,nat10144
Tp_D_NRN_M_N_nat10144_nat00060_11965,0.04029422900102764,0.0774669855464282,-0.06703846395881005,0.06712384259259259,0.15955867393691353,0.5487345519595863,1,splicing,>5%,nat10144
Tp_D_NRN_M_N_nat10144_nat00060_11974,0.015904488246583186,0.031310991201611474,-0.19651892399261117,0.06930555555555555,0.5235750884015677,0.6580813242750355,1,splicing,>5%,nat10144
Tp_D_NRN_M_N_nat10144_nat00095_11975,0.23667107675881438,0.38275509342242325,0.3008226994787692,0.13826388888888888,0.801313205121083,0.751151521206974,1,splicing,>5%,nat10144
Tp_D_NRN_M_N_nat10144_nat00097_11972,0.08346285994764398,0.15406685920305038,-0.09672838899160945,0.1322685185185185,0.48017383510811107,0.6552163607561013,1,splicing,>5%,nat10144
Tp_D_NRN_M_N_nat10144_nat00099_11966,0.0006908511568232126,0.0013807484220018035,-0.1390218497527248,0.0321875,0.12331343740601172,0.5492036572157808,1,splicing,>5%,nat10144
Tp_D_NRN_M_N_nat10144_nat10124_11970,0.03479369226069461,0.06724759248325426,-0.16479144790734784,0.08857060185185185,0.5410320678856945,0.6587021668045859,1,splicing,>5%,nat10144
Tp_D_NRN_M_N_nat10144_nat10128_11971,0.49792550639282723,0.6648201185810472,0.38114389045264024,0.438912037037037,0.7662754814034627,0.7484919803018018,1,splicing,>5%,nat10144
Tp_D_NRN_M_N_nat10144_nat10142_11967,0.02632401618242001,0.05129767162681526,-0.3387872003638614,0.16523148148148148,0.3037408573508566,0.6493583654834637,1,splicing,>5%,nat10144
Tp_D_NRN_M_N_nat10144_nat10145_11964,0.0007428452275452224,0.0014845876362499838,-0.21264085858466952,0.07262731481481481,0.033070599023667525,0.5420120739625125,1,splicing,>5%,nat10144
Tp_D_NRN_M_N_nat10144_nat10156_12150,0.012639612449297372,0.024963693487608327,-0.3247568626394299,0.12894675925925925,0.3399167211140208,0.6494691414007161,1,splicing,>5%,nat10144
Tp_D_NRN_M_N_sec00089_cha00063_11489,0.2008091572922834,0.33445640562083984,0.2662319767533848,0.08447265625,0.7754790422653479,0.38288255972451396,1,splicing,>5%,sec00089
Tp_D_NRN_M_N_sec00089_cha00070_11490,0.13804090862370233,0.24259393063583815,0.2768758237770774,0.033872251157407406,0.6594728409391951,0.3508291933664531,1,splicing,>5%,sec00089
Tp_D_NRN_M_N_sec10105_sec10109_10333,0.0,0.0,-0.08229397358921896,0.08385066666666667,0.11362198599845566,0.12892344234972405,1,splicing,>5%,sec10105
Tp_D_NRN_M_N_sec10112_art00098_10343,0.0,0.0,-0.025555717314707346,0.012268518518518519,0.15711398681543842,0.09555437477860432,1,splicing,1-5%,sec10112
Tp_D_NRN_M_O_ani10105_ani10104_10022,0.12290502793296089,0.21890547263681592,0.16128491218968696,0.08777777777777777,0.8931000717940728,0.40764331210191085,1,splicing,>5%,ani10105
Tp_D_NRN_M_O_sec10105_cha10104_10027,0.32936106591618663,0.49551784591975123,0.40472514423199535,0.18120533333333333,0.8487206443543618,0.5704110116469343,1,splicing,>5%,sec10105
Tp_D_NRN_S_B_arc00091_arc00095_11201,0.0013504388926401081,0.0026972353337828725,-0.006459449418084658,0.004466869212962963,0.5226885380513397,0.057382465057179165,1,splicing,1-5%,arc00091
Tp_D_NRN_S_B_cha00065_txt00068_10177,0.14265470004723665,0.2496899545266639,0.2561707268691287,0.030327690972222224,0.8461447003128943,0.25584255842558423,1,splicing,1-5%,cha00065
Tp_D_NRN_S_B_ind00033_ind00098_00448,0.0,0.0,-0.07658111684552533,0.05812355324074074,0.4223291290345079,0.16255643091086128,1,splicing,>5%,cha30322
Tp_D_NRN_S_B_ind00057_ind00018_00463,0.0,0.0,-0.0465251606879337,0.026023582175925927,0.2996490700090587,0.13950278567941965,1,splicing,>5%,ind00057
Tp_D_NRN_S_B_nat00040_ani00070_00654,0.050970873786407765,0.09699769053117784,-0.005228858528050602,0.20744719328703703,0.48010315304994744,0.1286732367566015,1,splicing,>5%,nat00040
Tp_D_NRN_S_B_sec00006_ani00017_00704,0.05251170441604454,0.09978360182736234,0.15550337078531004,0.13843677662037038,0.8752705947527113,0.09956813819577735,1,splicing,1-5%,sec00006
Tp_D_NRN_S_B_sec00075_ani00096_00096,0.11658600967883855,0.20882584712371946,0.2959410561845749,0.01667390046296296,0.8454415458834431,0.4883341110592627,1,splicing,>5%,sec00075
Tp_D_NRN_S_B_sec00075_cha00026_00019,0.27266530334015,0.42849491162292447,0.38722140963066604,0.0661349826388889,0.9046204556425317,0.41878007543243595,1,splicing,>5%,sec00075
Tp_D_NRN_S_B_sec00089_ani00070_00718,0.0,0.0,-0.06284533929630359,0.05347583912037037,0.40697807489255117,0.12532268473701194,1,splicing,>5%,sec00089
Tp_D_NRN_S_N_ani00045_ani00077_00165,0.1942231075697211,0.32527105921601335,0.35402567331771706,0.0824291087962963,0.8929909341198521,0.4078119827871566,1,splicing,1-5%,ani00045
Tp_D_NRN_S_N_ani00055_ani00050_10224,0.0,0.0,-0.048166505304264216,0.026331018518518517,0.6418580998621689,0.21140760901721792,1,splicing,>5%,ani00055
Tp_D_NRN_S_N_ani00081_ani00078_10526,0.0,0.0,0.0,0.0,0.5746582333173061,0.1242569232999855,1,splicing,>5%,ani00081
Tp_D_NRN_S_N_art00021_ani00005_00503,0.006259780907668232,0.012441679626749611,-0.009354818857563348,0.012803819444444444,0.7499295236013986,0.17170909921223884,1,splicing,1-5%,art00021
Tp_D_NRN_S_N_art00021_art00092_11725,0.0,0.0,0.0,0.0,0.780800430985361,0.015429917550058892,1,splicing,<1%,art00021
Tp_D_NRN_S_N_art00042_ani00098_00518,0.0,0.0,-0.08078355609679347,0.10886863425925926,0.20541078461448814,0.09652323580034423,1,splicing,>5%,art00042
Tp_D_NRN_S_N_cha00008_art10102_11163,0.0,0.0,-0.007994006175076175,0.009711371527777778,0.8516935737863165,0.05604381607438543,1,splicing,<1%,cha00008
Tp_D_NRN_S_N_cha00035_cha00040_00355,0.0436694021101993,0.08368435832631284,0.0647957678230763,0.018825954861111112,0.8819073107795383,0.3241601821977605,1,splicing,1-5%,cha00035
Tp_D_NRN_S_N_cha00084_ani00081_00404,0.0,0.0,-0.031172137320307533,0.04269748263888889,0.7882364713147592,0.102011196350819,1,splicing,1-5%,cha00084
Tp_D_NRN_S_N_cha10134_pla00020_12202,0.0,0.0,-0.006544824882598461,0.04310322156476003,0.8724860482257555,0.008423483131654337,1,splicing,<1%,cha10134
Tp_D_NRN_S_N_cha10171_cha00062_12282,0.0479357401969252,0.0914860298359845,0.05858322926464059,0.11252738654147104,0.5984752354176482,0.09034633651742356,1,splicing,1-5%,cha10171
Tp_D_NRN_S_N_ind00010_art00009_00428,0.0,0.0,-0.014009162987997065,0.00980179398148148,0.5973287149381449,0.07038316066436441,1,splicing,1-5%,ind00010
Tp_D_NRN_S_N_ind00097_ind00098_01378,0.0,0.0,-0.04091371686860777,0.009349681712962963,0.4292081756116725,0.2738404944572404,1,splicing,>5%,ani30794
Tp_D_NRN_S_N_nat00040_art00025_11429,0.03951430335459971,0.07602454959413978,0.11410041484255622,0.17003038194444445,0.812988855350858,0.07723550169784939,1,splicing,1-5%,nat00040
Tp_D_NRN_S_N_nat00040_art00025_11472,0.04884426315238992,0.09313921021140806,0.08371660910791229,0.15733506944444445,0.8213589878329763,0.138493695637516,1,splicing,1-5%,nat00040
Tp_D_NRN_S_N_nat10123_ani00005_11419,0.05852467024914509,0.110577810596271,0.20612893789454811,0.18406394675925927,0.94103046467419,0.25472179683512,1,splicing,1-5%,nat10123
Tp_D_NRN_S_N_nat10123_ani00017_11411,0.022377215925603024,0.04377487208641274,0.1347724834499314,0.18666811342592593,0.9685406824409966,0.15241379310344827,1,splicing,<1%,nat10123
Tp_D_NRN_S_N_nat10123_ani00070_11417,0.09701751343852956,0.1768750493954003,0.16661316817863459,0.18916377314814814,0.8208914741742555,0.21136612021857923,1,splicing,1-5%,nat10123
Tp_D_NRN_S_N_nat10139_ani00005_11950,0.033070637721800515,0.0640239621846773,0.16295648520851358,0.119375,0.9372808640528569,0.2790450928381963,1,splicing,<1%,nat10139
Tp_D_NRN_S_N_nat10139_ani00058_11951,0.023408094869811807,0.04574537760088669,0.13001388800701208,0.11175925925925925,0.9247631715568814,0.08023517205602629,1,splicing,<1%,nat10139
Tp_D_NRN_S_N_nat10139_ani00070_11944,0.1238351776354106,0.22037960743667812,0.33408942919600426,0.07918981481481481,0.9756857379058389,0.34545726687621614,1,splicing,1-5%,nat10139
Tp_D_NRN_S_N_nat10139_cha00063_11942,0.1674135452777543,0.2868110378793366,0.2731451660340315,0.11632523148148148,0.8242593685412213,0.25668029802251974,1,splicing,1-5%,nat10139
Tp_D_NRN_S_N_nat10139_cha00070_11943,0.2649890093231259,0.41895859548205405,0.36201088745375976,0.10945601851851852,0.827897161277051,0.41409475534480644,1,splicing,>5%,nat10139
Tp_D_NRN_S_N_nat10164_ani00058_12091,0.0,0.0,-0.016279430175967495,0.028772004034750918,0.7020752336736971,0.04185867895545315,1,splicing,<1%,nat10164
Tp_D_NRN_S_N_nat10164_ani00070_12092,0.023939336968101774,0.04675928759410001,0.08387925416033988,0.12624865779455308,0.8268272696711054,0.045284248248900476,1,splicing,<1%,nat10164
Tp_D_NRN_S_N_pla00028_pla00027_10949,0.11834561834561834,0.21164408641523252,0.23053079568969867,0.037290219907407406,0.9193219256034981,0.28663967611336033,1,splicing,1-5%,pla00028
Tp_D_NRN_S_N_pla00038_pla00049_10983,0.35001593879502707,0.5185360094451004,0.5738546257981674,0.056098090277777776,0.9887266897308244,0.6399310047434239,1,splicing,1-5%,pla00038
Tp_D_NRN_S_O_ani10127_ani00021_12468,0.22974203338391502,0.3736426456071076,0.3821764569457839,0.011077922077922077,0.9202139888060954,0.34642313546423137,1,splicing,<1%,ani10127
Tp_D_NRN_S_O_ani10146_ani10163_12494,0.03965565904600621,0.07628614089860188,0.09530856552137303,0.0416370808678501,0.7073382382920063,0.24246877296105804,1,splicing,<1%,ani10146
Tp_D_NRN_S_O_pla00028_pla00025_10950,0.511400651465798,0.6767241379310345,0.6827424698793595,0.030128761574074073,0.98896327242486,0.6358420519743503,1,splicing,1-5%,pla00028
Tp_S_CND_L_N_cha00084_cha00084_10203,0.4667334486840907,0.6364257242552558,0.07842672295927854,0.9929289641203703,0.553123233548448,0.6438587216474083,1,copy-move,>5%,cha00084
Tp_S_CND_S_N_arc00017_arc00017_01115,0.0,0.0,-0.015196092539456694,0.03587962962962963,0.30659650715224585,0.012519734185115835,1,copy-move,<1%,arc00017
Tp_S_CND_S_N_art00047_art00047_10507,0.03696098562628337,0.07128712871287128,0.0479264228222465,0.03372757523148148,0.7356399559031332,0.10178651854075965,1,copy-move,1-5%,art00047
Tp_S_CND_S_N_cha00052_cha00052_10718,0.0,0.0,-0.028147010334125058,0.04604311342592592,0.20066638886846255,0.031785580807631386,1,copy-move,1-5%,cha00052
Tp_S_CND_S_N_sec00059_sec00059_00080,0.26826554580294226,0.42304318159664683,0.48823857704896934,0.14628544560185186,0.9712178447244861,0.5758615545278234,1,copy-move,1-5%,sec00059
Tp_S_CND_S_N_sec20057_sec20057_01647,0.0799130652846276,0.1479990711355368,0.12284454743448979,0.47590225717914053,0.6645089586746932,0.1538008745375042,1,copy-move,>5%,sec20057
Tp_S_CNN_M_N_arc00063_arc00063_10256,0.4154399408482893,0.5870117535319958,0.4643171812662618,0.5232566550925926,0.8246272336414038,0.6172282532073876,1,copy-move,>5%,arc00063
Tp_S_CNN_M_N_arc00087_arc00087_10734,0.4611552053762818,0.6312200150668094,0.0670748397129267,0.8993236400462963,0.5636279889184754,0.6398065065918092,1,copy-move,>5%,arc00087
Tp_S_CNN_M_N_art00047_art00047_10506,0.2981231478432664,0.45931412337662336,0.4358053526444305,0.25902416087962965,0.8870640375958184,0.4660490463215259,1,copy-move,>5%,art00047
Tp_S_CNN_M_N_cha00048_cha00048_11004,0.31053394692050684,0.4739044687094136,0.49305852888155766,0.28687427662037035,0.9379163971487261,0.617407132744556,1,copy-move,>5%,cha00048
Tp_S_CNN_M_N_cha00063_cha00063_10344,0.3590826007485421,0.5284190976336098,0.49666400111444076,0.41554542824074076,0.8913982468036572,0.6134042373596691,1,copy-move,>5%,cha00063
Tp_S_CNN_M_N_ind00010_ind00010_10425,0.5034824610597536,0.6697550175675026,0.017246398497955687,0.9996383101851852,0.5042606989554356,0.6697932364820062,1,copy-move,>5%,ind00010
Tp_S_CNN_M_N_pla00035_pla00035_10149,0.43109769247358204,0.6024713682941532,0.5152222828875945,0.49965639467592593,0.8531584545949829,0.6247030878859857,1,copy-move,>5%,pla00035
Tp_S_CNN_M_N_pla00081_pla00081_10628,0.4258499200929827,0.5973278310598245,0.05307525122843496,0.9956958912037037,0.6383432914231574,0.6056806307590007,1,copy-move,>5%,pla00081
Tp_S_CNN_S_B_arc00093_arc00093_01037,0.0,0.0,0.0,0.0,0.617134784860868,0.019879826131424187,1,copy-move,<1%,arc00093
Tp_S_CNN_S_N_ani00055_ani00055_00175,0.30300429184549355,0.4650856389986825,0.49653954465707933,0.23079427083333334,0.957183070829913,0.6031189766952865,1,copy-move,>5%,ani00055
Tp_S_CNN_S_N_ani10180_ani10180_12424,0.3595171951336335,0.5288895152198422,0.5263941437019196,0.08120134465675867,0.8979583918237699,0.5582488852857722,1,copy-move,1-5%,ani10180
Tp_S_CNN_S_N_ani10196_ani10196_12404,0.2144425469626738,0.3531538770590599,0.43018664835050074,0.09542351772736588,0.9649855443028836,0.4411272987819441,1,copy-move,1-5%,ani10196
Tp_S_CNN_S_N_arc00014_arc00014_01112,0.10027347310847767,0.18227009113504558,0.25737613794874764,0.15511067708333334,0.881114125383585,0.48598130841121495,1,copy-move,1-5%,arc00014
Tp_S_CNN_S_N_arc00048_arc00048_10243,0.03370688145683768,0.06521555009739985,0.09305250581515587,0.20012297453703703,0.640038336573259,0.13424791768740812,1,copy-move,1-5%,arc00048
Tp_S_CNN_S_N_arc00048_arc00048_10244,0.10116388431695274,0.18373992419793947,0.21815799669561353,0.29960575810185186,0.8331616244453026,0.49754901960784315,1,copy-move,1-5%,arc00048
Tp_S_CNN_S_N_arc20034_arc20034_01487,0.08495460440985733,0.15660490137477584,0.22026037425695938,0.08861254295532646,0.8247378722340564,0.36663303060881264,1,copy-move,1-5%,arc20034
Tp_S_CNN_S_N_art00021_art00021_01208,0.0,0.0,0.0,0.0,0.29532658128958456,0.006899399946553944,1,copy-move,<1%,art00021
Tp_S_CNN_S_N_art00026_art00026_10548,0.0348960456583775,0.06743874576538249,0.14043151070095494,0.44361255787037035,0.9730575546548828,0.2294598579278917,1,copy-move,1-5%,art00026
Tp_S_CNN_S_N_art00026_art00026_10736,0.0,0.0,-0.05342183716530112,0.3189019097222222,0.010227107293638087,0.01204364473045604,1,copy-move,<1%,art00026
Tp_S_CNN_S_N_art00081_art00081_10435,0.2333812521687404,0.37844138097343355,0.3556763609417068,0.35163483796296297,0.8819776267362441,0.5374111745854814,1,copy-move,>5%,art00081
Tp_S_CNN_S_N_art20062_art20062_01868,0.0,0.0,-0.004974392723252474,0.0030227743271221534,0.3653376441374994,0.01854687765866939,1,copy-move,<1%,art20062
Tp_S_CNN_S_N_art20071_art20071_01877,0.39900808879966937,0.5704156995146655,0.4875353112092601,0.18997835497835497,0.7638139377689311,0.5793207485628084,1,copy-move,>5%,art20071
Tp_S_CNN_S_N_ind00036_ind00036_10873,0.013416815742397137,0.0264783759929391,0.007456270112677487,0.1515480324074074,0.746936303736057,0.06193299883432163,1,copy-move,1-5%,ind00036
Tp_S_CNN_S_N_nat00040_nat00040_11072,0.04474874679056119,0.08566413107080163,0.06368882138599713,0.12926793981481483,0.7664640895693292,0.11118553248492967,1,copy-move,1-5%,nat00040
Tp_S_CNN_S_N_nat00065_nat00065_00671,0.0,0.0,0.0,0.0,0.19634080318905378,0.039764992476893316,1,copy-move,1-5%,nat00065
Tp_S_CNN_S_N_pla00081_pla00081_10629,0.14491150442477876,0.2531400966183575,0.34104343519917013,0.12903284143518517,0.9516207869051114,0.4005883795047806,1,copy-move,1-5%,pla00081
Tp_S_CNN_S_N_sec00089_sec00089_10357,0.47124293341708545,0.6406051953943243,0.25498445591238944,0.9210973668981481,0.5923185531241841,0.6471338963260651,1,copy-move,>5%,sec00089
Tp_S_CNN_S_N_txt00053_txt00053_01279,0.2612098138747885,0.41422102968304547,0.4760945234989859,0.17100694444444445,0.978720994014698,0.6058806058806059,1,copy-move,1-5%,txt00053
Tp_S_CRD_S_N_ind00036_ind00036_10874,0.12299511854951185,0.21904835830163782,0.17440999326852152,0.1755642361111111,0.7329795989691115,0.21473008227975116,1,copy-move,>5%,ind00036
Tp_S_CRD_S_N_ind00052_ind00052_01341,0.0,0.0,-0.03078359599294295,0.1260308159722222,0.10581512825022599,0.012980241986228718,1,copy-move,<1%,ind00052
Tp_S_CRD_S_N_ind00052_ind00052_10402,0.0689684281614047,0.12903735291794993,0.025032193614438213,0.14268663194444445,0.7407332821284816,0.32553894297635605,1,copy-move,>5%,ind00052
Tp_S_CRN_M_B_arc00100_arc00100_11192,0.2963664734730272,0.4572263777835096,0.4763184572018551,0.15471281828703703,0.9303519424916857,0.5248892363825906,1,copy-move,>5%,arc00100
Tp_S_CRN_M_N_art00021_art00021_10547,0.3574234904880066,0.5266204585269251,0.4413802749914495,0.5186993634259259,0.8410471754175055,0.5554788069073784,1,copy-move,>5%,art00021
Tp_S_CRN_M_N_cha00048_cha00048_11005,0.17764780494679727,0.3016993776926759,0.28861461374727215,0.23750361689814814,0.847864507963778,0.3444384739387426,1,copy-move,>5%,cha00048
Tp_S_CRN_M_N_ind00033_ind00033_10400,0.2617675737966492,0.4149220177040888,0.4523948891187743,0.20043041087962962,0.9429529509551927,0.5665442573129036,1,copy-move,>5%,cha30322
Tp_S_CRN_M_N_nat10164_nat00021_12098,0.0,0.0,-0.07076009079030665,0.04140500439267237,0.2492272252691358,0.1882065113262885,1,splicing,>5%,nat10164
Tp_S_CRN_S_B_cha00021_cha00021_20025,0.0,0.0,-0.016672234276678796,0.034252025462962965,0.3586822094769018,0.017779080274501185,1,copy-move,<1%,cha00021
Tp_S_CRN_S_B_sec00060_sec00060_11266,0.0,0.0,-0.016033880241973303,0.013780381944444444,0.49270963005709423,0.04215456674473068,1,copy-move,1-5%,sec00060
Tp_S_CRN_S_N_ani10141_ani10141_12480,0.0,0.0,-0.025604982022839257,0.08871264367816092,0.5632349104375026,0.025232590921905836,1,copy-move,<1%,ani10141
Tp_S_CRN_S_N_arc20016_arc20016_02159,0.3261021693491952,0.49182058047493404,0.5328015030219441,0.058907599309153715,0.9697660963382174,0.5507592334725814,1,copy-move,1-5%,arc20016
Tp_S_CRN_S_N_art20072_art20072_02321,0.22994672754946727,0.3739133125019336,0.44448400211370576,0.14892307692307694,0.9706209916159237,0.5208007664767283,1,copy-move,1-5%,art20072
Tp_S_CRN_S_N_cha00021_cha00021_11182,0.0,0.0,-0.020639477445352186,0.04163049768518518,0.23673357147283527,0.020427361913721274,1,copy-move,<1%,cha00021
Tp_S_CRN_S_N_cha10135_cha10135_12206,0.3670652588729169,0.5370120504350253,0.579422026495351,0.11597037037037038,0.9774602368947348,0.6201722017220173,1,copy-move,1-5%,cha10135
Tp_S_CRN_S_N_cha10164_cha10164_12246,0.029015401540154015,0.05639449418682347,0.07989841448489621,0.037731481481481484,0.7320320382441025,0.10229976209357652,1,copy-move,<1%,cha10164
Tp_S_CRN_S_N_cha10206_cha10207_12346,0.016037986452384113,0.03156965913918756,0.05831102515707802,0.10846666666666667,0.8148321433683547,0.047439882218223456,1,splicing,<1%,cha10206
Tp_S_CRN_S_N_ind00036_ind00036_10875,0.0,0.0,-0.026117898737853577,0.12449363425925926,0.5339691811486516,0.012957132477597482,1,copy-move,<1%,ind00036
Tp_S_CRN_S_N_ind00057_ind00057_10916,0.2887578616352201,0.4481180991886781,0.40568165802122347,0.2031792534722222,0.794915864748603,0.4976573813783116,1,copy-move,>5%,ind00057
Tp_S_CRN_S_N_ind00081_ind00081_00479,0.0,0.0,0.0,0.0,0.8569900241753967,0.05503320969550591,1,copy-move,<1%,ind00081
Tp_S_CRN_S_N_nat00065_nat00065_10559,0.05531914893617021,0.10483870967741936,0.11128377626872324,0.02759693287037037,0.9259274188388549,0.13948100092678406,1,copy-move,<1%,nat00065
Tp_S_CRN_S_N_nat10111_nat10111_11361,0.13518363440602943,0.23817051322584046,0.342260153220166,0.15116825810185186,0.9767910476286898,0.4311017712398679,1,copy-move,1-5%,nat10111
Tp_S_CRN_S_N_pla00038_pla00038_10987,0.0,0.0,-0.03984480009787754,0.058774594907407406,0.55581200003567,0.0683769367538735,1,copy-move,1-5%,pla00038
Tp_S_CRN_S_N_sec20051_sec20051_01641,0.20015005001667222,0.3335417100784886,0.4250403778436191,0.11607194718193962,0.980329970356153,0.49826417589684247,1,copy-move,1-5%,sec20051
Tp_S_CRN_S_N_sec20089_sec20089_01679,0.0,0.0,-0.004306543559861067,0.0020897718910963944,0.08865346759509293,0.01742228972406189,1,copy-move,<1%,sec20089
Tp_S_CRN_S_N_txt00051_txt00051_01278,0.27457584037618354,0.43085053345298635,0.45803068967242444,0.28367332175925924,0.9420169825360694,0.5193536264562195,1,copy-move,>5%,txt00051
Tp_S_NND_M_N_sec00006_sec00006_00026,0.3648557410991583,0.5346436698215876,0.38421385010433445,0.3306206597222222,0.7124149739181733,0.5546358873111095,1,copy-move,>5%,sec00006
Tp_S_NND_S_B_arc00028_arc00028_01094,0.0,0.0,-0.09412798131841602,0.25871672453703703,0.1430703622401379,0.048623690285917245,1,copy-move,1-5%,arc00028
Tp_S_NND_S_N_ani00062_ani00062_00182,0.33508914100486226,0.5019726858877086,0.5072860601353248,0.31242766203703703,0.9276013387358366,0.5837995337995338,1,copy-move,>5%,ani00062
Tp_S_NND_S_N_ani20022_ani20022_02440,0.18527906409943942,0.31263365685145583,0.40179231535669174,0.1344510190664037,0.968565291850065,0.48384074941451993,1,copy-move,1-5%,ani10146
Tp_S_NND_S_N_ani20060_ani20060_02102,0.20672157670245625,0.34261685660308366,0.4203910505833361,0.1056469030315451,0.9599180262189939,0.4796790059539218,1,copy-move,1-5%,ani10196
Tp_S_NND_S_N_arc20010_arc20010_01463,0.0,0.0,-0.008022771433095516,0.04349040139616056,0.021641466025717117,0.0028266454959061625,1,copy-move,<1%,arc20010
Tp_S_NND_S_N_ind00010_ind00010_00885,0.0,0.0,-0.008795772794218903,0.010054976851851851,0.8158184290199597,0.0535801266439357,1,copy-move,<1%,ind00010
Tp_S_NND_S_N_ind00068_ind00068_01355,0.0,0.0,-0.015026869609214727,0.023546006944444444,0.30203486151892395,0.01922271630540988,1,copy-move,<1%,ind00068
Tp_S_NND_S_N_ind20006_ind20006_01747,0.25968448729184923,0.41230084185625826,0.4913121552403735,0.09287749287749288,0.9874367621278869,0.6124984470120511,1,copy-move,1-5%,ind20006
Tp_S_NND_S_N_sec00059_sec00059_11267,0.2969293601573136,0.45789596454397014,0.519795914046979,0.11942997685185185,0.978365112356627,0.5933223864258347,1,copy-move,1-5%,sec00059
Tp_S_NND_S_N_sec00059_sec00059_11269,0.0,0.0,-0.00584855859950777,0.002586082175925926,0.5008826260526206,0.03790601921443043,1,copy-move,1-5%,sec00059
Tp_S_NND_S_N_sec20024_sec20024_01614,0.04706364754658526,0.08989644069271605,0.16295252884578001,0.44768295667781677,0.9602402044164338,0.3880484114977307,1,copy-move,1-5%,sec20024
Tp_S_NND_S_N_sec20059_sec20059_01649,0.0510605356866388,0.09716002828187603,0.18625093653063685,0.33214373868685204,0.8842601873635723,0.2714910150558524,1,copy-move,1-5%,sec20059
Tp_S_NNN_M_N_art00039_art00039_10545,0.3909047050757941,0.5620869692212201,0.39483858807821826,0.7122214988425926,0.8128809478679481,0.6375861228649283,1,copy-move,>5%,art00039
Tp_S_NNN_M_N_cha00044_cha00044_11008,0.2833615514853009,0.44159270808347323,0.4781658101385214,0.1125217013888889,0.9450606914755422,0.5148416886543535,1,copy-move,1-5%,cha00044
Tp_S_NNN_M_N_nat00017_nat00017_11049,0.08864671437865973,0.16285671597191095,0.11103459151633509,0.06852213541666667,0.7596237757355656,0.20220714236753717,1,copy-move,>5%,nat00017
Tp_S_NNN_M_N_nat10164_nat10160_12096,0.045180674753480046,0.086455243279611,0.03403361864190334,0.039965184004164905,0.6018625332432619,0.6823409762257101,1,splicing,>5%,nat10164
Tp_S_NNN_M_N_sec00075_sec00075_10349,0.3581820297951583,0.5274433351900253,0.527060866338339,0.3107638888888889,0.9097063197516144,0.5927685405120084,1,copy-move,>5%,sec00075
Tp_S_NNN_S_B_ani10208_ani10208_12371,0.0,0.0,-0.003048785407931921,0.004867283030122279,0.7288748778512685,0.0075126676363868865,1,copy-move,<1%,ani10208
Tp_S_NNN_S_B_ani20003_ani20003_01452,0.15893840761141712,0.2742827514690633,0.38450708526787036,0.04295670995670996,0.9896564654172085,0.46895353886235347,1,copy-move,<1%,ani10127
Tp_S_NNN_S_B_ani20003_ani20003_02402,0.0,0.0,-0.004234998711107779,0.006943722943722944,0.4039027079441264,0.006991931476705392,1,copy-move,<1%,ani10127
Tp_S_NNN_S_B_arc00014_arc00014_00234,0.0,0.0,-0.05865359757801818,0.13279441550925927,0.3232424418390364,0.043246129204484784,1,copy-move,1-5%,arc00014
Tp_S_NNN_S_B_arc00014_arc00014_20059,0.0,0.0,-0.025834836576264585,0.09150752314814815,0.1777610760719654,0.01310460281172934,1,copy-move,<1%,arc00014
Tp_S_NNN_S_B_arc00063_arc00063_00283,0.14164759725400458,0.24814592102625777,0.31667994782915093,0.15406177662037038,0.9335181503412848,0.3352497305066475,1,copy-move,1-5%,arc00063
Tp_S_NNN_S_B_arc00100_arc00100_01030,0.0,0.0,-0.011432954353441554,0.06154152199074074,0.5434416808184568,0.005656622088760083,1,copy-move,<1%,arc00100
Tp_S_NNN_S_B_arc20016_arc20016_01469,0.23439601297365714,0.379774416816201,0.4009872155289436,0.047767702936096716,0.8807294168282691,0.47703035274815425,1,copy-move,1-5%,arc20016
Tp_S_NNN_S_B_arc20027_arc20027_02168,0.11091331652079316,0.19967951571263243,0.2658199593053856,0.07117777777777778,0.9516172130142633,0.36991102723105956,1,copy-move,1-5%,arc20027
Tp_S_NNN_S_B_arc20081_arc20081_02191,0.26981818181818185,0.424971363115693,0.48399292358346063,0.17075224292615596,0.9724338510379816,0.605182045848584,1,copy-move,1-5%,arc20081
Tp_S_NNN_S_B_arc20088_arc20088_02414,0.26812444966245963,0.4228677236430969,0.45089231517636186,0.13174195651730952,0.9207834891569762,0.4869675778766688,1,copy-move,1-5%,arc20088
Tp_S_NNN_S_B_art00021_art00021_20030,0.0,0.0,-0.013031957981416657,0.017541956018518517,0.4884824711106583,0.023597433426563567,1,copy-move,<1%,art00021
Tp_S_NNN_S_B_art00042_art00042_01412,0.0,0.0,-0.019295553805573434,0.07930049189814815,0.6600055029938907,0.018347147340468335,1,copy-move,<1%,art00042
Tp_S_NNN_S_B_art00047_art00047_01407,0.05524652338811631,0.10470827842338565,0.15606873854056968,0.1379123263888889,0.8747039552871482,0.11314858975413206,1,copy-move,1-5%,art00047
Tp_S_NNN_S_B_art10006_art10006_20046,0.3013143919277748,0.46309238381880324,0.3719897505244682,0.14274074074074075,0.7367834420041257,0.45747091705695725,1,copy-move,>5%,art10006
Tp_S_NNN_S_B_cha00008_cha00008_00328,0.2861888111888112,0.4450183498708713,0.4908584211508607,0.2068142361111111,0.9551074495892456,0.5502897350993378,1,copy-move,>5%,cha00008
Tp_S_NNN_S_B_ind00036_ind00036_01327,0.0,0.0,-0.032581523253146054,0.11082175925925926,0.487118268861776,0.020330866347409663,1,copy-move,<1%,ind00036
Tp_S_NNN_S_B_ind20027_ind20027_02282,0.0,0.0,-0.004779247750930047,0.02574614472123369,0.7395602146670615,0.003833345312537435,1,copy-move,<1%,ind20027
Tp_S_NNN_S_B_nat00017_nat00017_00636,0.27679968701095464,0.43358357591542823,0.46189068718746346,0.17930772569444445,0.9485058925058579,0.5404699738903395,1,copy-move,>5%,nat00017
Tp_S_NNN_S_B_nat00040_nat00040_00963,0.000611695620259359,0.001222643354933366,-0.057581427330961305,0.12351707175925926,0.5327257141361439,0.06541747863888472,1,copy-move,1-5%,nat00040
Tp_S_NNN_S_B_nat00065_nat00065_00975,0.34508670520231216,0.5131070047271165,0.5502249371148504,0.09100115740740741,0.973006553753945,0.5698557327258922,1,copy-move,1-5%,nat00065
Tp_S_NNN_S_B_pla20092_pla20092_02350,0.016080718902727414,0.03165244375484872,0.009821463634931336,0.04546619217081851,0.5825215836900652,0.038045649936429136,1,copy-move,1-5%,pla20092
Tp_S_NNN_S_B_pla20093_pla20093_02349,0.22851737999527075,0.3720214035492936,0.41274358816826384,0.17533333333333334,0.9225151985864308,0.5828982165864244,1,copy-move,1-5%,pla20093
Tp_S_NNN_S_B_sec00038_sec00038_00059,0.321232212160414,0.4862615507006915,0.5183508973464686,0.22366898148148148,0.9563696265437668,0.5887811749109289,1,copy-move,>5%,sec00038
Tp_S_NNN_S_B_sec00075_sec00075_00726,0.3847843225588467,0.555731771786426,0.5301632309525841,0.31508608217592593,0.9189820926522803,0.6058504221954162,1,copy-move,>5%,sec00075
Tp_S_NNN_S_B_sec00089_sec00089_00109,0.26359911755436494,0.41721953409487705,0.44626058180471123,0.2857349537037037,0.9481438065786439,0.602289452166803,1,copy-move,>5%,sec00089
Tp_S_NNN_S_B_sec00089_sec00089_11121,0.10864583333333333,0.19599736916283003,0.2880540355998587,0.17211009837962962,0.9311071598709062,0.2413793103448276,1,copy-move,1-5%,sec00089
Tp_S_NNN_S_B_sec10002_sec10002_20048,0.0,0.0,-0.033927272126597664,0.06682674199623352,0.44152153606417754,0.03650601789939307,1,copy-move,1-5%,sec10002
Tp_S_NNN_S_B_sec10003_sec10003_20070,0.3030932978546483,0.4651904792291494,0.5223328829674745,0.11814320987654321,0.969174796619638,0.543362186183796,1,copy-move,1-5%,sec10003
Tp_S_NNN_S_B_sec20001_sec20001_01436,0.0,0.0,-0.013448565091459209,0.021407407407407406,0.5892734645698212,0.02702622434736123,1,copy-move,<1%,sec20001
Tp_S_NNN_S_B_sec20043_sec20043_02145,0.35621621621621624,0.5253088880031885,0.5008473575110233,0.1522132631232516,0.8720017844814338,0.5221611721611722,1,copy-move,>5%,sec20043
Tp_S_NNN_S_B_sec20078_sec20078_01668,0.0,0.0,-0.01240437644803104,0.021479028697571744,0.7396302833914203,0.03001810136765889,1,copy-move,<1%,sec20078
Tp_S_NNN_S_N_ani00049_ani00049_01258,0.0,0.0,-0.014366005224440127,0.06378399884259259,0.6571970065634052,0.011807961535742064,1,copy-move,<1%,ani00049
Tp_S_NNN_S_N_ani00055_ani00051_11147,0.02547320007075889,0.04968086941521477,-0.0014001220521427345,0.06107132523148148,0.7699422790144184,0.17297789929368876,1,splicing,1-5%,ani00055
Tp_S_NNN_S_N_ani00081_ani00081_00819,0.37177173790459006,0.5420314876474699,0.518084001293888,0.3142361111111111,0.9236273942582965,0.60324476367472,1,copy-move,>5%,ani00081
Tp_S_NNN_S_N_ani10127_ani10127_12469,0.149783678949724,0.2605423640845984,0.3671425639552932,0.057523809523809526,0.9858372296704598,0.5705409356725146,1,copy-move,<1%,ani10127
Tp_S_NNN_S_N_ani20022_ani20022_02065,0.1357181655932335,0.2389997267012845,0.35345700317604245,0.08466140696909928,0.9902583141955519,0.5561966305100392,1,copy-move,1-5%,ani10146
Tp_S_NNN_S_N_arc00028_arc00028_20118,0.19181055427775437,0.32188094590921446,0.26488817393859276,0.5473994502314815,0.8083183639699053,0.4043093129039981,1,copy-move,>5%,arc00028
Tp_S_NNN_S_N_arc00048_arc00048_00780,0.0,0.0,-0.023987713502310597,0.03466796875,0.34452885472202505,0.03104970801880074,1,copy-move,1-5%,arc00048
Tp_S_NNN_S_N_arc00048_arc00048_01078,0.09917064942367164,0.1804463200971929,0.27492194748929794,0.25730613425925924,0.9862184851039557,0.555014605647517,1,copy-move,1-5%,arc00048
Tp_S_NNN_S_N_arc00063_arc00063_01063,0.07330746011211729,0.13660104459622338,0.23765568673296975,0.0827907986111111,0.9618516678625968,0.25163398692810457,1,copy-move,<1%,arc00063
Tp_S_NNN_S_N_arc00091_arc00091_00311,0.0,0.0,0.0,0.0,0.5993804415068847,0.063301741238704,1,copy-move,1-5%,arc00091
Tp_S_NNN_S_N_arc00093_arc00093_00313,0.0,0.0,0.0,0.0,0.2711720641213808,0.019626101282143114,1,copy-move,<1%,arc00093
Tp_S_NNN_S_N_arc00100_arc00100_00320,0.0,0.0,-0.01946615381656707,0.07425491898148148,0.536220767385823,0.012605755011999708,1,copy-move,<1%,arc00100
Tp_S_NNN_S_N_arc20003_arc20003_02466,0.016673810544363482,0.03280070829292972,0.12297961385668554,0.09437702265372168,0.9730321109941867,0.06608015640273705,1,copy-move,<1%,arc20003
Tp_S_NNN_S_N_arc20024_arc20024_01477,0.0,0.0,-0.014824088681352602,0.02868888888888889,0.6033177083858319,0.022803424621361045,1,copy-move,<1%,arc20024
Tp_S_NNN_S_N_arc20024_arc20024_02165,0.0,0.0,-0.006127526169207546,0.022485185185185184,0.5517394360469206,0.004957156008781248,1,copy-move,<1%,arc20024
Tp_S_NNN_S_N_arc20024_arc20024_02475,0.0,0.0,-0.0071695062819286,0.022744444444444446,0.3165813663578722,0.004446171435403481,1,copy-move,<1%,arc20024
Tp_S_NNN_S_N_arc20063_arc20063_01703,0.19240400667779634,0.3227161358067903,0.4286525632630125,0.052869757174392934,0.9895248923220846,0.433730522456462,1,copy-move,1-5%,arc20063
Tp_S_NNN_S_N_arc20081_arc20081_01721,0.0,0.0,-0.04129445055426505,0.11283643892339544,0.1899138039513282,0.02613621645204611,1,copy-move,1-5%,arc20081
Tp_S_NNN_S_N_arc20088_arc20088_01728,0.0,0.0,-0.005829438471643426,0.01308148419830063,0.5486529996739484,0.008247348423459925,1,copy-move,<1%,arc20088
Tp_S_NNN_S_N_arc20095_arc20095_01735,0.0,0.0,-0.02925506226020394,0.19222476886022843,0.3902728202383166,0.0088198386614879,1,copy-move,<1%,arc20095
Tp_S_NNN_S_N_arc20095_arc20095_02409,0.0,0.0,-0.04300252490121304,0.19831889519073886,0.3307831356001305,0.01754019378988782,1,copy-move,<1%,arc20095
Tp_S_NNN_S_N_arc20099_arc20099_01739,0.030088914432536598,0.0584200334766484,0.1536830453793494,0.22024571854058078,0.994021463588332,0.4036009002250563,1,copy-move,<1%,arc20099
Tp_S_NNN_S_N_arc20099_arc20099_02186,0.010728619944427292,0.02122947689957999,0.09314820375462682,0.19294117647058823,0.9788126276559682,0.08202809623768771,1,copy-move,<1%,arc20099
Tp_S_NNN_S_N_art00021_art00021_00922,0.0,0.0,0.0,0.0,0.8291003711129121,0.019858156028368795,1,copy-move,<1%,art00021
Tp_S_NNN_S_N_art10013_art10013_20097,0.008062967940103668,0.015996952961340696,0.010993803462165802,0.14569444444444443,0.3487641922860743,0.022632968691059976,1,copy-move,<1%,art10013
Tp_S_NNN_S_N_art20010_art20010_01816,0.3781451993231059,0.548774105237731,0.5253919904503208,0.3704747408260655,0.9197593314068825,0.6282580898986918,1,copy-move,>5%,art20010
Tp_S_NNN_S_N_art20017_art20017_01823,0.0,0.0,-0.014624257688006648,0.06844660194174758,0.227057724077439,0.005936222576658604,1,copy-move,<1%,art20017
Tp_S_NNN_S_N_art20072_art20072_01878,0.2527537605116665,0.40351706533043397,0.4833031071907004,0.09615384615384616,0.9824779016145408,0.5595714057252519,1,copy-move,1-5%,art20072
Tp_S_NNN_S_N_cha00005_cha00005_00325,0.0,0.0,-0.016312839426075563,0.03383608217592592,0.3321838172020666,0.01752579485994074,1,copy-move,<1%,cha00005
Tp_S_NNN_S_N_cha00008_cha00008_00840,0.0,0.0,-0.005074364770726133,0.004810474537037037,0.5592464906538657,0.016503863536958742,1,copy-move,<1%,cha00008
Tp_S_NNN_S_N_cha00008_cha00008_11157,0.0,0.0,-0.0054390664840856095,0.008083767361111112,0.9843860883736435,0.20113851992409867,1,copy-move,<1%,cha00008
Tp_S_NNN_S_N_cha00008_cha00008_11158,0.0,0.0,-0.005216455181171671,0.01168258101851852,0.9662591824277391,0.07664562669071236,1,copy-move,<1%,cha00008
Tp_S_NNN_S_N_cha00008_cha00008_11159,0.0,0.0,-0.017301713807739125,0.018880208333333332,0.8732898088953285,0.1401535929786067,1,copy-move,1-5%,cha00008
Tp_S_NNN_S_N_cha00008_cha00008_11160,0.27875700458481917,0.43598119671739305,0.48872581408866844,0.1770290798611111,0.9662337862019812,0.5721705850191361,1,copy-move,>5%,cha00008
Tp_S_NNN_S_N_cha00048_cha00048_00368,0.08888888888888889,0.16326530612244897,0.22258553401915582,0.004213686342592593,0.8161567879775973,0.2582278481012658,1,copy-move,1-5%,cha00048
Tp_S_NNN_S_N_cha00052_cha00052_00372,0.21916732128829536,0.3595360824742268,0.3335054429406994,0.13675491898148148,0.9016033772509426,0.4671022640936028,1,copy-move,>5%,cha00052
Tp_S_NNN_S_N_cha00065_cha00065_00385,0.14870466321243522,0.2589084348218313,0.3677495068253296,0.1047092013888889,0.9954493623510812,0.6810387065164135,1,copy-move,1-5%,cha00065
Tp_S_NNN_S_N_cha00065_cha00065_00856,0.13680909447275577,0.24068965517241378,0.23852644190846162,0.03537326388888889,0.9202461151280433,0.22474747474747475,1,copy-move,1-5%,cha00065
Tp_S_NNN_S_N_cha00066_cha00066_10320,0.19787751492372319,0.3303802141011443,0.42974535859975543,0.08179615162037036,0.9855654678250041,0.5273556231003039,1,copy-move,1-5%,cha00066
Tp_S_NNN_S_N_cha00066_cha00066_10321,0.3122908104901919,0.475947568928779,0.4438749029205104,0.42330367476851855,0.8862016912469686,0.5359034305071807,1,copy-move,>5%,cha00066
Tp_S_NNN_S_N_cha00084_cha00084_00869,0.0,0.0,-0.03322382964212159,0.04224537037037037,0.38439803383630544,0.05018867223079354,1,copy-move,1-5%,cha00084
Tp_S_NNN_S_N_cha00084_cha00084_10871,0.07056475284724668,0.13182715507786796,0.2456662892019721,0.1540256076388889,0.9861769539896825,0.4476234425473004,1,copy-move,1-5%,cha00084
Tp_S_NNN_S_N_cha10135_cha10135_12205,0.0,0.0,0.0,0.0,0.49713296594337547,0.02436319272431513,1,copy-move,1-5%,cha10135
Tp_S_NNN_S_N_cha10171_cha10171_12281,0.025890727052289883,0.0504746292554611,0.1528438679450031,0.10003521126760563,0.9843041537142159,0.17863311127559833,1,copy-move,<1%,cha10171
Tp_S_NNN_S_N_cha10202_cha10202_12356,0.0,0.0,-0.006794422969444556,0.05886433672649735,0.9144050633232048,0.010230179028132993,1,copy-move,<1%,cha10202
Tp_S_NNN_S_N_cha10206_cha10206_12344,0.141477437901741,0.24788477319675145,0.353426308216605,0.11437407407407407,0.9814491032311063,0.5064630735505329,1,copy-move,1-5%,cha10206
Tp_S_NNN_S_N_cha10206_cha10206_12345,0.003443455729433023,0.006863278064691492,0.01124469151298752,0.10697407407407407,0.6027095166171818,0.0076058772687986175,1,copy-move,<1%,cha10206
Tp_S_NNN_S_N_cha20044_cha20044_02043,0.0,0.0,-0.013206653296117487,0.10339593114241001,0.11879837962636058,0.0030157899260115787,1,copy-move,<1%,cha10171
Tp_S_NNN_S_N_ind00010_ind00010_01308,0.0,0.0,-0.008744074650216128,0.012279369212962963,0.11066060650182666,0.01216089803554724,1,copy-move,<1%,ind00010
Tp_S_NNN_S_N_ind00057_ind00057_10917,0.0,0.0,-0.012492654600830811,0.025336371527777776,0.7602286008892567,0.029128450937917685,1,copy-move,<1%,ind00057
Tp_S_NNN_S_N_ind00081_ind00081_01365,0.0,0.0,0.0,0.0,0.3513973561469227,0.017544819536393644,1,copy-move,<1%,ind00081
Tp_S_NNN_S_N_ind20025_ind20025_01766,0.42303883064103004,0.5945569741768263,0.5905623075771917,0.20910087719298245,0.937995917568317,0.628536043009542,1,copy-move,>5%,ind20025
Tp_S_NNN_S_N_ind20027_ind20027_01768,0.0,0.0,-0.008892063278450959,0.025224199288256227,0.8970846658182827,0.03857638608667582,1,copy-move,<1%,ind20027
Tp_S_NNN_S_N_nat00017_nat00017_00941,0.0,0.0,-0.009386466800631075,0.028428819444444444,0.7389763493905978,0.017218130899284305,1,copy-move,<1%,nat00017
Tp_S_NNN_S_N_nat00048_nat00048_00967,0.36244333094726794,0.5320490367775832,0.521842910356837,0.21741174768518517,0.9095859673149775,0.5652116050039926,1,copy-move,>5%,nat00048
Tp_S_NNN_S_N_nat00052_nat00052_00662,0.149825378346915,0.26060544699807636,0.34943594741459727,0.15413411458333334,0.9599242568171901,0.4602388581415671,1,copy-move,1-5%,nat00052
Tp_S_NNN_S_N_nat00052_nat00052_11082,0.0,0.0,-0.02545375456288342,0.026801215277777776,0.5133511447635207,0.06049379142666937,1,copy-move,1-5%,nat00052
Tp_S_NNN_S_N_nat10132_nat10132_12141,0.0,0.0,-0.007504092180319207,0.10140246913580248,0.7387231733068608,0.0023441947690968153,1,copy-move,<1%,nat10132
Tp_S_NNN_S_N_nat10164_nat10164_12094,0.1354669722517803,0.23861014994232987,0.32600945755058636,0.19774346793349168,0.9664517834745704,0.5780270537776312,1,copy-move,1-5%,nat10164
Tp_S_NNN_S_N_nat20040_nat20040_01544,0.22342436974789917,0.36524426891044903,0.445584887782188,0.09497240462474318,0.9781300572385871,0.5578442000929225,1,copy-move,1-5%,nat20040
Tp_S_NNN_S_N_nat20070_nat20070_01574,0.06410967847233556,0.12049449369612565,0.2165967125579792,0.25461506450270494,0.9715920038033223,0.4193666707421445,1,copy-move,1-5%,nat20070
Tp_S_NNN_S_N_pla00018_pla00018_00556,0.4765532016186622,0.6454941157504434,0.6597146907309607,0.15183738425925927,0.9944566299234141,0.8497014356498539,1,copy-move,>5%,pla00018
Tp_S_NNN_S_N_pla00018_pla00018_01138,0.3460947222018886,0.5142204578824298,0.5320173730219856,0.2465277777777778,0.9468038984830259,0.594467333725721,1,copy-move,>5%,pla00018
Tp_S_NNN_S_N_pla00028_pla00028_01144,0.0,0.0,0.0,0.0,0.7702852040593423,0.06972269383135257,1,copy-move,1-5%,pla00028
Tp_S_NNN_S_N_pla00035_pla00035_00570,0.0,0.0,0.0,0.0,0.6967704142429587,0.3655779455788392,1,copy-move,>5%,pla00035
Tp_S_NNN_S_N_pla00035_pla00035_01135,0.35298346513299783,0.5217853347502657,0.4703279673463581,0.47777416087962965,0.9187355862169656,0.6518245600282209,1,copy-move,>5%,pla00035
Tp_S_NNN_S_N_pla00038_pla00038_00573,0.31304909560723515,0.47682770835383254,0.5207906306575972,0.1381293402777778,0.9761017417537287,0.6546364123637664,1,copy-move,1-5%,pla00038
Tp_S_NNN_S_N_pla00038_pla00038_01151,0.1979794549622209,0.33052228757706753,0.40011968695952926,0.21247468171296297,0.9727222210191605,0.5926904447380009,1,copy-move,1-5%,pla00038
Tp_S_NNN_S_N_pla00081_pla00081_01183,0.0,0.0,-0.017108324452122577,0.014811197916666666,0.6101056225162405,0.047663962774319314,1,copy-move,1-5%,pla00081
Tp_S_NNN_S_N_pla20005_pla20005_01905,0.0715693707354056,0.13357860478279326,0.2550127782037644,0.09770370370370371,0.9922283131401943,0.4979811574697174,1,copy-move,<1%,pla20005
Tp_S_NNN_S_N_pla20005_pla20005_02397,0.01174189378433696,0.023211243611584328,0.013217199289348627,0.0611037037037037,0.3643614813486608,0.024977155041120927,1,copy-move,<1%,pla20005
Tp_S_NNN_S_N_pla20044_pla20044_01944,0.40462886952837435,0.5761363422129215,0.5676043597801904,0.2735891812865497,0.930537129639367,0.6354407117724838,1,copy-move,>5%,pla20044
Tp_S_NNN_S_N_pla20045_pla20045_02381,0.0,0.0,-0.017797323369711498,0.07312865497076024,0.11446841822006946,0.008004975670435005,1,copy-move,<1%,pla20045
Tp_S_NNN_S_N_sec00038_sec00038_00800,0.0,0.0,0.0,0.0,0.6870474506167694,0.03489091433991834,1,copy-move,<1%,sec00038
Tp_S_NNN_S_N_sec00080_sec00080_00776,0.0,0.0,0.0,0.0,0.7679274875984827,0.043963045555909526,1,copy-move,<1%,sec00080
Tp_S_NNN_S_N_sec00080_sec00080_10381,0.16752737037802107,0.28697806086341116,0.39124792666406066,0.08734809027777778,0.9846886687664955,0.5042735042735043,1,copy-move,1-5%,sec00080
Tp_S_NNN_S_N_sec00089_sec00089_00775,0.3615811175885113,0.5311194653299917,0.5344072701522621,0.11754918981481481,0.9484710031583179,0.5563962286113374,1,copy-move,>5%,sec00089
Tp_S_NNN_S_N_sec20001_sec20001_02113,0.08172934557299379,0.15110867779906925,0.19642198867789046,0.022607407407407406,0.9569531498015873,0.10030688294607629,1,copy-move,<1%,sec20001
Tp_S_NNN_S_N_sec20043_sec20043_01633,0.0,0.0,-0.005981080833903908,0.012824995886128024,0.015080499685798004,0.005479958130656979,1,copy-move,<1%,sec20043
Tp_S_NNN_S_N_sec20074_sec20074_01664,0.0,0.0,-0.02169152069526195,0.1288373804267844,0.5423996295678991,0.008679561175485746,1,copy-move,<1%,sec20074
Tp_S_NNN_S_N_sec20078_sec20078_02144,0.0,0.0,-0.01051715927781273,0.021398086828550406,0.2665965702950312,0.010132807928477783,1,copy-move,<1%,sec20078
Tp_S_NRD_S_B_ani00029_ani00029_00149,0.14463859020310632,0.2527235957988127,0.3370280050043023,0.2421875,0.9856646498569138,0.6694478527607362,1,copy-move,1-5%,ani00029
Tp_S_NRD_S_B_ani00049_ani00049_00169,0.21621971757999742,0.3555602897315722,0.425318643103979,0.13783998842592593,0.9627177109815064,0.4687872087089641,1,copy-move,1-5%,ani00049
Tp_S_NRD_S_B_arc20003_arc20003_01456,0.2974502923976608,0.4585151263837306,0.4860524321106131,0.08048139158576052,0.8821611992369771,0.47838643562511646,1,copy-move,1-5%,arc20003
Tp_S_NRD_S_B_cha20044_nat20042_02432,0.20044601407460758,0.333952567170005,0.1674162772717627,0.15847026604068856,0.8401445308295649,0.7787109748218787,1,splicing,>5%,cha10171
Tp_S_NRD_S_B_sec00089_sec00089_01435,0.0,0.0,-0.03260971036786491,0.08756510416666667,0.33234847104911264,0.024676276569753238,1,copy-move,1-5%,sec00089
Tp_S_NRD_S_B_sec20033_sec20033_01623,0.09953767406021245,0.18105368539607058,0.2499817237942888,0.3714411535783049,0.9326183315080285,0.4203164411832149,1,copy-move,1-5%,sec20033
Tp_S_NRD_S_B_sec20070_sec20070_01660,0.0,0.0,-0.015693757474227486,0.03222222222222222,0.22658607395924474,0.014581594574111914,1,copy-move,<1%,sec20070
Tp_S_NRD_S_N_ani00081_ani00081_00201,0.21198684022314404,0.3498170659742712,0.4294875852080772,0.12559678819444445,0.9622976760829374,0.39378547953391096,1,copy-move,1-5%,ani00081
Tp_S_NRD_S_N_ani20011_ani20011_02054,0.274288256227758,0.43049640438455633,0.48119901580806784,0.1709272030651341,0.9753064562250946,0.6290929271751865,1,copy-move,1-5%,ani10135
Tp_S_NRD_S_N_art00026_art00026_01213,0.0,0.0,-0.03110634260439685,0.34145326967592593,0.6097970841755722,0.007730577879831611,1,copy-move,<1%,art00026
Tp_S_NRD_S_N_cha00005_cha00005_00839,0.0,0.0,-0.01941318490877575,0.032787181712962965,0.24587193109456096,0.02199670772959968,1,copy-move,1-5%,cha00005
Tp_S_NRD_S_N_cha00066_cha00066_00857,0.0,0.0,0.0,0.0,0.4640745322531475,0.11163664304618799,1,copy-move,>5%,cha00066
Tp_S_NRD_S_N_cha00084_cha00084_00879,0.0,0.0,-0.022024667429528626,0.02101417824074074,0.8844984411738671,0.1849551414768806,1,copy-move,1-5%,cha00084
Tp_S_NRD_S_N_ind00081_ind00081_10670,0.0,0.0,-0.008776258227063705,0.002947771990740741,0.7132084923377117,0.09003176886651082,1,copy-move,1-5%,ind00081
Tp_S_NRN_M_B_ani00029_ani00029_20121,0.21370266291984477,0.3521499448732084,0.2443733579363157,0.12400535300925926,0.6767198941067337,0.39101788916225344,1,copy-move,>5%,ani00029
Tp_S_NRN_M_N_art00042_art00042_10543,0.2438034928016623,0.39202895668430054,0.22296355342478405,0.26224320023148145,0.6348365455708059,0.3914130391651125,1,copy-move,>5%,art00042
Tp_S_NRN_M_N_nat10164_nat00097_12097,0.07868469265272601,0.1458900699874081,0.08725114355087875,0.06083851234829011,0.635788702034948,0.7007639623716555,1,splicing,>5%,nat10164
Tp_S_NRN_M_N_nat10164_nat10124_12095,0.0747507257352013,0.1391033733595608,0.07802242635138457,0.059268538704324344,0.5943478365240176,0.6680133565140602,1,splicing,>5%,nat10164
Tp_S_NRN_S_B_ani10202_ani10202_12413,0.26666666666666666,0.42105263157894735,0.4988779011778441,0.07226360575776052,0.9835641840826146,0.5556951423785594,1,copy-move,1-5%,ani10202
Tp_S_NRN_S_B_arc20027_arc20027_01480,0.0,0.0,-0.03448796490270957,0.04485185185185185,0.20388662643215383,0.04821628655076445,1,copy-move,1-5%,arc20027
Tp_S_NRN_S_B_arc20063_arc20063_02197,0.0,0.0,0.0,0.0,0.3543407416690812,0.02067294249231056,1,copy-move,<1%,arc20063
Tp_S_NRN_S_B_art00039_art00039_01415,0.3788074855663946,0.5494711764068874,0.37173691131151415,0.7246997974537037,0.7729306867203531,0.5887707958761009,1,copy-move,>5%,art00039
Tp_S_NRN_S_B_cha00065_cha00065_10176,0.0,0.0,-0.018464326747666546,0.02638527199074074,0.41286098585591346,0.02537161850244668,1,copy-move,1-5%,cha00065
Tp_S_NRN_S_B_sec00038_sec00038_10483,0.25504575248231554,0.4064325973421583,0.4450275121956272,0.27866391782407407,0.9553997131676925,0.6096316229006217,1,copy-move,>5%,sec00038
Tp_S_NRN_S_B_sec20004_sec20004_01439,0.0,0.0,-0.021569146590339244,0.07254824561403508,0.43069986163558405,0.01368270933885514,1,copy-move,<1%,sec20004
Tp_S_NRN_S_N_ani00045_ani00045_00831,0.3779790738229025,0.5485991492951805,0.4985520082922082,0.36250361689814814,0.871907526730892,0.5676795045480937,1,copy-move,>5%,ani00045
Tp_S_NRN_S_N_ani00069_ani00069_00189,0.2466996699669967,0.3957643944407677,0.3898381216366142,0.4371744791666667,0.8980405316985998,0.5297810604062253,1,copy-move,>5%,ani00069
Tp_S_NRN_S_N_ani20017_ani20017_02060,0.29533640643389564,0.45599954570406404,0.40131887149133355,0.28713409961685826,0.843079963855256,0.4913269493844049,1,copy-move,>5%,ani10141
Tp_S_NRN_S_N_arc00091_arc00091_01039,0.0,0.0,-0.01707172937086156,0.016077112268518517,0.6087944214002677,0.0600304233294995,1,copy-move,1-5%,arc00091
Tp_S_NRN_S_N_arc20003_arc20003_02151,0.0,0.0,-0.010342080680909948,0.06593446601941748,0.3703054857791103,0.003273193507874481,1,copy-move,<1%,arc20003
Tp_S_NRN_S_N_arc20034_arc20034_02473,0.023212118839785495,0.045371078806426934,0.0974276454078218,0.10765893470790378,0.8028823808871131,0.03954932168314555,1,copy-move,<1%,arc20034
Tp_S_NRN_S_N_art00042_art00042_01226,0.0,0.0,-0.037875664553825614,0.08130787037037036,0.014367714935567604,0.03140019224607497,1,copy-move,1-5%,art00042
Tp_S_NRN_S_N_art00047_art00047_01022,0.0,0.0,-0.026800289642123772,0.08116319444444445,0.38598635615447807,0.016330416315770202,1,copy-move,<1%,art00047
Tp_S_NRN_S_N_cha00035_cha00035_11733,0.0,0.0,-0.012849250319292255,0.01265914351851852,0.8268758576015134,0.08390817595838516,1,copy-move,1-5%,cha00035
Tp_S_NRN_S_N_cha00066_cha00066_00386,0.155154091392136,0.2686292548298068,0.3792775952959889,0.08508752893518519,0.9854696228000225,0.49441663457835966,1,copy-move,1-5%,cha00066
Tp_S_NRN_S_N_cha10206_cha10206_12343,0.037930634497158104,0.07308895842646401,0.08877570567791283,0.11943703703703704,0.46643135701539173,0.16262926760164328,1,copy-move,1-5%,cha10206
Tp_S_NRN_S_N_cha20022_cha20022_02021,0.2592538405267008,0.4117578714999419,0.49940118216768115,0.05062962962962963,0.9895120717035,0.5385789384432762,1,copy-move,1-5%,cha10135
Tp_S_NRN_S_N_ind00036_ind00036_00450,0.0,0.0,-0.0445000948661302,0.12355324074074074,0.4332131700640338,0.033449781659388646,1,copy-move,1-5%,ind00036
Tp_S_NRN_S_N_ind00068_ind00068_10690,0.0,0.0,-0.0072409122531595475,0.011103877314814815,0.35774670307044404,0.010085770383383279,1,copy-move,<1%,ind00068
Tp_S_NRN_S_N_ind00081_ind00081_10669,0.0,0.0,-0.004548816224971545,0.0027488425925925927,0.6956020931831578,0.029011923748765853,1,copy-move,<1%,ind00081
Tp_S_NRN_S_N_ind20006_ind20006_02266,0.0,0.0,0.0,0.0,0.8027847639023881,0.02479406247451268,1,copy-move,<1%,ind20006
Tp_S_NRN_S_N_ind20054_ind20054_01795,0.0,0.0,-0.010100873924646864,0.017839006650722408,0.5615621907627683,0.017385200982641794,1,copy-move,<1%,ind20054
Tp_S_NRN_S_N_nat00017_nat00017_11050,0.0,0.0,-0.014368895033217607,0.03566261574074074,0.613311169539211,0.022179647778350894,1,copy-move,<1%,nat00017
Tp_S_NRN_S_N_nat00040_nat00040_00959,0.0,0.0,-0.041400671501102895,0.11178023726851852,0.6061483783837791,0.03987184051263795,1,copy-move,1-5%,nat00040
Tp_S_NRN_S_N_nat10144_nat10144_11963,0.04287622980687477,0.08222688096901934,0.16121117844825458,0.09363425925925926,0.9092408576658941,0.2854240731335703,1,copy-move,<1%,nat10144
Tp_S_NRN_S_N_nat10144_nat10144_11973,0.026490396607632825,0.05161353032659409,0.0881947273819458,0.11219328703703704,0.7343302805209362,0.15342032423882956,1,copy-move,<1%,nat10144
Tp_S_NRN_S_N_pla00018_pla00018_10995,0.0,0.0,-0.01147686313409963,0.005063657407407407,0.3587821020567643,0.05120642937457374,1,copy-move,1-5%,pla00018
Tp_S_NRN_S_N_pla20045_pla20045_01945,0.16799807507218478,0.28766841086069794,0.32369086146954174,0.14317982456140352,0.8521825348403967,0.4670167377748605,1,copy-move,1-5%,pla20045
Tp_S_NRN_S_N_pla20079_pla20079_01979,0.0,0.0,-0.007150035331564835,0.009079445145018916,0.5475805424781458,0.01408607194884077,1,copy-move,<1%,pla20079
Tp_S_NRN_S_N_pla20093_pla20093_01993,0.24597277927542902,0.39482849604221637,0.399933891382387,0.24961538461538463,0.9005520490363482,0.5146351750316323,1,copy-move,>5%,pla20093
Tp_S_NRN_S_N_sec00059_sec00059_00731,0.0,0.0,-0.007008219392856359,0.003200954861111111,0.4068825924960773,0.030048338631711885,1,copy-move,1-5%,sec00059
Tp_S_NRN_S_N_sec00059_sec00059_11268,0.0,0.0,-0.00462918562636574,0.002296730324074074,0.5944171923388017,0.028154217880029416,1,copy-move,<1%,sec00059
Tp_S_NRN_S_N_sec00060_sec00060_11265,0.0,0.0,-0.008110657857827035,0.01806640625,0.8215830215933924,0.023543990086741014,1,copy-move,<1%,sec00060
Tp_S_NRN_S_N_sec20004_sec20004_02116,0.14514066496163683,0.2534896705750977,0.32924184925010735,0.14789912280701753,0.9143136550633197,0.5560842963970088,1,copy-move,1-5%,sec20004
Tp_S_NRN_S_N_txt00070_txt00070_11315,0.2622196664749856,0.4154897494305239,0.46210383720080067,0.18650535300925927,0.952379802623255,0.5348749528716853,1,copy-move,>5%,txt00070
Tp_S_NRN_S_N_txt00070_txt00070_11316,0.1813543599257885,0.30702787593246955,0.3890375223300466,0.19495081018518517,0.9860354258605137,0.7158693115519253,1,copy-move,1-5%,txt00070
Tp_S_NRN_S_O_cha00035_cha00067_11734,0.02242152466367713,0.043859649122807015,0.01995471886971888,0.02228009259259259,0.823881614804087,0.1801311790113582,1,splicing,1-5%,cha00035
Tp_D_CNN_M_B_nat00056_nat00099_11105,0.0594260904958958,0.1121854389447397,0.08027761872492287,0.04495804398148148,0.4168694922102919,0.6841178430346009,0,splicing,>5%,nat00056
Tp_D_CNN_M_N_arc00086_arc00086_00306,0.2780561326326938,0.4351235059760956,0.2116610515032785,0.2772894965277778,0.5800272928815541,0.45320447609359105,0,splicing,>5%,arc00086
Tp_D_CNN_M_N_nat00089_nat00062_10577,0.0,0.0,0.0,0.0,0.9362314358227662,0.8440565903597327,0,splicing,>5%,nat00089
Tp_D_CNN_M_N_nat00089_nat00089_10576,0.47499470675418165,0.6440629306384933,0.34144951341474,0.8541304976851852,0.6692797523083177,0.649525989844736,0,copy-move,>5%,nat00089
Tp_D_CNN_S_B_cha00025_cha00025_00345,0.26348325238125275,0.41707438841737393,0.34260738747201497,0.24741391782407407,0.8340216010165185,0.4761131211696079,0,copy-move,>5%,cha00025
Tp_D_CNN_S_B_txt00055_txt00047_11328,0.0883005267535348,0.16227232199719782,-0.05932413007368275,0.4413158275462963,0.5237295464274955,0.3213850623184331,0,splicing,>5%,txt00055
Tp_D_CRD_M_N_txt00068_txt00065_10135,0.31376570110228147,0.47765853658536583,0.172390510140197,0.5356987847222222,0.5858495176825096,0.552344992745643,0,splicing,>5%,cha00088
Tp_D_CRD_M_N_txt00068_txt00065_10136,0.24120588406302693,0.3886637779599485,0.0473184924833976,0.28757957175925924,0.6438563011771972,0.7388025663636087,0,splicing,>5%,cha00088
Tp_D_CRN_M_N_nat10129_cha00086_11522,0.0,0.0,-0.026591625105478727,0.007016782407407407,0.8089203332596787,0.3968197879858657,0,splicing,>5%,nat10129
Tp_D_CRN_M_N_txt00050_txt00049_10368,0.0,0.0,0.0,0.0,0.37342725152439493,0.12705993936622462,0,splicing,>5%,txt00050
Tp_D_CRN_M_O_ani00030_ani00079_10003,0.0,0.0,-0.014020495220424013,0.003851996527777778,0.46006276883472363,0.11425520555258943,0,splicing,1-5%,ani00030
Tp_D_CRN_S_B_cha00056_ani00070_00376,0.0,0.0,-0.05724026496633488,0.051432291666666664,0.27519535904476944,0.11727002067016859,0,splicing,>5%,cha00056
Tp_D_CRN_S_B_pla00071_pla00070_11214,0.0,0.0,0.0,0.0,0.7414489750459986,0.266431842197957,0,splicing,>5%,pla00071
Tp_D_CRN_S_B_sec00050_sec00055_11246,0.0,0.0,-0.031154606830192465,0.024848090277777776,0.5347290815864819,0.09164037153904271,0,splicing,1-5%,sec00050
Tp_D_CRN_S_N_cha10130_art00092_12187,0.0,0.0,-0.015797923994264516,0.09672553348050036,0.7075488111420495,0.010035064607993182,0,splicing,<1%,cha10130
Tp_D_CRN_S_N_nat10129_ani00100_11644,0.005071315372424723,0.010091453800063072,-0.018525184109354727,0.033637152777777776,0.7324948286767681,0.09231094212082805,0,splicing,1-5%,nat10129
Tp_D_CRN_S_N_sec00022_art00076_11743,0.0,0.0,-0.007997396150424593,0.007016782407407407,0.767390870694715,0.03990414669722859,0,splicing,<1%,ind00014
Tp_D_CRN_S_N_txt00039_txt00041_10828,0.0,0.0,0.0,0.0,0.34684917965902473,0.1655987184621546,0,splicing,>5%,txt00039
Tp_D_CRN_S_N_txt00055_txt00048_11329,0.029119884099963782,0.05659182093334272,-0.15915319705305955,0.4286205150462963,0.3615772449205752,0.15707643853421988,0,splicing,>5%,txt00055
Tp_D_NND_M_N_arc00049_arc00092_00269,0.17779320452003547,0.30190903434952027,0.2302831971684658,0.10772931134259259,0.9265598312169825,0.8946793145177031,0,splicing,>5%,arc00049
Tp_D_NNN_L_B_arc00032_nat00095_00252,0.716460012399256,0.8348111895689235,0.6784116244370585,0.5378146701388888,0.8204878159965557,0.8303735881841877,0,splicing,>5%,arc00032
Tp_D_NNN_L_B_arc00038_nat00007_00258,0.1389754655158635,0.24403592478248667,-0.014219117509854735,0.2865668402777778,0.6226911939392825,0.4782015108764904,0,splicing,>5%,arc00038
Tp_D_NNN_L_N_txt00068_cha00074_10194,0.0715843023255814,0.13360461173279078,-0.1241020774673427,0.13236038773148148,0.48426396291390583,0.6247512932749701,0,splicing,>5%,cha00088
Tp_D_NNN_M_B_arc10117_arc10115_10744,0.09760314810398282,0.17784779184094737,0.23421890712603777,0.021513641755634638,0.5460506463085664,0.26827988889748816,0,splicing,>5%,arc10117
Tp_D_NNN_M_B_art00023_nat00095_11877,0.8996098526757119,0.9471522285574152,0.9252837269665596,0.29966001157407407,0.9944822109619592,0.9371296700555105,0,splicing,>5%,art00023
Tp_D_NNN_M_B_art00037_txt10112_10108,0.0,0.0,-0.38784891019430684,0.20815248842592593,0.12479232156921885,0.5336904351515473,0,splicing,>5%,art00037
Tp_D_NNN_M_N_art00023_nat00013_11876,0.0,0.0,0.0,0.0,0.5680594329733811,0.47250501864066535,0,splicing,>5%,art00023
Tp_D_NNN_M_N_art00023_nat00059_11875,0.06087538226299694,0.11476443563642916,-0.06880741286450584,0.11510778356481481,0.5352330943247978,0.4576468799107822,0,splicing,>5%,art00023
Tp_D_NNN_M_N_art00023_nat10122_11873,0.053078865578865576,0.1008070094535393,-0.07442979123022289,0.1045826099537037,0.6658001038159455,0.5409038238702202,0,splicing,>5%,art00023
Tp_D_NNN_M_N_art00037_nat10103_10107,0.0,0.0,-0.12293533028889508,0.025933159722222224,0.08065448023759697,0.5316852321459393,0,splicing,>5%,art00037
Tp_D_NNN_M_N_art00037_pla10110_10106,0.025455170044658193,0.049646578004086964,-0.2782479803449806,0.17936197916666666,0.1570409013829987,0.5299286179531829,0,splicing,>5%,art00037
Tp_D_NNN_M_N_art00088_txt00002_10327,0.004620515086986219,0.009198528235482322,-0.2802501874093541,0.22777416087962962,0.10997422713313157,0.3665608153016764,0,splicing,>5%,art00088
Tp_D_NNN_M_N_art00088_txt00098_10326,0.029306194839744944,0.05694358974358974,-0.2096055741107395,0.21596498842592593,0.32260394962182753,0.3672480763266331,0,splicing,>5%,art00088
Tp_D_NNN_M_N_sec00087_cha00062_11470,0.008542713567839196,0.016940707523667164,-0.016358608886869495,0.013310185185185185,0.5764733093661134,0.30049991380796415,0,splicing,>5%,sec00087
Tp_D_NNN_M_N_txt00013_txt00019_10847,0.00565358917252013,0.011243611584327087,-0.06316427392732274,0.012532552083333334,0.5509910315456676,0.682691505961669,0,splicing,>5%,txt00013
Tp_D_NNN_M_N_txt00040_txt00042_10007,0.0009892143723275258,0.0019764735885747075,-0.2048226768097881,0.5293149594907407,0.11703930478124026,0.07317583106836713,0,splicing,1-5%,txt00040
Tp_D_NNN_M_N_txt00050_txt00059_10369,0.0,0.0,0.0,0.0,0.4090574241371508,0.342286108693695,0,splicing,>5%,txt00050
Tp_D_NNN_M_N_txt00065_txt00066_10008,0.0,0.0,0.0,0.0,0.5723856859246399,0.43362201477149176,0,splicing,>5%,cha00088
Tp_D_NNN_M_N_txt00068_txt00065_10123,0.21159480954374216,0.34928312316462257,-0.23798384998045372,0.2638346354166667,0.29121930989862604,0.9405475830092158,0,splicing,>5%,cha00088
Tp_D_NNN_M_O_arc00041_nat00097_00261,0.054195484319537454,0.10281866148292142,0.1678295182820506,0.02678313078703704,0.9686697862016187,0.9104713698196774,0,splicing,>5%,arc00041
Tp_D_NNN_S_B_art20064_nat20042_02325,0.03475910470409712,0.0671829888639384,-0.009166540793760843,0.07877083333333333,0.7010695062020782,0.2344559585492228,0,splicing,>5%,art20064
Tp_D_NNN_S_B_cha00088_cha00063_00408,0.4983283477036776,0.6651790957134469,0.6394777260137527,0.0712890625,0.9507710300346341,0.6345814749507313,0,splicing,>5%,cha00088
Tp_D_NNN_S_B_cha00088_txt00068_10182,0.05701562909281411,0.10788038988931109,0.044127647248507956,0.17057291666666666,0.7669155041402169,0.20751537235253928,0,splicing,1-5%,cha00088
Tp_D_NNN_S_B_ind00079_ind00080_00477,0.0,0.0,-0.06977682468358935,0.1858181423611111,0.5043244144466139,0.04999330207635633,0,splicing,1-5%,ind00079
Tp_D_NNN_S_B_nat00079_nat00040_00676,0.0920366291874348,0.16855960089162508,0.2807297119616882,0.014359085648148149,0.8710104554305623,0.5816720592839996,0,splicing,>5%,nat00079
Tp_D_NNN_S_B_nat00089_nat00065_00696,0.0,0.0,-0.024124818767403196,0.02765118634259259,0.7634652402750822,0.0884906960716747,0,splicing,1-5%,nat00089
Tp_D_NNN_S_B_txt00068_cha00065_10178,0.12545360290305857,0.22293873790879778,0.25447745139522615,0.16422526041666666,0.860327508214925,0.21538918597742127,0,splicing,1-5%,cha00088
Tp_D_NNN_S_N_ani10193_ani10195_12442,0.0,0.0,-0.03578225237780122,0.04587861974614274,0.550432743528068,0.06259813309867661,0,splicing,1-5%,ani10193
Tp_D_NNN_S_N_ani20069_ani20070_02111,0.0,0.0,-0.0255905317391768,0.056576347191609026,0.6093214839692244,0.033485870437441716,0,splicing,1-5%,ani10193
Tp_D_NNN_S_N_arc00047_arc00086_00267,0.3190987245041299,0.4838132560913273,0.3542181122469674,0.24278428819444445,0.7599514934588347,0.5031290987446131,0,splicing,>5%,arc00047
Tp_D_NNN_S_N_art00037_cha00040_01417,0.03523337752040745,0.06806847284000539,-0.06573026511854128,0.17397280092592593,0.7101384725749897,0.286338456737146,0,splicing,>5%,art00037
Tp_D_NNN_S_N_cha10187_cha10188_12307,0.05374226223972988,0.1020026702269693,0.220286102384691,0.027498057498057497,0.9863870452681212,0.13015785101080032,0,splicing,<1%,cha10187
Tp_D_NNN_S_N_ind00053_cha00023_00459,0.20289296046287367,0.33734167067500404,0.36284539096009083,0.02790436921296296,0.7254747054607604,0.32982566357782317,0,splicing,>5%,ind00053
Tp_D_NNN_S_N_ind00053_ind00020_01342,0.0,0.0,-0.04006266185861642,0.013581452546296295,0.5714777524801942,0.21487971074954804,0,splicing,>5%,ind00053
Tp_D_NNN_S_N_nat00007_ani00021_00627,0.014908430452550326,0.0293788680933562,-0.06655497541981684,0.04660373263888889,0.3729412016187422,0.32765764403447756,0,splicing,>5%,nat00007
Tp_D_NNN_S_N_nat20055_nat20054_01559,0.0,0.0,-0.011707861759952275,0.013836083213773314,0.5124381201434528,0.026680714584527664,0,splicing,<1%,nat20055
Tp_D_NNN_S_N_pla20033_pla20032_01933,0.0,0.0,-0.04435601598979694,0.04256666666666667,0.3457892702504314,0.08131025918444573,0,splicing,1-5%,pla20033
Tp_D_NNN_S_N_sec00051_sec00055_11240,0.0,0.0,-0.02826174316003984,0.026656539351851853,0.3785618579723091,0.058977444183425966,0,splicing,1-5%,sec00051
Tp_D_NNN_S_O_arc00062_arc00060_11494,0.0,0.0,-0.028282276585064464,0.06228298611111111,0.7671105286959474,0.05694169960474308,0,splicing,1-5%,arc00062
Tp_D_NNN_S_O_pla20082_arc20003_01982,0.13857272434678292,0.24341479711150515,0.18508377493250355,0.07564814814814814,0.8851312821765888,0.4229021324457009,0,splicing,>5%,pla20082
Tp_D_NNN_S_O_sec20058_sec20053_01648,0.010555193899376918,0.02088989094924769,0.04372390450973885,0.004797504120555686,0.7716098364355749,0.5303249354158273,0,splicing,>5%,sec20058
Tp_D_NRD_S_N_arc00015_arc00045_11756,0.0,0.0,-0.008923354294096129,0.0031105324074074073,0.5773940917862326,0.06632364429837559,0,splicing,1-5%,arc00015
Tp_D_NRD_S_N_cha20017_ani20036_02016,0.0,0.0,-0.051572366922968335,0.11020603384841796,0.33837945739250835,0.045789994617027555,0,splicing,1-5%,cha10130
Tp_D_NRN_M_B_arc00094_nat00097_11203,0.014738413892268555,0.029048696078698533,0.07175661520210579,0.009639033564814815,0.8818712337175468,0.8838198288877706,0,splicing,>5%,arc00094
Tp_D_NRN_M_B_ind00053_cha00062_11379,0.0,0.0,-0.03304194900310216,0.016981336805555556,0.7927501230627834,0.2689398487213351,0,splicing,>5%,ind00053
Tp_D_NRN_M_B_ind00053_cha00063_11390,0.2746313314810857,0.43091884641180417,0.42359892047130804,0.03761574074074074,0.8527866268252569,0.4168023445131879,0,splicing,>5%,ind00053
Tp_D_NRN_M_B_ind00053_cha00070_11480,0.2845615103532278,0.443048476946782,0.4404653863745588,0.0478515625,0.7577248420001891,0.41927765751395696,0,splicing,>5%,ind00053
Tp_D_NRN_M_B_nat00098_arc00065_11449,0.26512968299711814,0.4191343963553531,0.4789748900236973,0.0983615451388889,0.9631543173987542,0.49469964664310956,0,splicing,1-5%,nat00098
Tp_D_NRN_M_B_nat00098_nat00095_11464,0.6088945929356621,0.7569104845142718,0.685490144607477,0.22444661458333334,0.9145327867290036,0.761299795709908,0,splicing,>5%,nat00098
Tp_D_NRN_M_B_sec20053_arc20001_02131,0.08739947767176066,0.16074953035455258,0.05360765482841899,0.078481127667307,0.8721603697473794,0.8168378159134213,0,splicing,>5%,sec20053
Tp_D_NRN_M_N_cha00027_cha00028_11785,0.0,0.0,-0.017715362407668564,0.003472222222222222,0.6608014397782092,0.21322611950644668,0,splicing,>5%,cha00027
Tp_D_NRN_M_N_cha10130_cha00067_12188,0.0,0.0,-0.08175141145327239,0.08643855776306107,0.408862318290704,0.12393735399416668,0,splicing,>5%,cha10130
Tp_D_NRN_M_N_cha10175_cha10174_12279,0.0,0.0,-0.06778324914213357,0.06434552845528456,0.5401572642498843,0.1342830479317285,0,splicing,>5%,cha10175
Tp_D_NRN_M_N_cha10207_cha10208_12339,0.0,0.0,-0.0606790098182737,0.045814814814814815,0.23465282997283538,0.13298065453036667,0,splicing,>5%,cha10207
Tp_D_NRN_M_N_ind00014_ind00055_10910,0.17732098486559747,0.3012279355333845,0.33537989249299527,0.03725405092592592,0.8808734866243317,0.5579640718562874,0,splicing,>5%,ind00014
Tp_D_NRN_M_N_ind00053_cha00036_11777,0.07052571100258546,0.13175902321212934,0.10515414806996339,0.03177445023148148,0.6525026629741,0.2467775079394732,0,splicing,>5%,ind00053
Tp_D_NRN_M_N_ind00053_cha00062_11378,0.0016289961311341885,0.0032526936369180726,-0.040598827142223355,0.030472366898148147,0.7626788771197774,0.27267467090987996,0,splicing,>5%,ind00053
Tp_D_NRN_M_N_nat00089_pla10118_10583,0.22484437790560238,0.36713950271800316,0.29178239109149573,0.09839644444444444,0.7352205120119543,0.4096458436872015,0,splicing,>5%,nat00089
Tp_D_NRN_M_N_nat00098_art00096_11448,0.0,0.0,-0.04081339738679687,0.031322337962962965,0.46491165290473513,0.11264607401822738,0,splicing,1-5%,nat00098
Tp_D_NRN_M_N_nat00098_nat00099_10062,0.0,0.0,-0.12499838334199762,0.030183015046296297,0.3417364844867036,0.5126000676513699,0,splicing,>5%,nat00098
Tp_D_NRN_M_N_nat10126_cha00063_11652,0.25322919795734455,0.4041227229146692,0.4729595792957884,0.03135850694444445,0.8606488206986458,0.5832244176212809,0,splicing,>5%,nat10126
Tp_D_NRN_M_N_nat10126_cha10110_11535,0.2820202996616723,0.4399622997172479,0.4172496435317796,0.04099754050925926,0.81771859260503,0.4489173528514791,0,splicing,>5%,nat10126
Tp_D_NRN_M_N_nat10129_cha00071_11731,0.4255578093306288,0.5970404097894138,0.5721514148088215,0.06882957175925926,0.9515016501902975,0.5841305571187394,0,splicing,>5%,nat10129
Tp_D_NRN_M_N_nat10133_nat00013_11910,0.07449670655905001,0.13866344327404592,0.0708960986118489,0.056273408239700375,0.6806020610149421,0.3758461240923396,0,splicing,>5%,nat10133
Tp_D_NRN_M_N_sec00087_cha00070_11469,0.17788304475661548,0.3020385522118985,0.31913077457790096,0.03125,0.6657936704007423,0.29565456545654567,0,splicing,>5%,sec00087
Tp_D_NRN_M_N_sec00087_nat00062_11410,0.1794832240647898,0.30434213968087886,0.322394799014913,0.05336733217592592,0.906398485320054,0.6911895809915113,0,splicing,>5%,sec00087
Tp_D_NRN_M_N_txt00065_sec00077_10391,0.0175834084761046,0.034559149313247675,-0.13999151379043961,0.08436414930555555,0.15559154553355303,0.44113667117726657,0,splicing,>5%,cha00088
Tp_D_NRN_M_N_txt00068_txt10112_10109,0.10842336331941635,0.19563529046287667,-0.045877443743370654,0.2101779513888889,0.5280634675991803,0.41244447068199597,0,splicing,>5%,cha00088
Tp_D_NRN_S_B_ani00066_ani00013_00186,0.02215093186678888,0.043341802421162756,0.05671059546085125,0.008608217592592593,0.7277451097356755,0.33482910063013177,0,splicing,>5%,ani00066
Tp_D_NRN_S_B_arc00094_ani00100_00314,0.0,0.0,-0.11672352627629186,0.3579644097222222,0.25267750968670033,0.05310732188512874,0,splicing,1-5%,arc00094
Tp_D_NRN_S_B_arc00099_ani00058_00319,0.0,0.0,-0.02381861664983157,0.04635054976851852,0.18978662157155207,0.02281260056495155,0,splicing,1-5%,arc00099
Tp_D_NRN_S_B_nat00020_cha00019_20017,0.09273039496279337,0.16972236773179675,0.017692021052290327,0.16458695023148148,0.6186842016238159,0.3301482906248061,0,splicing,>5%,nat00020
Tp_D_NRN_S_B_nat00098_nat00061_11463,0.0,0.0,-0.028003136116826213,0.041323061342592594,0.5870823946339712,0.055917609319601554,0,splicing,1-5%,nat00098
Tp_D_NRN_S_B_nat10117_nat10118_11343,0.30369953579969056,0.4659041864479931,0.42412552033155526,0.09653501157407407,0.9236868844278848,0.47632615436185366,0,splicing,>5%,nat10117
Tp_D_NRN_S_B_nat20017_nat20016_01521,0.0,0.0,0.0,0.0,0.21114500876011838,0.015911247354207722,0,splicing,<1%,nat20017
Tp_D_NRN_S_B_sec00070_cha00030_00091,0.0,0.0,-0.01514579570807408,0.0024052372685185184,0.618093366071892,0.21751205964040346,0,splicing,>5%,sec00070
Tp_D_NRN_S_B_sec00088_ani00100_00719,0.12544045102184637,0.2229179711959925,0.2078374725258812,0.03591579861111111,0.8320959231490045,0.21807044410413476,0,splicing,1-5%,sec00088
Tp_D_NRN_S_B_sec00088_cha00047_00108,0.12174095878889823,0.21705716963448923,0.20004422613859857,0.02978515625,0.7024781568247453,0.2845322049835449,0,splicing,>5%,sec00088
Tp_D_NRN_S_N_ani00032_ani00034_10235,0.1261302681992337,0.22400653238976592,0.2018131109212536,0.03779658564814815,0.4065118741882271,0.22366992399565688,0,splicing,>5%,ani00032
Tp_D_NRN_S_N_ani00033_ani00032_10233,0.0,0.0,-0.03164840826873665,0.008156105324074073,0.5147393737635197,0.20518433580041,0,splicing,>5%,ani00033
Tp_D_NRN_S_N_ani00033_ani00034_10236,0.145164811176599,0.2535264963781929,0.2466004215584829,0.027940538194444444,0.46682791337855173,0.2529568866844716,0,splicing,>5%,ani00033
Tp_D_NRN_S_N_ani10152_ani10175_12490,0.0,0.0,0.0,0.0,0.8088904154595145,0.184400826446281,0,splicing,1-5%,ani10152
Tp_D_NRN_S_N_ani10173_ani00070_12455,0.010189684903589905,0.020173805090006207,-0.021676759981678846,0.17006011246848943,0.3814821340163701,0.03415626682677417,0,splicing,1-5%,ani10173
Tp_D_NRN_S_N_ani10193_ani10194_12443,0.05470863044012786,0.103741694836228,0.11073233805751058,0.06737858174355857,0.7349580956552696,0.16711590296495957,0,splicing,1-5%,ani10193
Tp_D_NRN_S_N_ani10211_ani00100_12375,0.0,0.0,-0.016362615341176796,0.021378218961300533,0.7697352706413054,0.06006621472489358,0,splicing,1-5%,ani10211
Tp_D_NRN_S_N_arc00015_ani00013_00235,0.0,0.0,-0.009009806883119975,0.006401909722222222,0.40166418022643957,0.025537532048841165,0,splicing,1-5%,arc00015
Tp_D_NRN_S_N_arc00062_art00025_11492,0.001165954139137194,0.002329192546583851,-0.004186563784595739,0.09143518518518519,0.8660954206362629,0.01693058460312718,0,splicing,<1%,arc00062
Tp_D_NRN_S_N_art00023_ani00058_00505,0.0,0.0,0.0,0.0,0.38823522292955087,0.03403243484237707,0,splicing,1-5%,art00023
Tp_D_NRN_S_N_art00023_art00092_11874,0.0,0.0,-0.03344028279143475,0.09423828125,0.41307058154645876,0.028512546975390955,0,splicing,1-5%,art00023
Tp_D_NRN_S_N_art00037_cha00096_00515,0.0,0.0,-0.07252135137800916,0.17366536458333334,0.43120019823617467,0.052562253026406575,0,splicing,1-5%,art00037
Tp_D_NRN_S_N_cha00027_ani10123_11685,0.0,0.0,-0.01598731491179905,0.008318865740740741,0.24916724759343942,0.05743795120408916,0,splicing,1-5%,cha00027
Tp_D_NRN_S_N_cha00032_ani00013_00352,0.0,0.0,-0.12787882938468417,0.1914605034722222,0.26545164149417655,0.12247347036738612,0,splicing,>5%,cha00032
Tp_D_NRN_S_N_cha00040_ani00013_00360,0.02403447704293055,0.04694075752670767,-0.0026848095776153933,0.0749782986111111,0.6496167951407696,0.10936086825444678,0,splicing,1-5%,cha00040
Tp_D_NRN_S_N_cha00040_ani10123_11679,0.0,0.0,-0.03297499702773076,0.05537471064814815,0.795189242294067,0.10082780222238795,0,splicing,1-5%,cha00040
Tp_D_NRN_S_N_cha00041_cha00042_11010,0.0,0.0,-0.06229477909670134,0.1014720775462963,0.648286629494494,0.10384598893795824,0,splicing,1-5%,cha00041
Tp_D_NRN_S_N_cha10118_cha10119_12195,0.0,0.0,-0.026320900331145293,0.02146101113967438,0.33451498804561874,0.059430063446394864,0,splicing,1-5%,cha10118
Tp_D_NRN_S_N_cha10209_pla00050_12336,0.0,0.0,-0.015009325941843255,0.04651851851851852,0.4136399739026613,0.009270152871618467,0,splicing,<1%,cha10209
Tp_D_NRN_S_N_ind00066_ind00071_10697,0.04669156883671292,0.08921743563599287,0.06484444654913978,0.11579499421296297,0.663824903060041,0.10133026769584497,0,splicing,1-5%,ind00066
Tp_D_NRN_S_N_ind00090_cha00063_00485,0.2329159212880143,0.3778293673824724,0.40826845466418715,0.01710792824074074,0.859782531572007,0.3584008946044171,0,splicing,1-5%,ind00053
Tp_D_NRN_S_N_nat00020_ani00005_00638,0.09360389003179354,0.1711842667806755,0.2319138393981151,0.18809678819444445,0.8920595461057889,0.17939661515820457,0,splicing,1-5%,nat00020
Tp_D_NRN_S_N_nat00098_ani00058_11461,0.07355723746452224,0.1370345891165455,0.1321656112441969,0.0627712673611111,0.8528040436288009,0.14222222222222222,0,splicing,1-5%,nat00098
Tp_D_NRN_S_N_nat00098_cha00072_11462,0.0,0.0,-0.0198486134896704,0.047544126157407406,0.7384066865783462,0.03225115947199429,0,splicing,<1%,nat00098
Tp_D_NRN_S_N_nat10117_nat10124_11344,0.0924170616113744,0.16919739696312364,0.16577806500921097,0.02222583912037037,0.919648686870301,0.5099661526889808,0,splicing,>5%,nat10117
Tp_D_NRN_S_N_nat10126_ani10123_11651,0.0,0.0,-0.024771097419562217,0.032660590277777776,0.19894622071607485,0.03507711990901983,0,splicing,1-5%,nat10126
Tp_D_NRN_S_N_nat20081_nat20082_01585,0.14414414414414414,0.25196850393700787,0.2935210040714631,0.10099788546765924,0.8727497409139526,0.34763071895424835,0,splicing,1-5%,nat20081
Tp_D_NRN_S_N_sec00022_sec00023_10809,0.6019138755980862,0.7514934289127837,0.7470819138506244,0.033022280092592594,0.9874824728102564,0.7300380228136882,0,splicing,1-5%,ind00014
Tp_D_NRN_S_N_sec00050_sec00049_00071,0.0,0.0,-0.05187820616331496,0.027705439814814815,0.343500697730414,0.1594103358740263,0,splicing,>5%,sec00050
Tp_D_NRN_S_N_sec00087_ani00037_00720,0.0,0.0,0.0,0.0,0.5123567279723856,0.1773118224846048,0,splicing,>5%,sec00087
Tp_D_NRN_S_N_sec00087_cha00052_11471,0.0,0.0,-0.012004788133689166,0.014142071759259259,0.2595652962467439,0.019940179461615155,0,splicing,<1%,sec00087
Tp_D_NRN_S_N_txt00088_txt00092_11330,0.3566299664911441,0.5257586450247,0.5897825848631221,0.013472945601851851,0.990515786811651,0.7765287769784173,0,splicing,1-5%,txt00088
Tp_S_CND_M_N_cha00088_cha00088_10174,0.5415943287037037,0.702641828163859,0.0,1.0,0.416403550136102,0.702641828163859,0,copy-move,>5%,cha00088
Tp_S_CND_S_B_cha00088_cha00088_10179,0.22372604232900353,0.36564726840855105,0.4046013977459818,0.19359447337962962,0.9260632918389372,0.4632294617563739,0,copy-move,>5%,cha00088
Tp_S_CND_S_N_art20067_art20067_02500,0.0,0.0,-0.007531288826369799,0.016232861089287072,0.8856405904139819,0.03589758130830521,0,copy-move,<1%,art20067
Tp_S_CND_S_N_pla00004_pla00004_01126,0.0,0.0,-0.02943336413964317,0.07506872106481481,0.6053028679753258,0.032238695672255326,0,copy-move,1-5%,pla00004
Tp_S_CND_S_N_sec00047_sec00047_00068,0.24021751980139497,0.3873796587551234,0.4577314162916528,0.15268735532407407,0.9743555532536199,0.5809650963189014,0,copy-move,1-5%,sec00047
Tp_S_CNN_L_N_txt00095_txt00095_10164,0.42724609375,0.5986999657885734,-0.3916659048184287,0.7814127604166666,0.26172870161729567,0.7848101265822784,0,copy-move,>5%,txt00095
Tp_S_CNN_L_O_ind00004_ind00004_10165,0.48152490519720814,0.6500395687011574,-0.0013990843198801533,0.9747540509259259,0.4764388903393389,0.6579487999606343,0,copy-move,>5%,ind00004
Tp_S_CNN_M_N_arc00032_arc00032_10263,0.5242693865740741,0.687895973233989,0.0,1.0,0.5023862541416134,0.6881467488802556,0,copy-move,>5%,arc00032
Tp_S_CNN_M_N_arc00062_arc00062_10252,0.495398773006135,0.6625641025641026,0.448975157531891,0.7428385416666666,0.6963058908629369,0.6713256603461124,0,copy-move,>5%,arc00062
Tp_S_CNN_M_N_arc00062_arc00062_10253,0.4645087388685659,0.6343543422314175,0.1342509631283497,0.9788411458333334,0.5728943387816015,0.6333501896333755,0,copy-move,>5%,arc00062
Tp_S_CNN_M_N_art00023_art00023_10549,0.43662775945191573,0.6078509294829337,0.31759700158784077,0.8552517361111112,0.6846321492793996,0.6256535378180551,0,copy-move,>5%,art00023
Tp_S_CNN_M_N_cha00056_cha00056_10262,0.43997807418234974,0.6110899632026393,0.012161042958724349,0.7893156828703703,0.5086512216620117,0.6607733200934862,0,copy-move,>5%,cha00056
Tp_S_CNN_M_N_ind00079_ind00079_10665,0.09404119666503188,0.17191527513168217,0.22308849397615862,0.28953269675925924,0.8748509302850564,0.38854024556616645,0,copy-move,1-5%,ind00079
Tp_S_CNN_M_N_nat00079_nat00079_10572,0.47485842804931927,0.6439376404111921,0.24523401506553977,0.8907154224537037,0.6741377939957705,0.6536432019759739,0,copy-move,>5%,nat00079
Tp_S_CNN_M_N_pla00082_pla00082_10461,0.47285889511532264,0.6420966688438928,0.4266354797583758,0.7519350405092593,0.727335097756072,0.6570086139389193,0,copy-move,>5%,pla00082
Tp_S_CNN_M_N_sec00047_sec00047_10585,0.4196757941777862,0.5912276533824316,-0.005528446764461984,0.7067057291666666,0.5085172114165479,0.676590958045138,0,copy-move,>5%,sec00047
Tp_S_CNN_M_N_sec00087_sec00087_10361,0.43860627515639394,0.6097655525779103,0.3774006069944889,0.7351164641203703,0.7274830421839737,0.6327266206401865,0,copy-move,>5%,sec00087
Tp_S_CNN_M_N_txt00016_txt00016_10833,0.47590821823333146,0.6449021861305111,0.1622791610768898,0.97021484375,0.6173780887721664,0.6624922060520835,0,copy-move,>5%,txt00016
Tp_S_CNN_M_N_txt00050_txt00050_10372,0.3766179540709812,0.5471640885653625,0.42913974660745796,0.6029369212962963,0.8307600911824737,0.618152809785499,0,copy-move,>5%,txt00050
Tp_S_CNN_M_N_txt00055_txt00055_10826,0.49193431712962965,0.6594584111129966,0.0,1.0,0.5123328439684967,0.6604882788776874,0,copy-move,>5%,txt00055
Tp_S_CNN_S_B_art20065_art20065_02499,0.0,0.0,-0.0062128187277705835,0.006281179138321996,0.36429884404103474,0.014427932477276006,0,copy-move,<1%,art20064
Tp_S_CNN_S_B_cha10187_cha10187_12309,0.0,0.0,-0.03376651963178316,0.023383838383838385,0.231940605908755,0.08701794145420208,0,copy-move,1-5%,cha10187
Tp_S_CNN_S_B_cha20005_cha20005_02419,0.0,0.0,-0.014400832672440881,0.027776349614395887,0.8583676153349831,0.055049712192569336,0,copy-move,<1%,cha10118
Tp_S_CNN_S_B_nat00079_nat00079_00985,0.0,0.0,-0.01000350904110784,0.00584129050925926,0.8085580247775954,0.10918217946036395,0,copy-move,1-5%,nat00079
Tp_S_CNN_S_N_ani10193_ani10193_12441,0.24280671729596748,0.3907393063086324,0.4753276556196603,0.08880253857262294,0.9822934205662471,0.5610907184058731,0,copy-move,1-5%,ani10193
Tp_S_CNN_S_N_ani10204_ani10204_12416,0.0,0.0,-0.008732023994666167,0.009298040982954696,0.9644915811956875,0.2578101304215954,0,copy-move,<1%,ani10204
Tp_S_CNN_S_N_ani10211_ani10211_12374,0.0,0.0,-0.004270841377727774,0.02325996259531003,0.8828882521489971,0.007442953677406718,0,copy-move,<1%,ani10211
Tp_S_CNN_S_N_ani20028_ani20028_02071,0.0,0.0,0.0,0.0,0.17604617304492512,0.02127334724413456,0,copy-move,1-5%,ani10152
Tp_S_CNN_S_N_arc00041_arc00041_01084,0.09705184012663237,0.1769320948687889,0.28415385686718847,0.1827980324074074,0.9869798954267619,0.620016963528414,0,copy-move,1-5%,arc00041
Tp_S_CNN_S_N_arc00047_arc00047_10240,0.0,0.0,-0.09144268419710629,0.15764250578703703,0.561331906591588,0.11603572947681838,0,copy-move,1-5%,arc00047
Tp_S_CNN_S_N_arc00047_arc00047_10241,0.0,0.0,-0.07610731970879711,0.15339265046296297,0.15799244082548333,0.060666229368695375,0,copy-move,1-5%,arc00047
Tp_S_CNN_S_N_arc00049_arc00049_10247,0.44039560228527536,0.6114925671621891,0.40053013006188687,0.7524594907407407,0.7713195300966375,0.6457949892949705,0,copy-move,>5%,arc00049
Tp_S_CNN_S_N_arc20069_arc20069_01709,0.05449480192974111,0.10335717507571364,0.21959752034772634,0.11952566601689409,0.9831722136139811,0.39254079254079255,0,copy-move,<1%,arc20069
Tp_S_CNN_S_N_art00018_art00018_10278,0.16658823529411765,0.2855990318676886,0.2987712015336287,0.41771556712962965,0.897756735097933,0.5275444336369264,0,copy-move,>5%,art00018
Tp_S_CNN_S_N_art20058_art20058_01864,0.1080021999175031,0.19494943227647826,0.2566868307170409,0.1275737441588785,0.8686286149684999,0.363013698630137,0,copy-move,1-5%,art20058
Tp_S_CNN_S_N_art20065_art20065_01870,0.15532307692307692,0.26888249707041656,0.3845191446281939,0.05642361111111111,0.9912678167982095,0.4581005586592179,0,copy-move,<1%,art20064
Tp_S_CNN_S_N_cha00064_cha00064_11018,0.0,0.0,-0.007915895089547386,0.003436053240740741,0.4730219897520376,0.07990165949600492,0,copy-move,1-5%,cha00064
Tp_S_CNN_S_N_cha10118_cha10118_12196,0.38446316864547425,0.5553967448937249,0.5445514850788645,0.12086546700942588,0.9012767072211647,0.5664572739056736,0,copy-move,>5%,cha10118
Tp_S_CNN_S_N_cha10207_cha10207_12341,0.26186700496881277,0.41504691689008044,0.4656073866528611,0.0668037037037037,0.9696071837950098,0.4714129244249726,0,copy-move,1-5%,cha10207
Tp_S_CNN_S_N_cha10207_cha10207_12348,0.10274881516587678,0.18635035241533437,0.27989596454793414,0.057162962962962964,0.9708081050838424,0.40370238519045926,0,copy-move,<1%,cha10207
Tp_S_CNN_S_N_ind00004_ind00004_00881,0.0,0.0,-0.0071558269760699025,0.004340277777777778,0.20979223482015855,0.022967945048654837,0,copy-move,1-5%,ind00004
Tp_S_CNN_S_N_ind00041_ind00041_10882,0.0,0.0,0.0,0.0,0.4976618138501587,0.038231731933790876,0,copy-move,1-5%,ind00041
Tp_S_CNN_S_N_ind00041_ind00041_10883,0.0,0.0,0.0,0.0,0.46182210170304877,0.026821252883182625,0,copy-move,1-5%,ind00041
Tp_S_CNN_S_N_ind00090_ind00090_10644,0.0,0.0,-0.011685015218401136,0.021846064814814815,0.8100796250086644,0.04463394720130636,0,copy-move,<1%,ind00053
Tp_S_CNN_S_N_ind20044_ind20044_02292,0.0,0.0,0.0,0.0,0.19448776325782224,0.003614415959036619,0,copy-move,<1%,ind20044
Tp_S_CNN_S_N_pla00045_pla00045_00580,0.32821764911056855,0.4942226890756303,0.4977380934820929,0.25390625,0.9367300851674316,0.5852624970572079,0,copy-move,>5%,pla00045
Tp_S_CNN_S_N_pla00045_pla00045_10971,0.10975157582499073,0.19779485466087537,0.3239759569311135,0.048773871527777776,0.9950067868916037,0.5420560747663551,0,copy-move,<1%,pla00045
Tp_S_CNN_S_N_pla00052_pla00052_01161,0.26638738294726466,0.42070441720179025,0.47791965755469096,0.14536313657407407,0.9711508776543291,0.5830781010719756,0,copy-move,1-5%,pla00052
Tp_S_CNN_S_N_pla20062_pla20062_01962,0.13700331125827814,0.2409901710957408,0.3664939706035476,0.022642924086223055,0.9991458542904702,0.6557734204793029,0,copy-move,<1%,pla20062
Tp_S_CNN_S_N_sec00022_sec00022_00043,0.0,0.0,-0.004196577481631757,0.002387152777777778,0.9323600773529059,0.10927205527880443,0,copy-move,<1%,ind00014
Tp_S_CNN_S_N_sec00087_sec00087_10362,0.204298535663675,0.33928221219847027,0.36172583664701874,0.14259620949074073,0.8724149691911279,0.4455840455840456,0,copy-move,1-5%,sec00087
Tp_S_CNN_S_N_sec00087_sec00087_11122,0.1940759585680538,0.32506467813118245,0.40436849620161486,0.0977466724537037,0.9657643070307217,0.4487334137515078,0,copy-move,1-5%,sec00087
Tp_S_CNN_S_N_txt00039_txt00039_11325,0.3666987487969201,0.5366197183098591,0.5392519057660526,0.2402886284722222,0.9373459201744812,0.584336569579288,0,copy-move,>5%,txt00039
Tp_S_CNN_S_N_txt00039_txt00039_11326,0.27872962808190554,0.43594771241830066,0.507100691383895,0.012839988425925927,0.884438393837485,0.4748798602009611,0,copy-move,1-5%,txt00039
Tp_S_CNN_S_N_txt00050_txt00050_01277,0.34177215189873417,0.5094339622641509,0.5357851707628395,0.08937355324074074,0.9707101240400273,0.5397333333333333,0,copy-move,1-5%,txt00050
Tp_S_CRN_M_B_arc00086_arc00086_11197,0.014422100345317896,0.028434120945134162,-0.04229341914086197,0.14293981481481483,0.6946106995552561,0.13233326576120008,0,copy-move,1-5%,arc00086
Tp_S_CRN_M_B_arc00099_arc00099_11191,0.20780503869586694,0.34410361281526924,0.36027145120661824,0.20869502314814814,0.8780376108455603,0.4796879203658865,0,copy-move,>5%,arc00099
Tp_S_CRN_M_B_art00018_art00018_10034,0.13053140096618357,0.23092043415092728,0.15525014198202672,0.3392650462962963,0.7035409304605905,0.3298985167837627,0,copy-move,>5%,art00018
Tp_S_CRN_M_N_cha00064_cha00064_11019,0.4265774378585086,0.5980431577536524,0.5304510322507725,0.3631546585648148,0.8709465600616515,0.6261367978601452,0,copy-move,>5%,cha00064
Tp_S_CRN_M_N_txt00019_txt00019_10850,0.4410264756944444,0.6121004480253003,0.0,1.0,0.6101805447159863,0.6125507099391481,0,copy-move,>5%,txt00013
Tp_S_CRN_S_B_cha10207_cha10207_12355,0.12000714062569733,0.21429709913930506,0.22566725474563765,0.0714888888888889,0.898428045599767,0.27789551276144847,0,copy-move,1-5%,cha10207
Tp_S_CRN_S_B_pla00039_pla00039_10980,0.0,0.0,0.0,0.0,0.8228747640273975,0.16356877323420074,0,copy-move,1-5%,pla00039
Tp_S_CRN_S_N_arc00062_ani00005_11499,0.021375965511047243,0.041857193105874074,0.0708346711474938,0.09704137731481481,0.8628496121948763,0.05268856008661133,0,splicing,<1%,arc00062
Tp_S_CRN_S_N_arc00062_arc00062_11495,0.0,0.0,-0.013582698629981873,0.07365813078703703,0.19175065255220416,0.004721853327431017,0,copy-move,<1%,arc00062
Tp_S_CRN_S_N_arc00078_art00092_11881,0.378727634194831,0.5493871665465032,0.591723016047883,0.01739728009259259,0.9960927300863321,0.6778523489932886,0,splicing,<1%,arc00078
Tp_S_CRN_S_N_art20022_art20022_01828,0.22913987954253232,0.3728458955018444,0.4422240781997545,0.18216222879684418,0.976715645495796,0.6456086286594761,0,copy-move,1-5%,art20022
Tp_S_CRN_S_N_art20067_art20067_02323,0.0,0.0,-0.010424231524493888,0.017398687178447423,0.47759921480832873,0.017406697152972415,0,copy-move,<1%,art20067
Tp_S_CRN_S_N_cha00040_cha00040_11032,0.0007392804337111878,0.0014774686037921695,-0.007657549772644494,0.07145182291666667,0.8737648573321168,0.021592992462823386,0,copy-move,<1%,cha00040
Tp_S_CRN_S_N_cha00040_cha00040_11034,0.03616590794132524,0.06980717598242617,0.13404598420794206,0.06962528935185185,0.9382211363750719,0.0772604588394062,0,copy-move,<1%,cha00040
Tp_S_CRN_S_N_cha00064_cha00064_00384,0.0,0.0,-0.009282504755829767,0.0023148148148148147,0.7998557033700577,0.18751204470996338,0,copy-move,1-5%,cha00064
Tp_S_CRN_S_N_cha10190_cha10190_12326,0.09786719573439147,0.178286036989976,0.293848869601782,0.12528360528360527,0.9889095922656705,0.553312693498452,0,copy-move,1-5%,cha10190
Tp_S_CRN_S_N_cha10190_cha10190_12327,0.05760139639748842,0.10892836676217765,0.1833324672883533,0.15731934731934732,0.9113668651221103,0.25035338463954765,0,copy-move,1-5%,cha10190
Tp_S_CRN_S_N_cha10207_cha10207_12347,0.0,0.0,-0.009390549219426687,0.03304074074074074,0.6333461654863105,0.008069857426708963,0,copy-move,<1%,cha10207
Tp_S_CRN_S_N_ind00023_ind00023_10705,0.0,0.0,-0.048491043915771484,0.07036675347222222,0.5216545901392434,0.07798221631074657,0,copy-move,1-5%,ind00023
Tp_S_CRN_S_N_ind00066_ind00066_10691,0.11630859375,0.20838071909719186,0.24625646724997866,0.17614293981481483,0.8366566128092539,0.2713379469434833,0,copy-move,1-5%,ind00066
Tp_S_CRN_S_N_ind20044_ind20044_01785,0.14978884392046454,0.26055017790871177,0.24382559045394867,0.03177037037037037,0.7339124048397347,0.2840944446364988,0,copy-move,>5%,ind20044
Tp_S_CRN_S_N_nat00098_nat00098_10063,0.1999792982092951,0.3333045803502113,0.38605712441783313,0.17024739583333334,0.9333815836930919,0.5343137254901961,0,copy-move,1-5%,nat00098
Tp_S_CRN_S_N_nat10135_nat10135_11914,0.010214557026999282,0.020222549667191708,0.002828141463317215,0.11262172284644195,0.6380990640934647,0.03057588762279873,0,copy-move,1-5%,nat10135
Tp_S_CRN_S_N_pla00004_pla00004_10938,0.29597946963216426,0.45676567656765676,0.4647012564680505,0.01710792824074074,0.9765116929801786,0.4240545567265964,0,copy-move,1-5%,pla00004
Tp_S_CRN_S_N_pla00045_pla00045_10972,0.012276785714285714,0.024255788313120176,-0.02278803731233935,0.06365740740740741,0.7053937350722181,0.12013786312161497,0,copy-move,1-5%,pla00045
Tp_S_CRN_S_N_sec00022_sec00022_00749,0.18869644484958978,0.3174846625766871,0.34323185060957306,0.016746238425925927,0.9847578237141763,0.33934426229508197,0,copy-move,<1%,ind00014
Tp_S_CRN_S_N_sec00022_sec00022_10806,0.3332220367278798,0.4998747808665164,0.5312324653385239,0.15981264467592593,0.9564328004370622,0.5634710553573483,0,copy-move,>5%,ind00014
Tp_S_CRN_S_N_txt00013_txt00013_20056,0.2080796900940786,0.3444800732936326,0.43310729101784545,0.09758391203703703,0.9759329586372892,0.4315511867657636,0,copy-move,1-5%,txt00013
Tp_S_NND_S_B_ind20008_ind20008_01749,0.0381527957187673,0.0735013109363196,0.17163046516785996,0.17083728278041074,0.9434371143807725,0.1679477325134512,0,copy-move,<1%,ind20008
Tp_S_NND_S_B_ind20008_ind20008_02268,0.1253721862717853,0.22281017391611105,0.3063355592099369,0.19714849921011057,0.9478373318338538,0.42872948552461737,0,copy-move,1-5%,ind20008
Tp_S_NND_S_N_ani00032_ani00032_00016,0.20432378704106355,0.33931703291034765,0.3865638301725869,0.2898763020833333,0.9175506396847093,0.4106226737752741,0,copy-move,>5%,ani00032
Tp_S_NND_S_N_ani20051_ani20051_02094,0.3494279260932351,0.5178904620788058,0.5343708913701793,0.2420152946468736,0.9450952609972733,0.6033677026926786,0,copy-move,>5%,ani10175
Tp_S_NND_S_N_art20014_art20014_01820,0.3798802823193067,0.5505988993201684,0.5781687029925204,0.11165048543689321,0.9678051043242112,0.5954198473282443,0,copy-move,1-5%,art20014
Tp_S_NND_S_N_art20063_art20063_02326,0.014836044845317373,0.029238308829637013,0.014973277567331432,0.0721079958463136,0.7031513424480635,0.03917375676782383,0,copy-move,1-5%,art20063
Tp_S_NND_S_N_cha00027_cha00027_00347,0.3370299857210852,0.5041472357694635,0.430585181264902,0.3562282986111111,0.8608101540627292,0.5038941954445261,0,copy-move,>5%,cha00027
Tp_S_NND_S_N_ind00066_ind00066_00468,0.0702844265789634,0.13133784783474647,0.1807241136331187,0.2913773148148148,0.8233059949388949,0.16483314998166484,0,copy-move,1-5%,ind00066
Tp_S_NND_S_N_ind20008_ind20008_02270,0.0013983116681340307,0.0027927182457592055,-0.03335624064869899,0.14341232227488152,0.26939151641258413,0.018477631105056295,0,copy-move,<1%,ind20008
Tp_S_NND_S_N_pla20062_pla20062_02370,0.25491566024553347,0.40626739839338266,0.45471385709229434,0.08992502343017807,0.9518401665032341,0.49457599440102645,0,copy-move,1-5%,pla20062
Tp_S_NNN_M_N_ani00032_ani00032_00152,0.4214445634186703,0.5929806539976031,0.44862529376742144,0.2779947916666667,0.8052800183159582,0.628968908344077,0,copy-move,>5%,ani00032
Tp_S_NNN_M_N_ani10217_ani10217_12369,0.3308124459809853,0.4971586296476701,0.49083351735199665,0.19342198581560283,0.8840228827656871,0.5748289716581605,0,copy-move,>5%,ani10217
Tp_S_NNN_M_N_arc00078_arc00078_11879,0.2690082644628099,0.4239661348095083,0.46851836903097466,0.1723090277777778,0.9511791021200258,0.5209302325581395,0,copy-move,>5%,arc00078
Tp_S_NNN_M_N_arc00094_arc00094_10720,0.11584197475202886,0.20763150584610723,0.19710040162427458,0.6392686631944444,0.8830914435704245,0.44903988183161003,0,copy-move,>5%,arc00094
Tp_S_NNN_M_N_ind00079_ind00079_10664,0.2645498747605717,0.4184095543256627,0.44770427758918346,0.24206090856481483,0.9369461383237326,0.5107337391861583,0,copy-move,>5%,ind00079
Tp_S_NNN_M_N_txt00065_txt00065_10120,0.0008722197993894462,0.0017429193899782135,-0.13963762617461545,0.13588686342592593,0.2569166077223505,0.20437431600267883,0,copy-move,>5%,cha00088
Tp_S_NNN_M_N_txt00065_txt00065_10132,0.3633894262620909,0.5330676903639633,0.3466295327024272,0.4950086805555556,0.7410215335593999,0.5683736313868614,0,copy-move,>5%,cha00088
Tp_S_NNN_S_B_ani00030_ani00030_00150,0.0,0.0,-0.030219828244339896,0.026204427083333332,0.44107866366399406,0.07245543415756182,0,copy-move,1-5%,ani00030
Tp_S_NNN_S_B_arc00015_arc00015_20060,0.2974190905366653,0.4584780549415851,0.4847458396666101,0.1260669849537037,0.9277971361466778,0.5420293991722563,0,copy-move,1-5%,arc00015
Tp_S_NNN_S_B_arc00094_arc00094_01043,0.0038650923915921004,0.00770042194092827,-0.07572945911542392,0.3238570601851852,0.4706980147669661,0.04882406915535809,0,copy-move,1-5%,arc00094
Tp_S_NNN_S_B_arc00099_arc00099_01031,0.0,0.0,-0.022883463570164644,0.01710792824074074,0.6301624219799029,0.09519975847841401,0,copy-move,1-5%,arc00099
Tp_S_NNN_S_B_arc20030_arc20030_02170,0.0,0.0,-0.01856452384405963,0.0742037037037037,0.11212092228909473,0.008529288070064117,0,copy-move,<1%,arc20030
Tp_S_NNN_S_B_arc20032_arc20032_02172,0.0,0.0,-0.015451937647441042,0.040958132045088566,0.2944824109725397,0.011323895387214084,0,copy-move,<1%,arc20032
Tp_S_NNN_S_B_art10001_art10001_20001,0.27754588423055676,0.4344984984984985,0.39299226939463144,0.08805925925925925,0.8818186734584842,0.3970604709519862,0,copy-move,>5%,art10001
Tp_S_NNN_S_B_art20058_art20058_02328,0.0,0.0,-0.009556207413239223,0.05676839953271028,0.38536870725732597,0.003600789570725147,0,copy-move,<1%,art20058
Tp_S_NNN_S_B_ind00001_ind00001_01301,0.0,0.0,-0.03179100181084835,0.016077112268518517,0.3241855399787883,0.11010783757288066,0,copy-move,>5%,ind00001
Tp_S_NNN_S_B_ind00011_ind00011_00429,0.1488843813387424,0.259180790960452,0.3213246385004922,0.041684751157407406,0.9459226673460501,0.22523164647184604,0,copy-move,<1%,ind00011
Tp_S_NNN_S_B_ind00011_ind00011_10413,0.07062937062937064,0.131939908556499,0.1836017806285718,0.048249421296296294,0.7914354415622268,0.21717670286278382,0,copy-move,<1%,ind00011
Tp_S_NNN_S_B_ind20005_ind20005_02265,0.0,0.0,-0.010666856464801786,0.012392538523925386,0.39782195349497856,0.021313020562833015,0,copy-move,<1%,ind20005
Tp_S_NNN_S_B_nat00098_nat00098_00999,0.0,0.0,-0.028389506678208637,0.026204427083333332,0.43991885884577064,0.06671930517173312,0,copy-move,1-5%,nat00098
Tp_S_NNN_S_B_nat20047_nat20047_02244,0.040497524168828104,0.07784261514928333,0.0867643492186301,0.1411961022272987,0.6715775999739677,0.08835807050092764,0,copy-move,1-5%,nat20047
Tp_S_NNN_S_B_nat20088_nat20088_01592,0.0,0.0,-0.029144214237879315,0.07893322493959307,0.7022033507280935,0.04350996075740356,0,copy-move,<1%,nat20088
Tp_S_NNN_S_B_pla20001_pla20001_02399,0.03549740804739571,0.0685610756174311,0.18108243597264317,0.0788316338444773,0.9947060245278257,0.38723108952116586,0,copy-move,<1%,pla20001
Tp_S_NNN_S_B_pla20004_pla20004_01904,0.23579005563042052,0.3816021249825248,0.4438946326084129,0.12561450044208664,0.963062614413282,0.5530874057804622,0,copy-move,1-5%,pla20004
Tp_S_NNN_S_B_pla20004_pla20004_02400,0.0,0.0,-0.015022778250517331,0.042015915119363395,0.5537330709298331,0.013768142979739563,0,copy-move,<1%,pla20004
Tp_S_NNN_S_B_sec00065_sec00065_00086,0.14302258251302838,0.2502532928064843,0.36246735204247116,0.09369574652777778,0.9876519756838905,0.5008310249307479,0,copy-move,1-5%,sec00065
Tp_S_NNN_S_B_sec00087_sec00087_00107,0.23705564142194746,0.38325784788380446,0.4544703588303495,0.09205005787037036,0.9697657932959756,0.5040474905558554,0,copy-move,1-5%,sec00087
Tp_S_NNN_S_B_sec20041_sec20041_02447,0.28526246611352996,0.4438976063404813,0.47500854743545706,0.21675930270328797,0.9502586942335878,0.5828079655759031,0,copy-move,>5%,sec20041
Tp_S_NNN_S_B_txt00019_txt00019_20036,0.0,0.0,-0.01969389633801579,0.008897569444444444,0.4896882503527568,0.08509865947571758,0,copy-move,1-5%,txt00013
Tp_S_NNN_S_N_ani10139_ani10139_12499,0.06854761141391472,0.12830052808449352,0.20759385125164062,0.11680459770114943,0.9302327600185978,0.26323119777158777,0,copy-move,1-5%,ani10139
Tp_S_NNN_S_N_ani10175_ani10175_12459,0.3343860012424933,0.5011833171677983,0.5005545520846829,0.16281601439496177,0.8985206175772735,0.5466795977744883,0,copy-move,>5%,ani10175
Tp_S_NNN_S_N_ani10222_ani10222_12395,0.1077764881445863,0.1945816494536746,0.31454061261655075,0.04726154669858117,0.9839680508743471,0.32533246837495944,0,copy-move,<1%,ani10222
Tp_S_NNN_S_N_ani20008_ani20008_02051,0.1310293845869525,0.23169934640522877,0.3288127418510022,0.09463652482269504,0.9464403302248374,0.5300539590914795,0,copy-move,1-5%,ani10217
Tp_S_NNN_S_N_arc00015_arc00015_01113,0.6464683336375251,0.7852787939252854,0.7860446037614554,0.09799985532407407,0.9881887432598284,0.8018966115415751,0,copy-move,>5%,arc00015
Tp_S_NNN_S_N_arc00032_arc00032_01092,0.0,0.0,0.0,0.0,0.9427394968796243,0.3214509068167605,0,copy-move,1-5%,arc00032
Tp_S_NNN_S_N_arc00038_arc00038_01086,0.0,0.0,-0.021508979549998957,0.0686306423611111,0.028379308519087203,0.0124116345583077,0,copy-move,<1%,arc00038
Tp_S_NNN_S_N_arc00062_arc00062_01064,0.0,0.0,-0.020903015807209237,0.06982421875,0.7773082799767171,0.029595453778202892,0,copy-move,<1%,arc00062
Tp_S_NNN_S_N_arc00078_arc00078_00298,0.0,0.0,-0.02512182506755984,0.014594184027777778,0.20409166056517294,0.07859639360795702,0,copy-move,1-5%,arc00078
Tp_S_NNN_S_N_arc00078_arc00078_11880,0.0,0.0,-0.006561014429867461,0.005660445601851852,0.37320123713703673,0.016575468306905778,0,copy-move,<1%,arc00078
Tp_S_NNN_S_N_arc00086_arc00086_01044,0.006230847803881512,0.01238452948939194,0.026180753034832832,0.1750217013888889,0.6240215471351143,0.013978001833180568,0,copy-move,<1%,arc00086
Tp_S_NNN_S_N_arc00094_arc00094_01036,0.0,0.0,-0.06264956684251735,0.37590422453703703,0.29799560375545225,0.0150759103938847,0,copy-move,<1%,arc00094
Tp_S_NNN_S_N_arc10117_arc10117_10766,0.31266759626729596,0.4763850302336983,0.5383078763025804,0.08808540925266904,0.981491342708744,0.5852187028657617,0,copy-move,1-5%,arc10117
Tp_S_NNN_S_N_arc20030_arc20030_01483,0.0,0.0,-0.018471855725402997,0.06602222222222222,0.44237431118844617,0.010161192392815873,0,copy-move,<1%,arc20030
Tp_S_NNN_S_N_arc20032_arc20032_01485,0.16871502249533632,0.2887188394911037,0.38361060544674436,0.07239533011272142,0.9730099302805428,0.5777871979652395,0,copy-move,1-5%,arc20032
Tp_S_NNN_S_N_art00018_art00018_00921,0.028635042365019483,0.05567580567580568,0.10677722894652118,0.28951461226851855,0.8199353847533506,0.06406803685329554,0,copy-move,1-5%,art00018
Tp_S_NNN_S_N_art00018_art00018_01206,0.03173241852487135,0.06151288445552785,0.14803881103836264,0.3162977430555556,0.8807715997828539,0.08062658373646625,0,copy-move,1-5%,art00018
Tp_S_NNN_S_N_art00023_art00023_01210,0.0,0.0,0.0,0.0,0.3716535201318578,0.02028898704798982,0,copy-move,<1%,art00023
Tp_S_NNN_S_N_art00088_art00088_01249,0.0,0.0,-0.06632509045368833,0.2404152199074074,0.11335541547896577,0.027323684732260333,0,copy-move,1-5%,art00088
Tp_S_NNN_S_N_art00088_art00088_10325,0.049654078985298354,0.09461036731891521,0.19406997668697717,0.25094039351851855,0.9762228034795573,0.5035506778566817,0,copy-move,1-5%,art00088
Tp_S_NNN_S_N_art20063_art20063_01869,0.1473670421797223,0.2568786391140541,0.3567904698679744,0.10493596400138457,0.980407902557546,0.4968336211859528,0,copy-move,1-5%,art20063
Tp_S_NNN_S_N_art20074_art20074_01880,0.10306667400759786,0.18687297229847766,0.23842501026315008,0.16561803084223012,0.9104475834150334,0.463740905890636,0,copy-move,1-5%,art20074
Tp_S_NNN_S_N_cha00032_cha00032_00847,0.0068441877874024165,0.013595326606479023,-0.018955311919944057,0.15816695601851852,0.5943986351366098,0.04310131285608125,0,copy-move,1-5%,cha00032
Tp_S_NNN_S_N_cha00032_cha00032_11028,0.0014619883040935672,0.00291970802919708,-0.02131795270733228,0.13062427662037038,0.4909639405985392,0.011367569635472646,0,copy-move,<1%,cha00032
Tp_S_NNN_S_N_cha00040_cha00040_00849,0.22444041137326073,0.366600790513834,0.4444320255836009,0.1494683159722222,0.9839534017412126,0.6448236632536973,0,copy-move,1-5%,cha00040
Tp_S_NNN_S_N_cha00041_cha00041_00361,0.15690723448817523,0.2712529229840839,0.29148810462096586,0.19524016203703703,0.8796484399177493,0.5003030915336432,0,copy-move,1-5%,cha00041
Tp_S_NNN_S_N_cha00041_cha00041_00850,0.0,0.0,-0.05052949265565497,0.10655381944444445,0.11306417020953538,0.041059250730670446,0,copy-move,1-5%,cha00041
Tp_S_NNN_S_N_cha10190_cha10190_12430,0.0,0.0,-0.0362716724850196,0.1074009324009324,0.4078817845947156,0.024021858588140238,0,copy-move,1-5%,cha10190
Tp_S_NNN_S_N_cha10209_cha10209_12334,0.0,0.0,-0.013229939300749618,0.04571111111111111,0.749003144871222,0.017059634223563155,0,copy-move,<1%,cha10209
Tp_S_NNN_S_N_cha20005_cha20005_02004,0.0013727692499688007,0.0027417746759720836,-0.0007034468901346311,0.03278920308483291,0.7678025647321283,0.007237558444885672,0,copy-move,<1%,cha10118
Tp_S_NNN_S_N_cha20030_cha20030_02485,0.018690213392200148,0.03669459693730136,0.003930729890423366,0.09182520325203251,0.6385906501745274,0.06191605283304964,0,copy-move,1-5%,cha10175
Tp_S_NNN_S_N_ind00023_ind00023_10704,0.0,0.0,-0.01170089252261496,0.06427228009259259,0.34062071426182167,0.004110075289106432,0,copy-move,<1%,ind00023
Tp_S_NNN_S_N_ind00041_ind00041_00898,0.0,0.0,0.0,0.0,0.9574931089511098,0.061466821885913854,0,copy-move,<1%,ind00041
Tp_S_NNN_S_N_ind00041_ind00041_01331,0.0,0.0,0.0,0.0,0.4390226202434573,0.01857103842356253,0,copy-move,<1%,ind00041
Tp_S_NNN_S_N_ind00053_ind00053_00903,0.18983402489626555,0.3190932868352223,0.40963517655270953,0.1394675925925926,0.9781698808450224,0.5596919127086007,0,copy-move,1-5%,ind00053
Tp_S_NNN_S_N_ind00066_ind00066_01354,0.0,0.0,-0.06276046261651601,0.1868308738425926,0.2799916807328664,0.03381089865809591,0,copy-move,1-5%,ind00066
Tp_S_NNN_S_N_ind00079_ind00079_00912,0.014828718911309244,0.029224082123370018,0.07643064495582162,0.19108072916666666,0.8378717427104524,0.15682382133995038,0,copy-move,<1%,ind00079
Tp_S_NNN_S_N_ind20005_ind20005_01746,0.0,0.0,-0.009157290077574867,0.014874290348742903,0.27722336005137616,0.011184286160061752,0,copy-move,<1%,ind20005
Tp_S_NNN_S_N_ind20031_ind20031_01772,0.0,0.0,-0.007265456520141566,0.002916666666666667,0.42183125572247665,0.04295059209557663,0,copy-move,1-5%,ind20031
Tp_S_NNN_S_N_ind20052_ind20052_02298,0.02534351145038168,0.049434187016081,0.044436018080355175,0.023984471167503078,0.8462330996009416,0.08711256117455139,0,copy-move,<1%,ind20052
Tp_S_NNN_S_N_nat00020_nat00020_11044,0.0,0.0,-0.0665190496054589,0.17966941550925927,0.15689579012578447,0.03921498406331698,0,copy-move,1-5%,nat00020
Tp_S_NNN_S_N_nat00046_nat00046_00965,0.07415254237288135,0.13806706114398423,0.24344699823994087,0.21339699074074073,0.9840650089878145,0.4932249322493225,0,copy-move,1-5%,nat00046
Tp_S_NNN_S_N_nat00056_nat00056_00664,0.0514820592823713,0.09792284866468842,0.10991158366914022,0.5985785590277778,0.6269216342547176,0.1057055237951009,0,copy-move,1-5%,nat00056
Tp_S_NNN_S_N_nat10117_nat10117_11342,0.0,0.0,-0.00948678148551891,0.021936487268518517,0.42250377990083127,0.009698493590463148,0,copy-move,<1%,nat10117
Tp_S_NNN_S_N_nat20005_nat20005_01509,0.21870116882305143,0.35890860601087293,0.3627712466038445,0.22383703703703703,0.8464849703887162,0.4071623199688595,0,copy-move,>5%,nat20005
Tp_S_NNN_S_N_nat20005_nat20005_02205,0.0,0.0,-0.014141029370827668,0.05612222222222222,0.8258729785810558,0.024245550683518184,0,copy-move,<1%,nat20005
Tp_S_NNN_S_N_nat20017_nat20017_02217,0.0,0.0,0.0,0.0,0.3035607782909727,0.0018354501614676676,0,copy-move,<1%,nat20017
Tp_S_NNN_S_N_nat20047_nat20047_01551,0.0,0.0,-0.031067719427604428,0.12131460593946317,0.31510017019029035,0.016334342175538544,0,copy-move,<1%,nat20047
Tp_S_NNN_S_N_nat20050_nat20050_01554,0.3588145022060234,0.5281287499117668,0.5480725880987757,0.06533875338753388,0.9662043486978558,0.512861043253341,0,copy-move,1-5%,nat20050
Tp_S_NNN_S_N_nat20050_nat20050_02246,0.0,0.0,-0.0027989853793247443,0.0020528455284552845,0.2615310760015257,0.0076199806779061385,0,copy-move,<1%,nat20050
Tp_S_NNN_S_N_nat20055_nat20055_02250,0.12913407437903116,0.2287311618862421,0.25930315887751826,0.05814203730272597,0.9036481756153487,0.22520236800773227,0,copy-move,1-5%,nat20055
Tp_S_NNN_S_N_nat20075_nat20075_01579,0.18154259019978133,0.3072975814931651,0.32996095595071173,0.15087761674718198,0.7679995768139884,0.4299370482629984,0,copy-move,1-5%,nat20075
Tp_S_NNN_S_N_nat20087_nat20087_01591,0.38159439653427263,0.5523971398429258,0.49841019940984826,0.16602597234784855,0.7903422825449467,0.5643676711637877,0,copy-move,>5%,nat20087
Tp_S_NNN_S_N_pla00039_pla00039_00574,0.42814598540145987,0.5995829414891443,0.559057037607616,0.2987738715277778,0.9025840443238552,0.5972389244311895,0,copy-move,>5%,pla00039
Tp_S_NNN_S_N_pla00045_pla00045_01155,0.1855072463768116,0.31295843520782396,0.42063480412816046,0.05615234375,0.9896699674859166,0.4975186104218362,0,copy-move,1-5%,pla00045
Tp_S_NNN_S_N_pla00051_pla00051_00585,0.2903115954367444,0.4499868039060438,0.476796981418676,0.099609375,0.9576234872383595,0.4859437751004016,0,copy-move,1-5%,pla00051
Tp_S_NNN_S_N_pla00051_pla00051_01160,0.0,0.0,-0.006369922213214354,0.0023509837962962963,0.6142244788980842,0.04867606682488715,0,copy-move,1-5%,pla00051
Tp_S_NNN_S_N_pla00052_pla00052_00586,0.34840828701364324,0.5167697208169384,0.5049787816905008,0.3576931423611111,0.9263633097752667,0.5818610129564193,0,copy-move,>5%,pla00052
Tp_S_NNN_S_N_pla00082_pla00082_00606,0.2973377061830809,0.4583813524666345,0.4473342067124316,0.37183521412037035,0.9153007518019675,0.5616713091922005,0,copy-move,>5%,pla00082
Tp_S_NNN_S_N_pla20082_pla20082_02491,0.0,0.0,-0.014267660528537014,0.06171851851851852,0.514104842978577,0.007535870017550525,0,copy-move,<1%,pla20082
Tp_S_NNN_S_N_sec00047_sec00047_00793,0.157339927121291,0.2718992465984482,0.30458538716916606,0.12952112268518517,0.8681919100811767,0.37453834455789703,0,copy-move,1-5%,sec00047
Tp_S_NNN_S_N_sec00065_sec00065_00788,0.0,0.0,-0.029047898160184903,0.030381944444444444,0.28099531108617176,0.052539087269235646,0,copy-move,1-5%,sec00065
Tp_S_NNN_S_N_sec00065_sec00065_10382,0.0,0.0,-0.015226448876002338,0.015986689814814815,0.7720169242389052,0.07950310559006211,0,copy-move,1-5%,sec00065
Tp_S_NNN_S_N_sec00065_sec00065_10383,0.23095352180162912,0.3752432853250292,0.36624871611011534,0.027126736111111112,0.9634407101496923,0.36850152905198774,0,copy-move,1-5%,sec00065
Tp_S_NNN_S_N_sec20040_sec20040_01630,0.01577914363927483,0.031068059898812703,0.09586444488522305,0.42145935826548825,0.9522506774134288,0.10438512869399429,0,copy-move,<1%,sec20040
Tp_S_NNN_S_N_sec20041_sec20041_02126,0.005871886120996441,0.011675216699097823,0.0040520622487231475,0.045836792146389,0.7324602886947243,0.020814913986914898,0,copy-move,<1%,sec20041
Tp_S_NNN_S_N_sec20053_sec20053_01643,0.0,0.0,0.0,0.0,0.2851901231985933,0.015417558886509636,0,copy-move,<1%,sec20053
Tp_S_NNN_S_N_sec20085_sec20085_01675,0.009977703455964326,0.01975826480490093,0.04718729601701258,0.1301103752759382,0.7383665557832815,0.01696885169688517,0,copy-move,<1%,sec20085
Tp_S_NNN_S_N_sec20093_sec20093_01683,0.15832910692055882,0.27337499502447954,0.3692407274992391,0.14222222222222222,0.9809470932185154,0.5625761885412434,0,copy-move,1-5%,sec20093
Tp_S_NNN_S_N_sec20100_sec20100_02139,0.0808614564831261,0.14962409103980936,0.26405270411239606,0.14806048652202497,0.9935219007908053,0.576167297638363,0,copy-move,1-5%,sec20100
Tp_S_NNN_S_N_txt00088_txt00088_01296,0.31476369719782515,0.47881409848581247,0.49561539558434325,0.2112449363425926,0.936422189635757,0.5395149019958829,0,copy-move,>5%,txt00088
Tp_S_NNN_S_N_txt00095_txt00095_00688,0.3390254060807997,0.5063763608087092,0.5359502769010365,0.17140480324074073,0.9541866996593982,0.5617099989723564,0,copy-move,>5%,txt00095
Tp_S_NNN_S_O_txt00039_txt00042_10831,0.0,0.0,0.0,0.0,0.2540517214666079,0.16931446498898606,0,splicing,>5%,txt00039
Tp_S_NRD_M_N_nat10135_nat10135_11915,0.0701901231615449,0.1311731843575419,0.049670502330775856,0.3303183520599251,0.6249325694182203,0.16459715124497118,0,copy-move,>5%,nat10135
Tp_S_NRD_S_B_arc00047_arc00047_01079,0.0,0.0,-0.03248140889854302,0.16026475694444445,0.3107350930876064,0.012504627534860762,0,copy-move,<1%,arc00047
Tp_S_NRD_S_B_arc00049_arc00049_01077,0.0,0.0,-0.013683307185692044,0.04005714699074074,0.10084919077724834,0.008894010046270457,0,copy-move,<1%,arc00049
Tp_S_NRD_S_B_arc20059_arc20059_01699,0.16057380842202684,0.2767145135566188,0.3441287944008437,0.09389847139020864,0.9307963586547812,0.5209935695372588,0,copy-move,1-5%,arc20059
Tp_S_NRD_S_B_sec20058_sec20058_02147,0.0,0.0,-0.004299970934071477,0.002266305627501766,0.4146475779304971,0.017471539332322348,0,copy-move,<1%,sec20058
Tp_S_NRD_S_N_ind00011_ind00011_01309,0.0,0.0,-0.021453267693586894,0.03804976851851852,0.601138523844018,0.027211692709880577,0,copy-move,1-5%,ind00011
Tp_S_NRD_S_N_ind00014_ind00014_01312,0.0,0.0,-0.0032069028941756135,0.0025679976851851853,0.19208894816418964,0.008380952380952381,0,copy-move,<1%,ind00014
Tp_S_NRD_S_N_ind20034_ind20034_01775,0.0,0.0,-0.011973698884180763,0.045533333333333335,0.8842741416998843,0.03049904873408459,0,copy-move,<1%,ind20034
Tp_S_NRD_S_N_pla20007_pla20007_01907,0.6981944714814093,0.822278582584648,0.7077374349555807,0.38655161078238004,0.929924282660386,0.8902428977902829,0,copy-move,>5%,pla20007
Tp_S_NRN_M_N_arc00078_arc00078_11878,0.19506016466117795,0.3264440911499735,0.40780184648313983,0.1711697048611111,0.9601919813302919,0.4306146115191341,0,copy-move,1-5%,arc00078
Tp_S_NRN_M_N_art00023_art00023_10738,0.2917569379964923,0.45172110853765673,0.44521186153903336,0.34626374421296297,0.9178378937734539,0.6138040804514542,0,copy-move,>5%,art00023
Tp_S_NRN_M_N_nat00020_nat00020_11045,0.009965857709698257,0.019735038830516218,-0.03872870590431226,0.17370153356481483,0.6822576042563461,0.08673615759778139,0,copy-move,1-5%,nat00020
Tp_S_NRN_M_N_pla00082_pla00082_10455,0.20715538023230332,0.34321245404620343,0.34679880584463874,0.3204933449074074,0.884627540669172,0.5056832533468048,0,copy-move,>5%,pla00082
Tp_S_NRN_M_N_sec00070_sec00070_10716,0.4797253480831585,0.6483978242375809,0.21356692067072286,0.9481698495370371,0.6533919883628152,0.661447877228203,0,copy-move,>5%,sec00070
Tp_S_NRN_S_B_ani10217_ani10217_12370,0.1453629576324548,0.2538286342574413,0.3485002272013693,0.09725620567375887,0.9386607216826398,0.5310658034592715,0,copy-move,1-5%,ani10217
Tp_S_NRN_S_B_cha20030_cha20030_02029,0.07749902218248869,0.14384982368803154,0.1988569529174616,0.06853658536585366,0.8596470479041589,0.15620283730757623,0,copy-move,<1%,cha10175
Tp_S_NRN_S_B_nat00089_nat00089_00991,0.3460304401480872,0.5141495018641893,0.5405480501563807,0.2198169849537037,0.9577224530598787,0.6241654453672041,0,copy-move,>5%,nat00089
Tp_S_NRN_S_B_nat00098_nat00098_00995,0.19923252437253683,0.3322667127907982,0.4013338126441703,0.17261646412037038,0.9584149632644788,0.509409474367294,0,copy-move,1-5%,nat00098
Tp_S_NRN_S_B_nat10133_nat10133_11909,0.0,0.0,-0.014928770880841614,0.02637952559300874,0.664748321671317,0.03318899039031914,0,copy-move,<1%,nat10133
Tp_S_NRN_S_B_pla00004_pla00004_00544,0.2509519492293744,0.40121756776344397,0.4598699098706971,0.19947193287037038,0.9616726025224998,0.5374430214890384,0,copy-move,>5%,pla00004
Tp_S_NRN_S_B_pla00082_pla00082_01184,0.0,0.0,-0.006977674846009942,0.004213686342592593,0.9650299126539249,0.23276501111934766,0,copy-move,1-5%,pla00082
Tp_S_NRN_S_B_sec00065_sec00065_00745,0.0,0.0,-0.017086159077088898,0.031810619212962965,0.7940935834732462,0.04847069129133513,0,copy-move,<1%,sec00065
Tp_S_NRN_S_N_ani00033_ani00033_00153,0.27883479858286314,0.4360763390108763,0.4889030554239895,0.1359592013888889,0.9642677648705785,0.5126784572767952,0,copy-move,1-5%,ani00033
Tp_S_NRN_S_N_ani20008_ani20008_02406,0.2980843095832533,0.45926802655669186,0.5043193282333124,0.18404255319148935,0.9572456343598136,0.5522757379589592,0,copy-move,>5%,ani10217
Tp_S_NRN_S_N_ani20021_ani20021_02064,0.0,0.0,-0.003345745703182964,0.027800316501222846,0.7110609693798466,0.0016915185055801725,0,copy-move,<1%,ani10211
Tp_S_NRN_S_N_ani20037_ani20037_02080,0.15641581559879045,0.2705182919308286,0.24207497946988635,0.34751386998848527,0.8255336301956662,0.3498237367802585,0,copy-move,>5%,ani10161
Tp_S_NRN_S_N_arc00062_ani00017_11500,0.0,0.0,-0.023426472322031766,0.07259114583333333,0.40477755105259483,0.0157631837536849,0,splicing,<1%,arc00062
Tp_S_NRN_S_N_arc00062_ani00058_11497,0.0,0.0,-0.026880266241028173,0.0702220775462963,0.6768669171284796,0.03396957123098202,0,splicing,<1%,arc00062
Tp_S_NRN_S_N_arc00062_ani00070_11498,0.0,0.0,-0.030780440313453925,0.0715060763888889,0.38026121083445924,0.024013722126929673,0,splicing,1-5%,arc00062
Tp_S_NRN_S_N_arc00062_arc00062_00282,0.19812695109261186,0.3307278096230676,0.38831390249205294,0.25978370949074076,0.9504648142417162,0.4809674316339151,0,copy-move,>5%,arc00062
Tp_S_NRN_S_N_arc00078_arc00078_01050,0.18513523638270774,0.3124288784928562,0.3834295640556693,0.24137369791666666,0.9767855977962048,0.5837023914969,0,copy-move,1-5%,arc00078
Tp_S_NRN_S_N_arc00086_arc00086_10735,0.02420271444808451,0.047261570598603045,0.1333134571164907,0.27048972800925924,0.9751471472454117,0.19949403686302855,0,copy-move,<1%,arc00086
Tp_S_NRN_S_N_arc20085_arc20085_01725,0.030233211576285474,0.058691976217749416,0.1528674313964519,0.1267198148386267,0.9657509898530651,0.2711484593837535,0,copy-move,<1%,arc20085
Tp_S_NRN_S_N_arc20085_arc20085_02416,0.0707737030411449,0.13219170930353974,0.2261776380092981,0.1261983341191262,0.9507178026620091,0.39905487004463114,0,copy-move,1-5%,arc20085
Tp_S_NRN_S_N_art00023_art00023_20091,0.34318828509959054,0.5110054769039992,0.4196000923826106,0.2045355902777778,0.8388519791864143,0.5464321862348178,0,copy-move,>5%,art00023
Tp_S_NRN_S_N_art20040_art20040_01846,0.30643277293396187,0.46911372599109097,0.45494513829612304,0.3853010101010101,0.9217925041482398,0.5749280566984565,0,copy-move,>5%,art20040
Tp_S_NRN_S_N_art20065_art20065_01871,0.0,0.0,0.0,0.0,0.17209526477061352,0.01476297392074851,0,copy-move,<1%,art20064
Tp_S_NRN_S_N_art20067_arc20001_01873,0.09350294365012615,0.17101544022919993,0.11741211259332164,0.05383497647227784,0.86453950614788,0.5667576444465005,0,splicing,>5%,art20067
Tp_S_NRN_S_N_art20074_art20074_02319,0.02837932238910234,0.05519232402139764,0.04374024444902303,0.09627520759193357,0.8017139177877427,0.07943396226415095,0,copy-move,1-5%,art20074
Tp_S_NRN_S_N_cha00025_cha00025_10725,0.1563522761083011,0.270423260002573,0.33131503982130434,0.2399269386574074,0.9228492636496154,0.4254579489236529,0,copy-move,1-5%,cha00025
Tp_S_NRN_S_N_cha00040_cha00040_11033,0.006498781478472786,0.0129136400322841,0.019971810399023914,0.06447120949074074,0.8933452599684105,0.030647291941875824,0,copy-move,<1%,cha00040
Tp_S_NRN_S_N_cha00064_cha00064_00383,0.0,0.0,-0.015788350320836485,0.012912326388888888,0.5491219340950104,0.049928431063344575,0,copy-move,1-5%,cha00064
Tp_S_NRN_S_N_cha10130_cha10130_12186,0.0,0.0,-0.019314603944795634,0.0993598233995585,0.020761047336179127,0.006723676001027636,0,copy-move,<1%,cha10130
Tp_S_NRN_S_N_cha10187_cha10187_12310,0.0,0.0,-0.0186485457373464,0.026126651126651128,0.38344751638885916,0.026101465784958332,0,copy-move,1-5%,cha10187
Tp_S_NRN_S_N_cha10207_cha10207_12340,0.0,0.0,-0.012778167774109653,0.03309259259259259,0.45713874624792245,0.010251027905009858,0,copy-move,<1%,cha10207
Tp_S_NRN_S_N_cha10209_cha10209_12335,0.0,0.0,-0.01206430191630974,0.04544074074074074,0.4540861599141286,0.007245159679506095,0,copy-move,<1%,cha10209
Tp_S_NRN_S_N_ind00023_ind00023_00894,0.0,0.0,-0.031105850202469733,0.0810546875,0.36121510347694863,0.022390983897150746,0,copy-move,1-5%,ind00023
Tp_S_NRN_S_N_ind00053_ind00053_10903,0.0,0.0,-0.013365581800876492,0.0166015625,0.6500653166183182,0.03532875368007851,0,copy-move,1-5%,ind00053
Tp_S_NRN_S_N_ind00090_ind00090_10643,0.0,0.0,-0.017716136270554694,0.02124927662037037,0.3483145397741644,0.030197355815290285,0,copy-move,1-5%,ind00053
Tp_S_NRN_S_N_ind20052_ind20052_01793,0.0,0.0,-0.008768036946686032,0.038386516428368524,0.49699181926090574,0.005336376298434327,0,copy-move,<1%,ind20052
Tp_S_NRN_S_N_pla20001_pla20001_01901,0.11977866533533034,0.21393275125394762,0.25092359124751373,0.08581380867128513,0.8613630489470006,0.3965659908978072,0,copy-move,1-5%,pla20001
Tp_S_NRN_S_N_pla20029_pla20029_01929,0.22955178526209166,0.373390999897024,0.1974991939260024,0.4662178072111847,0.6489162833951511,0.4463814051769678,0,copy-move,>5%,pla20029
Tp_S_NRN_S_N_sec00022_sec00022_10804,0.0,0.0,-0.016110330168116326,0.018825954861111112,0.47388836232397324,0.028350515463917526,0,copy-move,1-5%,ind00014
Tp_S_NRN_S_N_sec00051_sec00051_00072,0.15281076801266824,0.2651098901098901,0.30488748254613224,0.020109953703703703,0.9510880061948485,0.3374485596707819,0,copy-move,<1%,sec00051
Tp_S_NRN_S_N_sec00051_sec00051_11241,0.0,0.0,-0.012372565367973468,0.029929832175925927,0.4111502432759869,0.01040480584239664,0,copy-move,<1%,sec00051
Tp_S_NRN_S_N_sec00065_sec00065_11280,0.13259899609592862,0.23414994460174812,0.3426661306073654,0.1297019675925926,0.9897780363169046,0.5668449197860963,0,copy-move,1-5%,sec00065
Tp_S_NRN_S_N_sec00070_sec00070_10717,0.0,0.0,-0.01313266813108532,0.0028935185185185184,0.5637402335783404,0.13517930519237953,0,copy-move,>5%,sec00070
Tp_S_NRN_S_N_sec20041_sec20041_01631,0.07024308466051969,0.131265664160401,0.18035949176551377,0.05005955173782799,0.8687766842925218,0.10940665701881332,0,copy-move,<1%,sec20041
Tp_S_NRN_S_N_sec20085_sec20085_02446,0.0002833824529585128,0.0005666043401892459,-0.013653394078898111,0.12807211184694628,0.5235042307915269,0.0054277102403541356,0,copy-move,<1%,sec20085
Tp_S_NRN_S_N_sec20100_sec20100_01690,0.0,0.0,-0.02427025982937729,0.08053911900065747,0.2734907758947693,0.015514137883716613,0,copy-move,<1%,sec20100
Tp_S_NRN_S_N_txt00009_txt00009_01267,0.30245707519242154,0.464440757324363,0.3566844286476684,0.6034071180555556,0.861002897480061,0.569884112703173,0,copy-move,>5%,txt00009
Tp_S_NRN_S_O_cha10187_cha10187_12308,0.23104657961411032,0.3753661046465606,0.43077515376357495,0.03742424242424242,0.9728225317001091,0.44525547445255476,0,copy-move,1-5%,cha10187
