image_id,forgery_type,area_bucket,split_group,shown,iou,f1,mcc,pred_area,pixel_auc,whole_f1,mean_f1,single:cm_keypoint_f1
Tp_D_CNN_M_N_ani00052_ani00054_11130,splicing,>5%,ani00052,True,0.2689258510803669,0.4238637755727061,0.38317913376193014,0.06360315393518519,0.8499201757823632,0.15501651596543325,0.24034469744621964,0.0
Tp_D_CNN_M_N_ind00091_ind00091_10647,copy-move,>5%,ind00091,True,0.5071551645959916,0.6729966184098102,-0.01734159178892956,0.9925311053240741,0.4863207005519682,0.6757035085618489,0.6466434209035636,0.6646579402321561
Tp_D_CNN_M_N_ind00091_ind00091_10648,copy-move,>5%,ind00091,True,0.49936704282407407,0.6661038005524129,0.0,1.0,0.4926866445031186,0.6661038005524129,0.6661038005524129,0.6507962692722543
Tp_D_CNN_M_N_nat00077_nat00077_10574,copy-move,>5%,nat00077,False,0.07527605709668732,0.14001252348152787,0.14671464973573714,0.023600260416666668,0.7954008087469435,0.2155673163805344,0.20304738516492715,0.0
Tp_D_CNN_M_N_nat00090_nat00090_10575,copy-move,>5%,nat00090,True,0.49951171875,0.6662324975577988,0.0,1.0,0.5291381063802764,0.6662324975577988,0.6662324975577988,0.6357190953380599
Tp_D_CNN_M_N_nat10156_ani00024_12016,splicing,1-5%,nat10156,True,0.040145499711662154,0.07719208461276016,0.06522238461308172,0.11567708333333333,0.7678656044312545,0.03924905962248736,0.08908376257573823,0.0
Tp_D_CNN_M_N_pla00042_pla00042_10976,copy-move,>5%,pla00042,True,0.5065827546296297,0.6724924377010612,-0.008393014329927942,0.9999276620370371,0.4733345104268014,0.6725561743806414,0.6725561743806414,0.6700986288188597
Tp_D_CNN_M_N_sec10110_sec10101_10298,splicing,>5%,sec10110,True,0.0,0.0,0.0,0.0,0.4777139037433155,0.11600523331879634,0.07801163709503628,0.0
Tp_D_CNN_S_N_ani10198_ani10197_12407,splicing,1-5%,ani10198,False,0.02385275668537471,0.046594115276098344,-0.007619955513623573,0.07638257575757576,0.6547743287586829,0.07893468195999599,0.14267349857869674,0.0
Tp_D_CNN_S_N_arc00020_arc00020_00240,copy-move,1-5%,arc00020,True,0.0,0.0,-0.1277125339280041,0.24097583912037038,0.322969662086947,0.09317562674574985,0.0,0.0
Tp_D_CNN_S_N_art00001_ani00074_10442,splicing,>5%,art00001,True,0.0,0.0,0.0,0.0,0.6501518701531271,0.10737083497338833,0.13285289049036503,0.0
Tp_D_CNN_S_N_nat10156_ani00097_12022,splicing,1-5%,nat10156,True,0.021117821287071584,0.041362163791154975,0.01888949420048022,0.13651041666666666,0.6739752040075875,0.03364873091825646,0.07820176519180881,0.0
Tp_D_CNN_S_N_pla10114_ani00081_10429,splicing,1-5%,pla10114,True,0.09822457920221352,0.1788788578626916,0.1599126286914122,0.02291814946619217,0.7702501801245433,0.04359329019800785,0.07358425522579837,0.0
Tp_D_CNN_S_N_txt00052_txt00051_10377,splicing,>5%,txt00052,False,0.0,0.0,0.0,0.0,0.20672234274702522,0.2419762506557299,0.00935566621397314,0.0
Tp_D_CRD_M_B_arc10113_arc10112_10030,splicing,>5%,arc10113,False,0.0,0.0,-0.07970133361365815,0.027592592592592592,0.21992157130207246,0.30926382529059526,0.015256984838371316,0.0
Tp_D_CRD_M_B_sec00001_sec00003_10031,splicing,>5%,sec00001,True,0.0,0.0,-0.061198617707617725,0.052318431712962965,0.5177438671630893,0.11947150946283733,0.16368990461558158,0.0
Tp_D_CRD_M_N_ind00091_ind00091_10645,copy-move,>5%,ind00091,True,0.31106184084372,0.4745189451071804,0.46434238178053705,0.29387297453703703,0.9141735380209596,0.18478457119409109,0.1290641723254036,0.5635237972397782
Tp_D_CRD_M_N_ind00091_ind00091_10646,copy-move,>5%,ind00091,True,0.21195983802074667,0.34978030025631635,0.19060161762141456,0.1875,0.6970678422008989,0.3438361087815982,0.2882604729492667,0.3151299149229708
Tp_D_CRD_S_B_ani00071_ani00064_00191,splicing,1-5%,ani00071,True,0.15373563218390804,0.26650062266500624,0.25286407812640416,0.02238859953703704,0.8830080242732748,0.06893661602933474,0.3064172389296709,0.0
Tp_D_CRD_S_N_ani00028_ani00058_00148,splicing,1-5%,ani00028,True,0.17234875961119978,0.29402301695334737,0.29480436563479595,0.10872395833333333,0.9235388829107699,0.07213457683256341,0.15433963671627318,0.0
Tp_D_CRD_S_N_cha00059_cha00057_00379,splicing,1-5%,cha00059,False,0.01325044986095207,0.026154342912495965,-0.02041694710598123,0.08295355902777778,0.7534703805189402,0.056482083545683,0.19514268366727383,0.0
Tp_D_CRD_S_N_cha10211_cha10159_12333,splicing,<1%,cha10211,True,0.0,0.0,-0.01796380999312672,0.047688442211055275,0.5900117644844206,0.012724223876436052,0.04802932460903376,0.0
Tp_D_CRD_S_N_ind00074_cha00049_00474,splicing,1-5%,ind00074,True,0.056830844662357924,0.10754955714888233,0.11801273632094936,0.07157841435185185,0.883546376625243,0.027960057061340943,0.05258745011235201,0.0
Tp_D_CRN_M_B_sec00085_arc00065_11450,splicing,1-5%,ani00085,True,0.3784491440080564,0.549094097019287,0.535105260104277,0.07524956597222222,0.9582865332610139,0.09255075113403129,0.2949142691078175,0.0
Tp_D_CRN_M_N_ani00097_ani00001_10099,splicing,1-5%,ani00097,True,0.048625792811839326,0.09274193548387097,0.21597009227736796,0.0020797164351851853,0.9647357905426429,0.08203118225490366,0.39344535019131593,0.0
Tp_D_CRN_M_N_ani00097_ani10101_10090,splicing,1-5%,ani00097,True,0.0,0.0,-0.01975399098802231,0.03275101273148148,0.5198835448630506,0.02252977148374638,0.035493519441674976,0.0
Tp_D_CRN_M_N_ani10102_ani00097_10091,splicing,1-5%,ani10102,True,0.0,0.0,-0.0267966144637748,0.01897119341563786,0.5834971256243521,0.06912991656734208,0.11242922620652467,0.0
Tp_D_CRN_M_N_ani10104_ani00097_10092,splicing,>5%,ani10104,True,0.2820126544139801,0.4399529964747356,0.38625704455708487,0.08650205761316872,0.9129993611812,0.16277926889199712,0.3338243274672455,0.0
Tp_D_CRN_M_N_ani10104_ani00100_10093,splicing,1-5%,ani10104,True,0.02958904109589041,0.05747738158594997,0.01985404694979836,0.035761316872427985,0.9019106107130672,0.07981035163966811,0.22063329928498468,0.0
Tp_D_CRN_M_N_ani10144_nat10139_12474,splicing,>5%,ani10144,True,0.16260299746966847,0.2797223090316532,0.019164926762321302,0.17874431448992853,0.7601338053586701,0.7088181470198051,0.35144907484273247,0.0
Tp_D_CRN_M_N_arc00045_arc00046_10084,splicing,>5%,arc00045,True,0.5401069518716578,0.7013888888888888,0.648877276715336,0.30296947337962965,0.9567420290445423,0.30710119858557716,0.017291883208919966,0.8115268908006544
Tp_D_CRN_M_N_arc00045_arc00071_10087,splicing,>5%,arc00045,True,0.034608217233117404,0.06690110644137576,-0.02298997216799467,0.05946180555555555,0.6059121310121933,0.2629619740210784,0.4690551327269352,0.0
Tp_D_CRN_M_N_arc00046_arc00045_10083,splicing,>5%,arc00046,True,0.16750719115394672,0.28694845294851695,0.1546116720486339,0.43845847800925924,0.6357822744308053,0.22496147919876733,0.12725483765168907,0.2624516715942688
Tp_D_CRN_M_N_art00014_art00013_11836,splicing,>5%,art00014,True,0.07422275748249253,0.1381887638583233,0.21330578648965065,0.03009259259259259,0.6040659834665989,0.5769542559351477,0.6328922495274102,0.0
Tp_D_CRN_M_N_nat00083_ani00001_10097,splicing,>5%,nat00083,False,0.0,0.0,-0.13866847603721288,0.04810474537037037,0.5338780979756822,0.432141996399053,0.12037401927417332,0.0
Tp_D_CRN_M_N_nat00083_ani10101_10096,splicing,1-5%,nat00083,False,0.0,0.0,-0.016266072644124982,0.020869502314814815,0.20043915534992743,0.02422553328331011,0.02443280977312391,0.0
Tp_D_CRN_M_N_nat00086_nat00085_10068,splicing,>5%,nat00086,False,0.0,0.0,-0.016952215108722087,0.004557291666666667,0.6181743288375914,0.11153990642396093,0.13197229310973388,0.0
Tp_D_CRN_M_N_nat10116_cha00026_11674,splicing,>5%,nat10116,False,0.017972479640550407,0.03531034482758621,-0.049914712435151824,0.04982277199074074,0.747659060929549,0.2560867919767882,0.42587875700458483,0.0
Tp_D_CRN_M_N_nat10154_nat10138_12076,splicing,>5%,nat10154,True,0.013973038473189942,0.02756096650110169,0.0182737570198949,0.010963722511574073,0.7252505050265844,0.37551640942591796,0.028802542766329774,0.0
Tp_D_CRN_M_N_nat10154_nat10140_12075,splicing,>5%,nat10154,True,0.0728148764488477,0.13574546372785976,0.23825968908800496,0.017012984664351853,0.7883602784362905,0.3787908217677003,0.051637192594639406,0.0
Tp_D_CRN_M_N_nat10156_ani00001_12021,splicing,>5%,nat10156,True,0.17427635788760493,0.2968234125076129,0.2509174446557166,0.11939236111111111,0.8279445129540464,0.11524491999607343,0.23031373081624337,0.0
Tp_D_CRN_M_N_nat10159_ani00021_12058,splicing,<1%,nat10159,True,0.01818989450305386,0.035729866503795484,0.11495469828068453,0.2604976851851852,0.9397516487861785,0.009560559811092554,0.03451574000914875,0.0
Tp_D_CRN_M_N_pla00046_pla00025_10994,splicing,>5%,pla00046,True,0.0,0.0,0.0,0.0,0.7259321283759989,0.12030254100450412,0.2701699006591774,0.0
Tp_D_CRN_M_O_ani00071_ani00013_10002,splicing,1-5%,ani00071,False,0.0,0.0,-0.010555516922194502,0.002423321759259259,0.3322004048752051,0.08402487829386185,0.16548797736916548,0.0
Tp_D_CRN_M_O_nat10159_ani00001_12057,splicing,1-5%,nat10159,True,0.0338048702703934,0.06539893792829914,0.10530042993414865,0.24920717592592592,0.7772729534458487,0.026496116948378255,0.0863572993427604,0.0
Tp_D_CRN_S_B_art00098_ani00070_01383,splicing,>5%,art00098,True,0.13572188719404044,0.23900549725137432,0.14843297852321144,0.20151548032407407,0.6739045890207759,0.16173268396469473,0.09862517494031448,0.21232626188734455
Tp_D_CRN_S_B_pla00041_pla00040_10978,splicing,1-5%,pla00041,False,0.0,0.0,0.0,0.0,0.2720627433102587,0.047698907267816476,0.0,0.0
Tp_D_CRN_S_N_ani00054_ani00019_11859,splicing,>5%,ani00054,False,0.05,0.09523809523809523,0.10235131298630926,0.012315538194444444,0.8206750382503546,0.11021684523504383,0.20952175940874682,0.0
Tp_D_CRN_S_N_ani10151_ani10206_12489,splicing,1-5%,ani10151,True,0.23100823364921547,0.37531549722362445,0.4371913336537626,0.05118601747815231,0.9648133033834363,0.029100095141235523,0.08520103479122845,0.0
Tp_D_CRN_S_N_art00027_art00013_00695,splicing,>5%,art00027,True,0.34856175972927245,0.5169385194479298,0.5645154978531742,0.027452256944444444,0.9628124907773374,0.1368330609700625,0.3505247107363889,0.0
Tp_D_CRN_S_N_art10111_art10112_11563,splicing,1-5%,art10111,True,0.0,0.0,-0.04270120146289464,0.039731626157407406,0.3517514674615702,0.08099947943779282,0.046511627906976744,0.0
Tp_D_CRN_S_N_art20026_art20025_01832,splicing,>5%,art20026,True,0.09017099595353087,0.1654254172753179,0.09888509375619027,0.06249608763693271,0.2895861016528617,0.1832720294258756,0.20364215064160673,0.0
Tp_D_CRN_S_N_cha00028_art00013_00499,splicing,1-5%,cha00028,True,0.7274809160305343,0.8422448077772868,0.8390120100425683,0.020706741898148147,0.9962884056012762,0.03963555145885773,0.48062351158259364,0.0
Tp_D_CRN_S_N_cha00029_art00013_00501,splicing,1-5%,cha00029,True,0.18309235762761877,0.3095149021074947,0.3559839334130167,0.11617476851851852,0.9368478535648386,0.056072137948005835,0.16838215888097124,0.0
Tp_D_CRN_S_N_cha00036_art00053_11741,splicing,1-5%,cha00036,True,0.16866096866096866,0.2886396879570941,0.26168266313731636,0.038990162037037035,0.6448821946657769,0.06799203382132,0.1286071726438699,0.0
Tp_D_CRN_S_N_cha00036_art00076_11740,splicing,1-5%,cha00036,False,0.0,0.0,-0.017220551240503302,0.01886212384259259,0.32612508247439825,0.029927319367250963,0.0,0.0
Tp_D_CRN_S_N_cha10142_cha00086_12235,splicing,1-5%,cha10142,True,0.000125,0.00024996875390576176,-0.04165477799602286,0.12602763385146803,0.26928196886802386,0.02402566377721657,0.06314132146153428,0.0
Tp_D_CRN_S_N_cha10168_cha10166_12300,splicing,>5%,cha10168,True,0.11732747179827471,0.2100144760773542,0.17267238048776337,0.15274621569589672,0.8037336989825181,0.09641861400937024,0.19014049045772696,0.0
Tp_D_CRN_S_N_ind00060_ind00062_10700,splicing,1-5%,ind00060,True,0.22341024198086662,0.36522539098436063,0.36086570835993914,0.023654513888888888,0.9060085066824792,0.030839357572736013,0.06940707061334322,0.0
Tp_D_CRN_S_N_nat10156_ani00037_12017,splicing,1-5%,nat10156,True,0.054939057667818814,0.10415588894637007,0.14230223970785577,0.12070023148148148,0.8691447943339827,0.026710213030792684,0.06758752497610981,0.0
Tp_D_CRN_S_N_nat10156_ani00099_12024,splicing,<1%,nat10156,True,0.010835913312693499,0.021439509954058193,0.037764591094143096,0.13892939814814814,0.7964416931315359,0.009296860149648343,0.02155057659702664,0.0
Tp_D_CRN_S_N_nat10159_ani00005_12053,splicing,<1%,nat10159,True,0.009363649228737204,0.018553569342212875,0.08195086452415809,0.2452835648148148,0.9498332858269753,0.004734137751861902,0.017949784383687585,0.0
Tp_D_CRN_S_N_nat10159_ani00037_12060,splicing,1-5%,nat10159,True,0.07482333034736738,0.13922907743951846,0.09722775431275717,0.20479166666666668,0.5914441379464234,0.08645290603354244,0.24206560378041253,0.0
Tp_D_CRN_S_N_nat10159_ani00097_12063,splicing,<1%,nat10159,True,0.007804539640557591,0.015488201002430787,-0.0057612836865023765,0.2600983796296296,0.6159096387369954,0.017689369170939877,0.0647651079059138,0.0
Tp_D_CRN_S_N_pla00019_pla00020_10954,splicing,>5%,pla00019,True,0.005710491367861886,0.011356133632642281,0.018878203007747778,0.003128616898148148,0.5244559126019867,0.23605971672833992,0.1532745006967023,0.0
Tp_D_CRN_S_N_sec00014_cha00086_11402,splicing,1-5%,sec00014,False,0.0,0.0,-0.005577698724030016,0.0022605613425925927,0.8086079943899019,0.02672852172361495,0.06781776575826919,0.0
Tp_D_CRN_S_N_sec00074_pla00084_00095,splicing,>5%,sec00074,True,0.34877257989810095,0.5171703296703297,0.47794974576623633,0.08624200116346713,0.9421551673976942,0.13532203389830508,0.32664679980429656,0.0
Tp_D_CRN_S_O_cha00029_ani00068_10041,splicing,1-5%,cha00029,True,0.0,0.0,-0.05339995682445467,0.11263020833333333,0.5229457820772345,0.04300047778308648,0.04273891848996712,0.0
Tp_D_CRN_S_O_nat10159_ani00024_12062,splicing,<1%,nat10159,True,0.027047459050818984,0.0526703197840844,0.13227143457369708,0.2750462962962963,0.9280092029738353,0.01584567688598002,0.05660957850476874,0.0
Tp_D_NND_M_B_sec20062_arc20001_02136,splicing,>5%,sec20062,True,0.1755994128200946,0.29874021865808315,0.3096623031342802,0.06356610328271986,0.9632312343270694,0.44733333333333336,0.23632985152712382,0.0
Tp_D_NNN_L_O_sec00062_nat00083_00083,splicing,>5%,nat00083,False,0.0896178064138234,0.16449401962101867,0.15767874816593025,0.06640625,0.8753951068449186,0.8512309130570271,0.42779351642945596,0.0
Tp_D_NNN_M_B_arc00082_nat00099_00302,splicing,>5%,arc00082,False,0.0,0.0,-0.08102373092267082,0.012641059027777778,0.35909739537167,0.5063007333972636,0.32347311640856097,0.0
Tp_D_NNN_M_B_arc20101_arc20001_02184,splicing,>5%,arc20101,True,0.06314136588818117,0.11878263402051133,-0.09742841068031459,0.2291978823294376,0.6765602533318655,0.29199041722056746,0.14591929527191294,0.0
Tp_D_NNN_M_B_nat00086_nat00097_11284,splicing,>5%,nat00086,True,0.010815232209397438,0.021399028951627406,-0.001529775815966462,0.011700665509259259,0.8125220440385564,0.3185294430676134,0.4592297680116377,0.0
Tp_D_NNN_M_B_sec20045_arc20001_02127,splicing,>5%,sec20045,True,0.08470145057910716,0.15617467927951276,0.19952777346767736,0.036172217442956046,0.9403431153587475,0.5283163899711373,0.029485611279212,0.0
Tp_D_NNN_M_B_txt00052_txt00051_10380,splicing,>5%,txt00052,False,0.0,0.0,0.0,0.0,0.19908435491037407,0.6086431402151349,0.013020915238245006,0.0
Tp_D_NNN_M_N_ani00086_nat00059_11126,splicing,>5%,ani00086,True,0.023410999277095033,0.04575092371223647,-0.09473703642114757,0.2638888888888889,0.22584284363547716,0.12898423225282535,0.04739674281030612,0.09577922077922078
Tp_D_NNN_M_N_arc00068_arc00075_00288,splicing,>5%,arc00068,True,0.1583796010692988,0.273450259177732,0.048446406413391596,0.1907371238425926,0.6987077500636095,0.48327504628677226,0.2227955683715283,0.11880073194763759
Tp_D_NNN_M_N_cha10168_cha10140_12301,splicing,>5%,cha10168,True,0.18843980877879182,0.31712133401594383,0.17132725964533022,0.14445660790457138,0.8171452593119268,0.42327677024992116,0.12736552807224186,0.0
Tp_D_NNN_M_N_nat00086_arc00076_11283,splicing,>5%,nat00086,True,0.5091049780758319,0.6747111506118821,0.5585162183495981,0.2736183449074074,0.8408737136569541,0.406914433880726,0.450135457429319,0.45634258012388906
Tp_D_NNN_M_N_nat10112_nat10122_11360,splicing,>5%,nat10112,True,0.18195567830604326,0.30788917325025034,0.2765416527008252,0.07421875,0.8744706720079829,0.4010641066419917,0.5732309706600012,0.0
Tp_D_NNN_M_N_nat10116_cha00062_11376,splicing,>5%,nat10116,True,0.18794778682893315,0.31642432253800395,0.3186817945209558,0.05054615162037037,0.8174922170966962,0.28818202925470165,0.47456484432458934,0.0
Tp_D_NNN_M_N_nat10116_cha00063_11375,splicing,>5%,nat10116,True,0.35364177737059094,0.5225042301184433,0.4656963533990921,0.1036060474537037,0.8914542495507779,0.19844592503298744,0.43036270898271467,0.0
Tp_D_NNN_M_N_nat10156_ani00021_12020,splicing,1-5%,nat10156,True,0.01630399690062633,0.032084881984815274,-0.048765449726181284,0.13359953703703703,0.4329073718014782,0.09264154796266964,0.08604371020478403,0.0
Tp_D_NNN_M_N_nat10166_nat10169_12113,splicing,>5%,nat10166,True,0.03234999208401499,0.06267252837133218,-0.0354066181833701,0.06277199074074075,0.5385057829563136,0.2812554394585159,0.03227516593506796,0.0
Tp_D_NNN_M_O_ani00036_nat00083_10054,splicing,>5%,ani00036,True,0.08176534331592947,0.1511702030780439,0.16615845299942403,0.027741608796296297,0.8806274896158856,0.29183077707242483,0.5908844102334792,0.0
Tp_D_NNN_S_B_cha00029_pla00030_20105,splicing,>5%,cha00029,True,0.3765499351491569,0.5470923001545246,0.4100828112245231,0.21477141203703703,0.830273881406137,0.41905279258930994,0.5100569060918365,0.41422933448667354
Tp_D_NNN_S_B_nat00034_cha00096_00648,splicing,>5%,nat00034,True,0.0,0.0,-0.11598911579564539,0.13664641203703703,0.5662362106161665,0.14530086536526465,0.1616930498654578,0.0
Tp_D_NNN_S_B_sec00062_cha00023_00701,splicing,>5%,nat00083,False,0.13373945641986879,0.23592626270976275,0.15109137991595012,0.13257740162037038,0.7776770798991355,0.1587026739036329,0.4813819982093011,0.0
Tp_D_NNN_S_N_ani00017_ani00010_10216,splicing,1-5%,ani00017,False,0.0,0.0,-0.01827759593644594,0.011302806712962963,0.79868697597987,0.05521752892765448,0.1603513430701665,0.0
Tp_D_NNN_S_N_ani10179_ani10175_12487,splicing,>5%,ani10179,False,0.061499272197962154,0.115872471717518,0.15147947499646763,0.010511971968074752,0.5469032548950772,0.13190295599771418,0.17339510258107213,0.0
Tp_D_NNN_S_N_ani10191_ani10200_12436,splicing,1-5%,ani10191,False,0.0,0.0,-0.05297915397982627,0.06310187952447367,0.3753009149473169,0.07693474356415884,0.08795889392197959,0.0
Tp_D_NNN_S_N_art00006_ind00030_00498,splicing,1-5%,art00006,True,0.0,0.0,-0.017489166427017856,0.008499710648148149,0.6124013231821032,0.06660722714637855,0.07884200800739144,0.0
Tp_D_NNN_S_N_art00045_cha00023_01409,splicing,>5%,art00045,True,0.0,0.0,-0.14053961352776398,0.17203776041666666,0.34165144607787706,0.1597444089456869,0.0,0.0
Tp_D_NNN_S_N_art00045_cha00096_00519,splicing,>5%,art00045,True,0.0,0.0,-0.15460690755967232,0.2180808738425926,0.33666100926276604,0.14632674611555288,0.12128433462937414,0.0
Tp_D_NNN_S_N_art10111_ani00100_11620,splicing,1-5%,art10111,True,0.0,0.0,-0.03413565880654789,0.043854890046296294,0.5555203367009995,0.0483535100412946,0.12088787706317587,0.0
Tp_D_NNN_S_N_ind00060_ind00058_01349,splicing,1-5%,ind00060,False,0.23347701149425287,0.37856726849155503,0.3691702595749814,0.016221788194444444,0.9571973586135288,0.029225176420272295,0.06624121496082075,0.0
Tp_D_NNN_S_N_ind00067_ind00066_00469,splicing,1-5%,ind00067,False,0.0,0.0,-0.030546620368721845,0.03421585648148148,0.44350614405635935,0.05003967204443269,0.08747127779725046,0.0
Tp_D_NNN_S_N_ind00074_ind00074_01361,copy-move,1-5%,ind00074,True,0.05353868720205354,0.10163592064044552,0.07892966333881653,0.02955005787037037,0.9177186828954659,0.04383125497479438,0.07795664849790848,0.0
Tp_D_NNN_S_N_nat00086_nat00086_00681,copy-move,1-5%,nat00086,True,0.0,0.0,-0.021315449191680897,0.018156828703703703,0.3942229080932784,0.04683691851223906,0.0,0.0
Tp_D_NNN_S_N_nat00090_ani00079_00682,splicing,>5%,nat00090,True,0.024553374988999385,0.04792990895035217,0.08863082653341116,0.008662471064814815,0.8387273124613909,0.3359364420168826,0.3556002009040683,0.0
Tp_D_NNN_S_N_nat10159_nat10157_12049,splicing,<1%,nat10159,True,0.0,0.0,-0.012778218885312482,0.24269097222222222,0.11633407883222849,0.0010180000925454629,0.0,0.0
Tp_D_NNN_S_N_nat20016_nat20015_01520,splicing,1-5%,nat20016,True,0.24024064171122994,0.38740972297078796,0.4300619552371504,0.01047314578005115,0.9164829309216288,0.056499047303454564,0.26981137081155654,0.0
Tp_D_NNN_S_N_pla00042_pla00043_10975,splicing,1-5%,pla00042,True,0.0,0.0,-0.039906504544401006,0.038501880787037035,0.7381878890349557,0.07367926007211162,0.17469780670568288,0.0
Tp_D_NNN_S_N_pla00096_ani00031_00617,splicing,>5%,pla00096,True,0.0,0.0,-0.06382543680443276,0.03886357060185185,0.6069407939472828,0.16770217207614693,0.4168208924532182,0.0
Tp_D_NNN_S_N_sec00085_sec00085_00816,copy-move,>5%,ani00085,True,0.27153632393807065,0.42709959413050264,0.431823299998857,0.3138020833333333,0.9220468327131046,0.1679450012424418,0.21528998242530756,0.5448799756912792
Tp_D_NNN_S_N_txt00085_txt00086_10821,splicing,>5%,txt00085,True,0.0,0.0,0.0,0.0,0.3951792423499326,0.19110863947135986,0.0,0.0
Tp_D_NNN_S_N_txt00093_txt00095_01299,splicing,1-5%,txt00093,True,0.0,0.0,-0.010151320424643858,0.003634982638888889,0.8926118111602932,0.05347179442048755,0.3156879554222032,0.0
Tp_D_NNN_S_O_pla00056_pla00065_11225,splicing,1-5%,pla00056,True,0.0,0.0,-0.008895946673255948,0.004032841435185185,0.8887511732367926,0.03761799985804529,0.07113616535802966,0.0
Tp_D_NRD_M_N_art00098_art00077_11711,splicing,>5%,art00098,True,0.11647805685895667,0.20865265760197774,0.29775469998865645,0.03052662037037037,0.7893901495476778,0.4153149538602625,0.7038639089818618,0.0
Tp_D_NRD_M_O_sec20032_sec20032_01622,splicing,>5%,sec20032,True,0.0620336123548115,0.11682043135577687,-0.2447037906402452,0.1716162193032553,0.6474409336171688,0.6631400992528766,0.13277957983448024,0.08543535529192996
Tp_D_NRD_S_B_arc20100_arc20100_02185,splicing,>5%,arc20100,True,0.18906527840263943,0.31800655832222263,0.26955087953747425,0.0711567157922975,0.939615768560194,0.27806768724422404,0.12940851351737676,0.0
Tp_D_NRD_S_B_nat20039_arc20055_02239,splicing,>5%,nat20039,True,0.07697363016511953,0.1429443173150267,0.22593780904466856,0.020957412091050013,0.9050344672522663,0.39543122703954314,0.0726005971847007,0.0
Tp_D_NRD_S_B_sec00010_cha00071_00030,splicing,1-5%,sec00010,False,0.059469595499598175,0.1122629582806574,0.08729928390327771,0.024612991898148147,0.7216454505584939,0.08961824149248575,0.2134351145038168,0.0
Tp_D_NRD_S_N_ani00026_cha00047_00146,splicing,>5%,ani00026,True,0.17292746113989638,0.29486471562672556,0.36467221678462325,0.01224320023148148,0.9418636540571145,0.10113150529695575,0.2588581742186758,0.0
Tp_D_NRD_S_N_ani00078_ani00077_00198,splicing,>5%,ani00078,False,0.0,0.0,-0.017005405271272887,0.004087094907407407,0.46276884925487505,0.12352382245147278,0.1413794702908298,0.0
Tp_D_NRD_S_N_arc00020_sec00045_11701,splicing,1-5%,arc00020,True,0.01570323167956304,0.03092090522070356,-0.011720770597634857,0.13919632523148148,0.5745425448290205,0.043485183547103054,0.0,0.00376325692781389
Tp_D_NRD_S_N_art00054_cha00026_01405,splicing,>5%,art00054,True,0.0,0.0,-0.012162293442155005,0.002712673611111111,0.6540231331186679,0.09809451743826099,0.18181818181818182,0.0
Tp_D_NRD_S_N_art00082_ani00098_01392,splicing,1-5%,art00082,False,0.0,0.0,-0.02800901644262577,0.01587818287037037,0.23083328357888844,0.08862772208779814,0.04454664914586071,0.0
Tp_D_NRD_S_N_nat00006_cha00096_00626,splicing,>5%,nat00006,False,0.0,0.0,-0.04781530043346046,0.038483796296296294,0.6322194468403363,0.102532427424336,0.27513523596343964,0.0
Tp_D_NRD_S_N_sec00001_cha00042_00001,splicing,1-5%,sec00001,True,0.0,0.0,-0.03800697006074647,0.09235749421296297,0.5670076229949139,0.027608346709470304,0.026283497605193367,0.0
Tp_D_NRD_S_N_sec00067_cha00030_00088,splicing,>5%,sec00067,True,0.0,0.0,-0.03428259446802102,0.021232578397212543,0.2784782614619525,0.09776304888152444,0.03824131588992608,0.0
Tp_D_NRN_L_O_sec00043_cha00097_00064,splicing,>5%,cha30686,True,0.05290733119951227,0.10049760246087035,-0.5861824981917264,0.1419994212962963,0.07917997500106859,0.9232491797213487,0.21168382640427472,0.0
Tp_D_NRN_M_B_art00014_art00011_11835,splicing,>5%,art00014,False,0.2493833927103316,0.3992103531476201,0.3122914544047009,0.13212528935185186,0.7337884692342862,0.5321724357613081,0.6297182664739474,0.0
Tp_D_NRN_M_B_art00045_pla00078_10746,splicing,>5%,art00045,True,0.07953659651103405,0.1473532194611822,-0.3116487848898498,0.26363570601851855,0.37532814595385305,0.6326409495548961,0.7151633089133089,0.0
Tp_D_NRN_M_B_art00045_pla00088_10745,splicing,>5%,art00045,True,0.007732145007828496,0.015345635337986423,-0.5721744751066449,0.2903464988425926,0.07387655835973747,0.6359633434882889,0.089642782146107,0.0
Tp_D_NRN_M_B_cha10142_nat00097_12239,splicing,>5%,cha10142,True,0.0,0.0,-0.3368545601701021,0.09664075993091537,0.32717801553624376,0.6796271485989567,0.039691999167565314,0.0
Tp_D_NRN_M_B_nat00001_art00021_11421,splicing,>5%,nat00001,False,0.08350431836617836,0.15413749064165236,0.06165735741911257,0.3395363136574074,0.6030033891168352,0.1327750388329844,0.17657506537076323,0.0
Tp_D_NRN_M_B_nat10154_nat10159_12077,splicing,>5%,nat10154,True,0.10302515107275516,0.18680471786623776,0.23971755792377278,0.03118670428240741,0.7430247903063636,0.38536503463832333,0.15106000031855757,0.0
Tp_D_NRN_M_B_sec00002_nat00062_11397,splicing,>5%,sec00002,False,0.0,0.0,-0.05087813345806853,0.012315538194444444,0.7666778004616595,0.2933860066047344,0.036211022857341055,0.0
Tp_D_NRN_M_B_sec00002_nat10123_11396,splicing,>5%,sec00002,True,0.061833489242282505,0.11646550964672717,0.09611860762121335,0.03202763310185185,0.7722188375452894,0.2953326345643998,0.3404134268917125,0.0
Tp_D_NRN_M_B_sec00085_art00025_11457,splicing,1-5%,ani00085,True,0.12279948475740661,0.2187380497131931,0.2596323443089126,0.009548611111111112,0.8390918443380663,0.07273931303696217,0.2565947242206235,0.0
Tp_D_NRN_M_B_sec00085_cha00072_11458,splicing,>5%,ani00085,True,0.14219745222929936,0.24898926530043217,0.2784571327546302,0.025788483796296297,0.6850073809720614,0.1882934980259817,0.2842634109448436,0.0
Tp_D_NRN_M_B_txt00030_ani00030_20110,splicing,>5%,txt00030,False,0.0,0.0,0.0,0.0,0.5841286202344902,0.5885235858688993,0.22805482648002334,0.0
Tp_D_NRN_M_N_ani00043_ani00044_11142,splicing,>5%,ani00043,True,0.21038041875552935,0.3476269369457168,0.2169771372660983,0.14308449074074073,0.6890492668299582,0.37139575295261096,0.30519041538345976,0.2699844836503649
Tp_D_NRN_M_N_ani10144_nat10131_12473,splicing,>5%,ani10144,True,0.042031033379545696,0.0806713658867326,-0.15740574817486339,0.08706140350877192,0.6933209822595453,0.707876370887338,0.1992825985433372,0.0
Tp_D_NRN_M_N_ani10144_nat10156_12472,splicing,>5%,ani10144,True,0.036379073868460586,0.07020418452230905,-0.1981875531093736,0.09289311241065627,0.5439723065620757,0.7109405673662333,0.2518891687657431,0.0
Tp_D_NRN_M_N_ani10219_ani10215_12384,splicing,>5%,ani10219,True,0.009714870067372474,0.019242798844240565,-0.047014835938109345,0.06158604431871759,0.2672755211463417,0.12213140299184043,0.0,0.0
Tp_D_NRN_M_N_art00014_art00010_11833,splicing,>5%,art00014,True,0.03236708696217341,0.0627046084109796,-0.09224727944818105,0.06799768518518519,0.6097640113995066,0.5325230222127862,0.29806565064478313,0.0
Tp_D_NRN_M_N_art00014_art00013_10270,splicing,>5%,art00014,True,0.22021988367010725,0.3609511476042212,0.3211952434590923,0.12337239583333333,0.7317049635331184,0.695341347458327,0.7288414284922498,0.23769658554087186
Tp_D_NRN_M_N_art00098_art00062_10518,splicing,>5%,art00098,True,0.01227190267847615,0.024246257642842082,-0.17219758355677203,0.20921947337962962,0.5786317645966769,0.2361441171310547,0.678512766910557,0.010430839002267574
Tp_D_NRN_M_N_art00098_sec10101_10345,splicing,>5%,art00098,True,0.029053071271398202,0.05646564221513482,-0.25434698103504644,0.21900318287037038,0.4032516331490328,0.4374805730594252,0.09468945151764535,0.03190112322017621
Tp_D_NRN_M_N_cha00028_cha00026_11788,splicing,>5%,cha00028,False,0.0,0.0,0.0,0.0,0.5142148328694487,0.2541872543293289,0.16367552045944006,0.0
Tp_D_NRN_M_N_cha10142_cha10141_12233,splicing,1-5%,cha10142,True,0.08832433074137828,0.1623125170439051,0.15888045123033684,0.12863557858376512,0.7084730051143977,0.057682469661771735,0.19138090824837814,0.0
Tp_D_NRN_M_N_cha10142_nat10123_12237,splicing,>5%,cha10142,True,0.0734548425263395,0.13685688417682487,-0.16587618236610452,0.14437823834196892,0.4037937795961595,0.6787759852132442,0.1928183941415664,0.0
Tp_D_NRN_M_N_cha10142_nat10139_12238,splicing,>5%,cha10142,True,0.08272368384727935,0.15280663955430335,-0.17090447563227226,0.16102763385146804,0.4751779642475821,0.6810333044785639,0.018645433333682106,0.0
Tp_D_NRN_M_N_cha10168_cha10180_12302,splicing,>5%,cha10168,True,0.28112650465591643,0.43887391859310737,0.31758201970497596,0.15707221320448453,0.8575706641446738,0.4236989610729629,0.41381138577771887,0.01914329984505423
Tp_D_NRN_M_N_cha10168_nat10123_12303,splicing,>5%,cha10168,True,0.2300175795073172,0.3740069789887891,0.261820878817779,0.13305650975803102,0.8636270528740241,0.4297628432726561,0.21072549520191022,0.0
Tp_D_NRN_M_N_ind10103_cha10110_11553,splicing,1-5%,ind10103,True,0.24780756702580806,0.39718875502008033,0.3699401290184335,0.04823133680555555,0.7312789341118583,0.08029995313232308,0.1207095139368809,0.0
Tp_D_NRN_M_N_ind10103_pla00050_11558,splicing,>5%,ind10103,True,0.024695604320011007,0.048200859291084856,-0.08263683672836214,0.08165147569444445,0.5185168396710399,0.31612284361344156,0.2856068970377505,0.0
Tp_D_NRN_M_N_nat00025_nat00028_11037,splicing,1-5%,nat00025,False,0.0,0.0,-0.06303211742857429,0.1664134837962963,0.36798197989254,0.03827937915742794,0.04376825493700685,0.0
Tp_D_NRN_M_N_nat00083_ani00037_10055,splicing,1-5%,nat00083,False,0.10470257234726688,0.18955794069492451,0.14748842552187702,0.05220992476851852,0.683021715931296,0.09014609884986012,0.2071069987203465,0.0
Tp_D_NRN_M_N_nat00086_ani00031_10146,splicing,1-5%,nat00086,True,0.0,0.0,-0.020163377185092562,0.015190972222222222,0.587625611202059,0.050074053177233936,0.09979874511660945,0.0
Tp_D_NRN_M_N_nat10107_nat00059_11484,splicing,>5%,nat10107,True,0.11747474747474747,0.21025038416342764,0.26811337575519434,0.044108072916666664,0.8832441157119993,0.5251056906232079,0.6813658244581349,0.0
Tp_D_NRN_M_N_nat10107_nat00095_11485,splicing,>5%,nat10107,True,0.8042840930584453,0.8915271116702047,0.836411545227521,0.3299515335648148,0.9840930977825086,0.5295181363684714,0.8686877608249244,0.0
Tp_D_NRN_M_N_nat10107_nat00097_11483,splicing,>5%,nat10107,True,0.22340064894183737,0.36521257224289444,0.33308212064309667,0.0996997974537037,0.9456526248755343,0.526324205476714,0.7928522409333263,0.0
Tp_D_NRN_M_N_nat10114_cha00052_11365,splicing,1-5%,nat10114,True,0.0058374494836102376,0.011607142857142858,-0.07127208139914838,0.16487630208333334,0.4816567496835955,0.07260496000278847,0.08527577513379628,0.0
Tp_D_NRN_M_N_nat10114_cha00070_11481,splicing,>5%,nat10114,True,0.19974052346570398,0.3329728713150595,0.22070932509548272,0.2616644965277778,0.775632604679495,0.21901571759855706,0.39218481677089073,0.0
Tp_D_NRN_M_N_nat10116_cha00027_11675,splicing,>5%,nat10116,False,0.03015966883500887,0.05855338691159587,0.011788049177970921,0.03020109953703704,0.7962596621077885,0.2741034364368426,0.4478209503806773,0.0
Tp_D_NRN_M_N_nat10116_cha00028_11676,splicing,>5%,nat10116,False,0.0052601377199693955,0.01046522690514699,-0.08175145007715151,0.05360243055555555,0.6830900720015523,0.24018586000031825,0.3699845839756677,0.0
Tp_D_NRN_M_N_nat10116_cha00029_11673,splicing,>5%,nat10116,True,0.20822821657287016,0.3446835849662705,0.2721415015192663,0.09013310185185185,0.8450117756492117,0.23797081129309797,0.43586216881424644,0.0
Tp_D_NRN_M_N_nat10116_cha00031_11368,splicing,>5%,nat10116,False,0.032873203358474455,0.06365389914577019,0.05381691869933053,0.017144097222222224,0.7339777299831487,0.20485017693081842,0.37733257012020605,0.0
Tp_D_NRN_M_N_nat10116_cha00050_11677,splicing,>5%,nat10116,False,0.0,0.0,-0.08294040607165061,0.03991247106481482,0.5909427796142214,0.24865789348662645,0.30527692978630616,0.0
Tp_D_NRN_M_N_nat10116_cha00052_11369,splicing,>5%,nat10116,False,0.0,0.0,-0.06236707795765395,0.04186559606481482,0.4942417282289653,0.1511301324060452,0.12655139492945794,0.0
Tp_D_NRN_M_N_nat10116_cha00067_11374,splicing,>5%,nat10116,True,0.34541033434650453,0.5134646665461775,0.45950661717948826,0.0980541087962963,0.8427115678524736,0.18523137512307186,0.3928644996498167,0.0
Tp_D_NRN_M_N_nat10116_cha00070_11372,splicing,>5%,nat10116,True,0.15672326755392382,0.2709779805594128,0.3098855681572908,0.033130787037037035,0.8702502078225633,0.25965442356717966,0.4809591461935618,0.0
Tp_D_NRN_M_N_nat10116_cha00071_11730,splicing,>5%,nat10116,True,0.30887337986041874,0.4719683120048751,0.4794021311122055,0.037905092592592594,0.9361075432403374,0.1495214510407603,0.3314153247505899,0.0
Tp_D_NRN_M_N_nat10138_nat00095_11940,splicing,>5%,nat10138,False,0.5164507166240269,0.681130894611289,0.5778844586555728,0.2435011574074074,0.9290102216419194,0.5658084756735222,0.08607032647365215,0.0
Tp_D_NRN_M_N_nat10154_nat10160_12074,splicing,>5%,nat10154,True,0.08058224716963182,0.14914597640429653,0.25026896241704344,0.01914695457175926,0.7563936554228268,0.3839788996087514,0.04735586514869809,0.0
Tp_D_NRN_M_N_nat10156_ani00097_12012,splicing,1-5%,nat10156,True,0.0,0.0,-0.04422355398626846,0.1256539351851852,0.46434258373637843,0.026496116948378255,0.058609183687715526,0.0
Tp_D_NRN_M_N_nat10156_cha00063_12009,splicing,1-5%,nat10156,True,0.11019467974438996,0.19851415567900407,0.2881062861956617,0.15383101851851852,0.9304237389237521,0.03747870528109029,0.09138616191966326,0.0
Tp_D_NRN_M_N_nat10156_cha00070_12011,splicing,>5%,nat10156,True,0.10940522243713734,0.19723221096218807,0.1344711438960522,0.15022569444444445,0.7452339425552184,0.11712403772289688,0.25917025507154445,0.0
Tp_D_NRN_M_N_pla00016_pla00014_10962,splicing,1-5%,pla00016,True,0.0,0.0,-0.016465187489383675,0.005497685185185185,0.6808655855298916,0.08932119348318102,0.13157046114156723,0.0
Tp_D_NRN_M_N_pla00019_pla00020_10009,splicing,>5%,pla00019,False,0.0,0.0,0.0,0.0,0.49084653469835593,0.115305305134716,0.0,0.0
Tp_D_NRN_M_N_pla00027_pla00014_10963,splicing,1-5%,pla00027,False,0.0,0.0,0.0,0.0,0.31217058337713044,0.07085666439897431,0.0,0.0
Tp_D_NRN_M_N_sec00014_cha00052_11401,splicing,1-5%,sec00014,False,0.0,0.0,-0.00942075930013853,0.002875434027777778,0.7093887383516316,0.05798373926633536,0.053991130820399115,0.0
Tp_D_NRN_M_N_sec00014_cha00070_11404,splicing,>5%,sec00014,True,0.24632892804698972,0.39528718703976434,0.4365748171715811,0.02960431134259259,0.764120417096781,0.17049082697811377,0.30767691922980744,0.0
Tp_D_NRN_M_N_sec00024_art00069_10781,splicing,>5%,sec00024,True,0.0,0.0,-0.14943842831358747,0.19381148726851852,0.08097351062523814,0.15667711180745383,0.03612489991993595,0.0
Tp_D_NRN_M_N_sec00062_cha00052_11407,splicing,1-5%,nat00083,False,0.0,0.0,-0.04740758844318558,0.051106770833333336,0.04345052544737774,0.07702874232755473,0.0,0.0
Tp_D_NRN_M_N_sec00062_cha00062_11478,splicing,>5%,nat00083,True,0.004940424295263005,0.009832272990167727,-0.08499734762177442,0.06002242476851852,0.623185293962503,0.22629949800323973,0.5931250305608528,0.0
Tp_D_NRN_M_N_sec00062_cha00070_11479,splicing,>5%,nat00083,True,0.1521117815179422,0.26405733186328556,0.21440952681553016,0.05861183449074074,0.6885221265133536,0.1353880393181703,0.4616693741780769,0.0
Tp_D_NRN_M_N_sec00076_pla00050_10389,splicing,1-5%,sec00076,False,0.0,0.0,0.0,0.0,0.8430042104150182,0.07196652719665272,0.16281433685420074,0.0
Tp_D_NRN_M_N_txt00006_txt00028_10849,splicing,>5%,txt00006,True,0.21231335651462466,0.35026151510038805,0.2637796058772499,0.10639105902777778,0.7954426821243142,0.35413876238949904,0.7086360929124479,0.0
Tp_D_NRN_M_O_ani00063_ani00031_10057,splicing,>5%,ani00063,True,0.2046913033857048,0.33982365907421014,0.3297870300744003,0.03298611111111111,0.9428976702526354,0.12288682191594813,0.34827055729244205,0.0
Tp_D_NRN_M_O_ani00097_ani00036_10039,splicing,1-5%,ani00097,True,0.16651825467497774,0.28549618320610687,0.2900271204657553,0.04991319444444445,0.8399995039662455,0.04144086707044947,0.06797385620915032,0.0
Tp_D_NRN_M_O_ani10104_ani10101_10021,splicing,1-5%,ani10104,True,0.25303867403314917,0.4038800705467372,0.4349514222775268,0.06831275720164609,0.966354864370994,0.04881965633531395,0.14519326065411298,0.0
Tp_D_NRN_M_O_arc00082_arc00069_10012,splicing,>5%,arc00082,True,0.008561643835616438,0.01697792869269949,-0.04404190519958828,0.016655815972222224,0.12569274134425296,0.5135683660165858,0.12301350545099528,0.0
Tp_D_NRN_M_O_arc00082_art00096_11519,splicing,>5%,arc00082,True,0.017400296749246886,0.03420540922750574,-0.13876673118814048,0.33912037037037035,0.1993302332536745,0.1310079091462178,0.17082173152884803,0.029281579843377595
Tp_D_NRN_M_O_sec00001_sec00007_10032,splicing,>5%,sec00001,True,0.019091608929946113,0.03746789545248527,-0.023777782102328865,0.058412905092592594,0.45538162921675474,0.11549799778478316,0.07947678964953438,0.0
Tp_D_NRN_S_B_ani00028_ani00029_20111,splicing,>5%,ani00028,True,0.0,0.0,-0.07945168834608685,0.07374855324074074,0.3396545701297452,0.13686444961083594,0.0628735357398996,0.0
Tp_D_NRN_S_B_ani00036_ani00037_00156,splicing,>5%,ani00036,True,0.3379606676582383,0.5051877470355731,0.4979006278027203,0.05067274305555555,0.8531420910147434,0.17474830830169996,0.3311066838548381,0.0
Tp_D_NRN_S_B_ani00067_ani00062_11127,splicing,1-5%,ani00067,True,0.0,0.0,-0.029960391833533728,0.023636429398148147,0.7651965868874924,0.06903776648682625,0.3112689699709396,0.0
Tp_D_NRN_S_B_ani00093_ani00021_00213,splicing,>5%,ani00093,True,0.02895911119205901,0.056288167094433135,0.02969259286932007,0.022298177083333332,0.6146746582698726,0.3080077109023592,0.3893456663240836,0.0
Tp_D_NRN_S_B_ani00097_ani00097_10059,copy-move,1-5%,ani00097,True,0.0,0.0,-0.028081965460800447,0.02654803240740741,0.40050259857437776,0.05467018469656992,0.0,0.0
Tp_D_NRN_S_B_arc00055_ani00005_00275,splicing,<1%,arc00055,True,0.0,0.0,-0.03204147909540672,0.14565248842592593,0.640385891924703,0.011900695705322954,0.011079026460015321,0.0
Tp_D_NRN_S_B_art00078_art00068_01393,splicing,>5%,art00078,True,0.25664662658650633,0.40846268339357855,0.35349073190418934,0.08570240162037036,0.8193052803311085,0.15566265863949436,0.2729299260168643,0.0
Tp_D_NRN_S_B_cha00036_cha00070_11738,splicing,1-5%,cha00036,False,0.0,0.0,-0.020172406308154894,0.022677951388888888,0.6274422780478716,0.033885046845277246,0.0,0.0
Tp_D_NRN_S_B_cha00042_cha00040_00362,splicing,1-5%,cha00042,True,0.33575489576753,0.5027193189879404,0.5428830472076643,0.05465133101851852,0.9761882800956979,0.04272339521795303,0.25843057488491594,0.0
Tp_D_NRN_S_B_ind00064_ani00069_00467,splicing,1-5%,ind00064,False,0.2772370486656201,0.43411996066863323,0.43139489337872633,0.02683738425925926,0.81037673394865,0.0892881824464409,0.21572067228792938,0.0
Tp_D_NRN_S_B_ind00094_cha00026_00488,splicing,>5%,ind00094,True,0.00952292899408284,0.01886619653814452,-0.0794664036221734,0.0625,0.4468740941738608,0.2378304306951991,0.189406914050111,0.0
Tp_D_NRN_S_B_nat00083_sec00063_00997,splicing,>5%,nat00083,True,0.2591941759759006,0.41168261562998404,0.38839904641756157,0.059642650462962965,0.5887507401264194,0.21712074802514914,0.517565829553916,0.0
Tp_D_NRN_S_B_sec00002_ani00017_01432,splicing,<1%,sec00002,False,0.0,0.0,-0.021416168852208758,0.044361255787037035,0.7581459525972802,0.019377831903576483,0.04123186561466022,0.0
Tp_D_NRN_S_B_sec00014_cha00089_00034,splicing,>5%,sec00014,False,0.0,0.0,0.0,0.0,0.8926763950374378,0.1708841917237273,0.4012902698950635,0.0
Tp_D_NRN_S_B_sec00014_sec00015_20053,splicing,>5%,sec00014,False,0.2663247188794634,0.42062626577348494,0.3925216967584912,0.04812282986111111,0.9401398605956404,0.12727334304196158,0.3073651494704126,0.0
Tp_D_NRN_S_B_sec00024_pla00022_20077,splicing,1-5%,sec00024,True,0.03954038526529233,0.07607282184655396,0.003576363972509648,0.17607060185185186,0.720796798572898,0.08875985068436333,0.14129845078063777,0.0
Tp_D_NRN_S_B_sec00081_cha00065_00101,splicing,>5%,sec00081,True,0.0,0.0,-0.028077287210911742,0.006528501157407407,0.6785654762736089,0.1935020173475555,0.19227857683573052,0.0
Tp_D_NRN_S_B_sec00085_ani00077_00721,splicing,1-5%,ani00085,True,0.2859042553191489,0.4446742502585315,0.4874837321374454,0.09130859375,0.9680682592580244,0.06033394134979655,0.1316988841741317,0.4988095238095238
Tp_D_NRN_S_N_ani00017_ani00010_00137,splicing,1-5%,ani00017,False,0.11713632901751714,0.20970820834469595,0.2258700223365876,0.10646339699074074,0.8623277162491458,0.05100188569515182,0.23226324237560192,0.0
Tp_D_NRN_S_N_ani00052_ani00019_11858,splicing,>5%,ani00052,True,0.0,0.0,-0.07519861004873331,0.05910011574074074,0.4139575988402039,0.1525817282795717,0.08017459223524007,0.0
Tp_D_NRN_S_N_ani00054_ani00054_11129,copy-move,1-5%,ani00054,True,0.336518771331058,0.5035750766087844,0.5142465976743321,0.02443214699074074,0.9353509272373369,0.08866075594960336,0.20065036733710706,0.0
Tp_D_NRN_S_N_ani00059_ani00055_11144,splicing,1-5%,ani00059,True,0.053143030671120556,0.10092272202998846,0.09766291526319942,0.10530598958333333,0.8346852889914493,0.03946178801255119,0.0720738413197172,0.0
Tp_D_NRN_S_N_ani00086_ani00031_10056,splicing,1-5%,ani00086,False,0.0,0.0,-0.043742164335524886,0.05808738425925926,0.34014325871369455,0.058426966292134834,0.016906673463319314,0.0
Tp_D_NRN_S_N_ani00098_ani00051_11133,splicing,1-5%,ani00098,True,0.18109692997585375,0.3066588785046729,0.3083282058668871,0.04188368055555555,0.9208554807801985,0.03928799375930785,0.18031849734585545,0.0
Tp_D_NRN_S_N_ani10130_ani00031_12498,splicing,>5%,ani10130,True,0.02373072318850785,0.046361260145824736,-0.00371696293642243,0.03408547008547008,0.7727989103401168,0.16542532340258723,0.15277062329825594,0.0
Tp_D_NRN_S_N_ani10136_ani10123_12479,splicing,>5%,ani10136,True,0.0,0.0,-0.03495121538539346,0.01242911877394636,0.5548632479880526,0.16256705574250596,0.027029829594552555,0.0
Tp_D_NRN_S_N_ani10195_ani10194_12401,splicing,1-5%,ani10195,False,0.0,0.0,0.0,0.0,0.20329285644253714,0.03332874259743837,0.15925167535368578,0.0
Tp_D_NRN_S_N_ani10195_ani10194_12403,splicing,1-5%,ani10195,False,0.0,0.0,0.0,0.0,0.08263357288290354,0.029819446105168276,0.059482583010796494,0.0
Tp_D_NRN_S_N_arc00016_arc00020_11703,splicing,1-5%,arc00016,True,0.026037069726390114,0.05075268817204301,0.0770197732676497,0.28159360532407407,0.7456327634284428,0.025142857142857144,0.05297047746324869,0.07528711186729052
Tp_D_NRN_S_N_arc00016_sec00045_11699,splicing,<1%,arc00016,True,0.008644422420438279,0.017140673617555544,0.05905895570202425,0.3276909722222222,0.7719500722248972,0.007171817280836112,0.051735343819056284,0.0
Tp_D_NRN_S_N_arc00020_arc00021_20021,splicing,>5%,arc00020,True,0.0,0.0,-0.038828055749049004,0.006058304398148148,0.4555252432391198,0.33096391542536335,0.1611982113032703,0.0
Tp_D_NRN_S_N_arc00045_art00092_11757,splicing,1-5%,arc00045,True,0.02018152094255595,0.03956456871304636,-0.04876219956624072,0.2907081886574074,0.5363113278960375,0.07055375274782791,0.17104738012429443,0.012369172216936251
Tp_D_NRN_S_N_arc00082_art00025_11518,splicing,1-5%,arc00082,True,0.027610515494198854,0.053737315992568244,-0.018722876636795106,0.3453956886574074,0.49698904938549154,0.06616772749527873,0.28310424314863825,0.0
Tp_D_NRN_S_N_art00001_ani00068_00494,splicing,1-5%,art00001,False,0.0,0.0,-0.012894593851535295,0.005805121527777778,0.7903757888697648,0.05388283738363806,0.13974121996303143,0.0
Tp_D_NRN_S_N_art00014_art00092_11810,splicing,<1%,art00014,True,0.0,0.0,-0.02842585309535989,0.10237630208333333,0.7676133035175311,0.013971446529586064,0.034281579304418615,0.0
Tp_D_NRN_S_N_art00027_ani00068_01214,splicing,1-5%,art00027,True,0.0,0.0,-0.016569178165200878,0.007957175925925927,0.38151583206297407,0.06406890032559605,0.034559942698540604,0.0
Tp_D_NRN_S_N_art00036_art00036_00514,copy-move,>5%,art00036,True,0.0,0.0,-0.027578323846562985,0.01077835648148148,0.6004572886701965,0.12250441396170039,0.17097461286051466,0.0
Tp_D_NRN_S_N_art00040_cha00089_00516,splicing,>5%,art00040,True,0.0,0.0,-0.0412290752561253,0.006474247685185185,0.6965140930941669,0.34284344281946777,0.42447046611956274,0.0
Tp_D_NRN_S_N_art00046_sec00099_00520,splicing,1-5%,art00046,True,0.0,0.0,-0.013709281261464732,0.008119936342592593,0.017036350467592467,0.04390045456957391,0.0,0.0
Tp_D_NRN_S_N_art00054_ani00005_00523,splicing,1-5%,art00054,False,0.05391476709613479,0.10231333458717322,0.0740421782953833,0.0690646701388889,0.8041418600567038,0.0527520512730218,0.30600750938673343,0.0
Tp_D_NRN_S_N_art00074_cha00027_00529,splicing,>5%,art00074,False,0.05427540255413659,0.10296247531270573,0.1101675087674273,0.018825954861111112,0.5589291792638588,0.21193209377526273,0.295558773835385,0.0
Tp_D_NRN_S_N_art00083_art00083_01391,copy-move,>5%,art00083,True,0.08177532108600227,0.15118725578599337,0.2344993837313258,0.011646412037037037,0.7995158097284599,0.1960656379473461,0.47259911894273127,0.0
Tp_D_NRN_S_N_cha00012_art00065_00332,splicing,1-5%,cha00012,False,0.0,0.0,-0.01504886969303568,0.017632378472222224,0.6070359142772936,0.024613735822095206,0.05183964854475563,0.0
Tp_D_NRN_S_N_cha00028_ani00068_10043,splicing,1-5%,cha00028,False,0.0,0.0,0.0,0.0,0.6791793125570607,0.04445387512598801,0.10716180371352785,0.0
Tp_D_NRN_S_N_cha00028_ani10123_11686,splicing,1-5%,cha00028,False,0.0,0.0,0.0,0.0,0.1810576259489303,0.042792673214759755,0.0,0.0
Tp_D_NRN_S_N_cha00029_ani10123_11687,splicing,1-5%,cha00029,True,0.0,0.0,-0.05459964255922205,0.1066623263888889,0.5837112044921764,0.04756104019914199,0.03598756575801052,0.0
Tp_D_NRN_S_N_cha00029_pla00033_10991,splicing,<1%,cha00029,True,0.0,0.0,-0.01177320270774518,0.07756438078703703,0.5413937988988698,0.0032859696318630724,0.00331891783164035,0.0
Tp_D_NRN_S_N_cha00036_art00092_11780,splicing,<1%,cha00036,False,0.0,0.0,-0.005984718199027179,0.006040219907407407,0.9443333336256021,0.011650485436893204,0.057487579843860895,0.0
Tp_D_NRN_S_N_cha00036_pla00020_11739,splicing,<1%,cha00036,False,0.0,0.0,-0.010266809097419657,0.020290798611111112,0.702309967035098,0.010076291924571757,0.0,0.0
Tp_D_NRN_S_N_cha00042_cha00041_11011,splicing,1-5%,cha00042,True,0.32690951821386605,0.49273822174991144,0.5119180383428235,0.07049334490740741,0.9501975942711594,0.061286024822943694,0.2992382093640332,0.0
Tp_D_NRN_S_N_cha10109_ani00005_11587,splicing,<1%,cha10109,False,0.0,0.0,-0.008332911211432455,0.040852864583333336,0.2650505196875288,0.003249918752031199,0.088,0.0
Tp_D_NRN_S_N_cha10109_ani00017_11588,splicing,<1%,cha10109,False,0.259529602595296,0.412105602060528,0.4717063832498255,0.021122685185185185,0.9666557400932401,0.013828774626892477,0.17944535073409462,0.0
Tp_D_NRN_S_N_cha10109_ani00070_11586,splicing,<1%,cha10109,False,0.04004368401892974,0.07700385019250963,0.081161484959944,0.04210069444444445,0.7514825622571022,0.018952082400358262,0.4205834683954619,0.0
Tp_D_NRN_S_N_cha10110_cha00026_11661,splicing,1-5%,cha10110,True,0.03300624442462088,0.06390328151986183,0.03306368927796237,0.08031322337962964,0.8014048166705495,0.04762997616735811,0.07450774626494712,0.0
Tp_D_NRN_S_N_cha10110_cha00028_11660,splicing,1-5%,cha10110,True,0.0,0.0,-0.03799445419430349,0.10792824074074074,0.3788554517693138,0.02330735683134339,0.011186770428015564,0.0
Tp_D_NRN_S_N_cha10127_ani10123_12184,splicing,<1%,cha10127,True,0.0,0.0,-0.019600242608169584,0.047992592592592594,0.3044217790019351,0.015012387793061365,0.0,0.0
Tp_D_NRN_S_N_cha10179_pla00050_12278,splicing,1-5%,cha10179,True,0.0,0.0,-0.02890325131505935,0.03183458646616542,0.3407443707688379,0.04835577642668128,0.041224361852639425,0.0
Tp_D_NRN_S_N_ind00025_ind00039_10105,splicing,1-5%,cha10101,False,0.0,0.0,0.0,0.0,0.5210717476389007,0.054875474883917266,0.0648508430609598,0.0
Tp_D_NRN_S_N_ind00025_pla00050_10433,splicing,>5%,cha10101,False,0.0,0.0,0.0,0.0,0.28629992231837986,0.13655051560288467,0.0,0.0
Tp_D_NRN_S_N_ind00056_ind00089_00462,splicing,<1%,ind00056,True,0.0,0.0,-0.007903067821039526,0.01195384837962963,0.5245016607268408,0.010219503418495863,0.027817574021012415,0.0
Tp_D_NRN_S_N_ind00064_ind00060_10945,splicing,1-5%,ind00064,True,0.35326315789473683,0.522090852520224,0.578791664212321,0.042408130787037035,0.9930447157348872,0.030944538413602778,0.11459844388764341,0.0
Tp_D_NRN_S_N_ind00091_cha00063_00486,splicing,1-5%,ind00091,True,0.10573366214549938,0.19124616671313074,0.19706133755924596,0.016637731481481483,0.952397350516065,0.0920242223487397,0.2624360509415478,0.0
Tp_D_NRN_S_N_ind10104_pla00050_11551,splicing,1-5%,ind10103,True,0.07215104517869184,0.13459119496855346,0.1176554526093611,0.037688078703703706,0.6335731643609688,0.03887076181018584,0.03473673392483985,0.0
Tp_D_NRN_S_N_nat00001_ani00005_00621,splicing,1-5%,nat00001,False,0.06296296296296296,0.11846689895470383,0.1830962743568767,0.22059461805555555,0.82328726509761,0.03566607460035524,0.05946986524507626,0.0
Tp_D_NRN_S_N_nat00025_ani00058_00642,splicing,1-5%,nat00025,False,0.019022000192141415,0.03733383614594136,0.019241939960728986,0.17663122106481483,0.726822528629492,0.029927319367250963,0.07602473093656972,0.0
Tp_D_NRN_S_N_nat10116_cha00086_11371,splicing,1-5%,nat10116,False,0.0,0.0,-0.04846920873342933,0.059968171296296294,0.46690291586651456,0.06859937128885785,0.05370450206318901,0.0
Tp_D_NRN_S_N_nat10138_arc10125_11941,splicing,1-5%,nat10138,True,0.1019748984865264,0.18507662674817854,0.13959235651344487,0.09123842592592593,0.6896850736642852,0.08972119657741714,0.3162615173495393,0.0
Tp_D_NRN_S_N_nat10156_ani00005_12015,splicing,<1%,nat10156,True,0.016924708377518558,0.03328605989822307,0.08501887603457561,0.13491319444444444,0.8174816833373821,0.007621309689209679,0.017781648103150412,0.0
Tp_D_NRN_S_N_nat10156_ani00031_12018,splicing,<1%,nat10156,True,0.03909307298180498,0.07524460319925454,0.13939419392935046,0.1406423611111111,0.8759717001402432,0.01667690082810626,0.04287210657539501,0.0
Tp_D_NRN_S_N_nat10156_ani00058_12013,splicing,<1%,nat10156,True,0.0,0.0,-0.020561038687778765,0.13673032407407407,0.8003122972136273,0.005309938820270114,0.01262895520321263,0.0
Tp_D_NRN_S_N_nat10156_ani00070_12014,splicing,<1%,nat10156,True,0.017445687952600396,0.03429310902620511,0.08835699607900889,0.13918981481481482,0.8387775286735657,0.007793585279808158,0.017837951008444413,0.0
Tp_D_NRN_S_N_nat10156_cha00062_12010,splicing,1-5%,nat10156,True,0.10202879340181892,0.18516538590043435,0.2934689496144103,0.15697916666666667,0.964740581273197,0.03193549121887884,0.07838423369907052,0.0
Tp_D_NRN_S_N_nat10156_pla00050_12008,splicing,<1%,nat10156,True,0.018238245047189863,0.03582313890860507,0.054074962341432435,0.13144097222222223,0.8191297483113114,0.014226778059963916,0.03481406126370521,0.0
Tp_D_NRN_S_N_nat10159_ani00031_12059,splicing,<1%,nat10159,True,0.014097366787188197,0.02780278748154284,0.029974063476157147,0.15243055555555557,0.5295859737810232,0.01638092832913383,0.06262547015252555,0.0
Tp_D_NRN_S_N_nat10159_ani00058_12051,splicing,<1%,nat10159,True,0.00478818756486461,0.009530740158219676,0.05347641572635544,0.2451736111111111,0.8678581363004172,0.002693127900458294,0.0,0.0
Tp_D_NRN_S_N_nat10159_ani00070_12052,splicing,<1%,nat10159,True,0.015724900639364093,0.030962912555290916,0.07600009545480914,0.2660821759259259,0.8019508646781182,0.012022203687192614,0.04055932619183907,0.0
Tp_D_NRN_S_N_nat10159_ani00099_12054,splicing,<1%,nat10159,True,0.004392545719442451,0.008746671285370976,0.05680965529795592,0.26612847222222225,0.9743170517958059,0.0023352331186922695,0.008759757155247181,0.0
Tp_D_NRN_S_N_nat20056_nat20054_01560,splicing,<1%,nat20056,True,0.0,0.0,-0.015486387110000067,0.05098872073101085,0.7792451059347292,0.008848456850446865,0.03433136605729092,0.0
Tp_D_NRN_S_N_nat20084_nat20082_01588,splicing,1-5%,nat20084,True,0.13709099593981372,0.24112581390464188,0.2237927187889297,0.04991883116883117,0.7885256879401943,0.053281926492431186,0.19339852599581314,0.0
Tp_D_NRN_S_N_pla00091_ani00031_00935,splicing,1-5%,pla00091,True,0.0,0.0,-0.008980360305335888,0.0024775752314814816,0.525068871942399,0.06098009993863417,0.06139254884143571,0.0
Tp_D_NRN_S_N_pla10122_ani10122_11606,splicing,1-5%,pla10122,True,0.0,0.0,0.0,0.0,0.38982250866689167,0.02281260056495155,0.0,0.0
Tp_D_NRN_S_N_pla10122_pla00020_11604,splicing,1-5%,pla10122,True,0.0,0.0,0.0,0.0,0.5185502217440526,0.03570096445889061,0.0252055964968493,0.0
Tp_D_NRN_S_N_pla10122_pla10120_11605,splicing,1-5%,pla10122,True,0.0,0.0,0.0,0.0,0.8823976764556729,0.02827648915117046,0.1472562599893447,0.0
Tp_D_NRN_S_N_sec00002_nat00086_11509,splicing,1-5%,sec00002,False,0.0,0.0,-0.017098263384862804,0.017777054398148147,0.6298352573170957,0.03129506008010681,0.07335350244356528,0.0
Tp_D_NRN_S_N_sec00010_ind00098_10855,splicing,1-5%,sec00010,False,0.05291359678499665,0.1005089058524173,0.08755727632801429,0.014467592592592593,0.887502012987895,0.027537989584076477,0.05493684397793987,0.0
Tp_D_NRN_S_N_sec00055_sec00050_00076,splicing,>5%,sec00055,True,0.0,0.0,-0.04392294634527951,0.031141493055555556,0.5846752794482633,0.1071764766289558,0.125,0.0
Tp_D_NRN_S_N_sec00076_ani00098_00724,splicing,>5%,sec00076,False,0.0,0.0,-0.018331792344815433,0.005678530092592593,0.8095237763615273,0.10529561924994432,0.23219814241486067,0.0
Tp_D_NRN_S_N_sec00081_cha00042_11115,splicing,1-5%,sec00081,True,0.005159388243965358,0.010265811182401467,-0.0410251280666268,0.05150462962962963,0.6554138447913982,0.09004714781617533,0.1499644633972992,0.0
Tp_D_NRN_S_N_sec00082_ani00081_00723,splicing,1-5%,arc00082,True,0.16675406397482959,0.28584269662921347,0.2714186050593431,0.019332320601851853,0.9073881510971146,0.04095514773612981,0.1585796776695682,0.0
Tp_D_NRN_S_N_sec00085_art00020_11456,splicing,1-5%,ani00085,True,0.38548636129696345,0.5564635958395245,0.5455360881649853,0.024866174768518517,0.976344047271814,0.04652641619416035,0.20263552434309162,0.0
Tp_D_NRN_S_N_sec00092_ani00098_00715,splicing,>5%,sec00092,False,0.018317503392130258,0.03597601598934044,-0.017553883492495502,0.04380063657407408,0.598199588924236,0.12167532864567411,0.033406352683461114,0.0
Tp_D_NRN_S_O_ani10102_ani10104_10023,splicing,1-5%,ani10102,False,0.0,0.0,-0.020882256150565177,0.023580246913580245,0.3069843998439518,0.034855040232906066,0.0,0.0
Tp_D_NRN_S_O_nat10156_ani00036_12019,splicing,1-5%,nat10156,True,0.05143062659846547,0.09782980502451447,0.13723176639670262,0.1384375,0.8486276298517209,0.027273401868838795,0.06713314224695105,0.0
Tp_D_NRN_S_O_nat10156_ani00084_12023,splicing,1-5%,nat10156,True,0.003169874732661167,0.006319716754863517,-0.02835328804123876,0.1414872685185185,0.500429722173915,0.020822595608700135,0.036663899939895245,0.0
Tp_D_NRN_S_O_nat10159_ani00036_12061,splicing,<1%,nat10159,True,0.01882747068676717,0.03695909509404183,0.09403091720916695,0.2576909722222222,0.8068313231323133,0.012525231613270535,0.0486122071655656,0.0
Tp_D_NRN_S_O_nat10159_ani00084_12055,splicing,<1%,nat10159,True,0.002875822867285268,0.005735152452001703,-0.014041905609372378,0.2537789351851852,0.3595033993040989,0.009033090607429257,0.019084903352091998,0.0
Tp_D_NRN_S_O_nat10159_ani00097_12056,splicing,<1%,nat10159,True,0.011292834890965732,0.022333461686561418,0.00992265626945077,0.2006423611111111,0.5258697701643852,0.019336684108271676,0.06919228691547079,0.0
Tp_S_CND_M_N_pla00022_pla00022_10969,copy-move,1-5%,pla00022,True,0.0,0.0,0.0,0.0,0.8012669232214786,0.032030749519538756,0.04697537473233405,0.0
Tp_S_CND_S_B_sec00085_sec00085_00105,copy-move,>5%,ani00085,True,0.359652035327711,0.529035409035409,0.463959550889094,0.24008969907407407,0.8630671246849871,0.23038643091447317,0.14371048615652932,0.5299216835057093
Tp_S_CND_S_N_sec00024_sec00024_00045,copy-move,1-5%,sec00024,True,0.031108942295961936,0.060340747752011356,0.0411869997452993,0.1328667534722222,0.771912159878136,0.03918370241662382,0.07439914972400316,0.0
Tp_S_CNN_M_B_nat00057_nat00057_11104,copy-move,>5%,nat00057,False,0.197196261682243,0.3294301327088212,0.2329835118626202,0.1368995949074074,0.7053361122238813,0.21097756280634777,0.4092632377100973,0.0
Tp_S_CNN_M_B_sec00092_sec00092_00112,copy-move,>5%,sec00092,True,0.43244702388986367,0.6037878074060115,0.5441201023350946,0.39487485532407407,0.8766083709603876,0.3064012251148545,0.3256649224386166,0.6119675778766688
Tp_S_CNN_M_N_ani00064_ani00064_10443,copy-move,>5%,ani00064,True,0.4097587275913196,0.5813175255760589,0.5124458504224675,0.23423032407407407,0.8923289745274181,0.2518415478486295,0.3704427083333333,0.2909314370994645
Tp_S_CNN_M_N_art00054_art00054_10293,copy-move,>5%,art00054,True,0.4201327386414563,0.5916809425059357,0.021983864436939924,0.7068323206018519,0.492443596627218,0.663653829887502,0.5343752118787715,0.508142163056826
Tp_S_CNN_M_N_art00054_art00054_10539,copy-move,>5%,art00054,True,0.32126896204443883,0.48630365394692965,0.4093935746253143,0.5746166087962963,0.866042761420017,0.31167562286272593,0.42827238830378755,0.6033224562444378
Tp_S_CNN_M_N_art00056_art00056_10291,copy-move,>5%,art00056,True,0.5059997798245935,0.6719785575048733,-0.007003515955292741,0.9691297743055556,0.4846079933304078,0.6800816355759247,0.6714683732191306,0.6392725537499006
Tp_S_CNN_M_N_art00074_art00074_10536,copy-move,>5%,art00074,True,0.4191679116302232,0.5907234911318107,0.12755480690488377,0.6923466435185185,0.5735558042199385,0.6125357555076028,0.5745178989509052,0.5433599048627757
Tp_S_CNN_M_N_art00079_art00079_10286,copy-move,>5%,art00079,True,0.5350000906503254,0.6970684808541799,-0.18682313849527607,0.9410988136574074,0.37857764550550793,0.7421721278846263,0.6157254183203893,0.5147707875190306
Tp_S_CNN_M_N_ind00026_ind00026_10397,copy-move,>5%,ind00026,True,0.34915678905271275,0.5175926058199168,0.1764891142049688,0.9379521122685185,0.7185171622783919,0.4939535897156553,0.5446640316205533,0.5658774780351095
Tp_S_CNN_M_N_ind00058_ind00058_10428,copy-move,>5%,ind00058,True,0.44519267493517195,0.6161014827384761,-0.027664528808342626,0.7779405381944444,0.4739508164754428,0.6861345086904351,0.5205253963988176,0.5120347071583514
Tp_S_CNN_M_N_ind00094_ind00094_10653,copy-move,>5%,ind00094,True,0.4893112927729147,0.6570974048842095,-0.06946861736067896,0.9950267650462963,0.5359493919464949,0.6614703105710343,0.6500221271573978,0.6164767212932923
Tp_S_CNN_M_N_nat00047_nat00047_11068,copy-move,>5%,nat00047,True,0.4120698380566802,0.5836394588298539,0.5315784916627236,0.42749927662037035,0.8735517691500867,0.3022413263739638,0.33373442808607023,0.6300326832597062
Tp_S_CNN_M_N_nat00071_nat00071_10610,copy-move,>5%,nat00064,True,0.45721978641730493,0.6275234397433176,0.036202209652037534,0.9920066550925926,0.5073194728237175,0.6268856855514583,0.6231700049231726,0.6030584640399198
Tp_S_CNN_M_N_nat00086_nat00086_10599,copy-move,>5%,nat00086,True,0.43036043481024727,0.6017510332874094,0.4934316890465662,0.5680338541666666,0.8539132841097475,0.39461154337475324,0.5798459682657512,0.6117285005983929
Tp_S_CNN_M_N_pla00080_pla00080_10458,copy-move,>5%,pla00080,True,0.5295394522629427,0.692416859832537,-0.02806455951150833,0.9981915509259259,0.4431100306488666,0.6936306936306936,0.5390062053550495,0.6876918649270913
Tp_S_CNN_M_N_pla00097_pla00097_10615,copy-move,>5%,pla00097,True,0.48558629104219403,0.6537301723503885,0.03216818136559817,0.9896918402777778,0.524346967652259,0.6537468958465209,0.5807555113736039,0.639331714527027
Tp_S_CNN_M_N_pla10114_pla10114_10430,copy-move,>5%,pla10114,True,0.4808973177382728,0.6494674708071346,0.03352675430022715,0.998785290628707,0.5398728153511798,0.6489345334256481,0.6542643316252684,0.6446617710820985
Tp_S_CNN_M_N_sec00043_sec00043_10491,copy-move,>5%,cha30686,True,0.33665774750668936,0.5037306642402184,0.4103131189872828,0.5938404224537037,0.8521605196644171,0.3349342808533703,0.5241596638655462,0.5785852113445226
Tp_S_CNN_M_N_sec00043_sec00043_10492,copy-move,>5%,cha30686,True,0.3872945681657587,0.5583451086063553,0.3171864811247513,0.7867296006944444,0.7043822873200147,0.4778473608148097,0.6087086749784717,0.5396697000337041
Tp_S_CNN_M_N_sec00081_sec00081_10350,copy-move,>5%,sec00081,True,0.47150613395225466,0.6408483431677675,0.31937521508380895,0.8726851851851852,0.6852671652079552,0.5830439851887916,0.5978211650640599,0.6579552612689158
Tp_S_CNN_M_N_sec00081_sec00081_10351,copy-move,1-5%,sec00081,True,0.1550632911392405,0.2684931506849315,0.2544439677341155,0.03649450231481482,0.6582329586570888,0.044799603981401266,0.08031768398129764,0.0
Tp_S_CNN_M_N_sec00092_sec00092_10358,copy-move,>5%,sec00092,True,0.46968999593881144,0.6391688005452905,0.45551597163386875,0.6587275752314815,0.7822238254307718,0.4882303086639145,0.5878732702112163,0.610323663178346
Tp_S_CNN_M_N_txt00005_txt00005_10838,copy-move,>5%,txt00005,True,0.5061125578703703,0.6720780000480295,0.0,1.0,0.4632589955705186,0.6720780000480295,0.6720780000480295,0.6600991341292222
Tp_S_CNN_M_N_txt00006_txt00006_10839,copy-move,>5%,txt00006,True,0.5416485821759259,0.7026874846035638,0.0,1.0,0.44699660239211025,0.7026874846035638,0.5724042258030093,0.7011169235119469
Tp_S_CNN_M_N_txt00072_txt00072_10204,copy-move,>5%,txt00072,True,0.41009849746233623,0.5816593637967337,-0.026524135512358694,0.8060438368055556,0.5174234330222183,0.6349531579791895,0.6168613021916494,0.2746572438162544
Tp_S_CNN_M_N_txt00085_txt00085_10822,copy-move,>5%,txt00085,True,0.48232263251173924,0.6507660639228883,0.09657068681059663,0.98974609375,0.5409907591534853,0.6462984723854289,0.5965342512298533,0.657552033607027
Tp_S_CNN_M_N_txt00085_txt00085_11309,copy-move,>5%,txt00085,True,0.3502157459149749,0.5187552388935457,0.5311471356923881,0.25446686921296297,0.9437193107201982,0.1663654601827135,0.39155196962505934,0.5856382288014543
Tp_S_CNN_M_N_txt10101_txt10101_10150,copy-move,>5%,txt10101,True,0.48530661627221006,0.6534766774152289,0.13083195203893155,0.9338647686832741,0.5480815136669539,0.6448339720671828,0.5334967012252592,0.6492941836756442
Tp_S_CNN_M_N_txt10101_txt10101_10151,copy-move,>5%,txt10101,True,0.49587649459235794,0.662991224723388,-0.007114195192922178,0.994846975088968,0.5125901894477596,0.664474059428528,0.6225159902562715,0.6596771487928565
Tp_S_CNN_M_O_ani00097_ani00097_10101,copy-move,1-5%,ani00097,True,0.16147424149867645,0.27805049088359046,0.36062023402602883,0.17641420717592593,0.9553895170799583,0.05805194121055681,0.24149874055415618,0.34854550306912196
Tp_S_CNN_M_O_ani00097_ani00097_10133,copy-move,>5%,ani00097,True,0.5133145363408521,0.678397681399441,0.41022716205708215,0.8081597222222222,0.6492660677889321,0.5864127308749281,0.6620913908734191,0.6322534361599791
Tp_S_CNN_S_B_arc20018_arc20018_01471,copy-move,1-5%,arc20018,True,0.0,0.0,-0.035762598128453456,0.05496563573883161,0.6390604315788795,0.042126244170742067,0.0007759557187936475,0.0
Tp_S_CNN_S_B_arc20018_arc20018_02160,copy-move,1-5%,arc20018,True,0.1596745027124774,0.27537813815686885,0.3454894966354517,0.1152061855670103,0.9552768285034298,0.04406729819992018,0.04718905540294285,0.5320433308525593
Tp_S_CNN_S_B_art00046_art00046_11925,copy-move,>5%,art00046,True,0.3882663908521519,0.5593543046357616,0.5467444746150896,0.3133138020833333,0.9230990381551084,0.22001899212953277,0.4100412025026705,0.6014400677678949
Tp_S_CNN_S_B_cha00047_cha00047_00367,copy-move,1-5%,cha00047,True,0.0,0.0,-0.010164612201620715,0.004720052083333333,0.6297664850295777,0.04175298804780876,0.045725264169068205,0.0
Tp_S_CNN_S_B_pla20010_pla20010_02393,copy-move,<1%,pla20010,True,0.0,0.0,-0.022066557274253915,0.06322557276102508,0.6610304701617651,0.014223932530727111,0.03135683130967818,0.0
Tp_S_CNN_S_B_sec00008_sec00008_00770,copy-move,1-5%,sec00008,True,0.26791726791726794,0.4226100151745068,0.47774555003446123,0.14879918981481483,0.9617224474840116,0.08039991668402416,0.0819212808539026,0.5348538845331433
Tp_S_CNN_S_B_sec00082_sec00082_00102,copy-move,1-5%,arc00082,True,0.0,0.0,-0.013093876172863086,0.014015480324074073,0.613567699840487,0.023554642123134663,0.0,0.0
Tp_S_CNN_S_N_ani00052_ani00052_00172,copy-move,1-5%,ani00052,True,0.0,0.0,-0.0369814365682656,0.05043764467592592,0.31881619640591646,0.04897325523957378,0.007242768548277579,0.0
Tp_S_CNN_S_N_ani00077_ani00077_10719,copy-move,1-5%,ani00077,True,0.1678725476554891,0.287484362899863,0.3719672679818281,0.152096,0.9632389766867249,0.05251459315731528,0.12065961864305658,0.4997319034852547
Tp_S_CNN_S_N_ani20012_ani20012_02055,copy-move,>5%,ani10136,True,0.32264712617357455,0.4878808864265928,0.45551281669399485,0.10882758620689655,0.8895674228935344,0.1277169624539103,0.0,0.4834243477301561
Tp_S_CNN_S_N_ani20031_ani20031_02074,copy-move,1-5%,ani10155,True,0.22394313505424618,0.3659371561315564,0.4384034947110839,0.1540277777777778,0.9692128523518786,0.06819452207937395,0.17682697046119952,0.5436262700324709
Tp_S_CNN_S_N_ani20067_ani20067_02109,copy-move,<1%,ani10195,False,0.0,0.0,-0.006769844102242869,0.004603174603174603,0.7295944838237212,0.019435788850773454,0.10497794580970385,0.0
Tp_S_CNN_S_N_arc20100_arc20100_01740,copy-move,<1%,arc20100,True,0.0,0.0,-0.014073603320214472,0.03353704542025049,0.42722898317710173,0.011286813434142194,0.0,0.0
Tp_S_CNN_S_N_art00006_art00006_01196,copy-move,1-5%,art00006,False,0.0,0.0,-0.02213890386019192,0.027217158564814815,0.5455497560160262,0.033850092447731475,0.04635304934109715,0.0
Tp_S_CNN_S_N_art00014_art00014_01203,copy-move,>5%,art00014,True,0.21073243896341973,0.34810736407432896,0.37703771608733627,0.2092013888888889,0.9222118967831564,0.10168560541041574,0.20343406593406593,0.4575331872664003
Tp_S_CNN_S_N_art00056_art00056_00524,copy-move,>5%,art00056,True,0.10395736874290207,0.18833583920234231,0.17382214340309937,0.39907045717592593,0.7260682669765457,0.10963540331265063,0.2633376013657704,0.17308535287118793
Tp_S_CNN_S_N_art00074_art00074_10537,copy-move,1-5%,art00074,True,0.19843214110730034,0.3311529026982829,0.3858254307965465,0.2185329861111111,0.9426020366456073,0.08955223880597014,0.40110673262345936,0.3985572587917042
Tp_S_CNN_S_N_art00083_art00083_00533,copy-move,>5%,art00083,True,0.3079584775086505,0.4708994708994709,0.44630620359865036,0.11964699074074074,0.7999503519652456,0.12193050979859389,0.013783874205419874,0.4792779954874718
Tp_S_CNN_S_N_art00092_art00092_01250,copy-move,1-5%,art00092,True,0.09021842355175688,0.16550522648083624,0.20068450485633815,0.05141420717592592,0.9256437474977672,0.021503837415245898,0.09693340885184885,0.0
Tp_S_CNN_S_N_art20060_art20060_01866,copy-move,1-5%,art20060,True,0.17073227019916457,0.2916674880246013,0.37866226084687044,0.17908243063198748,0.9809647338585933,0.05979207642596235,0.08583310047831161,0.5346013986013985
Tp_S_CNN_S_N_cha10127_cha10127_12183,copy-move,1-5%,cha10127,True,0.13381847584394582,0.23604920663219825,0.34548088885484546,0.10975925925925926,0.9888345511569223,0.029333732332429502,0.20171546879621413,0.48370570656040984
Tp_S_CNN_S_N_ind00025_ind00025_01321,copy-move,1-5%,cha10101,True,0.3282442748091603,0.4942528735632184,0.549802561557886,0.07486979166666667,0.9824070426386169,0.05034905859953459,0.18741789519778135,0.5471923536439666
Tp_S_CNN_S_N_ind20007_ind20007_01748,copy-move,1-5%,ind20007,True,0.1300952678431985,0.23023770038695412,0.2310749170215903,0.01708722741433022,0.8131466545842241,0.07556841174442828,0.33710339305374837,0.0
Tp_S_CNN_S_N_ind20053_ind20053_01794,copy-move,1-5%,ind20053,False,0.0,0.0,-0.03316425628555085,0.08242448278141318,0.5014066632022633,0.02390282131661442,0.06486141631813994,0.0
Tp_S_CNN_S_N_nat00087_nat00087_10582,copy-move,>5%,nat00087,True,0.3373597929249353,0.5045161290322581,0.518559259792263,0.2720811631944444,0.9475942101153395,0.16903693647456167,0.25332473203652245,0.5950435916798242
Tp_S_CNN_S_N_nat20049_nat20049_01553,copy-move,>5%,nat20049,True,0.37460195454046336,0.5450333506410513,0.5501399089654059,0.2194627906405755,0.9387665037212216,0.16159245300051908,0.2994076700246444,0.5798564145250235
Tp_S_CNN_S_N_pla00017_pla00017_01137,copy-move,1-5%,pla00017,True,0.3571838256380843,0.5263602746962494,0.5706700722725995,0.1259223090277778,0.9796263686142965,0.08657739022111492,0.1520077952715524,0.6152592994841162
Tp_S_CNN_S_N_pla00019_pla00019_00557,copy-move,>5%,pla00019,True,0.3776978417266187,0.5483028720626631,0.5295924559724224,0.35686125578703703,0.9207158200128323,0.23774619159920965,0.5619693544335594,0.6230929264909847
Tp_S_CNN_S_N_pla00019_pla00019_01139,copy-move,>5%,pla00019,True,0.45226444560124934,0.6228403469782781,0.5839273022012138,0.3438042534722222,0.9001525273772308,0.2769269121106835,0.236385762093094,0.6447414840656972
Tp_S_CNN_S_N_pla00041_pla00041_00576,copy-move,>5%,pla00041,True,0.3723958333333333,0.5426944971537002,0.5200028403748445,0.1706814236111111,0.9273057133344633,0.15946877028308953,0.36917298276209,0.5302773566396147
Tp_S_CNN_S_N_pla00046_pla00046_00581,copy-move,>5%,pla00046,True,0.37703275983973605,0.5476017286380557,0.5417135736117391,0.3062608506944444,0.9309927666754473,0.20851422276939027,0.3035818571150477,0.6119070359758039
Tp_S_CNN_S_N_pla00046_pla00046_01156,copy-move,<1%,pla00046,True,0.0,0.0,0.0,0.0,0.7962009628481326,0.013757430988343899,0.05798000155026742,0.0
Tp_S_CNN_S_N_pla00058_pla00058_11209,copy-move,<1%,pla00058,False,0.0,0.0,0.0,0.0,0.7464148502767559,0.019448772363401923,0.0,0.0
Tp_S_CNN_S_N_pla00067_pla00067_11217,copy-move,1-5%,pla00067,False,0.0,0.0,-0.009629544018753301,0.003146701388888889,0.8525944831444111,0.05549108555754827,0.08854225115026372,0.0
Tp_S_CNN_S_N_pla20049_pla20049_01949,copy-move,1-5%,pla20049,True,0.0,0.0,-0.006178827352257475,0.002418300653594771,0.46144097851502025,0.030535988843994707,0.0,0.0
Tp_S_CNN_S_N_pla20069_pla20069_01969,copy-move,<1%,pla20069,True,0.07627564439768543,0.14173998044965788,0.2667642883474776,0.07216132858837485,0.9950469073989783,0.010948043980935303,0.016607612547007804,0.3028720626631854
Tp_S_CNN_S_N_pla20069_pla20069_02366,copy-move,1-5%,pla20069,True,0.22042479624598665,0.3612263482748153,0.44420021694309864,0.0759288256227758,0.982752044848819,0.03509328062504079,0.042864962735273064,0.5488422575976846
Tp_S_CNN_S_N_sec00008_sec00008_10800,copy-move,1-5%,sec00008,True,0.2186491830575502,0.3588385994876174,0.4106834730343774,0.169921875,0.9460880484930019,0.08033327547300816,0.07702984038861901,0.531070110701107
Tp_S_CNN_S_N_sec00055_sec00055_11236,copy-move,1-5%,sec00055,True,0.0,0.0,-0.03583703114812626,0.04114221643518518,0.5684368011655284,0.056482083545683,0.051159542798338786,0.0
Tp_S_CNN_S_N_sec00076_sec00076_00097,copy-move,1-5%,sec00076,False,0.0,0.0,0.0,0.0,0.29393169257973767,0.027784217565760144,0.0033026154583710647,0.0
Tp_S_CNN_S_N_sec20015_sec20015_01605,copy-move,1-5%,sec20015,True,0.12449799196787148,0.22142857142857142,0.330473497177654,0.12114037879993633,0.9847209495510538,0.03021455863623004,0.1157831506232167,0.4689152233363719
Tp_S_CNN_S_N_sec20062_sec20062_02149,copy-move,>5%,sec20062,True,0.19604780660057042,0.3278260375858741,0.2746423466714872,0.06816230141691713,0.7474448143319078,0.187933229594002,0.5174847870182556,0.0
Tp_S_CNN_S_N_sec20079_sec20079_01669,copy-move,1-5%,sec20079,True,0.12906729042228812,0.2286263919203877,0.29911406450093797,0.17235467255334805,0.9305611190560612,0.05172463227915245,0.09085758174790043,0.2794459609746234
Tp_S_CNN_S_N_txt00014_txt00014_10846,copy-move,>5%,txt00014,True,0.2784335055751972,0.4355854322668482,0.44469971474799336,0.3302589699074074,0.9465556626236301,0.17318048168092767,0.3196368527236046,0.5756446337567506
Tp_S_CNN_S_N_txt00071_txt00071_11299,copy-move,>5%,txt00071,True,0.31225806451612903,0.4759095378564405,0.4690138614001912,0.19755497685185186,0.9084457707929784,0.14526976034346856,0.39738050229543614,0.4938291265228123
Tp_S_CNN_S_N_txt00072_txt00072_01285,copy-move,1-5%,txt00072,True,0.0901666853115561,0.16541816316059518,0.2044412513884934,0.4825122974537037,0.9105670652889444,0.08829732065687122,0.12058261136422653,0.5302410186448385
Tp_S_CRD_M_N_sec00010_sec00010_10857,copy-move,>5%,sec00010,False,0.13599487617421008,0.23942867881977073,0.2120863616473789,0.03539134837962963,0.8767173374002812,0.11469485168769178,0.12465800273597812,0.0
Tp_S_CRD_S_B_art00027_art00027_10765,copy-move,>5%,art00027,True,0.27695309186529815,0.4337717550152783,0.44630890482986557,0.20462601273148148,0.9343530655468542,0.12667061912424832,0.24241059364021258,0.5018997967659273
Tp_S_CRD_S_B_sec00002_sec00002_00022,copy-move,1-5%,sec00002,False,0.0,0.0,-0.021927999131415892,0.027253327546296297,0.7340816606117189,0.033185722669796726,0.0814663951120163,0.0
Tp_S_CRD_S_N_ani00067_ani00067_00187,copy-move,1-5%,ani00067,False,0.051829268292682924,0.09855072463768116,0.10221782163614997,0.055591724537037035,0.5701670819287704,0.025742185408001144,0.2095595908996034,0.0
Tp_S_CRD_S_N_arc20093_arc20093_02411,copy-move,<1%,arc20093,True,0.0,0.0,-0.005228321868553846,0.006344444444444444,0.3204554442891031,0.008489734502177753,0.0,0.0
Tp_S_CRD_S_N_cha20039_cha20039_02038,copy-move,1-5%,cha10152,True,0.16192184696981515,0.27871383500033564,0.34645625843280625,0.12678767876787678,0.9376846573176314,0.0486971040130389,0.10605911168096788,0.4905761261863387
Tp_S_CRD_S_N_ind00094_ind00094_01376,copy-move,1-5%,ind00094,True,0.021704856001681733,0.04248752636181266,0.035523281162611366,0.33559389467592593,0.6321739086657303,0.031470274118903525,0.04111556193787318,0.03771474230922892
Tp_S_CRN_M_N_arc00036_arc00036_10088,copy-move,>5%,arc00036,True,0.3872106111770253,0.5582578565319415,0.4494219612539616,0.5936053240740741,0.8307386414207839,0.3753433914589179,0.5645004849660524,0.5540865019300325
Tp_S_CRN_M_N_arc10127_arc10127_11892,copy-move,1-5%,arc10127,True,0.1730631704410012,0.2950619792725056,0.35902403316649384,0.22344243468274477,0.9391462303416077,0.07963610675580213,0.10788316582914573,0.4694823912771024
Tp_S_CRN_M_N_art00008_art00008_10741,copy-move,>5%,art00008,True,0.4175593534494508,0.5891243318078683,0.4333774204150311,0.6605902777777778,0.7924352660667255,0.4373922626953401,0.41568586055839973,0.5903307888040712
Tp_S_CRN_M_N_art00008_art00008_10742,copy-move,>5%,art00008,True,0.3917432613859341,0.5629533438456544,0.39941010373442415,0.6995081018518519,0.7898965666334108,0.431786276428298,0.49936131386861315,0.6080362418751231
Tp_S_CRN_M_N_art00008_art00008_10743,copy-move,>5%,art00008,True,0.3826663066730358,0.5535193919548171,0.2580610411581286,0.8675130208333334,0.6813401117385558,0.5034912043301759,0.565989549204429,0.5653698652611718
Tp_S_CRN_M_N_art00066_art00066_10473,copy-move,>5%,art00066,True,0.3167858795060674,0.48115017701267465,0.32398009531989563,0.4625289351851852,0.7365429656153718,0.3425205701182501,0.18315931289996631,0.5109778943424503
Tp_S_CRN_M_N_nat00001_nat00001_10555,copy-move,>5%,nat00001,True,0.4786554749227883,0.6474198798036879,-0.02929073523924604,0.8970630787037037,0.4963514103853382,0.6791988630256416,0.6158735354692636,0.32679707642453343
Tp_S_CRN_M_N_nat00001_nat00001_10556,copy-move,>5%,nat00001,True,0.45698846210018984,0.6273055332798717,0.2998674551314337,0.8622142650462963,0.6193624927091522,0.5721036526319867,0.6271052110164455,0.43274969173859434
Tp_S_CRN_M_N_nat00064_nat00064_10560,copy-move,>5%,nat00064,True,0.515058657141303,0.6799190971432675,-0.012109829961824256,0.9935619212962963,0.5087429755152517,0.6820635658360444,0.5552866745749307,0.6728583140609131
Tp_S_CRN_M_N_pla00046_pla00046_10992,copy-move,<1%,pla00046,True,0.0,0.0,0.0,0.0,0.9385090598042121,0.009216589861751152,0.0,0.0
Tp_S_CRN_M_N_pla00092_pla00092_10608,copy-move,>5%,pla00092,True,0.5448156891229344,0.7053471724283851,0.005180594723856071,0.9915002893518519,0.44656502293241196,0.707176507721263,0.6190437513536928,0.6925502228772303
Tp_S_CRN_M_N_sec00045_sec00045_10487,copy-move,>5%,sec00045,True,0.5558005347844444,0.7144881652344339,0.6342200912925899,0.3683449074074074,0.8786085290162193,0.37586829776922737,0.1787539782042627,0.6777877214963308
Tp_S_CRN_M_N_txt00085_txt00085_11308,copy-move,>5%,txt00085,True,0.4344248388191381,0.6057129339405051,0.5875780617769826,0.20310691550925927,0.9361400180593876,0.18624331682356415,0.1925133689839572,0.5958222559817699
Tp_S_CRN_M_O_ind00064_ind00064_10686,copy-move,>5%,ind00064,True,0.5261289972114583,0.6894947912958876,-0.005026012642474997,0.9970341435185185,0.5125530630144493,0.6903820192785922,0.6806194754912703,0.6784614073325459
Tp_S_CRN_S_B_art00014_art00014_20054,copy-move,>5%,art00014,False,0.1985268730578893,0.33128480891108125,0.2843816901061692,0.12243200231481481,0.8494514231966999,0.12365117068204955,0.26107793261077933,0.0
Tp_S_CRN_S_B_pla10002_pla10002_20045,copy-move,>5%,pla10002,True,0.27719921293852284,0.4340735730657949,0.45345033716562627,0.3075259259259259,0.9450142593695399,0.15963465339785973,0.2448552676306775,0.572075392229125
Tp_S_CRN_S_N_ani00011_ani00011_00131,copy-move,>5%,ani00011,True,0.22999100719424462,0.3739718515810638,0.40806880274426,0.3211986400462963,0.9381621465970532,0.13877715882125247,0.3076398621264346,0.4597187077031719
Tp_S_CRN_S_N_ani00011_ani00011_10222,copy-move,1-5%,ani00011,True,0.10789817734368992,0.1947799527974455,0.26555299590419484,0.23180700231481483,0.9294053884089629,0.055832923141832504,0.14570165850876776,0.33180350161482236
Tp_S_CRN_S_N_ani00054_ani00054_00174,copy-move,1-5%,ani00054,False,0.0,0.0,0.0,0.0,0.5023659900758471,0.04078161815508353,0.03679215930304916,0.0
Tp_S_CRN_S_N_ani00088_ani00088_10138,copy-move,1-5%,ani00088,True,0.029893711248892826,0.058052031821113736,0.02347214648358017,0.05667679398148148,0.7252648624060783,0.0534032703782585,0.17908274690609075,0.0
Tp_S_CRN_S_N_ani00098_ani00098_00218,copy-move,1-5%,ani00098,True,0.0,0.0,-0.02637733834956296,0.019639756944444444,0.6511108171587858,0.06494960806270997,0.10139434141058616,0.0
Tp_S_CRN_S_N_ani10155_ani10155_12485,copy-move,1-5%,ani10155,True,0.16388021311776593,0.28161010260457775,0.3744581817687589,0.1251736111111111,0.9780700441253813,0.04203727834117047,0.0973656596896228,0.5033744855967078
Tp_S_CRN_S_N_arc10127_arc10127_11891,copy-move,<1%,arc10127,False,0.0,0.0,-0.02925340066348639,0.12078308929084122,0.6132247076647105,0.01230538761971002,0.029446910208262206,0.0
Tp_S_CRN_S_N_art00015_art00015_01204,copy-move,>5%,art00015,True,0.18782139721560265,0.3162451824085318,0.30725070423275147,0.2720811631944444,0.8175529562567039,0.13163941073117988,0.26991374936580415,0.3562932226832642
Tp_S_CRN_S_N_art00040_art00040_10462,copy-move,1-5%,art00040,True,0.23741478762454116,0.383727089734082,0.4116266166129313,0.1296657986111111,0.9392598020492717,0.07883262399027187,0.1720751158953406,0.44168109554541163
Tp_S_CRN_S_N_art00040_art00040_10464,copy-move,>5%,art00040,True,0.3515882430473178,0.5202593983129358,0.5291752438177331,0.27372685185185186,0.9489281088015102,0.17712505562972852,0.2778625954198473,0.5964821520951888
Tp_S_CRN_S_N_art00065_art00065_01238,copy-move,>5%,art00065,True,0.28213265629958745,0.4400990099009901,0.4208287299949129,0.1511863425925926,0.8687509068984324,0.12733676510430778,0.1526854219948849,0.5039508340649693
Tp_S_CRN_S_N_art00079_art00079_10287,copy-move,>5%,art00079,True,0.2861514919663351,0.4449732302201071,0.48411481305406634,0.23636429398148148,0.9561909441154333,0.12670235110779862,0.3516355140186916,0.5621196517180039
Tp_S_CRN_S_N_art20075_art20075_01881,copy-move,1-5%,art20075,True,0.3333333333333333,0.5,0.5128790899119452,0.07122636231397561,0.9538484148774076,0.0655111394912145,0.0,0.4825174825174825
Tp_S_CRN_S_N_art20075_art20075_02318,copy-move,1-5%,art20075,True,0.21438062896796103,0.35306990881458966,0.44878259679077176,0.07578605796128454,0.9880093534950871,0.031974631697165884,0.0,0.46093680561727846
Tp_S_CRN_S_N_art20093_art20093_01899,copy-move,1-5%,art20093,True,0.11614860610223825,0.20812391014463022,0.2597504544052017,0.059977777777777776,0.9386959539148516,0.024178204490237977,0.08896428234850627,0.3250127356087621
Tp_S_CRN_S_N_cha10143_cha10143_12227,copy-move,1-5%,cha10143,True,0.11430894308943089,0.20516562089595797,0.24702322032093246,0.04450320512820513,0.9050992843623418,0.02060285965788785,0.0546498664254612,0.0
Tp_S_CRN_S_N_cha10152_cha10152_12218,copy-move,1-5%,cha10152,True,0.0,0.0,-0.02771619581753329,0.0495355091064662,0.30324230816384695,0.028635113154882628,0.0054375849622650355,0.0
Tp_S_CRN_S_N_cha10168_cha10168_12299,copy-move,<1%,cha10168,True,0.010032230241953788,0.019865168539325843,0.04160823719287223,0.16383677475368993,0.7918602484195811,0.008255390815313825,0.030999435347261434,0.0
Tp_S_CRN_S_N_cha10179_cha10179_12277,copy-move,<1%,cha10179,True,0.1010277292999806,0.1835153222965833,0.2715652170338271,0.07552380952380952,0.9084974744216658,0.01952677113373406,0.013267918852620459,0.4312426957537982
Tp_S_CRN_S_N_cha10199_cha10199_12359,copy-move,<1%,cha10199,True,0.09277174601833467,0.16979162639656706,0.258626778077272,0.07787052494898905,0.9479477741796583,0.01856436884153126,0.056902391460535766,0.0
Tp_S_CRN_S_N_ind00056_ind00056_10911,copy-move,1-5%,ind00056,True,0.0,0.0,-0.010256782343383921,0.0020435474537037037,0.5208662883189854,0.09317562674574985,0.1762022045463722,0.0
Tp_S_CRN_S_N_ind00058_ind00058_10427,copy-move,1-5%,ind00058,True,0.13473080713069963,0.23746743506749823,0.33247296385799446,0.2018771701388889,0.978708725125738,0.05295774647887324,0.15673784785673261,0.4085291321472226
Tp_S_CRN_S_N_ind00064_ind00064_10685,copy-move,1-5%,ind00064,True,0.11024182076813656,0.1985906470211403,0.31240065558181374,0.1271339699074074,0.9827824052246494,0.027643523389987695,0.048424737456242706,0.29882398303450936
Tp_S_CRN_S_N_ind20050_ind20050_01791,copy-move,1-5%,ind20050,True,0.0,0.0,-0.029359100807168973,0.04493192860922692,0.05740260413896879,0.03534804593355702,0.007946312310106507,0.0
Tp_S_CRN_S_N_pla00092_pla00092_10606,copy-move,1-5%,pla00092,False,0.0,0.0,-0.041476692608685015,0.0856662326388889,0.2681627091431469,0.035421810882347714,0.023921325418623195,0.0
Tp_S_CRN_S_N_pla00092_pla00092_10607,copy-move,>5%,pla00092,True,0.13275667544189546,0.23439575033200533,0.2158478355760296,0.033365885416666664,0.764677331338385,0.1405296343001261,0.18580307491004253,0.0
Tp_S_CRN_S_N_pla20012_pla20012_01912,copy-move,>5%,pla20012,True,0.2769924812030075,0.4338200659444183,0.4133551154926452,0.14148797920727746,0.8644500721000373,0.12282734646581692,0.21739547986426788,0.44102835939570634
Tp_S_CRN_S_N_pla20064_pla20064_01964,copy-move,<1%,pla20064,True,0.003338269621746442,0.006654325311452444,-0.024351942816587164,0.21480596019125986,0.2148666545652032,0.01477933101176055,0.0033328378410095527,0.0
Tp_S_CRN_S_N_sec00008_sec00008_10803,copy-move,1-5%,sec00008,True,0.0,0.0,-0.02183208736816654,0.03530092592592592,0.7775274725274726,0.02538968343242809,0.042664266426642665,0.0
Tp_S_CRN_S_N_sec00014_sec00014_11233,copy-move,1-5%,sec00014,True,0.10846283074338513,0.19569953585298855,0.3024743218559802,0.17223668981481483,0.9872426734871835,0.036677377549752345,0.10121526787242541,0.33952787543947766
Tp_S_CRN_S_N_sec00033_sec00033_00054,copy-move,1-5%,sec00033,True,0.30279772220846746,0.46484226529836564,0.4603786100677939,0.060872395833333336,0.9231460674157304,0.0663029794376836,0.11260709914320685,0.0
Tp_S_CRN_S_N_sec00055_sec00055_11234,copy-move,<1%,sec00055,True,0.10356347438752785,0.18768920282542886,0.26590952781015736,0.06246383101851852,0.961071997488961,0.01827760455864961,0.03854729602055856,0.0
Tp_S_CRN_S_N_sec00056_sec00056_11271,copy-move,<1%,sec00056,True,0.0,0.0,-0.00904682839366886,0.017632378472222224,0.8952670784883721,0.009037391758330782,0.025380454016886596,0.0
Tp_S_CRN_S_O_art00040_art00040_10463,copy-move,1-5%,art00040,True,0.15994152046783625,0.27577514494580285,0.3216128244105814,0.11673538773148148,0.910774249796102,0.0521003963011889,0.15082905479336756,0.3133698861239983
Tp_S_CnN_S_N_txt00071_txt00071_01297,copy-move,<1%,txt00071,True,0.0,0.0,-0.030868992889354716,0.12047887731481481,0.3108130695301149,0.01372175724702755,0.0,0.0
Tp_S_NND_M_B_arc10107_arc10107_11164,copy-move,>5%,arc10107,True,0.43996687827767045,0.6110791642706537,0.3753672174814687,0.6352777777777778,0.7442613454053322,0.4971822166562304,0.583801652892562,0.5912094225797184
Tp_S_NND_M_B_arc10107_arc10107_11165,copy-move,>5%,arc10107,True,0.2743732590529248,0.4306010928961749,0.13471542504294234,0.5855092592592592,0.5886954099736867,0.4148534106336917,0.24775143090760426,0.39078810020876825
Tp_S_NND_S_B_art00075_art00075_01245,copy-move,1-5%,art00075,False,0.008596259210277726,0.017045986700384003,-0.03528052331423941,0.17261646412037038,0.6953831090227438,0.04012192528531935,0.03955841766329347,0.0
Tp_S_NND_S_B_art00092_art00092_01006,copy-move,>5%,art00092,True,0.042474065374828736,0.08148704468644385,-0.010117679471005203,0.07231987847222222,0.7314896193998094,0.21478958498119421,0.3334770424660487,0.0
Tp_S_NND_S_B_ind00091_ind00091_01373,copy-move,1-5%,ind00091,True,0.0482003622903048,0.09196784131039147,0.030775334724532054,0.19722945601851852,0.7169623729139384,0.0832943378568086,0.21903168348896204,0.0
Tp_S_NND_S_B_sec00081_sec00081_00035,copy-move,>5%,sec00081,True,0.13142058886739738,0.2323107607560072,0.16817373956857748,0.12322771990740741,0.7734158823179309,0.1259087288810561,0.24259537398618203,0.245529111200753
Tp_S_NND_S_N_ani00086_ani00086_00815,copy-move,1-5%,ani00086,False,0.0,0.0,-0.03282397496545896,0.055266203703703706,0.27067773828024694,0.03552650277106722,0.061909189524252284,0.0
Tp_S_NND_S_N_ani00088_ani00088_00208,copy-move,1-5%,ani00088,True,0.13069318939899327,0.2311735679038833,0.30835394339322636,0.29810474537037035,0.9567005614369242,0.07518796992481203,0.13373067610355746,0.39027558689802355
Tp_S_NND_S_N_ani20009_ani20009_02438,copy-move,>5%,ani10133,True,0.33119628972855,0.497591966389999,0.5237601608871294,0.2140869905956113,0.9547073704401733,0.135576194259518,0.29726291301661156,0.5868058601631722
Tp_S_NND_S_N_ani20025_ani20025_02068,copy-move,1-5%,ani10149,True,0.27969769838543457,0.4371308923010845,0.4263432934776639,0.07971729125575279,0.8921041295962306,0.0819793065617493,0.3389554968502337,0.449203659776347
Tp_S_NND_S_N_ani20055_ani20055_02098,copy-move,>5%,ani10179,True,0.39476760719138043,0.5660693654713091,0.5607133314145373,0.29302817097249645,0.9300923356800401,0.20815719755167802,0.5247532028513338,0.6189305805887815
Tp_S_NND_S_N_arc20026_arc20026_01479,copy-move,1-5%,arc20026,True,0.11570247933884298,0.2074074074074074,0.2943681505453504,0.26873703703703705,0.9533862604785323,0.0606304387644061,0.209448954914493,0.38542960791134523
Tp_S_NND_S_N_arc20065_arc20065_02196,copy-move,<1%,arc20065,True,0.005891179903295726,0.011713354328968452,0.002074462270489566,0.12746872700515086,0.7219835905664334,0.01135532207556557,0.11070050094440338,0.0
Tp_S_NND_S_N_art00078_art00078_01246,copy-move,>5%,art00078,True,0.01738141650422352,0.03416892862845282,-0.02261846672154778,0.047761140046296294,0.668452164760058,0.12295054143046268,0.14784987084029783,0.0
Tp_S_NND_S_N_art00092_art00092_00006,copy-move,1-5%,art00092,True,0.2835889570552147,0.44186880152945396,0.47896305666174,0.11304615162037036,0.95564321695025,0.07377991430661511,0.22745268181571668,0.5187165775401069
Tp_S_NND_S_N_cha00049_cha00049_00852,copy-move,1-5%,cha00049,True,0.06519065190651907,0.12240184757505773,0.10758878553538033,0.08526837384259259,0.8892952585163255,0.04756104019914199,0.10188336737009303,0.0
Tp_S_NND_S_N_cha00092_cha00092_00412,copy-move,1-5%,cha00092,True,0.2932757223872536,0.4535393610357068,0.5038196405352178,0.13216145833333334,0.9674604737796841,0.07886599729006705,0.1430933819310857,0.575643337157843
Tp_S_NND_S_N_ind00058_ind00058_01347,copy-move,1-5%,ind00058,True,0.0,0.0,-0.03467979120825573,0.0777271412037037,0.2765153866848782,0.02774904590362735,0.01132450837860586,0.0
Tp_S_NND_S_N_ind00067_ind00067_10688,copy-move,1-5%,ind00067,False,0.0,0.0,-0.021708106240061247,0.029748987268518517,0.5421577064474911,0.029822029822029823,0.029921875,0.0
Tp_S_NND_S_N_ind20012_ind20012_01753,copy-move,>5%,ind20012,True,0.362241788012191,0.5318318542272603,0.5474374813134024,0.24472636815920398,0.9446704787616312,0.16316739393662472,0.15643862443915058,0.6323666978484564
Tp_S_NND_S_N_ind20029_ind20029_01770,copy-move,1-5%,ind20029,True,0.09897891963109355,0.180128877566312,0.29012732828638105,0.1345851851851852,0.9796947559651277,0.02703690171720862,0.05035460992907802,0.4948770491803279
Tp_S_NND_S_N_nat20012_nat20012_01516,copy-move,<1%,nat20012,True,0.0,0.0,-0.010713981640231995,0.013650385604113111,0.40805817559606944,0.01631820499745028,0.0,0.0
Tp_S_NND_S_N_nat20039_nat20039_02237,copy-move,1-5%,nat20039,True,0.26634784306070663,0.420655105973025,0.4896079355361746,0.10376723504935954,0.9817435256366321,0.0555247084952804,0.08173631281654577,0.5154614073532993
Tp_S_NND_S_N_nat20067_nat20067_01571,copy-move,<1%,nat20067,True,0.03750124340992739,0.07229146692233941,0.16459488875697156,0.08061488673139158,0.8495554723856197,0.00751213064014315,0.06919594740245742,0.20523623232019259
Tp_S_NND_S_N_nat20069_nat20069_01573,copy-move,1-5%,nat20069,True,0.2198544451315226,0.3604601286800546,0.4126522053920422,0.16669099756690997,0.9388171361151612,0.07931958377469,0.24013711238772337,0.5444517979263181
Tp_S_NND_S_N_pla00079_pla00079_01182,copy-move,>5%,pla00079,True,0.35524402907580477,0.5242510152478738,0.555195079923438,0.17317708333333334,0.9668040477067301,0.11825560225281176,0.31305592475207034,0.5713006492052832
Tp_S_NND_S_N_pla20010_pla20010_01910,copy-move,<1%,pla20010,True,0.05926709882259558,0.11190208567503435,0.22709425721397933,0.136901204382867,0.9922806156679307,0.01609686865601926,0.03567357339234225,0.32051511357538903
Tp_S_NND_S_N_sec00056_sec00056_00077,copy-move,1-5%,sec00056,True,0.07401869158878505,0.13783501566306997,0.12931540269369474,0.03616898148148148,0.7194513657901396,0.031084762057362603,0.07264709295578507,0.0
Tp_S_NND_S_N_sec20029_sec20029_01619,copy-move,1-5%,sec20029,True,0.3229876722262509,0.48827011620258715,0.5431077176222308,0.12305468303826385,0.9720728778643974,0.07645170703238985,0.24873649233518555,0.6251484560570071
Tp_S_NND_S_N_sec20030_sec20030_01620,copy-move,1-5%,sec20030,True,0.02959568475822235,0.05748991608326765,0.09918032073308924,0.21309434901667912,0.7592555760523226,0.021040099350322784,0.05137973382791549,0.0
Tp_S_NNN_M_B_arc10129_arc10129_11893,copy-move,>5%,arc10129,True,0.3269742166724477,0.4928117103772763,0.5255450624124204,0.21085640842091563,0.9543468249309175,0.1294867698300391,0.27572441324248054,0.5444943820224719
Tp_S_NNN_M_B_nat10156_nat10156_12028,copy-move,>5%,nat10156,True,0.32083152491132494,0.4858023432365672,0.4571853976659423,0.3809375,0.9070731000221779,0.22976212428545087,0.3799523726335727,0.5674303320309139
Tp_S_NNN_M_N_ani00017_ani00017_10209,copy-move,1-5%,ani00017,True,0.2253909026297086,0.3678677590081926,0.43375407600802884,0.2035590277777778,0.9631549555105521,0.08773537599640344,0.3667509938561619,0.4727035587851686
Tp_S_NNN_M_N_ani00078_ani00078_10497,copy-move,>5%,ani00078,True,0.25069672642568946,0.4008913130238127,0.3625572461311866,0.4239185474537037,0.8706719242769068,0.21404001744101545,0.4696241358787712,0.44966616634749756
Tp_S_NNN_M_N_arc10129_arc10129_11894,copy-move,1-5%,arc10129,True,0.2999779913432617,0.46151241534988713,0.5144178654254941,0.10924738880031237,0.9608905722381882,0.06744116583609754,0.31976020290523405,0.5289478401147159
Tp_S_NNN_M_N_art00045_art00045_10747,copy-move,>5%,art00045,True,0.154203775275864,0.2672037270697855,0.32196115131503134,0.3211082175925926,0.9029199017509705,0.09802909916417295,0.2201269050584119,0.3070613866461617
Tp_S_NNN_M_N_art00054_art00054_10538,copy-move,>5%,art00054,True,0.2389481937156987,0.38572749841795256,0.4187444447127995,0.29848451967592593,0.9262651683872215,0.13611083021539083,0.3760928765945249,0.48141637368156703
Tp_S_NNN_M_N_art00075_art00075_10516,copy-move,>5%,art00075,True,0.4654698626015445,0.6352499965782018,0.17609246080739854,0.8745659722222222,0.5731144394007217,0.6175481580559271,0.5497749323003533,0.5584658723076654
Tp_S_NNN_M_N_cha10156_cha10156_12249,copy-move,>5%,cha10156,True,0.1286761911999392,0.22801259068491306,0.231524875150052,0.3498383212934297,0.8199285857575473,0.11123383795724774,0.17462260301917584,0.380574588291862
Tp_S_NNN_M_N_ind00098_ind00098_10660,copy-move,>5%,ani30795,True,0.3485249621785174,0.5168980507642686,0.37701459331910975,0.6658890335648148,0.8441381084991331,0.38296876827699144,0.44450857043919895,0.6245226746940937
Tp_S_NNN_M_N_sec00033_sec00033_11276,copy-move,>5%,sec00033,True,0.18668754894283476,0.3146363996304606,0.2705693310006081,0.08040364583333333,0.7979752942617802,0.1071764766289558,0.17742246195338085,0.0
Tp_S_NNN_M_N_sec00045_sec00045_00066,copy-move,>5%,sec00045,True,0.24451847365233192,0.39295274249282136,0.33642540613265676,0.26851851851851855,0.8199631857104039,0.186867776047217,0.22187232396895112,0.5394417028798704
Tp_S_NNN_M_N_txt00032_txt00032_10341,copy-move,>5%,txt00032,True,0.49296513310185186,0.6603839864332869,0.0,1.0,0.499919786926946,0.6603839864332869,0.6603839864332869,0.6491141348180139
Tp_S_NNN_S_B_ani00056_ani00056_00176,copy-move,>5%,ani00056,False,0.0,0.0,0.0,0.0,0.1909113693136013,0.17712505562972852,0.00010536297545042672,0.0
Tp_S_NNN_S_B_arc20015_arc20015_01468,copy-move,1-5%,arc20015,True,0.0018282613824015098,0.003649849885206334,-0.03591599596121609,0.13244897959183674,0.4766580800814076,0.023712093840065205,0.06159151425204068,0.0
Tp_S_NNN_S_B_arc20015_arc20015_02158,copy-move,1-5%,arc20015,True,0.0,0.0,-0.045249770040119944,0.14828231292517008,0.6954427028275673,0.022981162843477603,0.05800729865059832,0.0
Tp_S_NNN_S_B_arc20022_arc20022_01475,copy-move,1-5%,arc20022,True,0.190796082370668,0.32045131017029577,0.4070214118488359,0.11712592592592592,0.9727679588697732,0.045673337917556366,0.11256292170932848,0.557229079441031
Tp_S_NNN_S_B_arc20045_arc20045_01498,copy-move,<1%,arc20045,True,0.0,0.0,-0.01839494156018879,0.14733247422680412,0.49364864515906903,0.0039013097254078154,0.0005700929251467989,0.0
Tp_S_NNN_S_B_arc20057_arc20057_02183,copy-move,1-5%,arc20057,True,0.3636071198799056,0.5333018793740663,0.5832663313395833,0.0975686307331771,0.97658327159912,0.06852235412983076,0.30499095455996594,0.5907859078590786
Tp_S_NNN_S_B_art00015_art00015_20062,copy-move,>5%,art00015,True,0.30868563129479365,0.47174909529553677,0.390685837760737,0.5696614583333334,0.8449902603275411,0.30499954020169817,0.5198471915477825,0.4653275764970903
Tp_S_NNN_S_B_art00046_art00046_00926,copy-move,1-5%,art00046,True,0.14605053066591528,0.25487624979511553,0.3448347027642216,0.19209346064814814,0.9596757672110318,0.05555946269076588,0.08486721933398904,0.31747290510177106
Tp_S_NNN_S_B_art00046_art00046_01408,copy-move,1-5%,art00046,True,0.28500861573808156,0.4435902020382621,0.49187062657039093,0.15563512731481483,0.9708212089823427,0.08915612689197595,0.1585897435897436,0.5520500702516286
Tp_S_NNN_S_B_art00082_art00082_01248,copy-move,>5%,art00082,False,0.0,0.0,-0.0889539114871418,0.059136284722222224,0.13531304714937306,0.20114185331576637,0.0,0.0
Tp_S_NNN_S_B_art10003_art10003_20041,copy-move,1-5%,art10003,True,0.0857843137254902,0.1580135440180587,0.16055728004398548,0.05396951198947759,0.5439847235203692,0.03342729232299784,0.06874514830393733,0.013822688274547188
Tp_S_NNN_S_B_art20026_art20026_02337,copy-move,1-5%,art20026,True,0.01812661844807572,0.03560778810734959,0.0020817156700122996,0.0664906103286385,0.49384049837508615,0.04444376436924513,0.06290644791091086,0.0
Tp_S_NNN_S_B_art20060_art20060_02327,copy-move,<1%,art20060,True,0.0,0.0,-0.02892000910698093,0.08929916170836057,0.2795928483253278,0.016772933540122926,0.0,0.0
Tp_S_NNN_S_B_ind00056_ind00056_01345,copy-move,<1%,ind00056,True,0.0,0.0,-0.009163407136018924,0.01029007523148148,0.19754520586212423,0.015895513016021098,0.0009017640759736234,0.0
Tp_S_NNN_S_B_ind00064_ind00064_01352,copy-move,1-5%,ind00064,True,0.24095255953497094,0.3883348443638561,0.47211621492079464,0.09644458912037036,0.989934842249657,0.045421607960269346,0.1329320290945573,0.5745364647713226
Tp_S_NNN_S_B_nat00071_nat00071_00977,copy-move,1-5%,nat00064,True,0.08289264939185616,0.15309486021242827,0.2690247654077891,0.13679108796296297,0.9942477469365091,0.02242368971621694,0.24537444933920705,0.27493970620477964
Tp_S_NNN_S_B_nat00087_nat00087_00989,copy-move,1-5%,nat00087,True,0.0,0.0,-0.013805024824037605,0.013491030092592593,0.8931888015797823,0.027115741401455687,0.0,0.0
Tp_S_NNN_S_B_nat00090_nat00090_00992,copy-move,>5%,nat00090,False,0.0,0.0,-0.060551303995859854,0.017722800925925927,0.42695580076710643,0.28897656068693434,0.18941775514722162,0.0
Tp_S_NNN_S_B_nat00090_nat00090_11110,copy-move,>5%,nat00090,True,0.30193449109694437,0.4638243984803715,0.46469884101751446,0.326171875,0.9313970890496571,0.18552912223133716,0.24719532074024356,0.5936769590355517
Tp_S_NNN_S_B_nat10002_nat10002_20011,copy-move,<1%,nat10002,True,0.07735659174773565,0.14360443392701458,0.25743966915687433,0.05475925925925926,0.9818026274288832,0.009385379304243328,0.04578914041475384,0.32458662832494606
Tp_S_NNN_S_B_nat20012_nat20012_02228,copy-move,<1%,nat20012,True,0.013047023647730362,0.025757982291387174,0.01793603066955552,0.007716366752356469,0.4657029103430342,0.01636878203003493,0.029978527776248418,0.0
Tp_S_NNN_S_B_nat20016_nat20016_02216,copy-move,<1%,nat20016,True,0.3076687116564417,0.47056063804832277,0.5401635775017581,0.027387041773231032,0.9913652774494789,0.017752354235934787,0.04612859653454561,0.5318955042527339
Tp_S_NNN_S_B_nat20043_nat20043_01547,copy-move,<1%,nat20043,True,0.0,0.0,-0.01357165382643213,0.0961823268059898,0.6058165891153399,0.0034496919917864476,0.0,0.0
Tp_S_NNN_S_B_nat20049_nat20049_02245,copy-move,1-5%,nat20049,True,0.11307738452309538,0.20317973592023714,0.18624083398596775,0.025473250018414398,0.8757873841612942,0.03937709100536742,0.0800506161971831,0.0
Tp_S_NNN_S_B_nat20056_nat20056_02251,copy-move,1-5%,nat20056,True,0.0,0.0,-0.02835623505426876,0.05355868075385494,0.14838788600309932,0.027632574757554956,0.0008930104756998111,0.0
Tp_S_NNN_S_B_nat20090_nat20090_01594,copy-move,1-5%,nat20090,True,0.0021130480718436345,0.004217185028993147,-0.01717742892790646,0.018570746411197662,0.5720248776939052,0.04666618086424251,0.0,0.0
Tp_S_NNN_S_B_pla00019_pla00020_20034,splicing,>5%,pla00019,False,0.0,0.0,0.0,0.0,0.3741964296196003,0.21680452764475402,0.16539340001575176,0.0
Tp_S_NNN_S_B_pla20016_pla20016_01916,copy-move,1-5%,pla20016,False,0.0,0.0,0.0,0.0,0.43240658884907923,0.05999104611252052,0.0025045081146062914,0.0
Tp_S_NNN_S_B_sec00045_sec00045_00735,copy-move,1-5%,sec00045,True,0.021071115013169446,0.0412725709372313,0.01468619926491708,0.08653428819444445,0.7755605902502098,0.036572808294570894,0.05172214739272657,0.0
Tp_S_NNN_S_B_sec20008_sec20008_02118,copy-move,<1%,sec20008,True,0.08522569925228468,0.15706539074960127,0.25163965952903833,0.061969298245614035,0.9653391551116516,0.013470067001820987,0.0,0.18812412756362074
Tp_S_NNN_S_B_sec20062_sec20062_01652,copy-move,<1%,sec20062,True,0.0,0.0,-0.0077445190000924894,0.0069479683047738005,0.7936887294697575,0.016855835195990206,0.013141497677580152,0.0
Tp_S_NNN_S_B_txt00079_txt00079_01288,copy-move,>5%,txt00079,True,0.3582033452358579,0.5274664452746645,0.505532659069466,0.38491030092592593,0.9042462235262216,0.24233947870311506,0.4617291394499715,0.5890094255735373
Tp_S_NNN_S_N_ani00043_ani00043_00163,copy-move,>5%,ani00043,True,0.08060809616404455,0.14919025028627514,0.21021011203532725,0.01273148148148148,0.5744916040009923,0.1782060785767235,0.06366326866162447,0.0
Tp_S_NNN_S_N_ani00071_ani00071_00827,copy-move,1-5%,ani00071,True,0.19044562626077388,0.31995686667180157,0.39832792970358255,0.19719328703703703,0.9602566029881123,0.07247058823529412,0.2674240098249923,0.41343266985433114
Tp_S_NNN_S_N_ani00077_ani00077_00197,copy-move,1-5%,ani00077,True,0.1418808649530804,0.24850379633765074,0.26148144020962183,0.195232,0.8705184518195491,0.08354712429857825,0.23084848484848486,0.30856553147574817
Tp_S_NNN_S_N_ani00085_ani00085_00205,copy-move,1-5%,ani00085,True,0.1655154986522911,0.28402110284021104,0.34082946921114776,0.21043113425925927,0.9320914433637983,0.07656051620084527,0.0,0.4439403758911212
Tp_S_NNN_S_N_ani00086_ani00086_00206,copy-move,1-5%,ani00086,True,0.0,0.0,-0.03195433948498012,0.05727358217592592,0.21821212344044905,0.032520903753780465,0.048627085577847014,0.0
Tp_S_NNN_S_N_ani00086_ani00086_11125,copy-move,<1%,ani00086,True,0.03222534332084894,0.06243858190339406,0.15793271785183638,0.23177083333333334,0.9755148192516184,0.01482704769426843,0.026096920859054448,0.15617224880382774
Tp_S_NNN_S_N_ani00097_ani00097_00807,copy-move,1-5%,ani00097,True,0.1972508591065292,0.32950631458094143,0.39738544487214095,0.23681640625,0.9601024289547652,0.08925517026900949,0.2384474068491215,0.4627472229748036
Tp_S_NNN_S_N_ani00097_ani00097_01254,copy-move,1-5%,ani00097,True,0.06928406466512702,0.12958963282937366,0.1777974986227715,0.1580222800925926,0.8133081867063096,0.03500293171763117,0.02813290605498398,0.3009118541033435
Tp_S_NNN_S_N_ani00098_ani00098_00804,copy-move,>5%,ani00098,True,0.41098317094774134,0.5825486503452605,0.5967648118563617,0.20393880208333334,0.9553465918742973,0.15523194715508182,0.3756942535056365,0.6472376714868372
Tp_S_NNN_S_N_ani10149_ani10149_12492,copy-move,1-5%,ani10149,True,0.28133447147531654,0.4391272969522012,0.42579625021218287,0.07577251808021039,0.8862688957515025,0.08182207985471789,0.46528779862113195,0.4532608695652174
Tp_S_NNN_S_N_ani10195_ani10195_12402,copy-move,1-5%,ani10195,True,0.2296,0.3734547820429408,0.4389936100530799,0.07927170868347339,0.9612216288384513,0.04149256187768015,0.22896720309635363,0.40097165991902833
Tp_S_NNN_S_N_ani10219_ani10219_12385,copy-move,1-5%,ani10219,True,0.1667127453690904,0.285781990521327,0.35359960774791355,0.11907590759075908,0.9450051819167399,0.04721306645552139,0.15212549281179652,0.34938691091741764
Tp_S_NNN_S_N_ani20009_ani20009_02052,copy-move,1-5%,ani10133,False,0.0,0.0,-0.01569530248930953,0.01636951410658307,0.09531066293092416,0.028753777674786856,0.0,0.0
Tp_S_NNN_S_N_ani20020_ani20020_02063,copy-move,<1%,ani10144,True,0.1297449584816133,0.2296889355558472,0.3510587611678769,0.05475958414554906,0.9928018622259429,0.014145503520246457,0.05866416937021305,0.4274214489742924
Tp_S_NNN_S_N_ani20020_ani20020_02439,copy-move,1-5%,ani10144,True,0.08050146366297568,0.14900759762059015,0.2663756256757955,0.12763157894736843,0.9914338544757357,0.020340073159946938,0.07789888539934725,0.2623664834595043
Tp_S_NNN_S_N_ani20025_ani20025_02441,copy-move,1-5%,ani10149,True,0.0,0.0,-0.017140682513540593,0.019441157133464827,0.6306332410437342,0.028784157697267384,0.0,0.0
Tp_S_NNN_S_N_ani20026_ani20026_02069,copy-move,>5%,ani10150,True,0.19223919261697878,0.3224842696120592,0.3700937721672214,0.3048244527054936,0.9387222601869389,0.11350159351063249,0.2541303547318031,0.438408868601239
Tp_S_NNN_S_N_ani20027_ani20027_02070,copy-move,1-5%,ani10151,True,0.22413039405483046,0.3661871237628813,0.3728422406387689,0.11970869746150645,0.8157761559504526,0.08325822172945466,0.21197434363850104,0.47117241379310343
Tp_S_NNN_S_N_arc00016_arc00016_00236,copy-move,1-5%,arc00016,True,0.0332109981348896,0.0642869620916555,-0.020839404852286594,0.26586009837962965,0.39919059670605894,0.08558371416701288,0.19056944862910516,0.08503820557061868
Tp_S_NNN_S_N_arc00016_arc00016_01114,copy-move,<1%,arc00016,True,0.017316017316017316,0.03404255319148936,0.08608488559577153,0.23231336805555555,0.770622113022113,0.011292932925732782,0.0,0.07544483985765124
Tp_S_NNN_S_N_arc00020_arc00020_01118,copy-move,<1%,arc00020,True,0.038052521160384864,0.07331521360373545,0.16974737752346428,0.24998191550925927,0.9647976092842457,0.01884561642363226,0.0920238741182854,0.10268423621278673
Tp_S_NNN_S_N_arc00046_arc00046_00266,copy-move,1-5%,arc00046,True,0.01184284509418049,0.023408467335810788,-0.025655774981498975,0.5055519386574074,0.3961702531286751,0.029857127587558343,0.006936574980254799,0.03185401144584818
Tp_S_NNN_S_N_arc00046_arc00046_01080,copy-move,<1%,arc00046,True,0.017247003180298457,0.0339091747164215,0.09834249392384677,0.4435402199074074,0.9714958510876879,0.015183330641253432,0.0,0.05144733641449769
Tp_S_NNN_S_N_arc00057_arc00057_01069,copy-move,1-5%,arc00057,True,0.0,0.0,-0.052115912714248154,0.11017071759259259,0.8419618158162595,0.04203034541366429,0.0,0.0
Tp_S_NNN_S_N_arc00082_arc00082_01047,copy-move,<1%,arc00082,True,0.0,0.0,-0.04319917105965818,0.29206452546296297,0.048518123183139535,0.008965703483661895,0.03608847497089639,0.0
Tp_S_NNN_S_N_arc20017_arc20017_01470,copy-move,1-5%,arc20017,True,0.0,0.0,-0.03336293699712774,0.07151986183074266,0.6363519473731742,0.028088667895563624,0.0,0.0
Tp_S_NNN_S_N_arc20022_arc20022_02163,copy-move,<1%,arc20022,True,0.0,0.0,-0.009604262941248042,0.026325925925925926,0.5104414623554994,0.006776958341638429,0.011980820723581791,0.0
Tp_S_NNN_S_N_arc20028_arc20028_01481,copy-move,<1%,arc20028,True,0.0,0.0,-0.016394810920053546,0.06256666666666667,0.6331754452652861,0.007990172751518908,0.014455879188344156,0.0
Tp_S_NNN_S_N_arc20028_arc20028_02169,copy-move,1-5%,arc20028,True,0.0,0.0,-0.04097946226461501,0.06734074074074074,0.5561961567002628,0.044448951064145696,0.0,0.0
Tp_S_NNN_S_N_arc20035_arc20035_01488,copy-move,1-5%,arc20035,True,0.23131338424940528,0.3757181351365092,0.4675497106698393,0.06859106529209621,0.9919019871797359,0.0312979649134676,0.09774056751707869,0.6204450749179892
Tp_S_NNN_S_N_arc20036_arc20036_01489,copy-move,<1%,arc20036,True,0.03419093393648101,0.06612112486103264,0.13598312228227405,0.21262135922330097,0.8016867111623596,0.018508350400185964,0.03485279908336112,0.0
Tp_S_NNN_S_N_arc20038_arc20038_02174,copy-move,<1%,arc20038,True,0.008767031494304222,0.01738167727650152,0.08618731606958697,0.1538487972508591,0.98598101429166,0.0026939608946695607,0.005093422062963911,0.10091595693395468
Tp_S_NNN_S_N_arc20071_arc20071_01711,copy-move,<1%,arc20071,True,0.0,0.0,-0.0146974003036774,0.16341780376868095,0.0884118295945982,0.002206789121827741,0.0,0.0
Tp_S_NNN_S_N_arc20074_arc20074_01714,copy-move,1-5%,arc20074,True,0.2157248666286839,0.35489093387866394,0.38095701222975437,0.13362222222222223,0.9068528924089567,0.0773749759671872,0.16752587781611528,0.4914838438354244
Tp_S_NNN_S_N_arc20089_arc20089_01729,copy-move,<1%,arc20089,True,0.09167842031029619,0.16795865633074936,0.2917699772126288,0.07807796784377065,0.9915240240712468,0.014214382038852644,0.03188124393222887,0.2863509749303621
Tp_S_NNN_S_N_arc20093_arc20093_01733,copy-move,1-5%,arc20093,True,0.2223993288590604,0.3638734472582527,0.43463889207279804,0.04251111111111111,0.9604426590313515,0.02265162417198537,0.21144745737249304,0.19746199972109887
Tp_S_NNN_S_N_art00001_art00001_00918,copy-move,>5%,art00001,True,0.41818181818181815,0.5897435897435898,0.5865066469210023,0.09369574652777778,0.9588133928151873,0.10067494461332371,0.0924679055570518,0.5448225923244026
Tp_S_NNN_S_N_art00001_art00001_01192,copy-move,>5%,art00001,True,0.32473484352494436,0.49026391222694476,0.4469218435964879,0.10575810185185185,0.8040629053804056,0.1433392092671871,0.0,0.4741309150098826
Tp_S_NNN_S_N_art00006_art00006_10752,copy-move,>5%,art00006,True,0.3713113322856644,0.541541987648819,0.5566709932822439,0.2048068576388889,0.9519427830722605,0.1468547873588257,0.1619490212646106,0.6088091353996737
Tp_S_NNN_S_N_art00006_art00006_10753,copy-move,1-5%,art00006,True,0.0,0.0,-0.024351582407951804,0.01468460648148148,0.444501865398352,0.07371281265240716,0.10317139001349528,0.0
Tp_S_NNN_S_N_art00008_art00008_01198,copy-move,1-5%,art00008,False,0.0,0.0,-0.014261290497886435,0.016167534722222224,0.8996450459145038,0.024154934610162222,0.0,0.0
Tp_S_NNN_S_N_art00036_art00036_01222,copy-move,<1%,art00036,True,0.02780117944397641,0.054098360655737705,0.04556546690158547,0.01370804398148148,0.6529493223187064,0.01657161304207468,0.009202742041506244,0.0
Tp_S_NNN_S_N_art00036_art00036_01418,copy-move,1-5%,art00036,True,0.25858976128052985,0.4109198552790264,0.48226724689085665,0.13105830439814814,0.9819936792477683,0.06555885954171768,0.2024561652587492,0.5637292860461515
Tp_S_NNN_S_N_art00045_art00045_01223,copy-move,<1%,art00045,True,0.017905223478729134,0.03518053167570427,0.114708523589003,0.2686631944444444,0.8994095203488371,0.00957488931283971,0.030326539248183935,0.04699078257726369
Tp_S_NNN_S_N_art00046_art00046_11923,copy-move,1-5%,art00046,True,0.17606543263021954,0.29941434846266474,0.35473035335058856,0.12080439814814815,0.8621398639608838,0.05336900654791241,0.11510006064281382,0.36030906872712487
Tp_S_NNN_S_N_art00054_art00054_01230,copy-move,<1%,art00054,False,0.0,0.0,-0.014143081247997692,0.043872974537037035,0.11838187232188248,0.00864304235090752,0.0,0.0
Tp_S_NNN_S_N_art00056_art00056_01404,copy-move,1-5%,art00056,True,0.06709100292447961,0.12574560696437206,0.21662185622557348,0.3153754340277778,0.9733444247264124,0.04144086707044947,0.2874199184624345,0.21195652173913043
Tp_S_NNN_S_N_art00074_art00074_01013,copy-move,1-5%,art00074,False,0.11574468085106383,0.20747520976353928,0.18585719143873122,0.08414713541666667,0.8781454202185535,0.06650582188188398,0.1402539079367821,0.0
Tp_S_NNN_S_N_art00074_art00074_01244,copy-move,1-5%,art00074,False,0.040709126723571895,0.07823343848580441,0.06676137377450812,0.017198350694444444,0.772341865605419,0.02267119613802968,0.17800309815518942,0.0
Tp_S_NNN_S_N_art00075_art00075_10514,copy-move,1-5%,art00075,False,0.0,0.0,-0.08464932168743627,0.1641167534722222,0.2112388229321349,0.06802578481211677,0.06265895953757225,0.0
Tp_S_NNN_S_N_art00075_art00075_10515,copy-move,>5%,art00075,True,0.14751562802088033,0.2571043468493766,0.2414187381318105,0.2607421875,0.7969251217252142,0.11546588507940836,0.12235817575083426,0.3706547680813531
Tp_S_NNN_S_N_art00078_art00078_00532,copy-move,>5%,art00078,True,0.30103006096279167,0.4627565034739053,0.48426692521360976,0.2559859664351852,0.9191309150537561,0.14778589133784417,0.21000023798757705,0.46065459610027853
Tp_S_NNN_S_N_art00078_art00078_10479,copy-move,>5%,art00078,True,0.3021099965409893,0.46403145255552014,0.4032982169235417,0.5193865740740741,0.8923593078558137,0.2779196511990034,0.39861017709033847,0.5195414627606088
Tp_S_NNN_S_N_art00079_art00079_01012,copy-move,<1%,art00079,True,0.03398510242085661,0.06573615488518686,0.1637782736552495,0.19410083912037038,0.9534789481024624,0.013364949342530718,0.05062937062937063,0.11804052724768838
Tp_S_NNN_S_N_art10111_art10111_11562,copy-move,<1%,art10111,True,0.0,0.0,-0.015194564194847167,0.04126880787037037,0.5653336914794793,0.010613228760051087,0.0,0.0
Tp_S_NNN_S_N_art20034_art20034_01840,copy-move,1-5%,art20034,True,0.09168351140629512,0.1679672001058061,0.270726115194703,0.2164555379614968,0.8674920539586699,0.03891845511098399,0.16317463083155465,0.0
Tp_S_NNN_S_N_art20036_art20036_01842,copy-move,>5%,art20036,True,0.3001791057581965,0.46175039181720695,0.09166555765161728,0.45285996055226824,0.5431544623048413,0.5419187211170392,0.3194660634497587,0.08936533230318541
Tp_S_NNN_S_N_art20054_art20054_01860,copy-move,1-5%,art20054,True,0.23253493013972057,0.37732793522267205,0.4504159893210024,0.1041890440386681,0.9721606346180316,0.050421893284608596,0.11355396127439636,0.5205731563034047
Tp_S_NNN_S_N_art20054_art20054_02331,copy-move,1-5%,art20054,True,0.16098971722365038,0.2773318571823969,0.3899261690028328,0.06554200627619469,0.9940587247001247,0.020882831061648118,0.0,0.49823321554770317
Tp_S_NNN_S_N_art20088_art20088_01894,copy-move,1-5%,art20088,True,0.13130957411842042,0.23213729844148837,0.324925367678831,0.21910493827160493,0.9784530584959104,0.055931957618516645,0.10124260841964192,0.5834195198954875
Tp_S_NNN_S_N_art20088_art20088_02309,copy-move,>5%,art20088,True,0.2205647484975714,0.3614142531464569,0.3536281581943351,0.29949588477366257,0.8626382905721507,0.1512916708272114,0.010485759943959195,0.536774705349048
Tp_S_NNN_S_N_cha00036_cha00036_00356,copy-move,1-5%,cha00036,True,0.0,0.0,-0.015107922175675137,0.011049623842592593,0.051036173107754615,0.03925323121110579,0.0,0.0
Tp_S_NNN_S_N_cha00036_cha00036_11735,copy-move,<1%,cha00036,True,0.08249382246721156,0.152414398595259,0.27429118327698165,0.09514250578703703,0.994188260831944,0.015575094204198815,0.06626460035117185,0.2686474775611266
Tp_S_NNN_S_N_cha00049_cha00049_00369,copy-move,1-5%,cha00049,True,0.0,0.0,-0.034938554256095766,0.07018590856481481,0.8334737472364292,0.031330105383081744,0.061874365298128536,0.0
Tp_S_NNN_S_N_cha00049_cha00049_11001,copy-move,<1%,cha00049,True,0.0,0.0,-0.018949217958512322,0.042661313657407406,0.3055604424272627,0.015859916035738636,0.007241813602015114,0.0
Tp_S_NNN_S_N_cha00092_cha00092_10201,copy-move,<1%,cha00092,True,0.019192502728031323,0.03766217407733972,0.0766171888274784,0.2788990162037037,0.7804579830319782,0.016358157554885924,0.011196131041107688,0.03204246117554551
Tp_S_NNN_S_N_cha10199_cha10199_12360,copy-move,1-5%,cha10199,True,0.09865500345292512,0.17959232542129366,0.28724144342461155,0.10179592249709112,0.9693874600829677,0.021525968284895457,1.9621693744604034e-05,0.5214741729541498
Tp_S_NNN_S_N_cha10211_cha10211_12331,copy-move,<1%,cha10211,True,0.040907817315774725,0.07860026917900403,0.16189755666736066,0.07354690117252931,0.8502456169574588,0.008439944623288242,0.02620772543651721,0.14597342955551912
Tp_S_NNN_S_N_cha20013_cha20013_02012,copy-move,<1%,cha10126,True,0.009986736365764219,0.0197759752800309,0.06597035370621976,0.26277357248642425,0.8159109839700236,0.0069692124789898745,0.018744974073149765,0.022812449079354733
Tp_S_NNN_S_N_cha20014_cha20014_02013,copy-move,<1%,cha10127,True,0.0,0.0,-0.021671993339395536,0.08421481481481481,0.5486842220509407,0.010111581150597704,0.09657266811279827,0.0
Tp_S_NNN_S_N_cha20026_cha20026_02025,copy-move,<1%,cha10168,True,0.0,0.0,-0.026850402916956752,0.16371597901173984,0.6640464510260439,0.007311514130328492,0.022442853844377744,0.0
Tp_S_NNN_S_N_cha20043_cha20043_02042,copy-move,1-5%,cha10156,True,0.0856973543355253,0.1578660093318074,0.23790811577511703,0.35990368077055385,0.9795650136802333,0.05983995515006708,0.10599988177572855,0.4378529686195551
Tp_S_NNN_S_N_cha20043_cha20043_02431,copy-move,<1%,cha10156,True,0.00276967624163327,0.005524052645895671,0.03441826133072541,0.3276780185758514,0.8198488848576035,0.0022403496594805964,0.004110919156126657,0.0
Tp_S_NNN_S_N_ind00025_ind00025_00440,copy-move,1-5%,cha10101,True,0.2784030953218431,0.43554821846196173,0.4985538332904853,0.10170717592592593,0.9780887105103953,0.05777910468730792,0.263996138996139,0.491430454845089
Tp_S_NNN_S_N_ind00026_ind00026_00441,copy-move,>5%,ind00026,True,0.21227115289460663,0.35020408163265304,0.3882276964943108,0.2897677951388889,0.9300225425411065,0.12151580520782022,0.4080428954423593,0.42247129203053013
Tp_S_NNN_S_N_ind00043_ind00043_00452,copy-move,1-5%,ind00043,False,0.0,0.0,-0.02052425822945389,0.03430627893518518,0.5085383708888334,0.023166023166023165,0.05699658703071672,0.0
Tp_S_NNN_S_N_ind00043_ind00043_01333,copy-move,<1%,ind00043,False,0.0,0.0,-0.009015196134817502,0.061921296296296294,0.0699051941989795,0.002456469908243624,0.0,0.0
Tp_S_NNN_S_N_ind00043_ind00043_10891,copy-move,1-5%,ind00043,False,0.0,0.0,-0.010371550428053475,0.009458188657407407,0.4144141569671558,0.022034625840606666,0.04022346368715084,0.0
Tp_S_NNN_S_N_ind00058_ind00058_00906,copy-move,1-5%,ind00058,True,0.025310410697230182,0.04937121564974383,0.04030647332691511,0.1024486400462963,0.7055669649405898,0.027678698815808245,0.06588802843722229,0.0
Tp_S_NNN_S_N_ind00060_ind00060_00907,copy-move,1-5%,ind00060,False,0.0,0.0,-0.026476632959729164,0.03953269675925926,0.7046967538655743,0.03294084166340579,0.0776760916086145,0.0
Tp_S_NNN_S_N_ind00064_ind00064_00910,copy-move,1-5%,ind00064,True,0.0,0.0,-0.013846890912292206,0.009349681712962963,0.5998375109553501,0.03904463003351242,0.0,0.0
Tp_S_NNN_S_N_ind00065_ind00065_01353,copy-move,1-5%,ind00065,False,0.0,0.0,-0.024196449599014368,0.028266059027777776,0.8416414848024633,0.03869686275205278,0.0,0.0
Tp_S_NNN_S_N_ind00074_ind00074_10683,copy-move,1-5%,ind00074,True,0.0,0.0,-0.034540947897323,0.040925202546296294,0.5390019538697004,0.05295774647887324,0.06007135906584496,0.0
Tp_S_NNN_S_N_ind00074_ind00074_10929,copy-move,1-5%,ind00074,True,0.0,0.0,-0.028058181974398785,0.028483072916666668,0.38936558201205274,0.050967537273976946,0.0,0.0
Tp_S_NNN_S_N_ind00094_ind00094_10654,copy-move,>5%,ind00094,True,0.5020798668885191,0.6685128773193021,-0.06649715610246575,0.9951895254629629,0.5065388596279546,0.6726676988442012,0.6622568188185993,0.6264006709471629
Tp_S_NNN_S_N_ind00094_ind00094_10655,copy-move,<1%,ind00094,True,0.026559325859604244,0.051744356493696866,0.1424960525678154,0.24036096643518517,0.9688812719084762,0.012686661036137217,0.030235546038543896,0.09026978647231812
Tp_S_NNN_S_N_ind20012_ind20012_02271,copy-move,<1%,ind20012,True,0.030462986517425593,0.05912485342220576,0.16308530383478184,0.13038142620232174,0.9807425884009493,0.007912189562186672,0.02156249296630579,0.14716781365802012
Tp_S_NNN_S_N_ind20035_ind20035_01776,copy-move,<1%,ind20035,True,0.0,0.0,-0.01748214503227855,0.09491688648829712,0.4571374969740982,0.005794826405704647,0.0,0.0
Tp_S_NNN_S_N_ind20046_ind20046_01787,copy-move,<1%,ind20046,True,0.0011403061843414126,0.0022780147343931757,-0.007314000406524923,0.1509185185185185,0.3584320030965869,0.003814931464312647,0.0,0.0
Tp_S_NNN_S_N_ind20046_ind20046_02294,copy-move,<1%,ind20046,True,0.023326053622043586,0.04558870271988376,0.12353560171581311,0.15866666666666668,0.8943401413589811,0.00889360854848344,0.028258781076458045,0.0
Tp_S_NNN_S_N_ind20050_ind20050_02296,copy-move,<1%,ind20050,True,0.0,0.0,-0.010633527568749156,0.041792947515273966,0.7192385193759815,0.0051581636937250335,0.014928482155256214,0.0
Tp_S_NNN_S_N_ind20053_ind20053_02299,copy-move,1-5%,ind20053,True,0.11540453744949757,0.20692857806259868,0.3196602343206009,0.1276092273117853,0.9854949311231515,0.029025912270873772,0.09688304768670633,0.4276391554702495
Tp_S_NNN_S_N_nat00047_nat00047_00966,copy-move,1-5%,nat00047,True,0.0,0.0,-0.12870812440384918,0.24650969328703703,0.3288308912352367,0.09195838581114887,0.07423321973625722,0.0
Tp_S_NNN_S_N_nat00057_nat00057_00970,copy-move,1-5%,nat00057,False,0.0,0.0,-0.04652807749276412,0.11277488425925926,0.1886989449099233,0.03294084166340579,0.0,0.0
Tp_S_NNN_S_N_nat00064_nat00064_00672,copy-move,1-5%,nat00064,True,0.31361307636008784,0.4774816603212926,0.5128451735638528,0.14494719328703703,0.9581558599033967,0.09488372093023256,0.0,0.5391115403186866
Tp_S_NNN_S_N_nat00067_nat00067_10611,copy-move,<1%,nat00067,True,0.09975767366720517,0.18141755416819685,0.27945802479386417,0.04374638310185185,0.9643233711460151,0.010935251798561151,0.0638930163447251,0.0
Tp_S_NNN_S_N_nat00087_nat00087_00009,copy-move,>5%,nat00087,True,0.3704321345707657,0.540606317126078,0.552615978424308,0.24915002893518517,0.9477859505189916,0.16961271102284012,0.41586194563662376,0.5959008447583437
Tp_S_NNN_S_N_nat10107_nat10107_11348,copy-move,<1%,nat10107,True,0.0,0.0,-0.01019860500300157,0.019151475694444444,0.681603887919333,0.010541653924337549,0.026207513416815743,0.0
Tp_S_NNN_S_N_nat10154_nat10154_12073,copy-move,1-5%,nat10154,True,0.2992951489664159,0.46070386579139316,0.5198942054400649,0.07500090422453703,0.9766417212400276,0.04720766694183136,0.3006893176163478,0.5048693969687198
Tp_S_NNN_S_N_nat20012_nat20012_02212,copy-move,<1%,nat20012,True,0.0,0.0,-0.011466122781530731,0.014348757497857755,0.24277326826808193,0.017741805349719097,0.06526312459467581,0.0
Tp_S_NNN_S_N_nat20039_nat20039_01543,copy-move,>5%,nat20039,True,0.28998652242013623,0.44959620489072116,0.39750634497151216,0.2524781757363139,0.8443807157445904,0.19605750922152823,0.24861777194000673,0.47105202133415786
Tp_S_NNN_S_N_nat20043_nat20043_02242,copy-move,1-5%,nat20043,True,0.14439853076216713,0.2523570712136409,0.34010089777613256,0.17812037189402666,0.9743718289144189,0.05249717084113647,0.13371629168661242,0.5677281368821293
Tp_S_NNN_S_N_nat20054_nat20054_01558,copy-move,<1%,nat20054,True,0.046098662651669474,0.08813444524404182,0.19216740926422887,0.20655653732872326,0.9863851039926967,0.018864334447796897,0.04352916579552582,0.399834265589393
Tp_S_NNN_S_N_nat20054_nat20054_02249,copy-move,1-5%,nat20054,True,0.06573426573426573,0.12335958005249344,0.22223246257969342,0.26160291239046524,0.987122570996191,0.03381112529899466,0.05464004417705699,0.44223363286264444
Tp_S_NNN_S_N_nat20077_nat20077_01581,copy-move,1-5%,nat20077,True,0.0,0.0,-0.02391656348182339,0.021200260926288322,0.5846328903621869,0.0501680216802168,0.0,0.0
Tp_S_NNN_S_N_pla00016_pla00016_00555,copy-move,>5%,pla00016,True,0.31866781369054936,0.4833178005591799,0.49815175112502086,0.2943070023148148,0.9472854420804386,0.17148903806091068,0.30427077795498847,0.5897021473100901
Tp_S_NNN_S_N_pla00016_pla00016_01136,copy-move,1-5%,pla00016,True,0.31875607385811466,0.4834193072955048,0.5338747675292865,0.09138093171296297,0.9732333026854263,0.06074209160412429,0.12173849311052477,0.5002156101768004
Tp_S_NNN_S_N_pla00017_pla00017_10959,copy-move,>5%,pla00017,True,0.34411452810180276,0.5120315581854044,0.5411470681160917,0.20426432291666666,0.9527327425727528,0.1322389420884633,0.1802615933412604,0.6016131860424339
Tp_S_NNN_S_N_pla00022_pla00022_20085,copy-move,>5%,pla00022,True,0.6602739726027397,0.7953795379537953,0.7583974238881361,0.20963541666666666,0.9747453045539579,0.2802761709274118,0.6540709640240389,0.589516129032258
Tp_S_NNN_S_N_pla00027_pla00027_00564,copy-move,>5%,pla00027,True,0.27082610204790003,0.42622055308979173,0.44064816710717924,0.19981553819444445,0.9323671948938616,0.12212185016640631,0.5269523151347616,0.49889115585913246
Tp_S_NNN_S_N_pla00042_pla00042_00577,copy-move,>5%,pla00042,True,0.27985618501603343,0.4373244248728267,0.48992163300824676,0.18605324074074073,0.9665690501628003,0.09910792554014335,0.24440723088153204,0.5523829519210581
Tp_S_NNN_S_N_pla00042_pla00042_01153,copy-move,1-5%,pla00042,True,0.09966660817687313,0.18126695388543163,0.16224295944555572,0.08241102430555555,0.900129048960437,0.05999368487527629,0.12945776605266876,0.0
Tp_S_NNN_S_N_pla00058_pla00058_01167,copy-move,>5%,pla00058,True,0.4534498099166869,0.6239634926818409,0.377130234888418,0.6291775173611112,0.7264511634755655,0.5137880986937591,0.2977399579101473,0.5937862468931234
Tp_S_NNN_S_N_pla00067_pla00067_00598,copy-move,>5%,pla00067,True,0.19698755730189915,0.32913885545464494,0.2868035243459228,0.10545066550925926,0.8081323369920572,0.11289331786226196,0.18600989653621233,0.3464991023339318
Tp_S_NNN_S_N_pla00067_pla00067_01174,copy-move,1-5%,pla00067,True,0.24320573609344281,0.39125581395348835,0.43552997308590313,0.1518012152777778,0.9173078974857765,0.08173176992992437,0.11856719195208466,0.5029239766081871
Tp_S_NNN_S_N_pla00079_pla00079_00604,copy-move,>5%,pla00079,True,0.36573279969506384,0.5355847055540051,0.5203348414926694,0.1758355034722222,0.9303056314941077,0.15387697187213087,0.07300938176569642,0.5286677130458868
Tp_S_NNN_S_N_pla00080_pla00080_00605,copy-move,>5%,pla00080,True,0.42482853223593964,0.5963223259844036,0.5766654389369997,0.11606626157407407,0.9247585173213508,0.13394077448747152,0.180119132193016,0.6492789968652037
Tp_S_NNN_S_N_pla00080_pla00080_10457,copy-move,1-5%,pla00080,True,0.0,0.0,-0.015940709065780684,0.004991319444444444,0.3999969145448925,0.09199130464787274,0.031166334866479028,0.0
Tp_S_NNN_S_N_pla00091_pla00091_00613,copy-move,1-5%,pla00091,True,0.0,0.0,-0.013659348636223553,0.004521122685185185,0.7282508561839036,0.07592470162496956,0.12546217960769568,0.0
Tp_S_NNN_S_N_pla00092_pla00092_00934,copy-move,1-5%,pla00092,True,0.16244965403284106,0.2794953802416489,0.323716438507346,0.16784215856481483,0.9227600183263344,0.06897033402594681,0.0594647594878302,0.535970441208433
Tp_S_NNN_S_N_pla00096_pla00096_00932,copy-move,1-5%,pla00096,True,0.06380850303679886,0.11996238581407845,0.217975410241898,0.25289351851851855,0.9326206889957642,0.03217081850533808,0.0,0.43524475524475525
Tp_S_NNN_S_N_pla00097_pla00097_00618,copy-move,>5%,pla00097,True,0.31936479929422146,0.4841190237378803,0.5301881263005456,0.16386357060185186,0.9706085806755858,0.09976116428117321,0.27438078092991497,0.6001289213579717
Tp_S_NNN_S_N_pla20064_pla20064_02369,copy-move,1-5%,pla20064,True,0.05768406475650368,0.10907617251430085,0.1974551305229506,0.3372511953741799,0.9858220420120406,0.03816556591168146,0.05659751708520361,0.551221059308595
Tp_S_NNN_S_N_pla20072_pla20072_01972,copy-move,1-5%,pla20072,True,0.2053632625085675,0.34074916483047835,0.4058029532751931,0.09484321493319009,0.9531233327349145,0.04542583645714567,0.18931162756436226,0.5081894643647632
Tp_S_NNN_S_N_pla20095_pla20095_02347,copy-move,>5%,pla20095,True,0.3614849187935035,0.5310156782549421,0.5072920232188635,0.28418640183346067,0.9051706825864461,0.20798904806140908,0.5691642383860132,0.5695781473730587
Tp_S_NNN_S_N_sec00001_sec00001_00768,copy-move,1-5%,sec00001,True,0.0606471285786888,0.11435872863759783,0.07689710651709147,0.0790111400462963,0.7613603701496723,0.06616772749527873,0.09830707889404536,0.0
Tp_S_NNN_S_N_sec00002_sec00002_10786,copy-move,1-5%,sec00002,True,0.0005842259006815969,0.0011677695601401323,-0.0444349089499458,0.06248191550925926,0.6624024917515241,0.05907439583004265,0.1305737181062878,0.0
Tp_S_NNN_S_N_sec00008_sec00008_00028,copy-move,1-5%,sec00008,True,0.11251212415130941,0.2022667829119442,0.19824633866054486,0.014033564814814815,0.4522124059295155,0.053437533002428976,0.04223983956381412,0.0
Tp_S_NNN_S_N_sec00008_sec00008_10799,copy-move,<1%,sec00008,True,0.043619791666666664,0.08359326263256395,0.1055565266633561,0.05014829282407408,0.8905096301727236,0.015539485725564788,0.025024562214644858,0.0
Tp_S_NNN_S_N_sec00008_sec00008_10801,copy-move,1-5%,sec00008,True,0.12514134941575575,0.22244556113902847,0.25527339960085144,0.04235387731481482,0.9015646178664218,0.022989327660487318,0.034685510842593595,0.0
Tp_S_NNN_S_N_sec00008_sec00008_10802,copy-move,1-5%,sec00008,True,0.14753855278766312,0.25713916526683034,0.35736404674508193,0.12141927083333333,0.9795280319406297,0.03639850144706237,0.057206729529104924,0.5587795393359258
Tp_S_NNN_S_N_sec00010_sec00010_10856,copy-move,1-5%,sec00010,True,0.24180092059838895,0.38943588555542685,0.46693573319186876,0.12572337962962962,0.9821031003042984,0.05900626568615406,0.03379076287442821,0.5663161778269692
Tp_S_NNN_S_N_sec00024_sec00024_00747,copy-move,<1%,sec00024,False,0.0,0.0,-0.02417424508315293,0.14624927662037038,0.6416577783107286,0.006776728426212963,0.012842407268256029,0.0
Tp_S_NNN_S_N_sec00045_sec00045_00795,copy-move,1-5%,sec00045,True,0.06917569659442724,0.12940005429372908,0.2187381810644198,0.18518518518518517,0.9334988027397568,0.028909048781791933,0.0,0.2002840909090909
Tp_S_NNN_S_N_sec00055_sec00055_00789,copy-move,<1%,sec00055,True,0.0,0.0,-0.014533471097047551,0.044270833333333336,0.2758407771270546,0.009037391758330782,0.005546492659053833,0.0
Tp_S_NNN_S_N_sec00056_sec00056_00732,copy-move,1-5%,sec00056,True,0.0,0.0,-0.01931468303638402,0.029007523148148147,0.35490365594549045,0.024366715495373184,0.06203234371228578,0.0
Tp_S_NNN_S_N_sec00076_sec00076_00774,copy-move,1-5%,sec00076,False,0.0,0.0,-0.005477306107880162,0.0021339699074074073,0.11071014386376982,0.02729170011237759,0.0,0.0
Tp_S_NNN_S_N_sec00082_sec00082_10363,copy-move,1-5%,arc00082,True,0.0,0.0,-0.019334176703594566,0.021592881944444444,0.24976231912477226,0.032765889321735416,0.0,0.0
Tp_S_NNN_S_N_sec00085_sec00085_00759,copy-move,1-5%,ani00085,True,0.0,0.0,-0.010872456504574706,0.004810474537037037,0.7240578323102268,0.04662992793556592,0.0,0.0
Tp_S_NNN_S_N_sec00092_sec00092_00758,copy-move,1-5%,sec00092,False,0.0,0.0,-0.026160947624805485,0.03544560185185185,0.7664351223839398,0.03591027758538015,0.033446437227338824,0.0
Tp_S_NNN_S_N_sec20008_sec20008_01443,copy-move,<1%,sec20008,True,0.05101163971564721,0.09707150289876616,0.17930021804953888,0.05482456140350877,0.9485627176305143,0.008333551717812311,0.0,0.09764770240700218
Tp_S_NNN_S_N_sec20026_sec20026_01616,copy-move,<1%,sec20026,True,0.0,0.0,-0.017308540390929186,0.029228626438900496,0.5652872060899579,0.019511997241547167,0.013255267928790086,0.0
Tp_S_NNN_S_N_sec20026_sec20026_02452,copy-move,1-5%,sec20026,True,0.0,0.0,-0.03013372955316762,0.04988529761173242,0.387016206626977,0.03343269153307017,0.06395143227631735,0.0
Tp_S_NNN_S_N_sec20035_sec20035_01625,copy-move,<1%,sec20035,True,0.05723137127017773,0.10826650215916102,0.22431272356759227,0.12723010538544519,0.9974314730729708,0.014457831325301205,0.0,0.4267477203647416
Tp_S_NNN_S_N_sec20035_sec20035_02451,copy-move,1-5%,sec20035,True,0.14666767991488716,0.2558154947312612,0.338703599344693,0.13426271678698865,0.9524575316848245,0.04352987732489118,0.0739169377268656,0.46618433469644543
Tp_S_NNN_S_N_sec20038_sec20038_01628,copy-move,<1%,sec20038,True,0.03278073193619018,0.06348052577382034,0.16608508028549934,0.16301909113159826,0.9513415462305901,0.010630959626699127,0.04581850533807829,0.08606454841130848
Tp_S_NNN_S_N_sec20038_sec20038_02449,copy-move,1-5%,sec20038,True,0.059849931181458954,0.11294038791839471,0.17832705863161133,0.22591172391286612,0.8832567602538403,0.03445752944124279,0.12877483961821312,0.10928481806775407
Tp_S_NNN_S_N_sec20045_sec20045_01635,copy-move,<1%,sec20045,True,0.0,0.0,-0.0026662675652995866,0.03058047601491131,0.754875560995512,0.0004505150205803453,0.0,0.0
Tp_S_NNN_S_N_sec20061_sec20061_01651,copy-move,1-5%,sec20061,True,0.17205882352941176,0.2936010037641154,0.3763850570786142,0.06722996303367591,0.9683553213126506,0.02704922959786812,0.0,0.3438235923785057
Tp_S_NNN_S_N_sec20071_sec20071_01661,copy-move,<1%,sec20071,True,0.00034532374100719427,0.0006904090673724182,-0.014017475934773867,0.12589403973509933,0.7653883126507985,0.003994947566313192,0.0,0.0
Tp_S_NNN_S_N_sec20098_sec20098_01688,copy-move,<1%,sec20098,True,0.0,0.0,-0.018311959680762678,0.09685248388320061,0.08949173616376042,0.00621498400889151,0.0023836323909157122,0.0
Tp_S_NNN_S_N_sec20098_sec20098_02140,copy-move,>5%,sec20098,True,0.21201165551478524,0.34985085258893195,0.3578085938076461,0.2705043610163064,0.8621027736462433,0.13119215341658044,0.23871638788002797,0.5558108215162798
Tp_S_NNN_S_N_txt00006_txt00006_10837,copy-move,>5%,txt00006,True,0.15916032653967901,0.27461313658793657,0.2762814535395811,0.3125904224537037,0.8201948260841532,0.1218667210108009,0.21394773240154327,0.4377224199288256
Tp_S_NNN_S_N_txt00014_txt00014_20068,copy-move,>5%,txt00014,True,0.3109437442360898,0.47438152186657284,0.42904594191448425,0.33662471064814814,0.877133730131602,0.2239637700942684,0.2692256341789052,0.605632960593195
Tp_S_NNN_S_N_txt00085_txt00085_00689,copy-move,>5%,txt00085,True,0.2978194338179036,0.4589535740604274,0.5058816874664483,0.18909143518518517,0.9651958983083877,0.1066255778120185,0.4366966580976864,0.5508297814455427
Tp_S_NNN_S_N_txt00093_txt00093_00690,copy-move,>5%,txt00093,True,0.3574427086917624,0.5266413181242079,0.519423219909637,0.25620298032407407,0.9248361709538594,0.18266671048739605,0.35178365937859607,0.5613420130195292
Tp_S_NNN_S_O_ani00011_ani00011_00835,copy-move,>5%,ani00011,False,0.0,0.0,-0.02141607784950564,0.006510416666666667,0.3962205700123916,0.1227912345322764,0.0,0.0
Tp_S_NNN_S_O_ani00067_ani00067_00828,copy-move,1-5%,ani00067,True,0.0669483262918427,0.12549497410904661,0.10058695532836381,0.03416160300925926,0.7263202045319586,0.04917974951490563,0.24769316286826015,0.0
Tp_S_NNN_S_O_ani00077_ani00077_00823,copy-move,1-5%,ani00077,True,0.0,0.0,-0.03475521858651484,0.10157866666666666,0.42995997916238904,0.020920192947087322,0.020740998232959648,0.0
Tp_S_NNN_S_O_arc00045_arc00045_00265,copy-move,1-5%,arc00045,True,0.0,0.0,-0.14215230329440542,0.34080222800925924,0.47486809239881356,0.07250418293363078,0.005117333138387309,0.0
Tp_S_NNN_S_O_sec00043_sec00043_00796,copy-move,>5%,cha30686,False,0.0,0.0,-0.07195157924674506,0.08208550347222222,0.39989677812973323,0.10376873221082954,0.05331160516819928,0.0
Tp_S_NRD_S_B_ani00059_ani00059_00179,copy-move,>5%,ani00059,True,0.23693237978952264,0.38309673780201187,0.27576829601605807,0.25388816550925924,0.836648952280299,0.23140522300938735,0.16675263205801147,0.4902785838653511
Tp_S_NRD_S_B_ani00061_ani00061_00181,copy-move,>5%,ani00061,True,0.27999314687111837,0.4374916343193682,0.39488330214155254,0.41142216435185186,0.892234738136096,0.22854396924555503,0.32765460910151695,0.4782451051486584
Tp_S_NRD_S_B_ani00063_ani00063_00183,copy-move,>5%,ani00063,True,0.34696228044917937,0.5151774262505344,0.526152046388209,0.2490234375,0.9439067319454327,0.16408247285766459,0.25767833553500663,0.5833040791967984
Tp_S_NRD_S_B_arc20089_arc20089_02413,copy-move,<1%,arc20089,True,0.07485304922850845,0.13928052636076219,0.23381628728706916,0.09835915131047647,0.9336956208347631,0.017916746246123345,0.037740953669259385,0.22327101107279
Tp_S_NRD_S_B_ind00038_ind00038_01329,copy-move,1-5%,cha30529,True,0.02631578947368421,0.05128205128205128,0.03218192507922563,0.06315104166666667,0.7362843431762697,0.03255590542776325,0.07576642335766423,0.0
Tp_S_NRD_S_B_ind20035_ind20035_02288,copy-move,<1%,ind20035,True,0.0,0.0,-0.023016181370991463,0.1062973663275133,0.2983554327892763,0.008829083451096132,0.0,0.0
Tp_S_NRD_S_B_ind20058_ind20058_02301,copy-move,1-5%,ind20058,True,0.023205844434894714,0.04535909281814364,0.0061079185722361425,0.09532824427480915,0.7424022011655803,0.050382482215321114,0.12714651077822434,0.0
Tp_S_NRD_S_B_sec00001_sec00001_00021,copy-move,>5%,sec00001,True,0.14346358428805236,0.2509281209464597,0.24451745787365115,0.3390299479166667,0.7523051355368847,0.12256815944046447,0.20241818474931486,0.12560054907343857
Tp_S_NRD_S_B_sec00001_sec00001_01431,copy-move,1-5%,sec00001,True,0.09387011936071211,0.17162936933604586,0.1481368926606646,0.06772641782407407,0.8507677635023332,0.05835879068787528,0.12413638570414909,0.0
Tp_S_NRD_S_N_ani00064_ani00064_00184,copy-move,>5%,ani00064,True,0.20239926176561057,0.336658992069583,0.3111165072343832,0.15189163773148148,0.8335409207571692,0.11353711790393013,0.27695650120436405,0.3727486296006265
Tp_S_NRD_S_N_ani00078_ani00078_00822,copy-move,>5%,ani00078,True,0.40741581192702186,0.5789558543742543,0.5311348733009634,0.39433232060185186,0.8657643971748941,0.2854485132243961,0.5211148362626571,0.5364546465770047
Tp_S_NRD_S_N_arc00057_arc00057_00277,copy-move,1-5%,arc00057,True,0.0,0.0,-0.05224572679333285,0.11040581597222222,0.8388564159810806,0.04213433417129908,0.0,0.0
Tp_S_NRD_S_N_arc20101_arc20101_01741,copy-move,1-5%,arc20101,True,0.04747385944894409,0.09064447579421062,0.19314383557965384,0.22250940631971497,0.9801328881873085,0.020905923344947737,0.03887805206161297,0.21620674551029348
Tp_S_NRD_S_N_art20045_art20045_01851,copy-move,<1%,art20045,True,0.06319943456237484,0.11888538031134009,0.23456739242004457,0.13376674546887313,0.9895908409643672,0.016815652934925297,0.06350886477904208,0.27032106499608455
Tp_S_NRN_M_B_arc00082_arc00082_11521,copy-move,>5%,arc00082,True,0.2581600204685844,0.4103770844227529,0.36106240060802824,0.48705150462962965,0.8485675880988174,0.2385882203038894,0.20950304351776142,0.4932242898344593
Tp_S_NRN_M_B_pla00041_pla00041_10977,copy-move,1-5%,pla00041,True,0.27534537725823593,0.43179735022081495,0.4891277804045161,0.17008463541666666,0.9621307036708346,0.08968423961860016,0.3456719817767654,0.51766678644149
Tp_S_NRN_M_N_ani10165_ani10165_12491,copy-move,>5%,ani10165,True,0.43461453010442125,0.6058972929443103,0.5881304376870036,0.2991455273698264,0.9221942933396624,0.23307383816937957,0.4666414129456887,0.6723079621185549
Tp_S_NRN_M_N_arc00055_arc00055_10392,copy-move,>5%,arc00055,True,0.4770339983839891,0.6459350277731022,0.5178288314809437,0.5783058449074074,0.8071443999008406,0.4389803235186178,0.5220640504529465,0.6395904123427312
Tp_S_NRN_M_N_arc00082_arc00082_11520,copy-move,1-5%,arc00082,True,0.0,0.0,-0.11794076798592432,0.36060474537037035,0.04208440574358507,0.04700937715224186,0.08269817073170732,0.0
Tp_S_NRN_M_N_art00015_art00015_10272,copy-move,>5%,art00015,True,0.21825302067911553,0.358304911991846,0.36197699524684496,0.3729383680555556,0.887955840110089,0.16240466576940332,0.2721805750061784,0.40090843891943584
Tp_S_NRN_M_N_art00036_art00036_10474,copy-move,>5%,art00036,True,0.39814546508258475,0.5695336787564766,0.4070709476489212,0.4510091145833333,0.7694065400380365,0.39621793291471497,0.3307297239460732,0.5725635435022849
Tp_S_NRN_M_N_art00045_art00045_10748,copy-move,>5%,art00045,True,0.06869172494172494,0.1285529275441347,0.0008411290585867556,0.15794994212962962,0.6723250388114013,0.1939150458086326,0.18748964831888698,0.10222911733485751
Tp_S_NRN_M_N_art00083_art00083_10519,copy-move,>5%,art00083,True,0.3291759465478842,0.4953083109919571,0.4663031885865626,0.14001012731481483,0.8441072267328725,0.1409984871406959,0.22400458321397881,0.5253858435337946
Tp_S_NRN_M_N_txt00085_txt00085_11310,copy-move,>5%,txt00085,True,0.4298507462686567,0.6012526096033403,0.5997715007494899,0.16939742476851852,0.9446568883955333,0.15125376128385157,0.33235313337254135,0.5883442816237157
Tp_S_NRN_S_B_ani10001_ani10001_20004,copy-move,1-5%,ani10001,True,0.19941978532056862,0.3325270897832817,0.30685845690197994,0.04908374792703151,0.7281075907017365,0.07065467358308704,0.10116684099887277,0.30144999688841867
Tp_S_NRN_S_B_arc10107_arc10107_11166,copy-move,<1%,arc10107,True,0.01115524380968478,0.022064354366903467,0.021813366569909114,0.5446296296296296,0.4869173685826297,0.018439521122884273,0.0,0.0015597147950089127
Tp_S_NRN_S_B_art00098_art00098_00538,copy-move,1-5%,art00098,True,0.11279143037177064,0.20271800679501698,0.2566080509420303,0.2821361400462963,0.908593863412378,0.07179844826083166,0.31501922361403945,0.2844569288389513
Tp_S_NRN_S_B_art10008_art10008_20049,copy-move,>5%,art10008,True,0.46448125789695355,0.6343287159085462,0.6423672203227224,0.1771278590176228,0.9678187579313957,0.15434654732932723,0.48117466923167523,0.5135242325692075
Tp_S_NRN_S_B_cha10211_cha10211_12330,copy-move,1-5%,cha10211,True,0.03385880740233036,0.06549986740917528,0.06573042030491041,0.08174623115577889,0.6197112403659979,0.02567123457555652,0.0,0.13348444780254376
Tp_S_NRN_S_B_ind00025_cha10101_10050,copy-move,1-5%,cha10101,True,0.048635038430956797,0.09275875142171111,0.1794192043460711,0.34935185185185186,0.9747290553559814,0.03341375699913507,0.04846138442026567,0.2864949258391881
Tp_S_NRN_S_B_ind20029_ind20029_02284,copy-move,1-5%,ind20029,True,0.1520665776480452,0.263989218328841,0.322851825521691,0.11412592592592592,0.9110507419605363,0.045503572385137143,0.18594907106664935,0.5121951219512195
Tp_S_NRN_S_B_nat20091_nat20091_01595,copy-move,1-5%,nat20091,True,0.13939197930142302,0.24467783139369856,0.3444335729490004,0.14068493150684933,0.9832700935345374,0.03956673529675051,0.092226465962705,0.5009086050240513
Tp_S_NRN_S_B_pla20095_pla20095_01995,copy-move,1-5%,pla20095,True,0.12741849278460715,0.22603583957523465,0.20498184655468166,0.027508730765033285,0.6946908746603242,0.0850824832486514,0.2095830937890292,0.0
Tp_S_NRN_S_B_sec20077_sec20077_01667,copy-move,>5%,sec20077,True,0.35300796812749,0.5218121052399111,0.4813508727215857,0.3601103752759382,0.8582924831651099,0.24511563641998424,0.3750626039225114,0.5720100952536026
Tp_S_NRN_S_N_ani00097_ani00097_00217,copy-move,1-5%,ani00097,True,0.08958186591534865,0.16443347437705688,0.2568077436970319,0.28242549189814814,0.9794338957885068,0.04935179469088985,0.1897343163165948,0.3201009637448371
Tp_S_NRN_S_N_ani10133_ani10133_12478,copy-move,>5%,ani10133,True,0.3398114382282309,0.5072526305307531,0.5285221978364043,0.2184659090909091,0.9542138113310777,0.14241260713700798,0.3154183700258786,0.6028773303822252
Tp_S_NRN_S_N_ani10144_ani10144_12471,copy-move,1-5%,ani10144,True,0.08618199325950891,0.15868794326241134,0.2771035729902364,0.11808804418453542,0.991797248169508,0.02014906772370209,0.07257760644618996,0.2985110184633711
Tp_S_NRN_S_N_ani10150_ani10150_12482,copy-move,1-5%,ani10150,False,0.0,0.0,-0.022277701132229627,0.04626187525815779,0.7829758350399347,0.020052994864077987,0.08798671898581346,0.0
Tp_S_NRN_S_N_arc00036_arc00036_00256,copy-move,<1%,arc00036,True,0.002177463255307567,0.0043454644215100485,-0.019925375832040404,0.09197771990740741,0.6840099780375432,0.015681911973157735,0.0395475113122172,0.0
Tp_S_NRN_S_N_arc00036_arc00036_01088,copy-move,<1%,arc00036,True,0.0,0.0,-0.014989001523526963,0.09507016782407407,0.6328904858551133,0.004258851553758978,0.01014465526958482,0.0
Tp_S_NRN_S_N_arc00082_arc00082_00785,copy-move,1-5%,arc00082,True,0.0,0.0,-0.014585839904810544,0.012984664351851851,0.4976262181088096,0.031330105383081744,0.15221166615588927,0.0
Tp_S_NRN_S_N_arc20035_arc20035_02474,copy-move,<1%,arc20035,True,0.07098388316751032,0.13255826587711197,0.200593232143259,0.07081185567010309,0.7202919219520237,0.01637682023840969,0.025758816426796942,0.2408651109846329
Tp_S_NRN_S_N_arc20038_arc20038_01491,copy-move,<1%,arc20038,True,0.011527628560643457,0.022792513491790102,0.07163740805041291,0.14695876288659793,0.8390886446676872,0.005346493933785729,0.0,0.10792349726775956
Tp_S_NRN_S_N_arc20057_arc20057_01697,copy-move,1-5%,arc20057,True,0.19168205922659834,0.3217,0.404387924339595,0.1755837797120857,0.9783437136850331,0.0651207983724861,0.17472659460142867,0.3924466338259442
Tp_S_NRN_S_N_arc20065_arc20065_01705,copy-move,1-5%,arc20065,True,0.03532461920708653,0.06823873121869783,0.08164883115134794,0.12778513612950698,0.638962284707611,0.02617245936878186,0.0999314196139904,0.08951986591738144
Tp_S_NRN_S_N_arc20070_arc20070_01710,copy-move,<1%,arc20070,True,0.0,0.0,-0.01995410041783017,0.07530864197530865,0.4254435131967155,0.009683233779775136,0.021417903333439257,0.0
Tp_S_NRN_S_N_art00040_art00040_01414,copy-move,1-5%,art00040,True,0.2291111111111111,0.3728078105225095,0.4631033571811103,0.08138020833333333,0.9914688974056604,0.03660766595060983,0.07357300296420156,0.5586556753329106
Tp_S_NRN_S_N_art00046_art00046_11924,copy-move,1-5%,art00046,True,0.0,0.0,-0.01968831934669732,0.008445457175925927,0.3545716386766635,0.08342720482470582,0.1417583487489047,0.0
Tp_S_NRN_S_N_art00082_art00082_10285,copy-move,1-5%,art00082,False,0.0,0.0,-0.04182341167218818,0.05758101851851852,0.2282574557669431,0.05415676959619953,0.004641178859430295,0.0
Tp_S_NRN_S_N_art00092_art00092_11809,copy-move,<1%,art00092,True,0.0,0.0,-0.004381016572973143,0.002224392361111111,0.8682724342606155,0.016927270119064697,0.02793477939218181,0.0
Tp_S_NRN_S_N_art20015_art20015_01821,copy-move,1-5%,art20015,True,0.05711306054843261,0.1080547818012999,0.09341184404439389,0.1411452437643936,0.5973680434070336,0.05260157348637452,0.0,0.08655882103836707
Tp_S_NRN_S_N_art20025_art20025_01831,copy-move,1-5%,art20025,True,0.1766760146039473,0.30029678927961145,0.40204460803869546,0.0773422090729783,0.9853453634418887,0.027685026096540992,0.12706678817862258,0.48496076721883175
Tp_S_NRN_S_N_art20034_art20034_02335,copy-move,1-5%,art20034,True,0.041944276196244704,0.0805115535532626,0.09422412501632284,0.19663096924743728,0.6538792587910679,0.036170212765957444,0.0,0.11981308411214953
Tp_S_NRN_S_N_art20046_art20046_01852,copy-move,1-5%,art20046,True,0.08141829737414283,0.15057688143771847,0.2518164675530886,0.23613744075829385,0.9875255448542886,0.03772649069237565,0.10319024907260202,0.4613086345981476
Tp_S_NRN_S_N_art20050_art20050_01856,copy-move,<1%,art20050,True,0.10680529300567108,0.19299743808710504,0.31413911072592227,0.08437001594896332,0.9959075128727012,0.017861376748597172,0.09252098462699236,0.3608346709470305
Tp_S_NRN_S_N_art20087_art20087_01893,copy-move,1-5%,art20087,True,0.0,0.0,-0.04631078030465359,0.1390329218106996,0.3892435760676458,0.025874850214269756,0.0,0.0
Tp_S_NRN_S_N_art20087_art20087_02310,copy-move,<1%,art20087,True,0.013040643338404694,0.025745548165629694,0.03472935696188288,0.13736625514403292,0.7159897828863345,0.01289979658799358,0.02153540077834593,0.0
Tp_S_NRN_S_N_cha00036_cha00036_11736,copy-move,1-5%,cha00036,True,0.16760946993505133,0.28709851067647585,0.3941953785939853,0.08631727430555555,0.9896324910635788,0.02852253280091272,0.10323383084577115,0.5167194649771207
Tp_S_NRN_S_N_cha00049_cha00049_11000,copy-move,<1%,cha00049,True,0.0,0.0,-0.01853834485700792,0.07571976273148148,0.8957156722281279,0.008320276622183802,0.01800327332242226,0.0
Tp_S_NRN_S_N_cha00049_cha00049_11002,copy-move,1-5%,cha00049,True,0.1810012836970475,0.3065217391304348,0.390887352827964,0.0829173900462963,0.9609521946892571,0.033255677473279864,0.07206721134576846,0.0
Tp_S_NRN_S_N_cha00049_cha00049_11003,copy-move,1-5%,cha00049,True,0.0,0.0,-0.03126677777876782,0.06783492476851852,0.6019427720791157,0.026165021685198735,0.02485560645289783,0.0
Tp_S_NRN_S_N_cha00059_cha00059_11029,copy-move,1-5%,cha00059,True,0.08293282664580306,0.15316338115388586,0.24949826991620994,0.16044560185185186,0.917283620662531,0.029119811808315365,0.09637843576737053,0.0
Tp_S_NRN_S_N_cha10126_cha10126_12152,copy-move,1-5%,cha10126,True,0.03181940882710217,0.06167631381013113,0.07881432725404304,0.29753579068619385,0.6488600618917126,0.03335322256045145,0.0676921036928993,0.05435767349157456
Tp_S_NRN_S_N_cha10147_cha10147_12226,copy-move,<1%,cha10147,True,0.0,0.0,-0.023598753399641608,0.06323071601521965,0.4587290324116223,0.0162332251771833,0.0049369822695877145,0.0
Tp_S_NRN_S_N_cha10152_cha10152_12217,copy-move,1-5%,cha10152,True,0.08641660287488305,0.15908557112659516,0.2772415695857818,0.11975919814203642,0.99498178797564,0.020486349155139735,0.07641129835464723,0.3748385906659288
Tp_S_NRN_S_N_cha10191_cha10191_12328,copy-move,<1%,cha10191,True,0.0,0.0,-0.01729974803684359,0.06436285936285936,0.6906520554344442,0.008626191903758003,0.016877637130801686,0.0
Tp_S_NRN_S_N_cha20021_cha20021_02020,copy-move,<1%,cha10211,True,0.0,0.0,-0.011989523005048698,0.03930904522613066,0.12867243340794704,0.006977248827388206,0.0,0.0
Tp_S_NRN_S_N_ind00038_ind00038_10912,copy-move,1-5%,cha30529,True,0.09841457244054647,0.17919385796545106,0.27985373430732846,0.21431929976851852,0.9627708639218803,0.041579599787497784,0.1223809027415824,0.2525268730948179
Tp_S_NRN_S_N_ind00038_ind00038_10913,copy-move,1-5%,cha30529,True,0.20731091588407552,0.3434258949481432,0.4204111920471099,0.17909071180555555,0.9728443006370888,0.07159671485117439,0.19528619528619529,0.505789603350579
Tp_S_NRN_S_N_ind00043_ind00043_10890,copy-move,<1%,ind00043,False,0.0,0.0,-0.007777558663701917,0.04210069444444445,0.20366862966297872,0.002745069710322907,0.0,0.0
Tp_S_NRN_S_N_ind00058_ind00058_10426,copy-move,1-5%,ind00058,True,0.05045651129264776,0.09606587374199452,0.09140381467322703,0.09917534722222222,0.796898414572164,0.03810537519957424,0.10012529280383504,0.0
Tp_S_NRN_S_N_ind00060_ind00060_10701,copy-move,1-5%,ind00060,False,0.0,0.0,-0.023266894063309916,0.031647858796296294,0.3923464331614562,0.0320657686353364,0.03306320907617504,0.0
Tp_S_NRN_S_N_ind00065_ind00065_10687,copy-move,1-5%,ind00065,False,0.0,0.0,-0.02587837593368513,0.03615089699074074,0.5185648494652213,0.03447908150570504,0.0876786929884275,0.0
Tp_S_NRN_S_N_ind00067_ind00067_10689,copy-move,1-5%,ind00067,False,0.0,0.0,-0.034282503617452734,0.044343171296296294,0.7135498973500793,0.04821573541350464,0.04349456317960255,0.0
Tp_S_NRN_S_N_ind10103_ind10104_11552,splicing,<1%,ind10103,True,0.0,0.0,-0.019445262483033007,0.04295066550925926,0.7810113020955969,0.01657161304207468,0.027805014707942288,0.0
Tp_S_NRN_S_N_ind20007_ind20007_02267,copy-move,<1%,ind20007,True,0.0,0.0,-0.002545341657649074,0.0077803738317757005,0.8196322446649815,0.0016497284173501627,0.0,0.0
Tp_S_NRN_S_N_ind20010_ind20010_01751,copy-move,1-5%,ind20010,True,0.0,0.0,0.0,0.0,0.872847744163272,0.02683712821596492,0.10911388043415839,0.0
Tp_S_NRN_S_N_ind20028_ind20028_01769,copy-move,<1%,ind20028,True,0.0,0.0,-0.015876310863801632,0.23287407407407407,0.08902822246241728,0.0016578838297116466,0.0003347051171848257,0.0
Tp_S_NRN_S_N_ind20028_ind20028_02283,copy-move,<1%,ind20028,True,0.010285325282661458,0.020361228704937964,0.07215309971697395,0.24961851851851852,0.8388552182162181,0.006423745708273342,0.00499881887663738,0.09691034948505825
Tp_S_NRN_S_N_ind20040_ind20040_01781,copy-move,1-5%,ind20040,True,0.16529835207329407,0.28370134014039566,0.360135060047461,0.13754583333333334,0.9389800349844523,0.05008043418208999,0.12726147469019417,0.5452395032525134
Tp_S_NRN_S_N_ind20058_ind20058_01799,copy-move,>5%,ind20058,True,0.2795807618642264,0.43698806702424015,0.4730348426441954,0.18791857506361323,0.9611106937683361,0.10762919162541651,0.020252733693571032,0.5957533410216403
Tp_S_NRN_S_N_nat00034_nat00034_00950,copy-move,<1%,nat00034,True,0.022009966777408636,0.04307192198293377,0.08053428951517214,0.17069950810185186,0.8148374751328478,0.014541929229277752,0.019461288957833875,0.0
Tp_S_NRN_S_N_nat00034_nat00034_00954,copy-move,1-5%,nat00034,True,0.0,0.0,-0.0628979700916853,0.1729058159722222,0.3051550755882536,0.03646822789979227,0.02236699239956569,0.0
Tp_S_NRN_S_N_nat00077_nat00077_00983,copy-move,1-5%,nat00077,False,0.0004426737494466578,0.0008849557522123894,-0.01893588655652541,0.014250578703703705,0.673117443438062,0.05186020293122886,0.09983835694589711,0.0
Tp_S_NRN_S_N_nat00086_nat00086_00988,copy-move,1-5%,nat00086,True,0.24095744680851064,0.3883411915987998,0.40860490881210526,0.09270109953703703,0.8984221502639678,0.0655250223022967,0.009042629539256495,0.4878974845752254
Tp_S_NRN_S_N_nat10138_nat10138_11939,copy-move,<1%,nat10138,True,0.030949345079401877,0.06004047672588262,0.10652178512997687,0.14608217592592593,0.7982609386347131,0.016517541996912286,0.04079374624173181,0.2151117964533539
Tp_S_NRN_S_N_nat10141_nat10141_11959,copy-move,>5%,nat10141,True,0.17469405281614542,0.2974290240038991,0.3177132043749217,0.2162252302085706,0.8661268718190325,0.09671850687805293,0.18914662951971414,0.4585628442663996
Tp_S_NRN_S_N_nat20072_nat20072_01576,copy-move,1-5%,nat20072,True,0.247465557577333,0.39674932277557823,0.43753594671618895,0.15571428571428572,0.9380672541367407,0.08565762538382804,0.18261477352153974,0.46915815336867966
Tp_S_NRN_S_N_nat20095_nat20095_01599,copy-move,1-5%,nat20095,True,0.2626657272785499,0.4160495079638835,0.47528298968154714,0.14227765666823036,0.9635753531135302,0.07517505731965334,0.11598429176873129,0.5053204479642746
Tp_S_NRN_S_N_pla00016_pla00016_10961,copy-move,1-5%,pla00016,True,0.15484069570571032,0.26815940290550444,0.37306808456623375,0.11749493634259259,0.9907312472646803,0.03573585307804341,0.07807831114905507,0.4952330508474576
Tp_S_NRN_S_N_pla00056_pla00056_01165,copy-move,1-5%,pla00056,True,0.0,0.0,0.0,0.0,0.6261965022038959,0.042203653873389035,0.05789077487190695,0.0
Tp_S_NRN_S_N_pla00079_pla00079_10625,copy-move,1-5%,pla00079,True,0.0,0.0,-0.005118575445718452,0.002007378472222222,0.38259020672813776,0.02538968343242809,0.0,0.0
Tp_S_NRN_S_N_pla00091_pla00091_11292,copy-move,1-5%,pla00091,True,0.0,0.0,-0.011096982538454338,0.01048900462962963,0.9644540176321549,0.02270654914090576,0.042677599301028296,0.0
Tp_S_NRN_S_N_pla20072_pla20072_02364,copy-move,<1%,pla20072,True,0.0,0.0,-0.01925786990084993,0.04805109783119586,0.7864641017671998,0.014481764475515153,0.025618608055628978,0.0
Tp_S_NRN_S_N_sec00002_sec00002_10787,copy-move,1-5%,sec00002,True,0.0,0.0,-0.010866964136664051,0.010597511574074073,0.4762041302455703,0.02157462566414426,0.031199457400740857,0.0
Tp_S_NRN_S_N_sec00014_sec00014_11231,copy-move,<1%,sec00014,False,0.0,0.0,-0.008405607824146354,0.009168836805555556,0.6350212947632584,0.015040832809835772,0.0,0.0
Tp_S_NRN_S_N_sec00014_sec00014_11232,copy-move,<1%,sec00014,False,0.0,0.0,-0.0051991993580558366,0.003002025462962963,0.19655053035958087,0.017638201763820176,0.0,0.0
Tp_S_NRN_S_N_sec00045_sec00045_10488,copy-move,1-5%,sec00045,True,0.0,0.0,-0.04476739179402837,0.08331524884259259,0.7667245717394395,0.042238311883729576,0.07954377129314176,0.0
Tp_S_NRN_S_N_sec00062_sec00062_11261,copy-move,<1%,nat00083,False,0.0,0.0,-0.018268353704387962,0.05640552662037037,0.3632786414322861,0.011042569645522724,0.0001894477597802406,0.0
Tp_S_NRN_S_N_sec00067_sec00067_11255,copy-move,<1%,sec00067,True,0.0,0.0,-0.00884112094299069,0.013292100694444444,0.6070250803327036,0.011471725253978243,0.0034336167429692608,0.0
Tp_S_NRN_S_N_sec20026_sec20026_02124,copy-move,<1%,sec20026,True,0.08178686520724525,0.15120698510529018,0.2735200002077443,0.09216132071607062,0.9950625222369277,0.014962390729823135,0.03827344248352116,0.34944060937871935
Tp_S_NRN_S_N_txt00005_txt00005_01264,copy-move,1-5%,txt00005,True,0.2698576085091782,0.42502026479329913,0.49606288146597166,0.10510706018518519,0.980852685003131,0.055901276236683894,0.14426078971533518,0.5136090491339697
Tp_S_NRN_S_N_txt00071_txt00071_11300,copy-move,1-5%,txt00071,True,0.05476554236690563,0.10384401114206128,0.13155879285633568,0.14543547453703703,0.8324015899071087,0.033185722669796726,0.0,0.09112709832134293
Tp_S_NRN_S_O_arc00055_arc00055_01071,copy-move,<1%,arc00055,True,0.0,0.0,-0.026880846498993152,0.1463939525462963,0.26530028837117337,0.008356144647745282,0.0,0.0
Tp_S_NRN_S_O_arc10129_arc10129_11895,copy-move,<1%,arc10129,True,0.0,0.0,-0.008828561187165448,0.013601015195392575,0.5824915708547422,0.011179149511013323,0.1048240291262136,0.0
Tp_S_NRN_S_O_cha10126_cha10126_12153,copy-move,1-5%,cha10126,True,0.03133593400268594,0.06076765672474732,-0.016148531319249433,0.29236259667599146,0.509659051160336,0.07573793526553796,0.10623065472674433,0.0
