image_id,forgery_type,area_bucket,split_group,shown,iou,f1,mcc,pred_area,pixel_auc,whole_f1,mean_f1,single:cm_keypoint_f1
Tp_D_CNN_M_N_ani00052_ani00054_11130,splicing,>5%,ani00052,True,0.0,0.0,-0.019036356310020222,0.003926595052083333,0.7644424314313543,0.15530118221054606,0.43190031152647973,0.0
Tp_D_CNN_M_N_ind00091_ind00091_10647,copy-move,>5%,ind00091,True,0.5110032262387004,0.6763760888991971,0.055035793231555996,0.9809468587239584,0.5623048607751588,0.6757372058249027,0.6228114017342187,0.6561168853296984
Tp_D_CNN_M_N_ind00091_ind00091_10648,copy-move,>5%,ind00091,True,0.4939066569010417,0.6612282696773051,-0.05566479917032988,0.9969482421875,0.4943778664645293,0.6639575419449976,0.6635326820095655,0.6413350299094672
Tp_D_CNN_M_N_nat00077_nat00077_10574,copy-move,>5%,nat00077,True,0.04020993136859104,0.07731118528293099,0.1225118362013888,0.009592692057291666,0.787251959172756,0.2166104277783825,0.23801120233254047,0.0
Tp_D_CNN_M_N_nat00090_nat00090_10575,copy-move,>5%,nat00090,True,0.4996236165364583,0.6663320196175527,0.0,1.0,0.5839116890703291,0.6663320196175527,0.6590046529579519,0.6466540958357924
Tp_D_CNN_M_N_nat10156_ani00024_12016,splicing,1-5%,nat10156,True,0.197641630351192,0.3300513698630137,0.42567792478186645,0.10158854166666667,0.9980579803773952,0.03936585739450103,0.14415593521396686,0.0
Tp_D_CNN_M_N_pla00042_pla00042_10976,copy-move,>5%,pla00042,True,0.50274658203125,0.6691036107388002,-0.07552591701592862,0.9941304524739584,0.47034256835612936,0.6742817070457104,0.6688344680418656,0.661208395514725
Tp_D_CNN_M_N_sec10110_sec10101_10298,splicing,>5%,sec10110,False,0.18198462101794213,0.30793060718711274,0.3278809390992568,0.021875,0.8876613122116119,0.11709326272433068,0.13090525204539458,0.0
Tp_D_CNN_S_N_ani10198_ani10197_12407,splicing,1-5%,ani10198,False,0.0,0.0,0.0,0.0,0.5872898206747259,0.07903296027863857,0.2184873949579832,0.0
Tp_D_CNN_S_N_arc00020_arc00020_00240,copy-move,1-5%,arc00020,False,0.2358031368307193,0.38161925601750546,0.4207499458411519,0.18291219075520834,0.9482192281286674,0.0943851589078538,0.28916943521594685,0.4344646883188106
Tp_D_CNN_S_N_art00001_ani00074_10442,splicing,>5%,art00001,True,0.005247169290251312,0.010439560439560439,-0.0477368532694327,0.054280598958333336,0.8113316782642577,0.10750038503003234,0.17410154021677124,0.0
Tp_D_CNN_S_N_nat10156_ani00097_12022,splicing,1-5%,nat10156,True,0.20648457457260758,0.3422912798462491,0.43891074758538506,0.08282552083333333,0.9992356654083904,0.033636843705493594,0.1284056200366524,0.0
Tp_D_CNN_S_N_pla10114_ani00081_10429,splicing,1-5%,pla10114,True,0.0,0.0,-0.037946260513664884,0.058656,0.7238428717220704,0.04417555480220096,0.05943713380078763,0.0
Tp_D_CNN_S_N_txt00052_txt00051_10377,splicing,>5%,txt00052,False,0.6600280504908836,0.7952010814464346,0.7789599148380558,0.1025390625,0.990181363880567,0.2429398727389719,0.51165831335803,0.0
Tp_D_CRD_M_B_arc10113_arc10112_10030,splicing,>5%,arc10113,False,0.0,0.0,0.0,0.0,0.5186678434940856,0.30568302153194493,0.03701202215318114,0.0
Tp_D_CRD_M_B_sec00001_sec00003_10031,splicing,>5%,sec00001,True,0.0,0.0,-0.020454726714705603,0.006134033203125,0.7568374874102568,0.11939356258070687,0.2017576291914337,0.0
Tp_D_CRD_M_N_ind00091_ind00091_10645,copy-move,>5%,ind00091,True,0.3434263319958944,0.5112693175898594,0.4656342241077261,0.190826416015625,0.9007227601649109,0.18526859885545505,0.10729046123326169,0.4665291387313048
Tp_D_CRD_M_N_ind00091_ind00091_10646,copy-move,>5%,ind00091,True,0.131068824470923,0.23176100628930818,0.21241633613170693,0.052459716796875,0.7588882806248787,0.3420779680740722,0.049815942477723876,0.21965751114774984
Tp_D_CRD_S_B_ani00071_ani00064_00191,splicing,1-5%,ani00071,True,0.42488637759489006,0.5963793103448276,0.6331325906328013,0.08241780598958333,0.9934894368531768,0.06872163611716862,0.3489357357970497,0.0
Tp_D_CRD_S_N_ani00028_ani00058_00148,splicing,1-5%,ani00028,False,0.44480039428289797,0.6157257376769572,0.6462014087832564,0.08173624674479167,0.9919548170516534,0.07237609686749351,0.21286657631419592,0.0
Tp_D_CRD_S_N_cha00059_cha00057_00379,splicing,1-5%,cha00059,True,0.2616718951836132,0.4148018136609624,0.4871037844972598,0.10992431640625,0.9923665201851837,0.05669552840706915,0.2597129536520706,0.0
Tp_D_CRD_S_N_cha10211_cha10159_12333,splicing,<1%,cha10211,True,0.0,0.0,-0.010403497534563402,0.016487758945386063,0.8320641057021858,0.012747792526752821,0.050953555608604546,0.0
Tp_D_CRD_S_N_ind00074_cha00049_00474,splicing,1-5%,ind00074,False,0.20670141474311243,0.34258916450697274,0.4408187793158098,0.06822713216145833,0.9916245804298403,0.028004012036108326,0.1389740445534437,0.0
Tp_D_CRN_M_B_sec00085_arc00065_11450,splicing,1-5%,ani00085,True,0.23130127070934534,0.3757021554539517,0.3636743286466932,0.029490152994791668,0.9555876788735354,0.09229575004851542,0.4465736931875188,0.0
Tp_D_CRN_M_N_ani00097_ani00001_10099,splicing,1-5%,ani00097,False,0.6560394412489728,0.7922992954252258,0.7936128407255097,0.059763590494791664,0.9843450888642826,0.0819854447544534,0.45577308964694396,0.0
Tp_D_CRN_M_N_ani00097_ani10101_10090,splicing,1-5%,ani00097,True,0.19313618108798833,0.3237454100367197,0.3303984958732295,0.021799723307291668,0.9739748391433785,0.02262921280511722,0.10866940352571842,0.0
Tp_D_CRN_M_N_ani10102_ani00097_10091,splicing,1-5%,ani10102,True,0.27571504707763367,0.43225177551873,0.49872315919334814,0.13030092592592593,0.9936473762795511,0.06936002860207365,0.18989355193931237,0.0
Tp_D_CRN_M_N_ani10104_ani00097_10092,splicing,>5%,ani10104,False,0.6072555205047319,0.7556427870461236,0.7390699581518569,0.12296296296296297,0.9766484823420637,0.16400688497418134,0.5153234960272418,0.0
Tp_D_CRN_M_N_ani10104_ani00100_10093,splicing,1-5%,ani10104,True,0.3197053406998158,0.484510186994139,0.5308106175153042,0.12414351851851851,0.9754349263904799,0.08012799146723552,0.3151356080489939,0.0
Tp_D_CRN_M_N_ani10144_nat10139_12474,splicing,>5%,ani10144,True,0.0,0.0,-0.2066939293132707,0.034165523548239596,0.8277707946642647,0.7072137708038387,0.026923983644005105,0.0
Tp_D_CRN_M_N_arc00045_arc00046_10084,splicing,>5%,arc00045,True,0.7392161820480404,0.8500566975838106,0.8190408592203764,0.16884358723958334,0.978040698658483,0.3065487213498824,0.02759240690155942,0.6488723079531965
Tp_D_CRN_M_N_arc00045_arc00071_10087,splicing,>5%,arc00045,True,0.4446027787673673,0.6155363748458693,0.5468198248748023,0.221099853515625,0.9133679021510291,0.26109106346847805,0.5117215912269905,0.19783336616111877
Tp_D_CRN_M_N_arc00046_arc00045_10083,splicing,>5%,arc00046,True,0.3881378522467631,0.5592209039160552,0.5437821214742738,0.3186747233072917,0.9770204074799068,0.22427745664739884,0.26314854930927944,0.2874103648446324
Tp_D_CRN_M_N_art00014_art00013_11836,splicing,>5%,art00014,True,0.2325407879029049,0.3773356471205456,0.3744262778104984,0.09920247395833333,0.8250186389622569,0.5764390703062776,0.5623381544874629,0.24038546547608522
Tp_D_CRN_M_N_nat00083_ani00001_10097,splicing,>5%,nat00083,False,0.0,0.0,-0.03749746242579414,0.00372314453125,0.3752241323538126,0.4293851205074334,0.036671682550298165,0.0
Tp_D_CRN_M_N_nat00083_ani10101_10096,splicing,1-5%,nat00083,False,0.0,0.0,0.0,0.0,0.46255887490299735,0.023980622531332603,0.0,0.0
Tp_D_CRN_M_N_nat00086_nat00085_10068,splicing,>5%,nat00086,False,0.23826322930800542,0.3848345386806925,0.3728376431068238,0.033701578776041664,0.9161282299458489,0.11166284084251371,0.19316843345111898,0.0
Tp_D_CRN_M_N_nat10116_cha00026_11674,splicing,>5%,nat10116,True,0.038870924279170035,0.07483301990791777,0.12860640067876272,0.009633382161458334,0.7787879114106848,0.256681267623118,0.39129044294014176,0.0
Tp_D_CRN_M_N_nat10154_nat10138_12076,splicing,>5%,nat10154,False,0.4083333333333333,0.5798816568047337,0.5346459179659729,0.12388865152994792,0.9481548701733649,0.37432429918326765,0.08767128882716932,0.0
Tp_D_CRN_M_N_nat10154_nat10140_12075,splicing,>5%,nat10154,True,0.5159179464808004,0.6806673773847753,0.6259019869731215,0.15613810221354166,0.9565541254547043,0.37754401021627054,0.18548357697495535,0.0
Tp_D_CRN_M_N_nat10156_ani00001_12021,splicing,>5%,nat10156,True,0.5144802690950857,0.6794149512459372,0.6948433382948417,0.119033203125,0.9981337663987413,0.11541257557213976,0.41186579825953695,0.0
Tp_D_CRN_M_N_nat10159_ani00021_12058,splicing,<1%,nat10159,True,0.06048836921042846,0.11407644056570694,0.23662115184951077,0.07878580729166666,0.9993606624754541,0.0094860430759661,0.06538633318445734,0.0
Tp_D_CRN_M_N_pla00046_pla00025_10994,splicing,>5%,pla00046,True,0.019668281227065904,0.03857780336836044,0.04685407747464838,0.006693522135416667,0.7721247729802594,0.12025661373132045,0.0,0.0
Tp_D_CRN_M_O_ani00071_ani00013_10002,splicing,1-5%,ani00071,True,0.5627456909585727,0.7202012383900929,0.7163938263473935,0.061381022135416664,0.9743784084398189,0.08385474533653003,0.22611322443499665,0.0
Tp_D_CRN_M_O_nat10159_ani00001_12057,splicing,1-5%,nat10159,True,0.1338608210649199,0.23611508322370303,0.3493759436742757,0.10038411458333334,0.9990433875875213,0.026518655565834104,0.19258222533240027,0.0
Tp_D_CRN_S_B_art00098_ani00070_01383,splicing,>5%,art00098,False,0.0,0.0,-0.014375459112221762,0.00213623046875,0.6485719430905474,0.16182052768376373,0.0,0.0
Tp_D_CRN_S_B_pla00041_pla00040_10978,splicing,1-5%,pla00041,False,0.0,0.0,0.0,0.0,0.5643878930077219,0.04721844240720692,0.0,0.0
Tp_D_CRN_S_N_ani00054_ani00019_11859,splicing,>5%,ani00054,True,0.022828251876819364,0.04463750748951468,0.04138572766618306,0.009714762369791666,0.6979898632372235,0.10999279019466475,0.16358880460371436,0.0
Tp_D_CRN_S_N_ani10151_ani10206_12489,splicing,1-5%,ani10151,True,0.19178249207510364,0.32184143222506395,0.4239112450323169,0.07679775280898876,0.9989036770851438,0.029029370784235925,0.12839244174182754,0.0
Tp_D_CRN_S_N_art00027_art00013_00695,splicing,>5%,art00027,True,0.5506866089390361,0.7102487449940775,0.6971400925597325,0.10689290364583333,0.9735425417933001,0.13685856432125088,0.8695996306312248,0.0
Tp_D_CRN_S_N_art10111_art10112_11563,splicing,1-5%,art10111,False,0.0,0.0,-0.01203171377870525,0.003265380859375,0.3109771288426125,0.08119925046845722,0.014330670539820867,0.0
Tp_D_CRN_S_N_art20026_art20025_01832,splicing,>5%,art20026,False,0.04598453804233028,0.08792584664472222,0.14727546030129285,0.008094190140845071,0.40935931489594224,0.1832756611313347,0.17839041004049452,0.0
Tp_D_CRN_S_N_cha00028_art00013_00499,splicing,1-5%,cha00028,False,0.5745710514738231,0.7298127968706343,0.7297294296887407,0.016143798828125,0.9822129284644183,0.039722421631969373,0.7932471863276365,0.0
Tp_D_CRN_S_N_cha00029_art00013_00501,splicing,1-5%,cha00029,False,0.30652843933875035,0.46922582028736864,0.4903734816974167,0.06614176432291667,0.9482186338512091,0.05585001186614983,0.2263204861258658,0.0
Tp_D_CRN_S_N_cha00036_art00053_11741,splicing,1-5%,cha00036,True,0.2977919814061592,0.4589209760465637,0.5357582750616243,0.010589599609375,0.6594711351771153,0.06735476260690063,0.1774812343619683,0.0
Tp_D_CRN_S_N_cha00036_art00076_11740,splicing,1-5%,cha00036,True,0.0,0.0,0.0,0.0,0.27376753260419895,0.02944684433664418,0.03932089708656466,0.0
Tp_D_CRN_S_N_cha10142_cha00086_12235,splicing,1-5%,cha10142,True,0.018002165674066054,0.03536763728227629,0.020691433664465148,0.024426070038910504,0.503188315850384,0.024017414788153717,0.02609491835800397,0.0
Tp_D_CRN_S_N_cha10168_cha10166_12300,splicing,>5%,cha10168,False,0.25515485089953177,0.40657111067478235,0.491732166428124,0.013419312085027208,0.8790297397683071,0.09792871080730586,0.3473375366751982,0.0
Tp_D_CRN_S_N_ind00060_ind00062_10700,splicing,1-5%,ind00060,True,0.0,0.0,-0.013618721663195606,0.011474609375,0.8520570247051367,0.030966449674511766,0.09429221951793985,0.0
Tp_D_CRN_S_N_nat10156_ani00037_12017,splicing,1-5%,nat10156,True,0.16802847666046436,0.2877129796370688,0.3957577988668328,0.08047526041666667,0.9991102031421211,0.02668345356089853,0.10526715912978472,0.0
Tp_D_CRN_S_N_nat10156_ani00099_12024,splicing,<1%,nat10156,True,0.07006400547222358,0.13095292452399435,0.25632544750016906,0.06662434895833333,0.999549210709925,0.009292560119753494,0.032820278079761976,0.0
Tp_D_CRN_S_N_nat10159_ani00005_12053,splicing,<1%,nat10159,True,0.034378255516620895,0.06647134224501007,0.17913909089133345,0.06874348958333333,0.998470030950511,0.004715418639543267,0.03277356446370531,0.0
Tp_D_CRN_S_N_nat10159_ani00037_12060,splicing,1-5%,nat10159,True,0.4508284426575014,0.6214772600290536,0.6517625314602912,0.10039388020833333,0.9992568780508332,0.08660122577108974,0.49635870341282307,0.0
Tp_D_CRN_S_N_nat10159_ani00097_12063,splicing,<1%,nat10159,True,0.10615785583693158,0.19193979462652974,0.3132830527118865,0.083681640625,0.9991366186516646,0.017610484982044275,0.11104781281790438,0.0
Tp_D_CRN_S_N_pla00019_pla00020_10954,splicing,>5%,pla00019,True,0.0,0.0,-0.023099388153550785,0.003448486328125,0.6259231879013342,0.2357026840277466,0.1508302434305981,0.0
Tp_D_CRN_S_N_sec00014_cha00086_11402,splicing,1-5%,sec00014,True,0.0,0.0,0.0,0.0,0.6980275485659322,0.0267373238588462,0.307426597582038,0.0
Tp_D_CRN_S_N_sec00074_pla00084_00095,splicing,>5%,sec00074,True,0.12740331491712706,0.22601195726747036,0.20787371593253118,0.03196486928104575,0.9027973713621263,0.13473279170992353,0.4430547502691957,0.0
Tp_D_CRN_S_O_cha00029_ani00068_10041,splicing,1-5%,cha00029,False,0.0,0.0,-0.03170233426595904,0.042897542317708336,0.7271642305060927,0.042922556241290065,0.07301407386417304,0.0
Tp_D_CRN_S_O_nat10159_ani00024_12062,splicing,<1%,nat10159,True,0.07659747914968333,0.1422954830066692,0.2630499550359203,0.10382161458333333,0.9986502684479692,0.01577946215480408,0.10883414264712434,0.0
Tp_D_NND_M_B_sec20062_arc20001_02136,splicing,>5%,sec20062,True,0.006685268066141083,0.013281744112504185,-0.005048146728242216,0.007501341480775759,0.896915834545215,0.44581358340921273,0.18205413422321098,0.0
Tp_D_NNN_L_O_sec00062_nat00083_00083,splicing,>5%,nat00083,False,0.0,0.0,0.0,0.0,0.8594923543585367,0.8511525988254887,0.22365805168986083,0.0
Tp_D_NNN_M_B_arc00082_nat00099_00302,splicing,>5%,arc00082,True,0.07805023923444976,0.1447988904299584,0.23000995265307514,0.02655029296875,0.7961176612569713,0.507651202331795,0.17954779033915724,0.0
Tp_D_NNN_M_B_arc20101_arc20001_02184,splicing,>5%,arc20101,True,0.0,0.0,-0.09294795334356735,0.040447987424914386,0.6881130721009923,0.2907314264695299,0.13436199500608234,0.0
Tp_D_NNN_M_B_nat00086_nat00097_11284,splicing,>5%,nat00086,True,0.0,0.0,0.0,0.0,0.7887144735687155,0.31577504604445966,0.0,0.0
Tp_D_NNN_M_B_sec20045_arc20001_02127,splicing,>5%,sec20045,True,0.0,0.0,-0.14239400745947486,0.035161104718066744,0.7123792916863604,0.526687887560346,0.02563907679055509,0.0
Tp_D_NNN_M_B_txt00052_txt00051_10380,splicing,>5%,txt00052,False,0.009891128098216354,0.01958850379613276,0.024303016178972736,0.007568359375,0.3075889409572124,0.6071679052402644,0.02447797660792254,0.0
Tp_D_NNN_M_N_ani00086_nat00059_11126,splicing,>5%,ani00086,True,0.0,0.0,0.0,0.0,0.6121817779566404,0.12543620449648177,0.0,0.0
Tp_D_NNN_M_N_arc00068_arc00075_00288,splicing,>5%,arc00068,False,0.009924802873930648,0.019654538329364243,-0.04347805795638175,0.019134521484375,0.6974859776463552,0.4829161393870181,0.061977573904179406,0.0
Tp_D_NNN_M_N_cha10168_cha10140_12301,splicing,>5%,cha10168,False,0.0,0.0,0.0,0.0,0.870496660771187,0.4211627649621231,0.10356362960553826,0.0
Tp_D_NNN_M_N_nat00086_arc00076_11283,splicing,>5%,nat00086,True,0.45843045843045843,0.6286627597229622,0.608689651177987,0.12491861979166667,0.9018921686611281,0.40885694862581334,0.4148309804723908,0.29658102366983613
Tp_D_NNN_M_N_nat10112_nat10122_11360,splicing,>5%,nat10112,True,0.03298267816182868,0.06385911179173047,0.07764690814759138,0.016764322916666668,0.8801079109282436,0.39864468625790056,0.565552589428724,0.0
Tp_D_NNN_M_N_nat10116_cha00062_11376,splicing,>5%,nat10116,True,0.11384796167404863,0.20442280381416109,0.11458579695596442,0.08214314778645833,0.8027477140247516,0.28848999773665057,0.445918431603031,0.0
Tp_D_NNN_M_N_nat10116_cha00063_11375,splicing,>5%,nat10116,True,0.19091792561180315,0.32062314540059345,0.37459155254828486,0.027008056640625,0.8166189731209157,0.19838906248568208,0.4060921322462862,0.0
Tp_D_NNN_M_N_nat10156_ani00021_12020,splicing,1-5%,nat10156,True,0.4381933438985737,0.609366391184573,0.6399160950294699,0.11091796875,0.9995576432183795,0.09270141650446558,0.2914218795745096,0.0
Tp_D_NNN_M_N_nat10166_nat10169_12113,splicing,>5%,nat10166,True,0.16347693599291055,0.28101448500721576,0.2090802082469688,0.08105143229166667,0.6263589753395533,0.27965178628929516,0.11153508033593326,0.0
Tp_D_NNN_M_O_ani00036_nat00083_10054,splicing,>5%,ani00036,False,0.1771725476761448,0.3010137265363535,0.35173168533477944,0.037190755208333336,0.8631971729111746,0.29429575326421725,0.7307879772542648,0.0
Tp_D_NNN_S_B_cha00029_pla00030_20105,splicing,>5%,cha00029,True,0.260098720660824,0.4128227676073227,0.34056694556421613,0.11525472005208333,0.8047234045230638,0.42083196118906674,0.32947580724118347,0.3516642547033285
Tp_D_NNN_S_B_nat00034_cha00096_00648,splicing,>5%,nat00034,False,0.05924822369928948,0.11186844098236504,0.12086291526520467,0.015655517578125,0.7994474061626539,0.14534752094181572,0.16430256687228176,0.0
Tp_D_NNN_S_B_sec00062_cha00023_00701,splicing,>5%,nat00083,False,0.7380696789304186,0.849298147108366,0.8355261133629077,0.095001220703125,0.9837586102528926,0.1586701006789979,0.4020898979289542,0.0
Tp_D_NNN_S_N_ani00017_ani00010_10216,splicing,1-5%,ani00017,False,0.0,0.0,-0.03201090113023007,0.033915201822916664,0.897702549060257,0.05515767815455229,0.31723845828038966,0.0
Tp_D_NNN_S_N_ani10179_ani10175_12487,splicing,>5%,ani10179,False,0.0,0.0,0.0,0.0,0.37244152665895536,0.1316066212268744,0.0,0.0
Tp_D_NNN_S_N_ani10191_ani10200_12436,splicing,1-5%,ani10191,True,0.0,0.0,-0.0308215913198967,0.02233542319749216,0.4524408759976458,0.07677884140925688,0.0,0.0
Tp_D_NNN_S_N_art00006_ind00030_00498,splicing,1-5%,art00006,False,0.30246913580246915,0.46445497630331756,0.48518082006018126,0.016621907552083332,0.9365067659315447,0.06743075078144967,0.22001209596129293,0.0
Tp_D_NNN_S_N_art00045_cha00023_01409,splicing,>5%,art00045,True,0.04940980629539952,0.09416684692479631,0.030208754433332458,0.05438232421875,0.5556303071097513,0.15956640175236597,0.0,0.0
Tp_D_NNN_S_N_art00045_cha00096_00519,splicing,>5%,art00045,True,0.008787457327095714,0.017421821144325375,-0.06932566211375045,0.08349609375,0.31684682947470666,0.1461344799298464,0.0,0.0
Tp_D_NNN_S_N_art10111_ani00100_11620,splicing,1-5%,art10111,False,0.0,0.0,-0.016280563143116596,0.01031494140625,0.28257946671787637,0.048400865577415575,0.09160544005002345,0.0
Tp_D_NNN_S_N_ind00060_ind00058_01349,splicing,1-5%,ind00060,False,0.25228070175438594,0.402913981507425,0.4867352544893014,0.057668050130208336,0.9960114359882832,0.02944684433664418,0.0946246255918065,0.0
Tp_D_NNN_S_N_ind00067_ind00066_00469,splicing,1-5%,ind00067,False,0.34115212142117973,0.5087448559670782,0.5247186779016043,0.01385498046875,0.9473695198788654,0.05010413567390658,0.13162040116218013,0.0
Tp_D_NNN_S_N_ind00074_ind00074_01361,copy-move,1-5%,ind00074,False,0.317801126846353,0.48232031430552347,0.5446400066492769,0.06621297200520833,0.9877938705365165,0.04270824000238927,0.20334301633411114,0.16244294034314496
Tp_D_NNN_S_N_nat00086_nat00086_00681,copy-move,1-5%,nat00086,True,0.23376623376623376,0.37894736842105264,0.4614947372225988,0.10237630208333333,0.9952070861927664,0.04729602224760392,0.0,0.31376518218623484
Tp_D_NNN_S_N_nat00090_ani00079_00682,splicing,>5%,nat00090,True,0.7258726403707816,0.8411659393532506,0.8145469513215261,0.16082763671875,0.9847849776379407,0.3372405744151824,0.298316922372338,0.0
Tp_D_NNN_S_N_nat10159_nat10157_12049,splicing,<1%,nat10159,False,0.008525020177562551,0.01690591707097484,0.08932681351075111,0.06453125,0.9971166623241271,0.0010996554629777238,0.007627902778091219,0.0
Tp_D_NNN_S_N_nat20016_nat20015_01520,splicing,1-5%,nat20016,True,0.0,0.0,0.0,0.0,0.8316513796440846,0.05664089819745051,0.0,0.0
Tp_D_NNN_S_N_pla00042_pla00043_10975,splicing,1-5%,pla00042,True,0.12716147911678638,0.22563134293131934,0.35022108449804207,0.004872639973958333,0.8951876385580743,0.07364151202210421,0.3244173891655906,0.0
Tp_D_NNN_S_N_pla00096_ani00031_00617,splicing,>5%,pla00096,True,0.381275953189883,0.552063405301995,0.5077627114291818,0.13136800130208334,0.9335942464856758,0.16843046653748694,0.43995281665444574,0.0
Tp_D_NNN_S_N_sec00085_sec00085_00816,copy-move,>5%,ani00085,True,0.39331619537275064,0.5645756457564576,0.5761709985671338,0.23346964518229166,0.9958549217642725,0.1682086256533527,0.11160860543846238,0.613507842230679
Tp_D_NNN_S_N_txt00085_txt00086_10821,splicing,>5%,txt00085,True,0.010129170151472912,0.020055197792088315,0.021988306502118107,0.005727132161458333,0.5246072212128552,0.18979661360267377,0.0,0.0
Tp_D_NNN_S_N_txt00093_txt00095_01299,splicing,1-5%,txt00093,False,0.5176546115985449,0.6821771009588269,0.6924358293740489,0.044677734375,0.9923200094080364,0.053463229179042414,0.3412150500517777,0.0
Tp_D_NNN_S_O_pla00056_pla00065_11225,splicing,1-5%,pla00056,True,0.0,0.0,0.0,0.0,0.8220327789477057,0.03735462939855253,0.11939251516958367,0.0
Tp_D_NRD_M_N_art00098_art00077_11711,splicing,>5%,art00098,True,0.032393845453769804,0.06275482093663912,-0.12127304932592846,0.10712687174479167,0.5985427678916582,0.4153844913881344,0.45716645587590016,0.0
Tp_D_NRD_M_O_sec20032_sec20032_01622,splicing,>5%,sec20032,True,0.019286942470634543,0.037843990081704,-0.19052998118429462,0.07142529394895325,0.655325414541709,0.6603970019323783,0.06812010091866803,0.034953048927959286
Tp_D_NRD_S_B_arc20100_arc20100_02185,splicing,>5%,arc20100,True,0.0,0.0,-0.020280563204702267,0.00212671646295458,0.8635441834200733,0.2784847119564556,0.02056662520377338,0.0
Tp_D_NRD_S_B_nat20039_arc20055_02239,splicing,>5%,nat20039,True,0.0,0.0,-0.08224310812931454,0.02053340980785776,0.793993256930264,0.39220586404525987,0.0011973817252940238,0.0
Tp_D_NRD_S_B_sec00010_cha00071_00030,splicing,1-5%,sec00010,False,0.2193808882907133,0.3598233995584989,0.3356278617400783,0.036142985026041664,0.890574711774723,0.08942228268791604,0.3136181224918426,0.0
Tp_D_NRD_S_N_ani00026_cha00047_00146,splicing,>5%,ani00026,False,0.7324376820977663,0.8455573203774642,0.8368512314743544,0.055511474609375,0.9925768374196917,0.101323032351521,0.46599745511098545,0.0
Tp_D_NRD_S_N_ani00078_ani00077_00198,splicing,>5%,ani00078,False,0.1402955099698752,0.2460686878852686,0.2963165821059492,0.015096028645833334,0.8554945747718441,0.1234143687541162,0.0,0.0
Tp_D_NRD_S_N_arc00020_sec00045_11701,splicing,1-5%,arc00020,True,0.00089126559714795,0.0017809439002671415,-0.03887534602331226,0.06923421223958333,0.6400632883898226,0.04335104794888637,0.0,0.0
Tp_D_NRD_S_N_art00054_cha00026_01405,splicing,>5%,art00054,True,0.3342551622418879,0.5010363410252867,0.4906533409981736,0.09547932942708333,0.9324519606866546,0.09842154131847725,0.454053340374967,0.0
Tp_D_NRD_S_N_art00082_ani00098_01392,splicing,1-5%,art00082,True,0.22532529355760075,0.36778036778036777,0.34763421608386513,0.03289794921875,0.8430810572693843,0.0873219705813682,0.0959903359197138,0.0
Tp_D_NRD_S_N_nat00006_cha00096_00626,splicing,>5%,nat00006,False,0.0,0.0,0.0,0.0,0.6881791963579913,0.102532427424336,0.17217128104691534,0.0
Tp_D_NRD_S_N_sec00001_cha00042_00001,splicing,1-5%,sec00001,True,0.0,0.0,-0.015043770880345432,0.015635172526041668,0.6637841190417684,0.027707277925465214,0.039690064406447186,0.0
Tp_D_NRD_S_N_sec00067_cha00030_00088,splicing,>5%,sec00067,True,0.0,0.0,0.0,0.0,0.6405892813121726,0.09816795818017826,0.02415684443925779,0.0
Tp_D_NRN_L_O_sec00043_cha00097_00064,splicing,>5%,cha30686,False,0.006324911004909698,0.01257031588057118,-0.6789597227140478,0.08414713541666667,0.04068091668248244,0.9225305800341971,0.04787031278213591,0.0
Tp_D_NRN_M_B_art00014_art00011_11835,splicing,>5%,art00014,True,0.02385448486531519,0.04659741246033253,0.07942115794791565,0.012430826822916666,0.7237040250208079,0.5322394009749833,0.4595978255132739,0.0
Tp_D_NRN_M_B_art00045_pla00078_10746,splicing,>5%,art00045,True,0.0039139292990670906,0.007797340359247325,-0.3087800753337531,0.107818603515625,0.3356145967333181,0.6335089450784692,0.44798720522680097,0.0
Tp_D_NRN_M_B_art00045_pla00088_10745,splicing,>5%,art00045,True,0.003622895405068819,0.007219634828291944,-0.40194213085734376,0.16328938802083334,0.11320459348693099,0.6375524063615259,0.06495426406726416,0.0
Tp_D_NRN_M_B_cha10142_nat00097_12239,splicing,>5%,cha10142,True,0.0,0.0,-0.16055325983216312,0.02384727626459144,0.5229305154835064,0.6784891325656658,0.07982366945329006,0.0
Tp_D_NRN_M_B_nat00001_art00021_11421,splicing,>5%,nat00001,True,0.2257942511346445,0.36840481332921937,0.3843573999096351,0.027811686197916668,0.705404596579893,0.1327533644211866,0.19871073365394454,0.0
Tp_D_NRN_M_B_nat10154_nat10159_12077,splicing,>5%,nat10154,True,0.43725454423244964,0.6084580438268306,0.5493093043794701,0.14286295572916666,0.9551359966742843,0.38422090729783037,0.3659884003499336,0.0
Tp_D_NRN_M_B_sec00002_nat00062_11397,splicing,>5%,sec00002,True,0.0,0.0,0.0,0.0,0.7851196419760686,0.29008270931719154,0.0,0.0
Tp_D_NRN_M_B_sec00002_nat10123_11396,splicing,>5%,sec00002,True,0.0,0.0,0.0,0.0,0.8963287625301621,0.29173183192576374,0.38785714285714284,0.0
Tp_D_NRN_M_B_sec00085_art00025_11457,splicing,1-5%,ani00085,True,0.4083078101071976,0.5798559195324181,0.563535125066814,0.037190755208333336,0.9736317188739443,0.07256507033968923,0.4994503984611157,0.0
Tp_D_NRN_M_B_sec00085_cha00072_11458,splicing,>5%,ani00085,True,0.19061205706396686,0.3201917130488559,0.367944503312952,0.0269775390625,0.9102566307554529,0.1894131948281578,0.4004368401892974,0.0
Tp_D_NRN_M_B_txt00030_ani00030_20110,splicing,>5%,txt00030,False,0.0057552209810587665,0.011444575898785524,0.0579000397891454,0.002410888671875,0.4594377749102708,0.5904619884717961,0.0,0.0
Tp_D_NRN_M_N_ani00043_ani00044_11142,splicing,>5%,ani00043,True,0.27491847440805334,0.43127224199288255,0.3290761138503786,0.13702392578125,0.7497098471816956,0.3724772768662771,0.171372711208031,0.3394560117751679
Tp_D_NRN_M_N_ani10144_nat10131_12473,splicing,>5%,ani10144,True,0.00228487366683099,0.004559329840969951,-0.20968904667316113,0.039871970736168265,0.6554878261334101,0.706181282519249,0.09638795777074653,0.0011486276292804326
Tp_D_NRN_M_N_ani10144_nat10156_12472,splicing,>5%,ani10144,True,0.011348897535667963,0.02244309073420968,-0.18861697533161464,0.049094650205761314,0.40856170018495924,0.7095860585731102,0.0515531911414415,0.0022810255110526775
Tp_D_NRN_M_N_ani10219_ani10215_12384,splicing,>5%,ani10219,False,0.0,0.0,-0.012849018220549633,0.0023668011037996177,0.42039719078962223,0.12217613916065938,0.0,0.0
Tp_D_NRN_M_N_art00014_art00010_11833,splicing,>5%,art00014,False,0.012759562841530054,0.02519761512936035,-0.005378882988875399,0.013916015625,0.705610424762667,0.5328089669634262,0.14769410391126678,0.0
Tp_D_NRN_M_N_art00014_art00013_10270,splicing,>5%,art00014,True,0.33076849642004774,0.497108997259645,0.4331284170276785,0.17622884114583334,0.8172715487959592,0.6951864559759489,0.42688279974231824,0.21650520150511637
Tp_D_NRN_M_N_art00098_art00062_10518,splicing,>5%,art00098,False,0.031614126998464456,0.061290605025829614,-0.05989489377196229,0.09897867838541667,0.740454261077184,0.23537014432397502,0.7456869887964809,0.0
Tp_D_NRN_M_N_art00098_sec10101_10345,splicing,>5%,art00098,False,0.22859096701998693,0.37211891208096143,0.2761647108586701,0.12221272786458333,0.8166730209039745,0.4373246433255176,0.0,0.13348796752681938
Tp_D_NRN_M_N_cha00028_cha00026_11788,splicing,>5%,cha00028,True,0.009081267400238633,0.017999080338960784,0.004363257448306761,0.008555094401041666,0.7065585850111857,0.25525797348384005,0.07679851954661115,0.0
Tp_D_NRN_M_N_cha10142_cha10141_12233,splicing,1-5%,cha10142,True,0.10659402067616652,0.19265244287337457,0.21754108728092084,0.008793774319066147,0.8244351981138698,0.057747989022875305,0.2070460905502326,0.0
Tp_D_NRN_M_N_cha10142_nat10123_12237,splicing,>5%,cha10142,True,0.004166972611792349,0.008299362009396193,-0.11332534947444235,0.019649805447470817,0.6211461573325637,0.6776689412990488,0.009954063168017049,0.0
Tp_D_NRN_M_N_cha10142_nat10139_12238,splicing,>5%,cha10142,True,0.025793961742336943,0.050290726411618275,0.0015302232484831636,0.026186770428015566,0.6788200780717828,0.679889177466941,0.05575537314368068,0.0
Tp_D_NRN_M_N_cha10168_cha10180_12302,splicing,>5%,cha10168,False,0.12528028242927342,0.22266502734557173,0.30821072158123586,0.033465444952783904,0.9311350237785945,0.421623252539475,0.3697615786234689,0.0
Tp_D_NRN_M_N_cha10168_nat10123_12303,splicing,>5%,cha10168,False,0.0,0.0,0.0,0.0,0.9082514457425757,0.4272490705077884,0.021893366136106658,0.0
Tp_D_NRN_M_N_ind10103_cha10110_11553,splicing,1-5%,ind10103,True,0.0,0.0,-0.011782184030034157,0.003173828125,0.8011521899130193,0.08020622784661804,0.21826294236293625,0.0
Tp_D_NRN_M_N_ind10103_pla00050_11558,splicing,>5%,ind10103,True,0.0021205974552830536,0.004232220075443923,-0.08315469357196302,0.033793131510416664,0.3042672239284929,0.3155586017820425,0.10124373567066366,0.0
Tp_D_NRN_M_N_nat00025_nat00028_11037,splicing,1-5%,nat00025,False,0.0,0.0,0.0,0.0,0.5690420814206615,0.038490317560085,0.0,0.0
Tp_D_NRN_M_N_nat00083_ani00037_10055,splicing,1-5%,nat00083,False,0.0,0.0,0.0,0.0,0.6200638769581902,0.08996055725027688,0.18475157053112506,0.0
Tp_D_NRN_M_N_nat00086_ani00031_10146,splicing,1-5%,nat00086,True,0.544579533941236,0.7051492292554936,0.7079640157168066,0.036519368489583336,0.9893408836556801,0.04975598143078205,0.17372602903399248,0.0
Tp_D_NRN_M_N_nat10107_nat00059_11484,splicing,>5%,nat10107,True,0.02717764060356653,0.05291711877138803,0.10549223670135055,0.011891682942708334,0.8789914637904791,0.5226107996813899,0.2612561750176429,0.0
Tp_D_NRN_M_N_nat10107_nat00095_11485,splicing,>5%,nat10107,True,0.11784492908000224,0.2108430713676714,0.2523215045614388,0.047536214192708336,0.950494895251953,0.5273801766173067,0.7479059801311603,0.0
Tp_D_NRN_M_N_nat10107_nat00097_11483,splicing,>5%,nat10107,True,0.09392218360600152,0.17171638899651298,0.2152194859810016,0.039072672526041664,0.9512892171340328,0.5237201339560588,0.7030680515391592,0.0
Tp_D_NRN_M_N_nat10114_cha00052_11365,splicing,1-5%,nat10114,True,0.0,0.0,-0.0243225907900147,0.015004475911458334,0.38557251309188906,0.07207366222457565,0.0036210892236384707,0.0
Tp_D_NRN_M_N_nat10114_cha00070_11481,splicing,>5%,nat10114,True,0.09288732394366198,0.16998517945743927,0.15209263127092787,0.034678141276041664,0.7632793182639619,0.2193562410563878,0.32655017856714846,0.0
Tp_D_NRN_M_N_nat10116_cha00027_11675,splicing,>5%,nat10116,True,0.08702153110047847,0.16011004126547454,0.18491423444737895,0.025716145833333332,0.8369882025983303,0.27462681327939203,0.47537177925391316,0.0
Tp_D_NRN_M_N_nat10116_cha00028_11676,splicing,>5%,nat10116,True,0.0,0.0,-0.03417925778408847,0.007334391276041667,0.7903198891234899,0.2402506153501902,0.3562141687141687,0.0
Tp_D_NRN_M_N_nat10116_cha00029_11673,splicing,>5%,nat10116,True,0.17139581541989107,0.29263518473207734,0.33936286934332144,0.031056722005208332,0.8849131949336452,0.23826378372566062,0.45408735939626965,0.0
Tp_D_NRN_M_N_nat10116_cha00031_11368,splicing,>5%,nat10116,True,0.0,0.0,-0.034680350418689235,0.009236653645833334,0.7457250565097153,0.20509964669472416,0.3508336778283037,0.0
Tp_D_NRN_M_N_nat10116_cha00050_11677,splicing,>5%,nat10116,True,0.018760816891658014,0.03683066050557217,0.056362321516179696,0.007466634114583333,0.8295112966095755,0.24904262330121296,0.3609172482552343,0.0
Tp_D_NRN_M_N_nat10116_cha00052_11369,splicing,>5%,nat10116,True,0.0,0.0,-0.028632165222968523,0.009124755859375,0.725145836883593,0.1511378596953169,0.15574233648820454,0.0
Tp_D_NRN_M_N_nat10116_cha00067_11374,splicing,>5%,nat10116,True,0.19737698818714539,0.3296822807426396,0.3674986399472809,0.028900146484375,0.8990682443693813,0.18520159503766062,0.4115066363081024,0.0
Tp_D_NRN_M_N_nat10116_cha00070_11372,splicing,>5%,nat10116,True,0.26582278481012656,0.42,0.45976382790608644,0.045511881510416664,0.885626627729404,0.26056799079890297,0.47516740411234415,0.0
Tp_D_NRN_M_N_nat10116_cha00071_11730,splicing,>5%,nat10116,True,0.2919134396355353,0.4519086661377061,0.46831414888863154,0.034403483072916664,0.9008639337994544,0.14983296475791652,0.38303693570451436,0.0
Tp_D_NRN_M_N_nat10138_nat00095_11940,splicing,>5%,nat10138,True,0.6695726024215325,0.8020886320851105,0.6864111827283126,0.35534830729166667,0.9279439626385413,0.564633542346114,0.06493314321074013,0.0
Tp_D_NRN_M_N_nat10154_nat10160_12074,splicing,>5%,nat10154,True,0.3950932460671056,0.5664040696647472,0.5208379495062798,0.12321217854817708,0.9361257298238168,0.38283206731619446,0.2673812407135434,0.0
Tp_D_NRN_M_N_nat10156_ani00097_12012,splicing,1-5%,nat10156,True,0.17266882380131948,0.29448864043574857,0.40181178160856035,0.07746419270833334,0.9992951632646045,0.026398208853582773,0.09632764057060471,0.0
Tp_D_NRN_M_N_nat10156_cha00063_12009,splicing,1-5%,nat10156,True,0.20278921687372392,0.3371982622205599,0.43276584819530284,0.09406575520833334,0.9942098834549151,0.037436913051811155,0.13093362826915128,0.0
Tp_D_NRN_M_N_nat10156_cha00070_12011,splicing,>5%,nat10156,True,0.5779498613956852,0.7325326051671791,0.7415139131223805,0.10803385416666667,0.9995957863254026,0.11753747920375267,0.36016337149798655,0.0
Tp_D_NRN_M_N_pla00016_pla00014_10962,splicing,1-5%,pla00016,False,0.0,0.0,-0.022792464249917835,0.010528564453125,0.7705563353619592,0.08895800933125972,0.16125340384387704,0.0
Tp_D_NRN_M_N_pla00019_pla00020_10009,splicing,>5%,pla00019,False,0.0,0.0,-0.028668604136720763,0.012481689453125,0.7226139900490369,0.11508446302226143,0.0,0.0
Tp_D_NRN_M_N_pla00027_pla00014_10963,splicing,1-5%,pla00027,True,0.0,0.0,0.0,0.0,0.5749716301623664,0.07069259906188055,0.0,0.0
Tp_D_NRN_M_N_sec00014_cha00052_11401,splicing,1-5%,sec00014,True,0.0,0.0,0.0,0.0,0.7435093351868399,0.058019972145672206,0.023966165413533833,0.0
Tp_D_NRN_M_N_sec00014_cha00070_11404,splicing,>5%,sec00014,True,0.09591280653950954,0.17503729487817007,0.29622031416556605,0.008951822916666666,0.8676090329321212,0.17073102652611208,0.6506302904817003,0.0
Tp_D_NRN_M_N_sec00024_art00069_10781,splicing,>5%,sec00024,False,0.003869220352099052,0.007708614376565812,-0.03410265366697941,0.020782470703125,0.2914123271023388,0.15632179596582862,0.02489795918367347,0.0
Tp_D_NRN_M_N_sec00062_cha00052_11407,splicing,1-5%,nat00083,True,0.0,0.0,-0.009826700178765925,0.0022684733072916665,0.33705422812852603,0.07829223235492479,0.0,0.0
Tp_D_NRN_M_N_sec00062_cha00062_11478,splicing,>5%,nat00083,True,0.16080481622306717,0.27705745871434423,0.37022908714617125,0.021484375,0.7707094438261085,0.2262959421178933,0.3544705288704135,0.0
Tp_D_NRN_M_N_sec00062_cha00070_11479,splicing,>5%,nat00083,True,0.20412844036697247,0.33904761904761904,0.4095919119927113,0.017812093098958332,0.8656996969259364,0.13602836610478014,0.2526901062959935,0.0
Tp_D_NRN_M_N_sec00076_pla00050_10389,splicing,1-5%,sec00076,True,0.39273040111839985,0.5639718940622346,0.6077004603131462,0.09459431966145833,0.9968367834718187,0.07163874612577975,0.2945673389720234,0.0
Tp_D_NRN_M_N_txt00006_txt00028_10849,splicing,>5%,txt00006,True,0.10537958299995294,0.1906667802094865,0.2826480500316386,0.023712158203125,0.8294335564522715,0.35418009526280986,0.7128019225286139,0.0
Tp_D_NRN_M_O_ani00063_ani00031_10057,splicing,>5%,ani00063,True,0.6006623161585662,0.7505172203967385,0.7500706839777049,0.10172526041666667,0.988532441271844,0.12285894326796387,0.4827254123028771,0.0
Tp_D_NRN_M_O_ani00097_ani00036_10039,splicing,1-5%,ani00097,True,0.3337703198741479,0.500491448791036,0.49570707086944393,0.030405680338541668,0.9715529904458264,0.04179199617537499,0.2071295315887662,0.0
Tp_D_NRN_M_O_ani10104_ani10101_10021,splicing,1-5%,ani10104,False,0.2818093068662545,0.4397055090124397,0.47258467183220576,0.06599537037037037,0.9745688667754335,0.049132947976878616,0.20236213149818655,0.0
Tp_D_NRN_M_O_arc00082_arc00069_10012,splicing,>5%,arc00082,True,0.04005391309443582,0.0770227631282398,0.16236704037019706,0.013946533203125,0.5424614231594922,0.5153705004190925,0.15282582245866833,0.0
Tp_D_NRN_M_O_arc00082_art00096_11519,splicing,>5%,arc00082,True,0.05096917013120242,0.09699460570254302,0.006386727957085365,0.12632242838541666,0.5798128645624235,0.13378135945553435,0.0,0.004438104295450943
Tp_D_NRN_M_O_sec00001_sec00007_10032,splicing,>5%,sec00001,True,0.14454358270418668,0.25257855600863516,0.25495862799167057,0.023529052734375,0.7416986473614245,0.11550000479253132,0.08706918890904379,0.0
Tp_D_NRN_S_B_ani00028_ani00029_20111,splicing,>5%,ani00028,False,0.08057553956834532,0.14913448735019974,0.1613379966945801,0.017466227213541668,0.6970966619227377,0.13816418716086326,0.10886408404464872,0.0
Tp_D_NRN_S_B_ani00036_ani00037_00156,splicing,>5%,ani00036,False,0.8231404958677686,0.9029918404351768,0.8927862005962773,0.09477742513020833,0.9917460400177494,0.17512855259982552,0.5491558061964856,0.0
Tp_D_NRN_S_B_ani00067_ani00062_11127,splicing,1-5%,ani00067,True,0.6030914330626146,0.7524105245955222,0.7527038709761905,0.026713053385416668,0.9893378754599926,0.06862677682053499,0.6396423248882265,0.0
Tp_D_NRN_S_B_ani00093_ani00021_00213,splicing,>5%,ani00093,False,0.45599965130976766,0.6263732974105672,0.552260093449849,0.15814208984375,0.908449569617239,0.3074817282611503,0.3303069800889928,0.0
Tp_D_NRN_S_B_ani00097_ani00097_10059,copy-move,1-5%,ani00097,True,0.22951709169831797,0.3733451015004413,0.3682590233002729,0.018096923828125,0.9332324294903634,0.054484103030962724,0.031471801925722145,0.0
Tp_D_NRN_S_B_arc00055_ani00005_00275,splicing,<1%,arc00055,True,0.07908847184986595,0.14658385093167703,0.2600113833757427,0.06781005859375,0.9727666517525078,0.011710809744849974,0.0,0.0
Tp_D_NRN_S_B_art00078_art00068_01393,splicing,>5%,art00078,True,0.687881591119334,0.8150827578647375,0.8005104458287067,0.10138956705729167,0.9863375432418333,0.1553531050918064,0.4163615923438356,0.0
Tp_D_NRN_S_B_cha00036_cha00070_11738,splicing,1-5%,cha00036,True,0.0,0.0,0.0,0.0,0.8578504018755924,0.03370370740781486,0.03317681471788161,0.0
Tp_D_NRN_S_B_cha00042_cha00040_00362,splicing,1-5%,cha00042,False,0.2935503315250151,0.4538676607642125,0.4416869939986594,0.021708170572916668,0.9675673164045258,0.04296151778782027,0.4934612031386225,0.0
Tp_D_NRN_S_B_ind00064_ani00069_00467,splicing,1-5%,ind00064,False,0.3364524849241006,0.5035008557647425,0.546857658191542,0.0185546875,0.9595563408607349,0.08945941481143169,0.25049097244219193,0.0
Tp_D_NRN_S_B_ind00094_cha00026_00488,splicing,>5%,ind00094,False,0.06020144150803918,0.11356604349152395,-0.0002961088885355171,0.09834798177083333,0.6874676364518344,0.23801116657555363,0.0984708063021316,0.0
Tp_D_NRN_S_B_nat00083_sec00063_00997,splicing,>5%,nat00083,False,0.2907441318461795,0.4505062229960663,0.5144063841935986,0.035532633463541664,0.7287570407115644,0.21780670425497198,0.4297535211267606,0.0
Tp_D_NRN_S_B_sec00002_ani00017_01432,splicing,<1%,sec00002,False,0.3445440956651719,0.5125069483046136,0.5095837220912065,0.008443196614583334,0.9688782393710278,0.019521924390317608,0.09286243516917757,0.0
Tp_D_NRN_S_B_sec00014_cha00089_00034,splicing,>5%,sec00014,False,0.046261430876815494,0.0884318766066838,0.1825152806106749,0.005340576171875,0.7812278288632449,0.17115642208662002,0.5412127214702322,0.0
Tp_D_NRN_S_B_sec00014_sec00015_20053,splicing,>5%,sec00014,False,0.17438768369489152,0.2969848647360267,0.35283130881468144,0.017008463541666668,0.9098030855767294,0.12795292459746913,0.5964453335385089,0.0
Tp_D_NRN_S_B_sec00024_pla00022_20077,splicing,1-5%,sec00024,True,0.0,0.0,-0.018574125975679517,0.007008870442708333,0.8374858862660712,0.08905088205277738,0.23915005902367892,0.0
Tp_D_NRN_S_B_sec00081_cha00065_00101,splicing,>5%,sec00081,True,0.3621959575196985,0.5317824583464319,0.5291924867336304,0.054473876953125,0.9363656229870294,0.19383761735903135,0.275928052047455,0.0
Tp_D_NRN_S_B_sec00085_ani00077_00721,splicing,1-5%,ani00085,False,0.43751326119244643,0.6087084870848708,0.5980179443501368,0.037862141927083336,0.9806809995049768,0.060242509150823326,0.27869287991498404,0.0
Tp_D_NRN_S_N_ani00017_ani00010_00137,splicing,1-5%,ani00017,False,0.0,0.0,-0.03134570828277727,0.035390218098958336,0.8747820980313623,0.05083871991117103,0.21396414831791766,0.0
Tp_D_NRN_S_N_ani00052_ani00019_11858,splicing,>5%,ani00052,True,0.0,0.0,-0.022783932622961876,0.005696614583333333,0.3592378402462209,0.15341266635985384,0.02492906364004864,0.0
Tp_D_NRN_S_N_ani00054_ani00054_11129,copy-move,1-5%,ani00054,True,0.19968178202068418,0.3328912466843501,0.37504468743291863,0.014729817708333334,0.939947955114053,0.08910660135292746,0.21645465736561345,0.0
Tp_D_NRN_S_N_ani00059_ani00055_11144,splicing,1-5%,ani00059,True,0.0,0.0,-0.030606871648972838,0.043436686197916664,0.6941845977387701,0.03962469214585556,0.1297547363783228,0.0
Tp_D_NRN_S_N_ani00086_ani00031_10056,splicing,1-5%,ani00086,False,0.0,0.0,-0.02242293125808014,0.015909830729166668,0.7523066152718747,0.058556912776861626,0.07266371648506935,0.0
Tp_D_NRN_S_N_ani00098_ani00051_11133,splicing,1-5%,ani00098,True,0.26687221651250426,0.42130881557598704,0.4110707683876988,0.017649332682291668,0.96050929719444,0.03915545493532269,0.21266079462644952,0.0
Tp_D_NRN_S_N_ani10130_ani00031_12498,splicing,>5%,ani10130,False,0.0,0.0,0.0,0.0,0.6668273299014187,0.1654367221059588,0.0,0.0
Tp_D_NRN_S_N_ani10136_ani10123_12479,splicing,>5%,ani10136,False,0.8267490817880498,0.9051588858375834,0.896038896778169,0.08742894056847546,0.9942885173908746,0.16212408432700262,0.7037939015799537,0.0
Tp_D_NRN_S_N_ani10195_ani10194_12401,splicing,1-5%,ani10195,True,0.0,0.0,0.0,0.0,0.3868809694296252,0.03369918070799196,0.0,0.0
Tp_D_NRN_S_N_ani10195_ani10194_12403,splicing,1-5%,ani10195,True,0.0,0.0,0.0,0.0,0.3430652566190713,0.029933040439031694,0.0,0.0
Tp_D_NRN_S_N_arc00016_arc00020_11703,splicing,1-5%,arc00016,True,0.032704636253832575,0.0633378317588844,0.06963239079165892,0.1005859375,0.7990046929568543,0.024655634927811435,0.006191950464396285,0.024724179183836237
Tp_D_NRN_S_N_arc00016_sec00045_11699,splicing,<1%,arc00016,True,0.014601656562206473,0.028783033159400773,0.06467659331843087,0.11701456705729167,0.8766807217695517,0.007681160888906904,0.16308089500860584,0.0
Tp_D_NRN_S_N_arc00020_arc00021_20021,splicing,>5%,arc00020,False,0.0,0.0,0.0,0.0,0.5635433741204763,0.3322475570032573,0.0,0.0
Tp_D_NRN_S_N_arc00045_art00092_11757,splicing,1-5%,arc00045,True,0.008215801725318363,0.016297704739915795,-0.049121325664783874,0.11319986979166667,0.5751158697978263,0.07061686718612,0.187240158086537,0.0
Tp_D_NRN_S_N_arc00082_art00025_11518,splicing,1-5%,arc00082,True,0.029677113010446343,0.057643532395665206,0.0032086269383432495,0.142120361328125,0.6431777578696711,0.06642342227161417,0.3876450400392221,0.00023417832679585503
Tp_D_NRN_S_N_art00001_ani00068_00494,splicing,1-5%,art00001,True,0.0,0.0,-0.032454260364989954,0.035369873046875,0.8292470630917049,0.05433007748715969,0.0,0.0
Tp_D_NRN_S_N_art00014_art00092_11810,splicing,<1%,art00014,False,0.0,0.0,-0.008815084880316603,0.010904947916666666,0.832794784886138,0.013900113140455795,0.04863439274060167,0.0
Tp_D_NRN_S_N_art00027_ani00068_01214,splicing,1-5%,art00027,True,0.3482720178372352,0.5166198114767654,0.5632388655510635,0.089996337890625,0.9911683397266697,0.06394816397672105,0.08499406097400027,0.0
Tp_D_NRN_S_N_art00036_art00036_00514,copy-move,>5%,art00036,True,0.36933174224343673,0.5394335511982571,0.5062531028850724,0.07476806640625,0.9616105255134327,0.12260799816660937,0.27635722383171685,0.0
Tp_D_NRN_S_N_art00040_cha00089_00516,splicing,>5%,art00040,True,0.10486650429667754,0.18982656074533127,0.2010026315604712,0.037424723307291664,0.8155290945113614,0.34320962685812517,0.2222893568170146,0.0
Tp_D_NRN_S_N_art00046_sec00099_00520,splicing,1-5%,art00046,True,0.0,0.0,-0.012157392651138925,0.00634765625,0.7021501706484641,0.04422692410994061,0.0,0.0
Tp_D_NRN_S_N_art00054_ani00005_00523,splicing,1-5%,art00054,True,0.2350954943547536,0.38069201196070057,0.43039313442558524,0.092041015625,0.9598335178112646,0.052634185477560644,0.4109741550695825,0.0
Tp_D_NRN_S_N_art00074_cha00027_00529,splicing,>5%,art00074,True,0.29006924505995607,0.44969562086797144,0.5008295200183397,0.03704833984375,0.8242334918958505,0.21166283120639628,0.24289868038470142,0.0
Tp_D_NRN_S_N_art00083_art00083_01391,copy-move,>5%,art00083,True,0.3415873015873016,0.5092285849503077,0.5455283561287595,0.041147867838541664,0.9344297704480884,0.19708390646492435,0.4394122461706357,0.0
Tp_D_NRN_S_N_cha00012_art00065_00332,splicing,1-5%,cha00012,False,0.0,0.0,-0.016705536844043405,0.021464029947916668,0.6970584718001263,0.024814394357990335,0.0,0.0
Tp_D_NRN_S_N_cha00028_ani00068_10043,splicing,1-5%,cha00028,False,0.0,0.0,-0.008669500573074633,0.0032246907552083335,0.795350051316513,0.044402005251850084,0.0,0.0
Tp_D_NRN_S_N_cha00028_ani10123_11686,splicing,1-5%,cha00028,False,0.0,0.0,-0.012844172190979575,0.007334391276041667,0.40150460033792074,0.0427472100825278,0.0,0.0
Tp_D_NRN_S_N_cha00029_ani10123_11687,splicing,1-5%,cha00029,True,0.0,0.0,-0.029496505519034773,0.033864339192708336,0.7552408147401694,0.04729602224760392,0.0,0.0
Tp_D_NRN_S_N_cha00029_pla00033_10991,splicing,<1%,cha00029,True,0.0,0.0,-0.009143534986808512,0.048492431640625,0.7885797790115663,0.0032701975321180114,0.0,0.0
Tp_D_NRN_S_N_cha00036_art00092_11780,splicing,<1%,cha00036,True,0.0,0.0,0.0,0.0,0.8930272854064447,0.011529825838946538,0.04249923483887893,0.0
Tp_D_NRN_S_N_cha00036_pla00020_11739,splicing,<1%,cha00036,True,0.0,0.0,0.0,0.0,0.6814225896159956,0.009980060123283096,0.03956487411176419,0.0
Tp_D_NRN_S_N_cha00042_cha00041_11011,splicing,1-5%,cha00042,True,0.09971583570136916,0.18134836739487903,0.18958475528295954,0.011617024739583334,0.8548129991681428,0.061428331969354856,0.4931891025641026,0.0
Tp_D_NRN_S_N_cha10109_ani00005_11587,splicing,<1%,cha10109,False,0.0,0.0,0.0,0.0,0.14124471263053773,0.003412137460394833,0.0,0.0
Tp_D_NRN_S_N_cha10109_ani00017_11588,splicing,<1%,cha10109,False,0.5744089012517385,0.7296819787985865,0.7411817710544483,0.004689534505208333,0.9616974008065642,0.013558979540287952,0.6135496183206107,0.0
Tp_D_NRN_S_N_cha10109_ani00070_11586,splicing,<1%,cha10109,False,0.3781190019193858,0.5487465181058496,0.5751185186073213,0.005015055338541667,0.9880654196143654,0.01900309329249247,0.5258411377037808,0.0
Tp_D_NRN_S_N_cha10110_cha00026_11661,splicing,1-5%,cha10110,True,0.013088012139605462,0.02583785807901142,-0.001086111369856517,0.0299072265625,0.4962668574153289,0.047683829005511144,0.06102931058208339,0.0
Tp_D_NRN_S_N_cha10110_cha00028_11660,splicing,1-5%,cha10110,True,0.0,0.0,-0.019667901377421654,0.031351725260416664,0.45148304200304745,0.023344895189262554,0.004491218662019038,0.0
Tp_D_NRN_S_N_cha10127_ani10123_12184,splicing,<1%,cha10127,True,0.0,0.0,0.0,0.0,0.14432010122692696,0.015044310000454886,0.0,0.0
Tp_D_NRN_S_N_cha10179_pla00050_12278,splicing,1-5%,cha10179,False,0.0,0.0,0.0,0.0,0.3284105358740854,0.04851172848858831,0.024029391321616522,0.0
Tp_D_NRN_S_N_ind00025_ind00039_10105,splicing,1-5%,cha10101,False,0.16227420787681374,0.27923566878980893,0.2945623495619248,0.011688232421875,0.7866634499008931,0.05492679066086268,0.2586626492061653,0.0
Tp_D_NRN_S_N_ind00025_pla00050_10433,splicing,>5%,cha10101,False,0.02131276150627615,0.0417360133145564,0.05984603322565803,0.006072998046875,0.7671222372466796,0.13673496465058094,0.3061789117737473,0.0
Tp_D_NRN_S_N_ind00056_ind00089_00462,splicing,<1%,ind00056,False,0.0,0.0,-0.007605958232410683,0.011057535807291666,0.6273572947333987,0.010241878352393482,0.0,0.0
Tp_D_NRN_S_N_ind00064_ind00060_10945,splicing,1-5%,ind00064,False,0.6223855285472019,0.7672473867595819,0.7658917371334498,0.013539632161458334,0.9949648549127694,0.030828400588924613,0.23834114562644,0.0
Tp_D_NRN_S_N_ind00091_cha00063_00486,splicing,1-5%,ind00091,True,0.4510836845273931,0.6217197386163261,0.6022494063696558,0.049530029296875,0.9676869627522608,0.09259187395708021,0.4924526160481217,0.0
Tp_D_NRN_S_N_ind10104_pla00050_11551,splicing,1-5%,ind10103,True,0.0,0.0,-0.013833110025450112,0.009440104166666666,0.6019678188173418,0.03860772753120043,0.08051609264285967,0.0
Tp_D_NRN_S_N_nat00001_ani00005_00621,splicing,1-5%,nat00001,False,0.11402266288951841,0.20470438652256834,0.19229273594141244,0.029805501302083332,0.8942867489926211,0.03574675551736885,0.06793498898762057,0.0
Tp_D_NRN_S_N_nat00025_ani00058_00642,splicing,1-5%,nat00025,False,0.0,0.0,0.0,0.0,0.8406555627126758,0.029604834587747167,0.14231078904991948,0.0
Tp_D_NRN_S_N_nat10116_cha00086_11371,splicing,1-5%,nat10116,True,0.0,0.0,-0.017489341976917032,0.0081787109375,0.523187899135496,0.06906305244549205,0.0,0.0
Tp_D_NRN_S_N_nat10138_arc10125_11941,splicing,1-5%,nat10138,True,0.5532829348785449,0.712404575437903,0.7288926043453974,0.08482747395833333,0.9986212606020699,0.08965916086786187,0.6071631608868675,0.0
Tp_D_NRN_S_N_nat10156_ani00005_12015,splicing,<1%,nat10156,True,0.05178775366775015,0.09847567341825016,0.2193959853018266,0.07410807291666667,0.9989286054689256,0.007646435068535795,0.027257909764527726,0.0
Tp_D_NRN_S_N_nat10156_ani00031_12018,splicing,<1%,nat10156,True,0.10480738102945937,0.18972969013259103,0.31176248753417773,0.08044270833333333,0.9988173925419986,0.01672100455147035,0.06314839873703203,0.0
Tp_D_NRN_S_N_nat10156_ani00058_12013,splicing,<1%,nat10156,True,0.03939716999418492,0.07580772996410089,0.191958859693497,0.06717447916666666,0.9996252681519477,0.0052789979643716334,0.0,0.0
Tp_D_NRN_S_N_nat10156_ani00070_12014,splicing,<1%,nat10156,True,0.05324125640454444,0.10109983079526226,0.22258483179357252,0.07306315104166666,0.9993751042794872,0.007749801391073137,0.02788863217344629,0.0
Tp_D_NRN_S_N_nat10156_cha00062_12010,splicing,1-5%,nat10156,True,0.18577777777777776,0.31334332833583206,0.41504502690564804,0.087890625,0.9987742680937507,0.03213160119916981,0.11443041439961674,0.0
Tp_D_NRN_S_N_nat10156_pla00050_12008,splicing,<1%,nat10156,True,0.10203320276067898,0.18517264725795532,0.3091789910168953,0.0698046875,0.9994258215382665,0.014144052128718632,0.05262588240953423,0.0
Tp_D_NRN_S_N_nat10159_ani00031_12059,splicing,<1%,nat10159,True,0.08800383220420174,0.1617711805773948,0.28337920059765165,0.09513671875,0.9988848645541117,0.016605761656960604,0.1385962548834703,0.0
Tp_D_NRN_S_N_nat10159_ani00058_12051,splicing,<1%,nat10159,True,0.020523295399280227,0.04022112085398399,0.13847721628722748,0.06693359375,0.9996119983656163,0.0027436269187509346,0.0,0.0
Tp_D_NRN_S_N_nat10159_ani00070_12052,splicing,<1%,nat10159,True,0.06253748250816285,0.11771346147815999,0.23827368553560685,0.09770182291666667,0.9983779636386781,0.012145840680477681,0.07853227898414292,0.0
Tp_D_NRN_S_N_nat10159_ani00099_12054,splicing,<1%,nat10159,True,0.016148351892107716,0.03178345339445536,0.1223977419268758,0.07337565104166667,0.9990850099219282,0.0023669870335930082,0.01641488162344983,0.0
Tp_D_NRN_S_N_nat20056_nat20054_01560,splicing,<1%,nat20056,False,0.0,0.0,0.0,0.0,0.8858249225754867,0.008756988557802136,0.0,0.0
Tp_D_NRN_S_N_nat20084_nat20082_01588,splicing,1-5%,nat20084,False,0.0,0.0,0.0,0.0,0.944970202500165,0.05308696810873235,0.7747849159765217,0.0
Tp_D_NRN_S_N_pla00091_ani00031_00935,splicing,1-5%,pla00091,True,0.48396353814989873,0.6522579911272893,0.6684846643494381,0.057637532552083336,0.9909993030300127,0.06161945794595234,0.4169089147286822,0.0
Tp_D_NRN_S_N_pla10122_ani10122_11606,splicing,1-5%,pla10122,True,0.0,0.0,-0.006197021031349645,0.0032857259114583335,0.5673566496328366,0.022768413854137335,0.0024114544084400903,0.0
Tp_D_NRN_S_N_pla10122_pla00020_11604,splicing,1-5%,pla10122,True,0.0,0.0,-0.008460210211855786,0.0038248697916666665,0.254796449286443,0.03594297873190613,0.0,0.0
Tp_D_NRN_S_N_pla10122_pla10120_11605,splicing,1-5%,pla10122,True,0.0,0.0,-0.006389401720707146,0.0028177897135416665,0.9388112874927637,0.028083126053117226,0.34187304298320526,0.0
Tp_D_NRN_S_N_sec00002_nat00086_11509,splicing,1-5%,sec00002,True,0.0,0.0,0.0,0.0,0.8836659351860908,0.031163629080712997,0.15297164150824227,0.0
Tp_D_NRN_S_N_sec00010_ind00098_10855,splicing,1-5%,sec00010,True,0.0,0.0,0.0,0.0,0.8378782534409228,0.02758855927527363,0.117107137205254,0.0
Tp_D_NRN_S_N_sec00055_sec00050_00076,splicing,>5%,sec00055,False,0.2910958904109589,0.4509283819628647,0.41897396018415567,0.06868489583333333,0.8141844418050231,0.102532427424336,0.0,0.2796828908554572
Tp_D_NRN_S_N_sec00076_ani00098_00724,splicing,>5%,sec00076,True,0.41389476867251285,0.5854675720472652,0.6158949794621547,0.13456217447916666,0.9886662620634958,0.10551267597490822,0.46560417792184405,0.0
Tp_D_NRN_S_N_sec00081_cha00042_11115,splicing,1-5%,sec00081,True,0.0,0.0,0.0,0.0,0.8308883192312838,0.0902203053968994,0.0,0.0
Tp_D_NRN_S_N_sec00082_ani00081_00723,splicing,1-5%,arc00082,True,0.24326569360389225,0.39133339696478,0.47660141149400803,0.085723876953125,0.9887151362908561,0.040855371983179546,0.2240093014242806,0.2215492508766337
Tp_D_NRN_S_N_sec00085_art00020_11456,splicing,1-5%,ani00085,True,0.5468175388967468,0.7070226773957571,0.706292098403817,0.03173828125,0.9917230661441008,0.04665580415689703,0.3543797585172652,0.0
Tp_D_NRN_S_N_sec00092_ani00098_00715,splicing,>5%,sec00092,True,0.6541610529588558,0.7909278867238895,0.7920741898685507,0.09740193684895833,0.9896974156809106,0.12199828063807432,0.31372058087130694,0.0
Tp_D_NRN_S_O_ani10102_ani10104_10023,splicing,1-5%,ani10102,True,0.16082301070753727,0.27708446373666124,0.3816733615260079,0.11025462962962963,0.9978364709603966,0.03484510758313242,0.09896001550287449,0.0
Tp_D_NRN_S_O_nat10156_ani00036_12019,splicing,1-5%,nat10156,True,0.18488935445855703,0.3120786827273732,0.41652441963835724,0.074580078125,0.9994679141382019,0.02720302084537433,0.10010161400855448,0.0
Tp_D_NRN_S_O_nat10156_ani00084_12023,splicing,1-5%,nat10156,True,0.13527361303599178,0.23831015093222846,0.35456503069711665,0.07747721354166667,0.9976433058930756,0.02081622002957179,0.07560193743126564,0.0
Tp_D_NRN_S_O_nat10159_ani00036_12061,splicing,<1%,nat10159,True,0.07675847037844263,0.1425732371558958,0.26627087990183285,0.08214518229166666,0.9991387463997499,0.0125316607200044,0.08128409567771716,0.0
Tp_D_NRN_S_O_nat10159_ani00084_12055,splicing,<1%,nat10159,True,0.06626477652710404,0.12429328621908127,0.24893476868587996,0.06911783854166667,0.9995052975801176,0.00911839329632834,0.061469232617575746,0.0
Tp_D_NRN_S_O_nat10159_ani00097_12056,splicing,<1%,nat10159,True,0.1127141568981064,0.2025931928687196,0.3224341846266292,0.086640625,0.9991393313741377,0.019342359767891684,0.1409178448964254,0.0
Tp_S_CND_M_N_pla00022_pla00022_10969,copy-move,1-5%,pla00022,True,0.0,0.0,-0.00650381374129113,0.0025533040364583335,0.7342823684403132,0.031991351524494005,0.07706139224248651,0.0
Tp_S_CND_S_B_sec00085_sec00085_00105,copy-move,>5%,ani00085,True,0.5107717705323979,0.6761733049226902,0.6537235540612085,0.24176025390625,0.9826656488804574,0.23105160872381775,0.22045651545796013,0.558023410395253
Tp_S_CND_S_N_sec00024_sec00024_00045,copy-move,1-5%,sec00024,True,0.11653832049871654,0.20874934314240673,0.2810158454749215,0.134796142578125,0.9121559310430143,0.03935099773627053,0.11523986992582849,0.28809807594074577
Tp_S_CNN_M_B_nat00057_nat00057_11104,copy-move,>5%,nat00057,False,0.11836811078880884,0.21168005354752342,0.1027165910436009,0.124969482421875,0.6604708949502508,0.21140252722360198,0.4857142857142857,0.0
Tp_S_CNN_M_B_sec00092_sec00092_00112,copy-move,>5%,sec00092,True,0.4367155759128432,0.6079360219024118,0.5447792860694722,0.383209228515625,0.9682680632289549,0.3073214408705834,0.4325793522826738,0.5746467783561524
Tp_S_CNN_M_N_ani00064_ani00064_10443,copy-move,>5%,ani00064,True,0.4233808249860014,0.5948946586240056,0.5624260894212446,0.321624755859375,0.931294786487277,0.2514874202929484,0.5051481857232284,0.4601808956540922
Tp_S_CNN_M_N_art00054_art00054_10293,copy-move,>5%,art00054,True,0.4034944670937682,0.5749854759731098,0.16628934876568235,0.485626220703125,0.6228788180354766,0.6621392652272433,0.30965453163273926,0.4960680435412442
Tp_S_CNN_M_N_art00054_art00054_10539,copy-move,>5%,art00054,True,0.4577187807276303,0.6279932546374367,0.5731458496353413,0.3888651529947917,0.9678153908329735,0.31110194825275744,0.4747733699817639,0.600465043095159
Tp_S_CNN_M_N_art00056_art00056_10291,copy-move,>5%,art00056,True,0.4895042807314237,0.6572713983622146,-0.004374611299360116,0.921844482421875,0.502086269261187,0.6769758756434844,0.6436339153725685,0.6204087964938138
Tp_S_CNN_M_N_art00074_art00074_10536,copy-move,>5%,art00074,True,0.4110268529579806,0.582592531242523,0.12423121718673083,0.6649169921875,0.6176744115582173,0.6115842549044532,0.5758161491165872,0.5293024490608614
Tp_S_CNN_M_N_art00079_art00079_10286,copy-move,>5%,art00079,True,0.39733949012288405,0.568708596488519,-0.24860512967311224,0.7291463216145834,0.35155637647897875,0.740854595757762,0.549471567641794,0.3918968770091803
Tp_S_CNN_M_N_ind00026_ind00026_10397,copy-move,>5%,ind00026,True,0.38118638994212733,0.5519695136267586,0.2551414289031098,0.796905517578125,0.6495223075739398,0.49576520814365393,0.557249731247669,0.5685678788068614
Tp_S_CNN_M_N_ind00058_ind00058_10428,copy-move,>5%,ind00058,True,0.40373065516983575,0.5752252452177,0.014991099267183096,0.621490478515625,0.5479140829971998,0.6880905354187797,0.4178122145302061,0.5012666339578056
Tp_S_CNN_M_N_ind00094_ind00094_10653,copy-move,>5%,ind00094,True,0.49104616359011555,0.6586599068237874,-0.02474632385341919,0.9891255696614584,0.6207952730983329,0.6627944147073026,0.6331432002401681,0.6271823940304381
Tp_S_CNN_M_N_nat00047_nat00047_11068,copy-move,>5%,nat00047,True,0.43629156217134535,0.6075250647741354,0.5429653708687644,0.3640848795572917,0.8774435499615393,0.301809544374865,0.40181232860379157,0.6114633310486635
Tp_S_CNN_M_N_nat00071_nat00071_10610,copy-move,>5%,nat00064,True,0.4589962901896125,0.6291945953199936,0.07668470973850237,0.9849344889322916,0.5486263653122534,0.6257147250842292,0.6051397238554536,0.5905467442284427
Tp_S_CNN_M_N_nat00086_nat00086_10599,copy-move,>5%,nat00086,True,0.4566985277114006,0.6270323186622746,0.5262227628760673,0.5246683756510416,0.8643218572761425,0.3926486698605275,0.6343652481290216,0.6044710379788913
Tp_S_CNN_M_N_pla00080_pla00080_10458,copy-move,>5%,pla00080,True,0.5073482023053598,0.6731665603599941,-0.007531448135474861,0.91815185546875,0.5212230379496663,0.6954981256013004,0.1623790417748407,0.664774094892888
Tp_S_CNN_M_N_pla00097_pla00097_10615,copy-move,>5%,pla00097,True,0.481116637598777,0.6496674541159367,0.07308076554321705,0.9126993815104166,0.5591897622560034,0.6548163960672427,0.4920862664215576,0.6267071903974147
Tp_S_CNN_M_N_pla10114_pla10114_10430,copy-move,>5%,pla10114,True,0.4797226666666667,0.6483953749891872,0.0,1.0,0.5060562748178172,0.6483953749891872,0.6499511535561325,0.6086149609363307
Tp_S_CNN_M_N_sec00043_sec00043_10491,copy-move,>5%,cha30686,True,0.4332581453634085,0.6045779635231784,0.5101019338742688,0.3805338541666667,0.8722279446011704,0.3350016513808084,0.5704044342641325,0.5665362246773182
Tp_S_CNN_M_N_sec00043_sec00043_10492,copy-move,>5%,cha30686,True,0.3623459399694319,0.5319440963395277,0.24912633703387768,0.5382588704427084,0.6965274948886354,0.47800709099072597,0.5286579478627227,0.5481218681617486
Tp_S_CNN_M_N_sec00081_sec00081_10350,copy-move,>5%,sec00081,True,0.49301431422728886,0.6604281144919216,0.37589014607918675,0.83074951171875,0.7232902906552052,0.5811442757346573,0.6308463305642527,0.6392641160000351
Tp_S_CNN_M_N_sec00081_sec00081_10351,copy-move,1-5%,sec00081,True,0.2534088282874971,0.404351433576104,0.47685234255119685,0.0870361328125,0.9808333541060759,0.045548983547890054,0.4889651790093183,0.4346590909090909
Tp_S_CNN_M_N_sec00092_sec00092_10358,copy-move,>5%,sec00092,True,0.49824247135566296,0.6651025863721984,0.4924748005167675,0.5808308919270834,0.9223901126566569,0.4860352833370552,0.5206491077937307,0.6055221123273554
Tp_S_CNN_M_N_txt00005_txt00005_10838,copy-move,>5%,txt00005,True,0.5045572916666666,0.6707053223712679,0.0,1.0,0.5155413844196325,0.6707053223712679,0.6638788037450138,0.6560049641789361
Tp_S_CNN_M_N_txt00006_txt00006_10839,copy-move,>5%,txt00006,True,0.5333977608027388,0.6957069775861722,-0.006942840109544539,0.9758402506510416,0.49176789564597934,0.7024629761621921,0.4774961666816993,0.6850849866098268
Tp_S_CNN_M_N_txt00072_txt00072_10204,copy-move,>5%,txt00072,True,0.4419695856181808,0.613008193829145,0.060152638233202264,0.8338826497395834,0.5412799478930517,0.633385465540611,0.6354916402946201,0.25928453065600937
Tp_S_CNN_M_N_txt00085_txt00085_10822,copy-move,>5%,txt00085,True,0.4970853724850462,0.6640708427468273,0.1894205462195349,0.9243876139322916,0.6291926902452725,0.6449238403749397,0.4631864923799197,0.6570500211274788
Tp_S_CNN_M_N_txt00085_txt00085_11309,copy-move,>5%,txt00085,True,0.432108377452507,0.6034576492334457,0.5988962029291522,0.19001261393229166,0.9560515204122978,0.16624384420235785,0.542506370164466,0.6008873532529742
Tp_S_CNN_M_N_txt10101_txt10101_10150,copy-move,>5%,txt10101,True,0.5002416395692253,0.6668814227991473,0.21076183356728398,0.866176,0.6131189199644494,0.6439574745064005,0.13827062402642887,0.6367834983769569
Tp_S_CNN_M_N_txt10101_txt10101_10151,copy-move,>5%,txt10101,True,0.49930482026930195,0.6660484426103798,0.01867943838666632,0.995888,0.5524688853783913,0.6661639586830947,0.02854582960015002,0.6382425161454204
Tp_S_CNN_M_O_ani00097_ani00097_10101,copy-move,1-5%,ani00097,True,0.21294642857142856,0.35112256164887745,0.4294836435624684,0.13597615559895834,0.9815608295026728,0.057981607878386784,0.28055443722321277,0.38577709806920285
Tp_S_CNN_M_O_ani00097_ani00097_10133,copy-move,>5%,ani00097,True,0.5047276292197155,0.6708558006360854,0.36852012494893616,0.7684529622395834,0.6552695079654229,0.5897441415076069,0.634393829189228,0.6069748294518936
Tp_S_CNN_S_B_arc20018_arc20018_01471,copy-move,1-5%,arc20018,False,0.0,0.0,-0.03370339448903659,0.048967181467181466,0.44058215580894616,0.042258677910451285,0.0,0.0
Tp_S_CNN_S_B_arc20018_arc20018_02160,copy-move,1-5%,arc20018,True,0.1707256323684065,0.29165780204713615,0.32622935171839484,0.07957528957528957,0.9202634162287038,0.04402362842112964,0.0,0.5541344702016164
Tp_S_CNN_S_B_art00046_art00046_11925,copy-move,>5%,art00046,True,0.45033822496580783,0.6210113161382403,0.6077013954868767,0.2740885416666667,0.9362461838542038,0.22228652030814858,0.5568504758180159,0.6234768831917039
Tp_S_CNN_S_B_cha00047_cha00047_00367,copy-move,1-5%,cha00047,False,0.0,0.0,0.0,0.0,0.8586193416173354,0.04204551112881542,0.07263807564488052,0.0
Tp_S_CNN_S_B_pla20010_pla20010_02393,copy-move,<1%,pla20010,True,0.0,0.0,0.0,0.0,0.6022896490317425,0.014210238659136456,0.0,0.0
Tp_S_CNN_S_B_sec00008_sec00008_00770,copy-move,1-5%,sec00008,True,0.3209549071618037,0.4859437751004016,0.5217153408273268,0.11524454752604167,0.9804662636665007,0.08024371905910382,0.17213935090311205,0.5550300601202405
Tp_S_CNN_S_B_sec00082_sec00082_00102,copy-move,1-5%,arc00082,True,0.2569078947368421,0.4087935095524732,0.4321129713008101,0.02679443359375,0.9625720264700132,0.023861454804957234,0.04835031169226091,0.0
Tp_S_CNN_S_N_ani00052_ani00052_00172,copy-move,1-5%,ani00052,False,0.282475802343352,0.44051638530287984,0.42587073833512923,0.026011149088541668,0.9264517411337705,0.04917544799666607,0.09176696615245522,0.40044493882091214
Tp_S_CNN_S_N_ani00077_ani00077_10719,copy-move,1-5%,ani00077,True,0.24480687641192353,0.39332507082152973,0.4706813022677972,0.10834131736526946,0.9814014528083044,0.05246677823194305,0.20887653374233128,0.4996030313966077
Tp_S_CNN_S_N_ani20012_ani20012_02055,copy-move,>5%,ani10136,True,0.5304444146079484,0.6931900427678473,0.7043818540854495,0.12830318690783807,0.9990602578311848,0.12744200674991835,0.6737802216985249,0.41131664853101196
Tp_S_CNN_S_N_ani20031_ani20031_02074,copy-move,1-5%,ani10155,True,0.2974957531919557,0.45856913590674886,0.5213021470869266,0.11880859375,0.9984981045960584,0.06827685516478127,0.38618580167875943,0.5871409348856257
Tp_S_CNN_S_N_ani20067_ani20067_02109,copy-move,<1%,ani10195,False,0.2563897763578275,0.4081373172282263,0.4391949247272065,0.02321278825995807,0.9820935569094604,0.01933946839818751,0.37048946052161486,0.30798845043310874
Tp_S_CNN_S_N_arc20100_arc20100_01740,copy-move,<1%,arc20100,True,0.0,0.0,0.0,0.0,0.2546263052730616,0.011239669421487603,0.0,0.0
Tp_S_CNN_S_N_art00006_art00006_01196,copy-move,1-5%,art00006,False,0.0,0.0,-0.006600973597162574,0.0024922688802083335,0.833429226491784,0.03370370740781486,0.04704214460626369,0.0
Tp_S_CNN_S_N_art00014_art00014_01203,copy-move,>5%,art00014,True,0.3217873651771957,0.4868973235102117,0.5307941678340604,0.16465250651041666,0.9796329730257225,0.10157969950948206,0.3207610657367471,0.5102321019941157
Tp_S_CNN_S_N_art00056_art00056_00524,copy-move,>5%,art00056,True,0.16342463940717217,0.28093721565059143,0.30576860403381695,0.2994893391927083,0.8735111219066182,0.11010179657986562,0.16368687228435075,0.30574400723654455
Tp_S_CNN_S_N_art00074_art00074_10537,copy-move,1-5%,art00074,True,0.2957846035213983,0.4565335978180015,0.5104195742478967,0.15818277994791666,0.989784801230694,0.0896821772461839,0.41475561020596374,0.48503274087932646
Tp_S_CNN_S_N_art00083_art00083_00533,copy-move,>5%,art00083,True,0.5736926934097422,0.729103840682788,0.7372032294763494,0.113494873046875,0.9973564262708914,0.1225721433891637,0.20890431816797614,0.5722813920358185
Tp_S_CNN_S_N_art00092_art00092_01250,copy-move,1-5%,art00092,True,0.28482003129890454,0.44336175395858707,0.4633409898107845,0.022369384765625,0.9862567317720063,0.021833402086750043,0.11760880169096526,0.0
Tp_S_CNN_S_N_art20060_art20060_01866,copy-move,1-5%,art20060,True,0.29919094945124286,0.46058040902704295,0.5259753286454016,0.10340632036286845,0.9754068740176183,0.06007085512230082,0.0,0.46860030185707724
Tp_S_CNN_S_N_cha10127_cha10127_12183,copy-move,1-5%,cha10127,True,0.3786376374218582,0.5492924712688609,0.604758128455469,0.0384375,0.9894362279665984,0.02928159102666218,0.3876967095851216,0.4588195419551639
Tp_S_CNN_S_N_ind00025_ind00025_01321,copy-move,1-5%,cha10101,True,0.2975561832248557,0.4586409237175847,0.5160222275101041,0.081298828125,0.9753663032138393,0.051031939570570395,0.38227188081936686,0.5878127004490058
Tp_S_CNN_S_N_ind20007_ind20007_01748,copy-move,1-5%,ind20007,True,0.18874465260362885,0.3175528944592666,0.29471281637654584,0.031517543859649125,0.8050772059067686,0.07538903731466123,0.0,0.29573333333333335
Tp_S_CNN_S_N_ind20053_ind20053_01794,copy-move,1-5%,ind20053,False,0.0,0.0,-0.018661085668646094,0.027666100836832543,0.3522162769715323,0.023892893923789908,0.07011546642357946,0.0
Tp_S_CNN_S_N_nat00087_nat00087_10582,copy-move,>5%,nat00087,True,0.46635367762128327,0.6360725720384205,0.6132409400612322,0.15486653645833334,0.9530974902866329,0.17010107779080808,0.0,0.5871814395126976
Tp_S_CNN_S_N_nat20049_nat20049_01553,copy-move,>5%,nat20049,True,0.4471826013274961,0.6180043913149549,0.6261107386347351,0.19553478712357217,0.988536973566992,0.162155284837304,0.46571822630316084,0.585384638170562
Tp_S_CNN_S_N_pla00017_pla00017_01137,copy-move,1-5%,pla00017,True,0.2781015820149875,0.43517915309446253,0.4879267293923181,0.15758260091145834,0.9742957487913522,0.08687529191966371,0.12046522375414002,0.595166163141994
Tp_S_CNN_S_N_pla00019_pla00019_00557,copy-move,>5%,pla00019,True,0.4618492236352139,0.6318698483646937,0.6138414959162241,0.28887939453125,0.9681913285877461,0.23699997309875448,0.14288497759303762,0.6275952835003089
Tp_S_CNN_S_N_pla00019_pla00019_01139,copy-move,>5%,pla00019,True,0.4691319820516788,0.6386519220642444,0.5936796686368853,0.32061767578125,0.9479266817990522,0.2793079003334471,0.06008736386456624,0.6340463336294676
Tp_S_CNN_S_N_pla00041_pla00041_00576,copy-move,>5%,pla00041,True,0.4008678990081154,0.5723136339864022,0.5534891157203485,0.16624959309895834,0.9405513493069613,0.15941133516823008,0.3992286091281253,0.5330723677607146
Tp_S_CNN_S_N_pla00046_pla00046_00581,copy-move,>5%,pla00046,True,0.45634610372686996,0.6267000715819614,0.6028552768306777,0.22455851236979166,0.9450113252512319,0.20869739515475094,0.1862484245903935,0.6044308929903662
Tp_S_CNN_S_N_pla00046_pla00046_01156,copy-move,<1%,pla00046,True,0.0,0.0,0.0,0.0,0.9179442561836985,0.014321351741690485,0.16669823830270886,0.0
Tp_S_CNN_S_N_pla00058_pla00058_11209,copy-move,<1%,pla00058,True,0.0,0.0,-0.005017832104009297,0.0025227864583333335,0.7852639548078473,0.019521924390317608,0.0,0.0
Tp_S_CNN_S_N_pla00067_pla00067_11217,copy-move,1-5%,pla00067,True,0.38745005179813524,0.5585066666666667,0.5952809882878298,0.066925048828125,0.9892984287868272,0.055311572700296734,0.1841780387708118,0.5876543209876544
Tp_S_CNN_S_N_pla20049_pla20049_01949,copy-move,1-5%,pla20049,False,0.0,0.0,0.0,0.0,0.3989557078048985,0.030563276602078044,0.0,0.0
Tp_S_CNN_S_N_pla20069_pla20069_01969,copy-move,<1%,pla20069,True,0.0601682622570351,0.11350700525394046,0.23439594382885712,0.09192,0.9994855409159766,0.011000493271877668,0.032825285282433565,0.3198642813078347
Tp_S_CNN_S_N_pla20069_pla20069_02366,copy-move,1-5%,pla20069,True,0.19654338465168406,0.3285186098102046,0.4266229079519894,0.090416,0.9998635738535689,0.034920768005365976,0.0815228028968487,0.536048570705793
Tp_S_CNN_S_N_sec00008_sec00008_10800,copy-move,1-5%,sec00008,True,0.30943428473765167,0.47262285453240227,0.5032633206602433,0.113922119140625,0.948770902567562,0.080524856484555,0.12969590922346827,0.5695872083537282
Tp_S_CNN_S_N_sec00055_sec00055_11236,copy-move,1-5%,sec00055,True,0.027057679844458848,0.052689698690645215,0.021566469198440262,0.035451253255208336,0.5847432619111294,0.056426580201269304,0.05996023856858847,0.0
Tp_S_CNN_S_N_sec00076_sec00076_00097,copy-move,1-5%,sec00076,False,0.22018494897959184,0.36090422056709787,0.45680624972049916,0.06377156575520833,0.9977754406051579,0.027766631891501484,0.13915430502032414,0.0
Tp_S_CNN_S_N_sec20015_sec20015_01605,copy-move,1-5%,sec20015,True,0.2590738423028786,0.4115308151093439,0.49417815048196434,0.057846153846153846,0.9891305475011125,0.030172793793529048,0.17139816582678644,0.580828133862734
Tp_S_CNN_S_N_sec20062_sec20062_02149,copy-move,>5%,sec20062,True,0.2874991758422892,0.4466009473818973,0.38073563442382896,0.11069132801121369,0.8271184049952083,0.18701265181935048,0.5173602276144433,0.2817940818227413
Tp_S_CNN_S_N_sec20079_sec20079_01669,copy-move,1-5%,sec20079,True,0.24144493786617904,0.38897405837616855,0.46961307682616554,0.11109867330016583,0.9995559206430699,0.05224694149473089,0.24040426559655184,0.3194925879489638
Tp_S_CNN_S_N_txt00014_txt00014_10846,copy-move,>5%,txt00014,True,0.2886624367108889,0.4480031829711046,0.4550935474156422,0.3143819173177083,0.9303692390063761,0.17300883722226867,0.235505471174261,0.562822402358143
Tp_S_CNN_S_N_txt00071_txt00071_11299,copy-move,>5%,txt00071,True,0.42482445270549357,0.5963183070010146,0.5760070929253205,0.132232666015625,0.9370506161535255,0.14524254259353597,0.416016016016016,0.49296939619520264
Tp_S_CNN_S_N_txt00072_txt00072_01285,copy-move,1-5%,txt00072,True,0.19478737997256515,0.32606199770378874,0.3839029866556371,0.21998087565104166,0.9551390824319754,0.0876382417881703,0.07350037578181726,0.4882023066342186
Tp_S_CRD_M_N_sec00010_sec00010_10857,copy-move,>5%,sec00010,True,0.1395171813832101,0.24487069376848936,0.20492263770891098,0.046539306640625,0.8431509119786145,0.11331183786273606,0.15029277813923228,0.2429514097180564
Tp_S_CRD_S_B_art00027_art00027_10765,copy-move,>5%,art00027,True,0.3162515006002401,0.48053354614376104,0.44857601148267795,0.11067708333333333,0.8423706633242298,0.12695418560118896,0.2987143431096826,0.4768153980752406
Tp_S_CRD_S_B_sec00002_sec00002_00022,copy-move,1-5%,sec00002,True,0.19755032743148193,0.3299240506329114,0.42323824581913383,0.083404541015625,0.9910455057996042,0.03352670534106821,0.14226914817466,0.4181227771764342
Tp_S_CRD_S_N_ani00067_ani00067_00187,copy-move,1-5%,ani00067,True,0.1505488761108207,0.2616992276238074,0.2735147589877056,0.031697591145833336,0.8994193936913437,0.0258258861331459,0.2991728585447918,0.0
Tp_S_CRD_S_N_arc20093_arc20093_02411,copy-move,<1%,arc20093,True,0.1295091288142018,0.22931931316069132,0.3546483631915134,0.03297708333333333,0.999896329573951,0.008505341769525982,0.0,0.0
Tp_S_CRD_S_N_cha20039_cha20039_02038,copy-move,1-5%,cha10152,True,0.24987316083206493,0.3998376293890806,0.4620398121691287,0.08817522603148377,0.9637466881389662,0.048564231738035264,0.13045662960869292,0.5889189619487343
Tp_S_CRD_S_N_ind00094_ind00094_01376,copy-move,1-5%,ind00094,False,0.10234410908533782,0.18568450312717164,0.27289936181361396,0.13044230143229166,0.9582055044871489,0.031380480820258135,0.013273567531880885,0.1890577507598784
Tp_S_CRN_M_N_arc00036_arc00036_10088,copy-move,>5%,arc00036,True,0.41256363347120584,0.5841345815443092,0.4655365794663966,0.4930826822916667,0.8289188001230666,0.37335252798530616,0.6161484437601144,0.5558546433378196
Tp_S_CRN_M_N_arc10127_arc10127_11892,copy-move,1-5%,arc10127,True,0.2461927406248119,0.3951118195430614,0.46231288558446804,0.16768612726098192,0.9990055138466483,0.07929276283902988,0.3297829419833777,0.5176713833430251
Tp_S_CRN_M_N_art00008_art00008_10741,copy-move,>5%,art00008,True,0.4966374444577879,0.6636710130391174,0.5248547153775794,0.480377197265625,0.8648395170278002,0.43783371472158655,0.18820545339251743,0.6144117482829862
Tp_S_CRN_M_N_art00008_art00008_10742,copy-move,>5%,art00008,True,0.4399634295002032,0.6110758377425044,0.4631090865215293,0.5894266764322916,0.7998701329486143,0.4322906284137755,0.4569099996816402,0.6031265064389505
Tp_S_CRN_M_N_art00008_art00008_10743,copy-move,>5%,art00008,True,0.4194107452339688,0.590964590964591,0.33892840995355333,0.763153076171875,0.7772776882374794,0.5036418019499053,0.5240044322833043,0.5886176210222243
Tp_S_CRN_M_N_art00066_art00066_10473,copy-move,>5%,art00066,True,0.41312913538026913,0.5847011784511784,0.473882134457452,0.37481689453125,0.8726759554968424,0.34060870005570465,0.1489416457569324,0.45377695402558654
Tp_S_CRN_M_N_nat00001_nat00001_10555,copy-move,>5%,nat00001,False,0.35808556536652686,0.5273387399119951,0.024369404550631645,0.5148722330729166,0.5008200830017838,0.6809081638129998,0.6265019591605131,0.21811273345692442
Tp_S_CRN_M_N_nat00001_nat00001_10556,copy-move,>5%,nat00001,True,0.36969095303867405,0.5398165947121293,0.1387194516038162,0.5665283203125,0.5950996819330874,0.5733504582362802,0.5933940222396727,0.43299379730268023
Tp_S_CRN_M_N_nat00064_nat00064_10560,copy-move,>5%,nat00064,True,0.4943357150253702,0.6616126618066912,-0.06700823382856565,0.94769287109375,0.528540432660906,0.6844563399130144,0.29573901815594617,0.648567571621419
Tp_S_CRN_M_N_pla00046_pla00046_10992,copy-move,<1%,pla00046,True,0.0,0.0,-0.005274115807088607,0.00592041015625,0.9067337883175768,0.009254665303105477,0.05818611676627044,0.0
Tp_S_CRN_M_N_pla00092_pla00092_10608,copy-move,>5%,pla00092,True,0.5483140283140283,0.7082723766458305,0.04239563930201094,0.9799296061197916,0.44501459299645757,0.7095232781763404,0.3712654248379991,0.692383051677688
Tp_S_CRN_M_N_sec00045_sec00045_10487,copy-move,>5%,sec00045,True,0.6400387528624273,0.7805166210192793,0.7199230468251777,0.3353678385416667,0.9464506074733346,0.3778083977590574,0.27764885885503,0.7402304891324749
Tp_S_CRN_M_N_txt00085_txt00085_11308,copy-move,>5%,txt00085,True,0.4899415963659961,0.6576655052264808,0.6263012252549125,0.15433756510416666,0.9565138960043572,0.18607225892165186,0.5448042168674698,0.6060917619843208
Tp_S_CRN_M_O_ind00064_ind00064_10686,copy-move,>5%,ind00064,True,0.5241059959391704,0.6877553101104503,0.03618170193558274,0.9684855143229166,0.6112874222220236,0.6912257111094839,0.5655236973135244,0.6596652725627525
Tp_S_CRN_S_B_art00014_art00014_20054,copy-move,>5%,art00014,False,0.18308243727598567,0.3095007270964615,0.3560080632906083,0.018198649088541668,0.9067963965536192,0.12337854477077706,0.36312700106723583,0.0
Tp_S_CRN_S_B_pla10002_pla10002_20045,copy-move,>5%,pla10002,True,0.45592316842151637,0.6263011377390463,0.6337460157478554,0.188375,0.9950785485642915,0.16011591269750006,0.22946595877576514,0.5569039029189898
Tp_S_CRN_S_N_ani00011_ani00011_00131,copy-move,>5%,ani00011,True,0.32525983242525525,0.49086197961651407,0.5145815533312217,0.22016398111979166,0.9720887045544004,0.13828759729560822,0.4386088897154547,0.48305633498812867
Tp_S_CRN_S_N_ani00011_ani00011_10222,copy-move,1-5%,ani00011,True,0.24769620253164557,0.39704569434299164,0.447703259134207,0.09656778971354167,0.9763434109910276,0.05592690740813986,0.2495609575746372,0.38885264237114364
Tp_S_CRN_S_N_ani00054_ani00054_00174,copy-move,1-5%,ani00054,False,0.023489167616875712,0.04590017825311943,0.023909906185910903,0.024922688802083332,0.6173994953553716,0.0406210759203524,0.0658669669149489,0.0
Tp_S_CRN_S_N_ani00088_ani00088_10138,copy-move,1-5%,ani00088,True,0.32468585326307253,0.49020807833537333,0.5313122813569237,0.07234700520833333,0.9739069347131788,0.053309041942255136,0.2225905361730339,0.45958065689007394
Tp_S_CRN_S_N_ani00098_ani00098_00218,copy-move,1-5%,ani00098,True,0.4627269831156419,0.6326908417728411,0.6428677831588059,0.059468587239583336,0.9759409691454313,0.06566247872413691,0.01078167115902965,0.0
Tp_S_CRN_S_N_ani10155_ani10155_12485,copy-move,1-5%,ani10155,True,0.25003783865597096,0.40004843201356094,0.48327135828406503,0.08602864583333333,0.9992828819598969,0.042114923775047164,0.3201860645411377,0.5077980882106322
Tp_S_CRN_S_N_arc10127_arc10127_11891,copy-move,<1%,arc10127,True,0.11708253358925144,0.20962199312714777,0.33408473418190965,0.05258801679586563,0.9993140262882322,0.01223891976485223,0.07088078085056937,0.0
Tp_S_CRN_S_N_art00015_art00015_01204,copy-move,>5%,art00015,True,0.3968268525311812,0.5681833103538835,0.5348136892446472,0.08447265625,0.8698635435659438,0.13165322005872795,0.0,0.4053863933273038
Tp_S_CRN_S_N_art00040_art00040_10462,copy-move,1-5%,art00040,True,0.22663881203771669,0.36952819332566167,0.4401320410752142,0.18016560872395834,0.9925469176560924,0.07846126781211517,0.2781253102968921,0.5691131780090247
Tp_S_CRN_S_N_art00040_art00040_10464,copy-move,>5%,art00040,True,0.4061928403449177,0.5777199665520766,0.579083601624293,0.23105875651041666,0.964028194699597,0.17751369590003616,0.3779906784049715,0.6220224400948572
Tp_S_CRN_S_N_art00065_art00065_01238,copy-move,>5%,art00065,True,0.40810006679215494,0.5796463993100475,0.6038727654649911,0.16753133138020834,0.9942739292217975,0.12798857414901213,0.2741430926031821,0.5159258378892322
Tp_S_CRN_S_N_art00079_art00079_10287,copy-move,>5%,art00079,False,0.40613489140099074,0.5776613522424462,0.5934108656311401,0.15728759765625,0.9711557544817004,0.12723964832401435,0.43335235822134593,0.5474903474903475
Tp_S_CRN_S_N_art20075_art20075_01881,copy-move,1-5%,art20075,True,0.45437385713443046,0.6248377676833226,0.6152914871691788,0.043742126480221716,0.9500220756641194,0.06559504336144897,0.0,0.4539450510743219
Tp_S_CRN_S_N_art20075_art20075_02318,copy-move,1-5%,art20075,True,0.4151735270379338,0.586745751112125,0.6363538464991341,0.03898337112622827,0.9982206637082939,0.03195775328812803,0.0,0.495665305665865
Tp_S_CRN_S_N_art20093_art20093_01899,copy-move,1-5%,art20093,True,0.5575642245480494,0.7159437996334759,0.7428268657814032,0.02188125,0.9990838609465169,0.024150642048132515,0.25820222246671803,0.6738691260430391
Tp_S_CRN_S_N_cha10143_cha10143_12227,copy-move,1-5%,cha10143,True,0.0,0.0,-0.007486703786361768,0.00527027027027027,0.7912338868220086,0.020720029956669817,0.10066764935402757,0.0
Tp_S_CRN_S_N_cha10152_cha10152_12218,copy-move,1-5%,cha10152,True,0.0896797743487639,0.16459840121811953,0.18540855927830377,0.0607416586350911,0.8682999876582653,0.02880260546537072,0.013181055303123338,0.2502733568217714
Tp_S_CRN_S_N_cha10168_cha10168_12299,copy-move,<1%,cha10168,False,0.0,0.0,0.0,0.0,0.7422179779099406,0.008350465747861621,0.06999255398361877,0.0
Tp_S_CRN_S_N_cha10179_cha10179_12277,copy-move,<1%,cha10179,True,0.18896078172454772,0.3178587294535762,0.31789973776334046,0.01557312252964427,0.9555113520896164,0.019503030574131646,0.023258643767274496,0.43294975504158595
Tp_S_CRN_S_N_cha10199_cha10199_12359,copy-move,<1%,cha10199,True,0.12242618199384095,0.21814562767302365,0.3085295137809662,0.06114081996434938,0.9587647124375607,0.018543046357615896,0.08001655286571488,0.07621487470979105
Tp_S_CRN_S_N_ind00056_ind00056_10911,copy-move,1-5%,ind00056,True,0.2937046292990599,0.4540520651274032,0.42552704320424484,0.061492919921875,0.9074703036899969,0.09359061378842239,0.2081179057467166,0.43369139644613997
Tp_S_CRN_S_N_ind00058_ind00058_10427,copy-move,1-5%,ind00058,True,0.31125596554533813,0.47474478473146914,0.5403677900274034,0.08739217122395833,0.9942680611025283,0.052962031333557806,0.31034281375927114,0.5151046499639138
Tp_S_CRN_S_N_ind00064_ind00064_10685,copy-move,1-5%,ind00064,False,0.14827127659574468,0.2582513028372901,0.3152050999024572,0.0036112467447916665,0.8049446140867285,0.027529194590473132,0.0,0.0
Tp_S_CRN_S_N_ind20050_ind20050_01791,copy-move,1-5%,ind20050,False,0.0,0.0,-0.006894351944469416,0.00258130081300813,0.09853084800850204,0.03543144640694254,0.0,0.0
Tp_S_CRN_S_N_pla00092_pla00092_10606,copy-move,1-5%,pla00092,True,0.0,0.0,-0.025479318873862962,0.034657796223958336,0.6000535289114162,0.03490254872563718,0.03842459173871278,0.0
Tp_S_CRN_S_N_pla00092_pla00092_10607,copy-move,>5%,pla00092,True,0.3126375760714748,0.4763501849568434,0.44069673508854207,0.13074747721354166,0.8828988942299689,0.14040065830543103,0.2979813196746008,0.519927787807249
Tp_S_CRN_S_N_pla20012_pla20012_01912,copy-move,>5%,pla20012,True,0.31084549668620465,0.47426717713417305,0.43778800026472303,0.09096936442615455,0.8832381035968382,0.12292401575816876,0.19897919926133012,0.41500125129598514
Tp_S_CRN_S_N_pla20064_pla20064_01964,copy-move,<1%,pla20064,False,0.0,0.0,-0.015220345317080082,0.03023088699347018,0.482628604789585,0.014644993812629679,0.0,0.0
Tp_S_CRN_S_N_sec00008_sec00008_10803,copy-move,1-5%,sec00008,True,0.1368507831821929,0.24075416968817984,0.344755523434323,0.08563232421875,0.9666205766641969,0.024814394357990335,0.04501006207307049,0.45347862531433364
Tp_S_CRN_S_N_sec00014_sec00014_11233,copy-move,1-5%,sec00014,True,0.3486347447566284,0.517018779342723,0.5704430265224324,0.050526936848958336,0.9894710945339193,0.036923507034237614,0.5180647188187245,0.5538150581101566
Tp_S_CRN_S_N_sec00033_sec00033_00054,copy-move,1-5%,sec00033,False,0.21824324324324323,0.35829173599556297,0.35400438599163014,0.020416259765625,0.9225447166664109,0.06689870804082355,0.19841316833441885,0.0
Tp_S_CRN_S_N_sec00055_sec00055_11234,copy-move,<1%,sec00055,True,0.08756701557314271,0.16103286384976526,0.18187850757543994,0.033986409505208336,0.8903552004703726,0.018523930943430456,0.07768198382366012,0.0
Tp_S_CRN_S_N_sec00056_sec00056_11271,copy-move,<1%,sec00056,True,0.19485791610284167,0.3261608154020385,0.373219193730211,0.013509114583333334,0.9696715108732277,0.00887160478823601,0.05986468940066972,0.0
Tp_S_CRN_S_O_art00040_art00040_10463,copy-move,1-5%,art00040,True,0.2792297111416781,0.43655913978494626,0.5092608885751257,0.09614054361979167,0.9966709758042616,0.052286934210395965,0.1771603113607252,0.5504683995250033
Tp_S_CnN_S_N_txt00071_txt00071_01297,copy-move,<1%,txt00071,False,0.0,0.0,-0.017840255206949644,0.0439453125,0.8785996742131645,0.013659325116185088,0.0,0.0
Tp_S_NND_M_B_arc10107_arc10107_11164,copy-move,>5%,arc10107,True,0.46047745358090186,0.6305848165637487,0.41285366108312926,0.4554947916666667,0.8112239141396713,0.4997655883731833,0.2731015862301721,0.48063323690131793
Tp_S_NND_M_B_arc10107_arc10107_11165,copy-move,>5%,arc10107,True,0.21764190528888275,0.35748097095467113,0.053384002119861544,0.42692708333333335,0.5762636580681046,0.4136492264474418,0.08273944029202156,0.36390991155284036
Tp_S_NND_S_B_art00075_art00075_01245,copy-move,1-5%,art00075,False,0.04118715929739552,0.07911576497963932,0.06382406573057965,0.014892578125,0.8056350020623343,0.03937054987135762,0.065852654685142,0.0
Tp_S_NND_S_B_art00092_art00092_01006,copy-move,>5%,art00092,False,0.32663527829157557,0.49242664300652766,0.5430373289004747,0.040150960286458336,0.931072888672559,0.21486162562649816,0.32906778653777585,0.0
Tp_S_NND_S_B_ind00091_ind00091_01373,copy-move,1-5%,ind00091,False,0.5001387347391787,0.6667899750300564,0.6645576776971718,0.06645711263020833,0.979447786823096,0.0834438119004913,0.30040300620847404,0.0
Tp_S_NND_S_B_sec00081_sec00081_00035,copy-move,>5%,sec00081,True,0.30658317541402325,0.4692899482910834,0.43098850065926386,0.093902587890625,0.9401118778563787,0.12631157617863167,0.3799741416463152,0.3426655228885596
Tp_S_NND_S_N_ani00086_ani00086_00815,copy-move,1-5%,ani00086,True,0.12176786451879389,0.21709993372118713,0.2934301343106583,0.11976114908854167,0.9502329348285132,0.03608031165717711,0.10735362376500232,0.332561865764643
Tp_S_NND_S_N_ani00088_ani00088_00208,copy-move,1-5%,ani00088,True,0.2701109083251439,0.42533436498286725,0.48965745719758125,0.14481608072916666,0.9955534249755811,0.07552710401127621,0.0751305432156496,0.41434735706580367
Tp_S_NND_S_N_ani20009_ani20009_02438,copy-move,>5%,ani10133,True,0.3463906720817503,0.5145470468035419,0.5432882725239079,0.20982461927538623,0.998577614892597,0.13551330018963662,0.6143693651826377,0.6096507651214459
Tp_S_NND_S_N_ani20025_ani20025_02068,copy-move,1-5%,ani10149,True,0.3863195883178507,0.5573312121869501,0.5990552838127474,0.11083703703703704,0.9989892006414467,0.08212074825703844,0.6722293289917433,0.4353069696307625
Tp_S_NND_S_N_ani20055_ani20055_02098,copy-move,>5%,ani10179,True,0.4434617532104969,0.6144419860438489,0.5861653245165434,0.2208104896708428,0.9219739662622912,0.207905858180205,0.4936553103130047,0.609921013000584
Tp_S_NND_S_N_arc20026_arc20026_01479,copy-move,1-5%,arc20026,True,0.10409977004826915,0.18856949864905434,0.2739536041735965,0.30169375,0.9194709673376625,0.060899863657021665,0.2998328956791597,0.43082031193114795
Tp_S_NND_S_N_arc20065_arc20065_02196,copy-move,<1%,arc20065,True,0.0654139253088465,0.12279532631391887,0.24500649577949177,0.08759121061359867,0.9984945593747834,0.01139408529899168,0.16329906652487297,0.06812155822965531
Tp_S_NND_S_N_art00078_art00078_01246,copy-move,>5%,art00078,True,0.41876221498371335,0.5903205069336027,0.6148955793012307,0.15614827473958334,0.9958467373305274,0.12275140358247719,0.3135593220338983,0.5996039063033531
Tp_S_NND_S_N_art00092_art00092_00006,copy-move,1-5%,art00092,True,0.3456937799043062,0.5137777777777778,0.5654146367793922,0.11055501302083333,0.9948261052191745,0.07362263744231391,0.2948047351240807,0.5256890425429751
Tp_S_NND_S_N_cha00049_cha00049_00852,copy-move,1-5%,cha00049,False,0.24748646558391338,0.3967761934283943,0.43585228380268953,0.07364908854166667,0.9549037507004767,0.048400865577415575,0.16365711217023562,0.0
Tp_S_NND_S_N_cha00092_cha00092_00412,copy-move,1-5%,cha00092,True,0.3239048219350772,0.4893173838005118,0.5425836634024026,0.12910970052083334,0.9901791517579908,0.08028120880730362,0.25975276930486435,0.5235579358760947
Tp_S_NND_S_N_ind00058_ind00058_01347,copy-move,1-5%,ind00058,False,0.47235387045813587,0.6416309012875536,0.6568745615461173,0.023712158203125,0.9935510874660078,0.028023791135495132,0.0413526925197574,0.0
Tp_S_NND_S_N_ind00067_ind00067_10688,copy-move,1-5%,ind00067,False,0.0,0.0,-0.006065012354282865,0.0024007161458333335,0.7013966915967659,0.029664074400705523,0.0,0.0
Tp_S_NND_S_N_ind20012_ind20012_01753,copy-move,>5%,ind20012,True,0.7068736141906874,0.8282670823590543,0.8231567063923821,0.1257588454376164,0.9982012385590726,0.16390640025643766,0.07765008316951459,0.5579940188635841
Tp_S_NND_S_N_ind20029_ind20029_01770,copy-move,1-5%,ind20029,False,0.14761540423361388,0.25725587803902394,0.2680106078764552,0.03320625,0.6551499734727887,0.026964814205853338,0.0,0.20585687055969504
Tp_S_NND_S_N_nat20012_nat20012_01516,copy-move,<1%,nat20012,False,0.0,0.0,0.0,0.0,0.30782982290574695,0.016273058675699822,0.0,0.0
Tp_S_NND_S_N_nat20039_nat20039_02237,copy-move,1-5%,nat20039,True,0.4343094753605238,0.6056007895386134,0.644244191562792,0.06452537998279323,0.9920073096920783,0.05534487373962702,0.1828096366155634,0.5192841715519901
Tp_S_NND_S_N_nat20067_nat20067_01571,copy-move,<1%,nat20067,False,0.0,0.0,0.0,0.0,0.6820589630844672,0.00742686350874015,0.029349736379613356,0.0
Tp_S_NND_S_N_nat20069_nat20069_01573,copy-move,1-5%,nat20069,True,0.32268883576551183,0.4879285695017669,0.5417685747928543,0.12797716894977168,0.998082175959826,0.07931802634579292,0.36986898656645145,0.5830036398164267
Tp_S_NND_S_N_pla00079_pla00079_01182,copy-move,>5%,pla00079,True,0.4513111373011196,0.6219357458255088,0.6413926414069979,0.13737996419270834,0.9959735126791084,0.11861973933513234,0.6381113938365847,0.6025692263773909
Tp_S_NND_S_N_pla20010_pla20010_01910,copy-move,<1%,pla20010,True,0.25946252838758516,0.41202103681442526,0.4808877927407726,0.02600407747196738,0.9876707657708197,0.015706462101712743,0.0,0.3870030379078061
Tp_S_NND_S_N_sec00056_sec00056_00077,copy-move,1-5%,sec00056,False,0.1007843137254902,0.18311364446027786,0.17220768145641685,0.012908935546875,0.6166766576334946,0.030808677710783036,0.11843658733610887,0.0
Tp_S_NND_S_N_sec20029_sec20029_01619,copy-move,1-5%,sec20029,True,0.3656056789558049,0.5354483868804079,0.5823288467268396,0.10966850828729281,0.9770586703951623,0.07709952048212552,0.3505138785657534,0.6279828762768618
Tp_S_NND_S_N_sec20030_sec20030_01620,copy-move,1-5%,sec20030,True,0.0,0.0,-0.02048748586346117,0.03763986013986014,0.8992518185644417,0.021012328308980407,0.09868919943668075,0.0
Tp_S_NNN_M_B_arc10129_arc10129_11893,copy-move,>5%,arc10129,True,0.40142713141280706,0.5728833450057731,0.5974524171834051,0.17230220759632525,0.9935038532602974,0.12938445556871278,0.6064202473725603,0.5065920894926089
Tp_S_NNN_M_B_nat10156_nat10156_12028,copy-move,>5%,nat10156,True,0.45983057158815865,0.6299779995536141,0.6140498955282363,0.27869140625,0.9895433491213803,0.22958869057567183,0.5635874745692783,0.5676989911766841
Tp_S_NNN_M_N_ani00017_ani00017_10209,copy-move,1-5%,ani00017,True,0.2114397685919567,0.3490718632057306,0.41632758616154797,0.21803792317708334,0.9520448068833763,0.0881403399587693,0.4843399251737039,0.45297825807281616
Tp_S_NNN_M_N_ani00078_ani00078_10497,copy-move,>5%,ani00078,True,0.3171372481090132,0.4815553558512154,0.4571940053429398,0.3444010416666667,0.9116867994371799,0.21380745155399697,0.4539397955980327,0.46027792343995805
Tp_S_NNN_M_N_arc10129_arc10129_11894,copy-move,1-5%,arc10129,True,0.36061550080241667,0.5300770138069798,0.5809309545503857,0.09683257918552036,0.9990049093635379,0.06748222408691427,0.5402347617027294,0.49752694330192115
Tp_S_NNN_M_N_art00045_art00045_10747,copy-move,>5%,art00045,True,0.2195675292449486,0.36007440995233114,0.3454054833365772,0.12335205078125,0.8138368511344702,0.09820081253627394,0.0,0.2845488660466634
Tp_S_NNN_M_N_art00054_art00054_10538,copy-move,>5%,art00054,True,0.3992243705035971,0.5706366740309299,0.5913036212423912,0.180328369140625,0.9889279029662406,0.13592233009708737,0.41379664322742904,0.5751174779871344
Tp_S_NNN_M_N_art00075_art00075_10516,copy-move,>5%,art00075,True,0.46499065967455155,0.6348035826765606,0.17850094100067807,0.8790079752604166,0.5852819055010564,0.6161772572426025,0.5023778352188167,0.5129600489553283
Tp_S_NNN_M_N_cha10156_cha10156_12249,copy-move,>5%,cha10156,True,0.23812017533651422,0.38464792041983237,0.3958612043215531,0.18796597061098222,0.8807950670572879,0.11121620585260036,0.1749230521935334,0.38704692329305984
Tp_S_NNN_M_N_ind00098_ind00098_10660,copy-move,>5%,ani30795,True,0.4202646365778503,0.5918117310735617,0.4856543781475278,0.5588480631510416,0.8548035683044225,0.38479169918585643,0.38185281546181005,0.6446613354781828
Tp_S_NNN_M_N_sec00033_sec00033_11276,copy-move,>5%,sec00033,True,0.315058926233086,0.4791556027615507,0.45767185315301673,0.09666951497395833,0.8888941153634528,0.10708130746642276,0.21542348676260573,0.4997188077448381
Tp_S_NNN_M_N_sec00045_sec00045_00066,copy-move,>5%,sec00045,True,0.35048915355168014,0.5190551181102362,0.4632209659798132,0.15504964192708334,0.8346961519942491,0.18730984123471814,0.0,0.5169599129330673
Tp_S_NNN_M_N_txt00032_txt00032_10341,copy-move,>5%,txt00032,True,0.4975983049278463,0.6645284029642654,0.10379798121099072,0.9890034993489584,0.8638587387049409,0.6596310385732401,0.6637813793777096,0.6455670284026092
Tp_S_NNN_S_B_ani00056_ani00056_00176,copy-move,>5%,ani00056,False,0.0,0.0,0.0,0.0,0.6124683872083927,0.17702364394993045,0.0,0.0
Tp_S_NNN_S_B_arc20015_arc20015_01468,copy-move,1-5%,arc20015,True,0.006425763531902026,0.012769473447006685,-0.00890118138263372,0.051738505747126434,0.5602555207067926,0.023756566182386068,0.11689691817215728,0.0091060200910602
Tp_S_NNN_S_B_arc20015_arc20015_02158,copy-move,1-5%,arc20015,True,0.0,0.0,-0.026692773134597402,0.056657088122605365,0.34826430192549357,0.023176550783912748,0.07615650083368879,0.0
Tp_S_NNN_S_B_arc20022_arc20022_01475,copy-move,1-5%,arc20022,True,0.3196682140906608,0.48446755127906677,0.5178690338253424,0.0571375,0.9330651470333007,0.04574185471312101,0.1898646249787753,0.5863913087349905
Tp_S_NNN_S_B_arc20045_arc20045_01498,copy-move,<1%,arc20045,True,0.0,0.0,-0.005325621319361599,0.014761100386100385,0.8630196736275847,0.0037718307348807633,0.0,0.0
Tp_S_NNN_S_B_arc20057_arc20057_02183,copy-move,1-5%,arc20057,True,0.37626138321437363,0.5467876782760317,0.5937100354754519,0.09524340175953079,0.9972554837580572,0.06938877188214779,0.5945914577530177,0.46922875816993465
Tp_S_NNN_S_B_art00015_art00015_20062,copy-move,>5%,art00015,True,0.38145023100448994,0.552246070750051,0.49449000786576003,0.4681193033854167,0.8710000749623471,0.3047380901056262,0.4253169444623206,0.4990300792296726
Tp_S_NNN_S_B_art00046_art00046_00926,copy-move,1-5%,art00046,True,0.25555855612566386,0.40708345282477776,0.4822614200694631,0.11289469401041667,0.9930768197503526,0.056349724182929,0.31557492268765813,0.5211186113789779
Tp_S_NNN_S_B_art00046_art00046_01408,copy-move,1-5%,art00046,True,0.38815732100811023,0.559241110692298,0.5944733598340067,0.115692138671875,0.9942909373598386,0.08838199690808855,0.37140884711380173,0.5847274890326418
Tp_S_NNN_S_B_art00082_art00082_01248,copy-move,>5%,art00082,True,0.09148698565415342,0.16763733669132694,0.2218025538530762,0.016611735026041668,0.5916370160585015,0.20247401190378234,0.0,0.0
Tp_S_NNN_S_B_art10003_art10003_20041,copy-move,1-5%,art10003,True,0.19174977334542156,0.32179535945226323,0.3445205860163834,0.04547312390095528,0.9534543390151824,0.03343193745414441,0.20436083796494228,0.3376010781671159
Tp_S_NNN_S_B_art20026_art20026_02337,copy-move,1-5%,art20026,True,0.3416592328278323,0.5093085106382979,0.5154356133209094,0.04003521126760563,0.8997188487990941,0.04468312162208682,0.11845770414895176,0.42487502060099985
Tp_S_NNN_S_B_art20060_art20060_02327,copy-move,<1%,art20060,False,0.0,0.0,-0.004163766870915891,0.002020856544824789,0.1357660291325904,0.01683507909066536,0.0,0.0
Tp_S_NNN_S_B_ind00056_ind00056_01345,copy-move,<1%,ind00056,False,0.03068141277202997,0.059536171685704395,0.053772831301070155,0.0211181640625,0.8331290868523061,0.016404854868488757,0.0,0.0
Tp_S_NNN_S_B_ind00064_ind00064_01352,copy-move,1-5%,ind00064,True,0.43409221350679167,0.6053895410885806,0.6483607569533717,0.053141276041666664,0.996747635515187,0.04517976455615654,0.2691735425402408,0.6290102389078498
Tp_S_NNN_S_B_nat00071_nat00071_00977,copy-move,1-5%,nat00064,True,0.19952838744785054,0.3326780583698775,0.43379183219384365,0.055928548177083336,0.992754823592895,0.022430320160130357,0.0,0.3370429252782194
Tp_S_NNN_S_B_nat00087_nat00087_00989,copy-move,1-5%,nat00087,False,0.09346204475647214,0.1709470304975923,0.1608129290810315,0.011739095052083334,0.9601815556014028,0.026856144999096766,0.0,0.0
Tp_S_NNN_S_B_nat00090_nat00090_00992,copy-move,>5%,nat00090,True,0.5867287543655413,0.7395451210564931,0.6845240612922875,0.19147745768229166,0.9571696310072015,0.28916019109111635,0.6528770006091821,0.30254230360500284
Tp_S_NNN_S_B_nat00090_nat00090_11110,copy-move,>5%,nat00090,True,0.43853961093882154,0.6097011268985791,0.5962275454181772,0.20891316731770834,0.9292960441879032,0.18597184034249228,0.2864656782406525,0.60706906729634
Tp_S_NNN_S_B_nat10002_nat10002_20011,copy-move,<1%,nat10002,True,0.16131105398457585,0.27780852241283893,0.3966677581445424,0.029175,0.9950455012185072,0.009368409920810186,0.0,0.47648902821316613
Tp_S_NNN_S_B_nat20012_nat20012_02228,copy-move,<1%,nat20012,False,0.14577893820713664,0.2544625902012913,0.26284088947115963,0.01709296724470135,0.8314439815492504,0.016410476907090903,0.06439142253095742,0.26759116589625065
Tp_S_NNN_S_B_nat20016_nat20016_02216,copy-move,<1%,nat20016,True,0.0,0.0,0.0,0.0,0.18294227700293259,0.017838502345732147,0.0,0.0
Tp_S_NNN_S_B_nat20043_nat20043_01547,copy-move,<1%,nat20043,False,0.0,0.0,0.0,0.0,0.6029454948756592,0.0034687210099624893,0.0,0.0
Tp_S_NNN_S_B_nat20049_nat20049_02245,copy-move,1-5%,nat20049,True,0.4970614425645592,0.6640494884606234,0.6929177947701284,0.03833852544132918,0.9922899039251853,0.03893617887834481,0.0,0.0
Tp_S_NNN_S_B_nat20056_nat20056_02251,copy-move,1-5%,nat20056,False,0.0,0.0,-0.005656561955591506,0.0022693194054483794,0.22536667864354812,0.02736544331124842,0.0,0.0
Tp_S_NNN_S_B_nat20090_nat20090_01594,copy-move,1-5%,nat20090,False,0.0,0.0,-0.00866244474400868,0.0030973005640612407,0.6347472025493643,0.046077961056373545,0.0,0.0
Tp_S_NNN_S_B_pla00019_pla00020_20034,splicing,>5%,pla00019,False,0.026772556083183234,0.05214895143927917,0.10159924368100962,0.006103515625,0.6520431577553369,0.21662660438115108,0.0,0.0
Tp_S_NNN_S_B_pla20016_pla20016_01916,copy-move,1-5%,pla20016,True,0.3854416418912439,0.5564170012460197,0.5440797522838694,0.03843900096061479,0.9651484102008323,0.06003456902857303,0.2080643559439865,0.0
Tp_S_NNN_S_B_sec00045_sec00045_00735,copy-move,1-5%,sec00045,False,0.1705205256188245,0.2913584544426073,0.37806057318838476,0.09830729166666667,0.9848539746742605,0.03649219522425622,0.10638463940056198,0.4543738200125865
Tp_S_NNN_S_B_sec20008_sec20008_02118,copy-move,<1%,sec20008,True,0.1254050550874919,0.22286207889432766,0.22155584464450206,0.010374753451676528,0.9158581991864717,0.013410458982509588,0.0,0.2533837336910133
Tp_S_NNN_S_B_sec20062_sec20062_01652,copy-move,<1%,sec20062,True,0.0,0.0,0.0,0.0,0.7951251805632669,0.016809460207837898,0.0,0.0
Tp_S_NNN_S_B_txt00079_txt00079_01288,copy-move,>5%,txt00079,True,0.34998696898618714,0.5185042182281511,0.496417973479609,0.3900655110677083,0.9483753730011857,0.2407702356878255,0.2688564476885645,0.5823157530094397
Tp_S_NNN_S_N_ani00043_ani00043_00163,copy-move,>5%,ani00043,True,0.5007884362680683,0.6673671307241047,0.6379234787969977,0.136688232421875,0.9589632209041407,0.17463721694565915,0.5092346388789076,0.4510627931055485
Tp_S_NNN_S_N_ani00071_ani00071_00827,copy-move,1-5%,ani00071,True,0.20659488559892328,0.3424428332403793,0.4191704981381319,0.181396484375,0.9960656711846936,0.07224379338745734,0.35400029040220704,0.5755803955288048
Tp_S_NNN_S_N_ani00077_ani00077_00197,copy-move,1-5%,ani00077,True,0.17700246597862818,0.3007682160316598,0.2864014404373712,0.11058682634730539,0.8798238596988996,0.0838295870480649,0.308901087073512,0.3737010391686651
Tp_S_NNN_S_N_ani00085_ani00085_00205,copy-move,1-5%,ani00085,True,0.31379168382050227,0.4776886437703685,0.5290830865634613,0.12256876627604167,0.9910250844840252,0.07644969719501815,0.13956574185765983,0.5063270471058862
Tp_S_NNN_S_N_ani00086_ani00086_00206,copy-move,1-5%,ani00086,False,0.1188118811881188,0.21238938053097345,0.32034683537220937,0.13642374674479166,0.9915438948711208,0.03238526050319249,0.019469726948951327,0.3641102010424423
Tp_S_NNN_S_N_ani00086_ani00086_11125,copy-move,<1%,ani00086,True,0.0,0.0,0.0,0.0,0.7437498305860837,0.015002978383999515,0.0,0.0
Tp_S_NNN_S_N_ani00097_ani00097_00807,copy-move,1-5%,ani00097,True,0.31463917525773194,0.47867001254705144,0.5294967955443419,0.14786783854166666,0.9866730497651888,0.08925517026900949,0.30943627450980393,0.616914605079313
Tp_S_NNN_S_N_ani00097_ani00097_01254,copy-move,1-5%,ani00097,True,0.2439093888018236,0.3921658458366739,0.4801129161535645,0.07140096028645833,0.9981600069928476,0.034234522476403774,0.1525814174081937,0.5743412194652818
Tp_S_NNN_S_N_ani00098_ani00098_00804,copy-move,>5%,ani00098,True,0.3866647804970057,0.5576903458360254,0.5751935561064164,0.215728759765625,0.9714647985257358,0.15398482686096296,0.5662271138338005,0.6317767471613626
Tp_S_NNN_S_N_ani10149_ani10149_12492,copy-move,1-5%,ani10149,True,0.38929851856862613,0.5604245788294868,0.601751862425507,0.1095037037037037,0.9844654015012927,0.08177329402152676,0.5533121815210076,0.4771332238264027
Tp_S_NNN_S_N_ani10195_ani10195_12402,copy-move,1-5%,ani10195,True,0.36430346786601964,0.5340504901535525,0.5472203182704848,0.03921383647798742,0.9484925177499305,0.04152018270933306,0.43919272194917913,0.48978718853598546
Tp_S_NNN_S_N_ani10219_ani10219_12385,copy-move,1-5%,ani10219,True,0.28066400245926837,0.43831012962073934,0.43217404433005435,0.0376650392697941,0.9354224008746757,0.04732673185249048,0.23490531006312662,0.3564712762607405
Tp_S_NNN_S_N_ani20009_ani20009_02052,copy-move,1-5%,ani10133,True,0.11732456140350878,0.2100098135426889,0.3227221188835797,0.12535048655780967,0.9997184805867874,0.028987077723295316,0.27143581938102485,0.5847585168969763
Tp_S_NNN_S_N_ani20020_ani20020_02063,copy-move,<1%,ani10144,True,0.24488470282559271,0.3934255152621967,0.4826217291866223,0.027905807041609512,0.9944372798777351,0.014192124868906716,0.23203245749613602,0.3727746154777764
Tp_S_NNN_S_N_ani20020_ani20020_02439,copy-move,1-5%,ani10144,True,0.3149162623258726,0.47899059635757646,0.5346665336411375,0.028157293095564702,0.9853904267804275,0.020303879281081547,0.18463514489845068,0.4375822618203908
Tp_S_NNN_S_N_ani20025_ani20025_02441,copy-move,1-5%,ani10149,True,0.3669197999629561,0.5368563685636857,0.59790599919341,0.039992592592592593,0.9991094333517382,0.028923719347938765,0.7276752767527676,0.0
Tp_S_NNN_S_N_ani20026_ani20026_02069,copy-move,>5%,ani10150,True,0.26162539813007296,0.41474339137091387,0.4587845431792822,0.2248003714020427,0.98130801272329,0.11362889983579638,0.41362198978350767,0.5032757454943928
Tp_S_NNN_S_N_ani20027_ani20027_02070,copy-move,1-5%,ani10151,True,0.36855144855144856,0.5386007942069609,0.58203176968186,0.11695224719101123,0.9934880839450875,0.08316170630914402,0.36563404862956644,0.4782370953630796
Tp_S_NNN_S_N_arc00016_arc00016_00236,copy-move,1-5%,arc00016,True,0.2705490026554684,0.4258773208904443,0.48103832193573975,0.16375732421875,0.9814540711256445,0.08709865732632809,0.4774946269573227,0.41560975609756096
Tp_S_NNN_S_N_arc00016_arc00016_01114,copy-move,<1%,arc00016,False,0.0,0.0,-0.008483625642146593,0.012318929036458334,0.24034219246926794,0.011409151596067485,0.0,0.0
Tp_S_NNN_S_N_arc00020_arc00020_01118,copy-move,<1%,arc00020,True,0.09516241184066752,0.17378684807256237,0.29369667634186014,0.10240681966145833,0.990100118889865,0.019302452096471964,0.0,0.16804979253112035
Tp_S_NNN_S_N_arc00046_arc00046_00266,copy-move,1-5%,arc00046,True,0.051767364666831454,0.09843881148228974,0.19342277342307357,0.2880757649739583,0.9883198640942734,0.029387591460358825,0.0,0.06990114571700376
Tp_S_NNN_S_N_arc00046_arc00046_01080,copy-move,<1%,arc00046,True,0.02966673088036987,0.05762394761459308,0.14834506204432615,0.2640279134114583,0.9978079781687861,0.015543936855279892,0.08378672470076169,0.08012486992715921
Tp_S_NNN_S_N_arc00057_arc00057_01069,copy-move,1-5%,arc00057,True,0.0,0.0,0.0,0.0,0.8804577994497926,0.042825145587576524,0.0,0.0
Tp_S_NNN_S_N_arc00082_arc00082_01047,copy-move,<1%,arc00082,True,0.029400079459674214,0.057120802778849865,0.15810242430351928,0.15362548828125,0.9951223590437193,0.008992587191639324,0.13365515160657715,0.0
Tp_S_NNN_S_N_arc20017_arc20017_01470,copy-move,1-5%,arc20017,False,0.0,0.0,-0.01668351924061475,0.018871359223300972,0.7014311075860516,0.028127894093237963,0.0,0.0
Tp_S_NNN_S_N_arc20022_arc20022_02163,copy-move,<1%,arc20022,True,0.17515322960867516,0.2980942828485456,0.3139773914538969,0.00696875,0.9709645251356769,0.0068100656091686735,0.0,0.5011337868480725
Tp_S_NNN_S_N_arc20028_arc20028_01481,copy-move,<1%,arc20028,False,0.0,0.0,0.0,0.0,0.9111881989013529,0.007873051710220234,0.049733289013406776,0.0
Tp_S_NNN_S_N_arc20028_arc20028_02169,copy-move,1-5%,arc20028,False,0.0,0.0,0.0,0.0,0.5843623459259449,0.044718907975510105,0.0,0.0
Tp_S_NNN_S_N_arc20035_arc20035_01488,copy-move,1-5%,arc20035,True,0.18751762648767556,0.31581447265300305,0.41745522644781924,0.08556467181467181,0.9838884894163806,0.03158302240356823,0.13807498424700693,0.5082043584036441
Tp_S_NNN_S_N_arc20036_arc20036_01489,copy-move,<1%,arc20036,True,0.0,0.0,-0.02623620971219182,0.0675409090909091,0.7895027759245905,0.018651692476730417,0.0,0.0
Tp_S_NNN_S_N_arc20038_arc20038_02174,copy-move,<1%,arc20038,True,0.0,0.0,-0.004142425049931024,0.01272442084942085,0.6509589440402908,0.0026557352554879973,0.0001649393847760948,0.0
Tp_S_NNN_S_N_arc20071_arc20071_01711,copy-move,<1%,arc20071,True,0.0,0.0,-0.009866081304530745,0.08077274805669868,0.10879627817542224,0.0022106311260516485,0.0,0.0
Tp_S_NNN_S_N_arc20074_arc20074_01714,copy-move,1-5%,arc20074,True,0.3578102135004315,0.5270400972725012,0.5755328599928762,0.11104583333333333,0.9993136845346773,0.07642985380866889,0.6175165938157682,0.49972027370142447
Tp_S_NNN_S_N_arc20089_arc20089_01729,copy-move,<1%,arc20089,True,0.29286582894203483,0.45304906725192035,0.5348771454706586,0.02536340129186455,0.9917571309920183,0.014877833051285067,0.0,0.4323104693140794
Tp_S_NNN_S_N_arc20093_arc20093_01733,copy-move,1-5%,arc20093,True,0.2522794959908362,0.40291244374519775,0.4935615381874722,0.04546875,0.99974599252802,0.022681491062932282,0.29998091030570784,0.0
Tp_S_NNN_S_N_art00001_art00001_00918,copy-move,>5%,art00001,True,0.46799035071441825,0.6375932246239413,0.6550360988776576,0.10776774088541667,0.9906749739163621,0.1009929297222115,0.0,0.6106967824419348
Tp_S_NNN_S_N_art00001_art00001_01192,copy-move,>5%,art00001,True,0.4410720324653365,0.6121443238486359,0.579526074080169,0.09571329752604167,0.9267746910714784,0.1441570700396451,0.0,0.46562581999475205
Tp_S_NNN_S_N_art00006_art00006_10752,copy-move,>5%,art00006,True,0.4259051885031728,0.5973821989528796,0.5863689730852344,0.15275065104166666,0.9630230690388272,0.14884001205182285,0.1538532875823055,0.5912052952947817
Tp_S_NNN_S_N_art00006_art00006_10753,copy-move,1-5%,art00006,True,0.3393173198482933,0.506701906739664,0.5043286220668753,0.06927490234375,0.958906557504619,0.0741321213071076,0.16815764023210833,0.4939301042305334
Tp_S_NNN_S_N_art00008_art00008_01198,copy-move,1-5%,art00008,False,0.0,0.0,0.0,0.0,0.8327702702702703,0.024516699489570356,0.0,0.0
Tp_S_NNN_S_N_art00036_art00036_01222,copy-move,<1%,art00036,True,0.1177133655394525,0.21063247370695865,0.315880156086068,0.062327067057291664,0.9888562652632753,0.016424867329849272,0.3808487486398259,0.32036947010209044
Tp_S_NNN_S_N_art00036_art00036_01418,copy-move,1-5%,art00036,True,0.2508802157464979,0.4011258833393221,0.4737713127581969,0.13579305013020834,0.9975436748426365,0.0658908246682341,0.5460370994940978,0.597327693934442
Tp_S_NNN_S_N_art00045_art00045_01223,copy-move,<1%,art00045,True,0.04825174825174825,0.09206137424949967,0.20743971450109056,0.101776123046875,0.9818835148161776,0.0098793424568791,0.03711558854718982,0.07215199231167295
Tp_S_NNN_S_N_art00046_art00046_11923,copy-move,1-5%,art00046,True,0.3189619087484303,0.48365598222786416,0.516755550801813,0.06867472330729167,0.9458888278272384,0.05350177217195018,0.28086043949672407,0.5634592680047226
Tp_S_NNN_S_N_art00054_art00054_01230,copy-move,<1%,art00054,True,0.08889328845773115,0.16327272727272726,0.2907277287353033,0.051371256510416664,0.9956975543054183,0.009113554893978979,0.0,0.0
Tp_S_NNN_S_N_art00056_art00056_01404,copy-move,1-5%,art00056,True,0.1029455519190717,0.18667386026436472,0.28912404340180015,0.20513916015625,0.9902048502138883,0.04136282127913927,0.3075335397316821,0.2865098556459295
Tp_S_NNN_S_N_art00074_art00074_01013,copy-move,1-5%,art00074,True,0.0,0.0,-0.009378365539111987,0.0024617513020833335,0.8231773967795841,0.06653751216969721,0.09819494584837545,0.0
Tp_S_NNN_S_N_art00074_art00074_01244,copy-move,1-5%,art00074,True,0.15700280112044818,0.2713957148045031,0.3837693052515772,0.0726318359375,0.9987669589408726,0.022549660548151874,0.1837846901987088,0.41053217133320974
Tp_S_NNN_S_N_art00075_art00075_10514,copy-move,1-5%,art00075,False,0.0,0.0,-0.014125575086062207,0.005421956380208333,0.4838802673076122,0.06820928518791451,0.32625250501002007,0.0
Tp_S_NNN_S_N_art00075_art00075_10515,copy-move,>5%,art00075,True,0.2870124113475177,0.4460134320647494,0.42178166904009473,0.11577351888020833,0.8412445876934868,0.11577091160009201,0.0,0.4662090813093981
Tp_S_NNN_S_N_art00078_art00078_00532,copy-move,>5%,art00078,True,0.341332027424094,0.5089448703906535,0.5342442455297679,0.22844441731770834,0.9873998149864642,0.14478749905639013,0.3756823689185951,0.5670297525114507
Tp_S_NNN_S_N_art00078_art00078_10479,copy-move,>5%,art00078,True,0.394861561486655,0.5661659513590844,0.527350010968504,0.4075826009114583,0.9809119305629324,0.2777403050185271,0.420578619455925,0.542989828341512
Tp_S_NNN_S_N_art00079_art00079_01012,copy-move,<1%,art00079,False,0.03917629331993973,0.07539874335427743,0.17576173285860083,0.16170247395833334,0.9654863338843727,0.013257881972514146,0.0,0.12913223140495866
Tp_S_NNN_S_N_art10111_art10111_11562,copy-move,<1%,art10111,False,0.0,0.0,-0.006740601467303294,0.008504231770833334,0.752082992418044,0.010483495577907754,0.014292247884747313,0.0
Tp_S_NNN_S_N_art20034_art20034_01840,copy-move,1-5%,art20034,True,0.055925775928721326,0.10592747559274755,0.11982432169101978,0.14864197530864198,0.8295893530259238,0.03914787660810624,0.2015716509748684,0.0
Tp_S_NNN_S_N_art20036_art20036_01842,copy-move,>5%,art20036,True,0.15399512206979815,0.26689042115462935,0.04488084602463439,0.17364367816091955,0.45879973406511165,0.5422944062642245,0.17585431137822882,0.1353627564779501
Tp_S_NNN_S_N_art20054_art20054_01860,copy-move,1-5%,art20054,True,0.31432381550047067,0.478304983586989,0.530051727203327,0.07377671307606556,0.9856417955292974,0.04987366802153136,0.0,0.59958040946249
Tp_S_NNN_S_N_art20054_art20054_02331,copy-move,1-5%,art20054,True,0.3259827420901246,0.49168474331164136,0.5579966489515276,0.03056734897179858,0.9881987886227213,0.020656792094082298,0.0,0.49538904899135444
Tp_S_NNN_S_N_art20088_art20088_01894,copy-move,1-5%,art20088,True,0.25712500976028735,0.4090683229813665,0.4844253165327557,0.11109375,0.9808290454396298,0.05572901723177668,0.0,0.6003457814661134
Tp_S_NNN_S_N_art20088_art20088_02309,copy-move,>5%,art20088,True,0.36345241318380667,0.5331354577093109,0.5325987475182715,0.19503472222222223,0.9027927496155121,0.15127354037001275,0.5098560406473467,0.5054479317882231
Tp_S_NNN_S_N_cha00036_cha00036_00356,copy-move,1-5%,cha00036,False,0.0,0.0,-0.016188773054584535,0.012705485026041666,0.7184110109860702,0.0391358985099635,0.009499451954694921,0.0
Tp_S_NNN_S_N_cha00036_cha00036_11735,copy-move,<1%,cha00036,True,0.19112543381259295,0.32091571279916753,0.42980375383105557,0.041035970052083336,0.9988350060708078,0.015563966691900076,0.058480429777436685,0.3313278899871079
Tp_S_NNN_S_N_cha00049_cha00049_00369,copy-move,1-5%,cha00049,False,0.18081484090642244,0.3062543502038381,0.4096065198963408,0.086639404296875,0.9974789369932557,0.03084812307199231,0.08694053855344178,0.6526504137776784
Tp_S_NNN_S_N_cha00049_cha00049_11001,copy-move,<1%,cha00049,True,0.0,0.0,-0.00870449398346955,0.009348551432291666,0.8731661532537542,0.015804293196887583,0.0,0.0
Tp_S_NNN_S_N_cha00092_cha00092_10201,copy-move,<1%,cha00092,True,0.0880130949383027,0.16178683022798288,0.26599746683088515,0.07979329427083333,0.9629212510977856,0.01608460055902564,0.04401389142752696,0.0033943051103149163
Tp_S_NNN_S_N_cha10199_cha10199_12360,copy-move,1-5%,cha10199,True,0.0971165463867028,0.17703961663243742,0.21758420697637573,0.05276102704137748,0.8496843208307903,0.021661408254144518,0.0,0.3905002101723413
Tp_S_NNN_S_N_cha10211_cha10211_12331,copy-move,<1%,cha10211,True,0.13848852283992985,0.24328488177372898,0.36713729029725506,0.03086864406779661,0.9948546371148839,0.008513510979428807,0.030956444699229996,0.3821147231776323
Tp_S_NNN_S_N_cha20013_cha20013_02012,copy-move,<1%,cha10126,True,0.02569937090081649,0.050110922615163776,0.1497963525558323,0.12977996525767227,0.9993420879333721,0.006648352916733997,0.022537653050167947,0.09687999327222269
Tp_S_NNN_S_N_cha20014_cha20014_02013,copy-move,<1%,cha10127,True,0.0,0.0,0.0,0.0,0.912321301320748,0.010218357808338428,0.1750046151006092,0.0
Tp_S_NNN_S_N_cha20026_cha20026_02025,copy-move,<1%,cha10168,True,0.0,0.0,-0.020689733105173545,0.1049798858997396,0.5522796067362564,0.007246162115947059,0.08568656487770004,0.0
Tp_S_NNN_S_N_cha20043_cha20043_02042,copy-move,1-5%,cha10156,True,0.19497723529981595,0.32632794925318687,0.41122875463114944,0.15967517401392112,0.9838327997732028,0.060386047680301216,0.1579541107110976,0.5451262207481113
Tp_S_NNN_S_N_cha20043_cha20043_02431,copy-move,<1%,cha10156,False,0.00017455814968361336,0.00034905536890789303,-0.008740518847231048,0.08750580046403712,0.8439348061177198,0.002240333732473251,0.00599148795504318,0.0
Tp_S_NNN_S_N_ind00025_ind00025_00440,copy-move,1-5%,cha10101,True,0.36576687116564416,0.5356212379840086,0.5881604706584518,0.08290608723958333,0.9892367029355611,0.058863602705237696,0.3553878553878554,0.5816044260027663
Tp_S_NNN_S_N_ind00026_ind00026_00441,copy-move,>5%,ind00026,True,0.3295568537204225,0.49573939286348306,0.5067265540608644,0.164642333984375,0.9357576461160043,0.12129841090863919,0.4134783453097689,0.4854907221104404
Tp_S_NNN_S_N_ind00043_ind00043_00452,copy-move,1-5%,ind00043,False,0.0,0.0,-0.02362765610114479,0.044850667317708336,0.18669641958534622,0.02322565077066932,0.0001373060551970342,0.0
Tp_S_NNN_S_N_ind00043_ind00043_01333,copy-move,<1%,ind00043,False,0.0,0.0,-0.0063738185110313525,0.032969156901041664,0.0236281419318043,0.0023775413783643736,0.0,0.0
Tp_S_NNN_S_N_ind00043_ind00043_10891,copy-move,1-5%,ind00043,False,0.0,0.0,-0.02624621334475302,0.057881673177083336,0.20438823407592693,0.021932913455540576,0.0047668229125287995,0.0
Tp_S_NNN_S_N_ind00058_ind00058_00906,copy-move,1-5%,ind00058,False,0.245926243567753,0.3947685424195491,0.45185792787606277,0.045054117838541664,0.9872605832660304,0.027727062977750135,0.17131222354840975,0.4565121412803532
Tp_S_NNN_S_N_ind00060_ind00060_00907,copy-move,1-5%,ind00060,False,0.2511075312122433,0.40141638499919524,0.44307088665633654,0.046681722005208336,0.973111812896233,0.03250340244976383,0.08597151743329513,0.0
Tp_S_NNN_S_N_ind00064_ind00064_00910,copy-move,1-5%,ind00064,False,0.0,0.0,-0.011652602098967653,0.006724039713541667,0.6095976297292441,0.038568592435926856,0.0,0.0
Tp_S_NNN_S_N_ind00065_ind00065_01353,copy-move,1-5%,ind00065,False,0.0,0.0,-0.014655632108602686,0.010884602864583334,0.8614863030516821,0.037570119577585694,0.0,0.0
Tp_S_NNN_S_N_ind00074_ind00074_10683,copy-move,1-5%,ind00074,True,0.23267397182296856,0.3775109674440083,0.385103075705631,0.060953776041666664,0.9152271146567839,0.05288490106364015,0.09376434934337405,0.39532570860268523
Tp_S_NNN_S_N_ind00074_ind00074_10929,copy-move,1-5%,ind00074,True,0.10589887640449439,0.19151638303276605,0.18571664234613247,0.013926188151041666,0.6564850525073777,0.050916012372115155,0.13444206542847184,0.0
Tp_S_NNN_S_N_ind00094_ind00094_10654,copy-move,>5%,ind00094,True,0.5070713053067977,0.6729227787978779,0.01204080493834903,0.9932861328125,0.6344621184430468,0.6737988114590993,0.6468882148471229,0.6241085719868043
Tp_S_NNN_S_N_ind00094_ind00094_10655,copy-move,<1%,ind00094,True,0.02979212568253664,0.05786046511627907,0.15366921962639488,0.21238199869791666,0.944387630423842,0.012575056102541294,0.05533880443069196,0.04041342468935083
Tp_S_NNN_S_N_ind20012_ind20012_02271,copy-move,<1%,ind20012,True,0.05728129563255011,0.10835582899114822,0.23125411282170039,0.07013966480446927,0.9964981811382334,0.008003227257341315,0.03207224617214211,0.2723735408560311
Tp_S_NNN_S_N_ind20035_ind20035_01776,copy-move,<1%,ind20035,True,0.03905879376324362,0.07518110427953978,0.19041327659198307,0.07442566613313248,0.9923287709413184,0.005797101449275362,0.0,0.19351300532748356
Tp_S_NNN_S_N_ind20046_ind20046_01787,copy-move,<1%,ind20046,True,0.0,0.0,-0.011959212276645379,0.06981041666666667,0.23243160555810197,0.00379694456169827,0.0036418629054658807,0.0
Tp_S_NNN_S_N_ind20046_ind20046_02294,copy-move,<1%,ind20046,True,0.0,0.0,-0.018178634545161998,0.06908333333333333,0.7650494760722348,0.008827531278000863,0.042565107812937555,0.0
Tp_S_NNN_S_N_ind20050_ind20050_02296,copy-move,<1%,ind20050,True,0.0629300218157409,0.11840858856962425,0.24088722738978657,0.040264227642276426,0.9809631523999903,0.005284105114500206,0.0,0.1837837837837838
Tp_S_NNN_S_N_ind20053_ind20053_02299,copy-move,1-5%,ind20053,True,0.15200901239203907,0.2639024708259991,0.3728742195395962,0.09913189791238572,0.9853491292794787,0.029690479683145077,0.13353125515421407,0.5586406962287609
Tp_S_NNN_S_N_nat00047_nat00047_00966,copy-move,1-5%,nat00047,False,0.16716744059000274,0.286449801076527,0.2867882248824041,0.1693115234375,0.7970085865547119,0.0916476583353555,0.3795602947343198,0.19883522560150596
Tp_S_NNN_S_N_nat00057_nat00057_00970,copy-move,1-5%,nat00057,False,0.0,0.0,-0.057001630990792244,0.15948486328125,0.2301055047788333,0.033113576566392224,0.0,0.0
Tp_S_NNN_S_N_nat00064_nat00064_00672,copy-move,1-5%,nat00064,True,0.44618320610687023,0.6170493533913961,0.6362112199858995,0.10417683919270833,0.9828970157207567,0.09523440451854794,0.0,0.5520416635217752
Tp_S_NNN_S_N_nat00067_nat00067_10611,copy-move,<1%,nat00067,True,0.2155440414507772,0.3546462063086104,0.3514773657067722,0.006337483723958333,0.9219568374358142,0.011127521395188864,0.11586715867158671,0.0
Tp_S_NNN_S_N_nat00087_nat00087_00009,copy-move,>5%,nat00087,True,0.44414867396233854,0.6151010376843256,0.6184893558618539,0.204803466796875,0.9885987589890777,0.17052676635618375,0.5103875551365366,0.6102043929225137
Tp_S_NNN_S_N_nat10107_nat10107_11348,copy-move,<1%,nat10107,True,0.2814674256799494,0.43928923988154,0.5030053395674969,0.01544189453125,0.9944048723632644,0.010282151965348338,0.10856896179581264,0.0
Tp_S_NNN_S_N_nat10154_nat10154_12073,copy-move,1-5%,nat10154,True,0.33963807018167597,0.5070594479830148,0.5685027856961462,0.07153065999348958,0.9998521391285317,0.04743661999806341,0.7165735288602183,0.4392507303660423
Tp_S_NNN_S_N_nat20012_nat20012_02212,copy-move,<1%,nat20012,True,0.5463099088503381,0.7065982125879445,0.7348388221136413,0.016302986512524084,0.9983485487915648,0.017897166480884307,0.08617568933499448,0.6367515485203028
Tp_S_NNN_S_N_nat20039_nat20039_01543,copy-move,>5%,nat20039,True,0.42358847307341246,0.5950996107167392,0.544382836619171,0.1416518497275595,0.8857341988893821,0.19628290477594493,0.2413052102618355,0.5100698207849167
Tp_S_NNN_S_N_nat20043_nat20043_02242,copy-move,1-5%,nat20043,True,0.38864468864468865,0.559746768662622,0.5878618432117138,0.05998845598845599,0.9716574673817865,0.05360041792822195,0.0,0.6008533176401354
Tp_S_NNN_S_N_nat20054_nat20054_01558,copy-move,<1%,nat20054,True,0.15731862537123462,0.2718674389618007,0.38624775432054503,0.06074992783207555,0.9913656703720406,0.01893324346680555,0.08159655038973962,0.4873015873015873
Tp_S_NNN_S_N_nat20054_nat20054_02249,copy-move,1-5%,nat20054,True,0.3008474576271186,0.46254071661237783,0.5277987811882923,0.05393005897150398,0.9800167367675325,0.0339810990904254,0.09825636192271442,0.5530439249935782
Tp_S_NNN_S_N_nat20077_nat20077_01581,copy-move,1-5%,nat20077,False,0.0,0.0,0.0,0.0,0.6424574914893959,0.0500993131349237,0.0,0.0
Tp_S_NNN_S_N_pla00016_pla00016_00555,copy-move,>5%,pla00016,True,0.39519411738959165,0.5665077174049442,0.5722150679396804,0.23052978515625,0.9396413595715379,0.17139455719042393,0.4875251239447943,0.6046988116377544
Tp_S_NNN_S_N_pla00016_pla00016_01136,copy-move,1-5%,pla00016,True,0.4386140025666619,0.6097730201209238,0.6484446279085416,0.07133992513020833,0.9965215931733518,0.060682580390609586,0.23934453364230737,0.6161637476260815
Tp_S_NNN_S_N_pla00017_pla00017_10959,copy-move,>5%,pla00017,True,0.3879427024588315,0.5590183251391654,0.5815712095605914,0.17952473958333334,0.9841512908602957,0.13229217133574625,0.16200182537268026,0.6083364626361246
Tp_S_NNN_S_N_pla00022_pla00022_20085,copy-move,>5%,pla00022,True,0.3059686850056901,0.46856971153846155,0.36086043004902996,0.17576090494791666,0.7516177107648638,0.27998530260878696,0.4789254284390922,0.4218947064970632
Tp_S_NNN_S_N_pla00027_pla00027_00564,copy-move,>5%,pla00027,True,0.2940106215578285,0.4544176325289759,0.4806834691767473,0.202667236328125,0.971389771965588,0.12210590662489493,0.6643934697251498,0.5537661750579195
Tp_S_NNN_S_N_pla00042_pla00042_00577,copy-move,>5%,pla00042,True,0.31853819736927363,0.4831687060789228,0.5220400890786725,0.154998779296875,0.9736486446978484,0.0988628452077048,0.37606966486975535,0.5526874798841326
Tp_S_NNN_S_N_pla00042_pla00042_01153,copy-move,1-5%,pla00042,True,0.3320766910814304,0.49858494380205387,0.5569621757844407,0.09441121419270833,0.9909898436894337,0.060873853437222604,0.00021327645961077046,0.5866779625119136
Tp_S_NNN_S_N_pla00058_pla00058_01167,copy-move,>5%,pla00058,True,0.47418235028565203,0.6433157338965153,0.413635331259778,0.6156819661458334,0.7460759147142537,0.5159420289855072,0.5967870419543282,0.5823211212195721
Tp_S_NNN_S_N_pla00067_pla00067_00598,copy-move,>5%,pla00067,True,0.45042072265302757,0.6210897508815835,0.6295318904847683,0.118743896484375,0.9851905861877324,0.11340235863088098,0.31075947559338496,0.606720741599073
Tp_S_NNN_S_N_pla00067_pla00067_01174,copy-move,1-5%,pla00067,True,0.28826277785643495,0.44752170568194305,0.5058528377874622,0.14342244466145834,0.9695896739770798,0.08005624835209905,0.14996520528879612,0.5086659140713194
Tp_S_NNN_S_N_pla00079_pla00079_00604,copy-move,>5%,pla00079,True,0.4639355742296919,0.6338196603683329,0.6362521481627964,0.171142578125,0.9777895301336453,0.1550588367772085,0.0,0.5598723210214318
Tp_S_NNN_S_N_pla00080_pla00080_00605,copy-move,>5%,pla00080,True,0.5183226848791951,0.6827569528415961,0.6935879908550078,0.138519287109375,0.9967915368250082,0.13397619635162583,0.7368753620135854,0.6832188286511122
Tp_S_NNN_S_N_pla00080_pla00080_10457,copy-move,1-5%,pla00080,True,0.2899987451374075,0.44961089494163425,0.498437817650405,0.16087849934895834,0.9904299982173952,0.09209211151976245,0.6382919919850757,0.5003739715781601
Tp_S_NNN_S_N_pla00091_pla00091_00613,copy-move,1-5%,pla00091,True,0.45120242820452955,0.6218325154854798,0.6544516047998674,0.08707682291666667,0.9919089139177777,0.07577195987276732,0.6122682973437799,0.0
Tp_S_NNN_S_N_pla00092_pla00092_00934,copy-move,1-5%,pla00092,True,0.24827045146565865,0.39778311050165693,0.4697596000348208,0.14262898763020834,0.998654894707435,0.06839907648474726,0.15791144982761748,0.528066037735849
Tp_S_NNN_S_N_pla00096_pla00096_00932,copy-move,1-5%,pla00096,True,0.15227943275911296,0.2643099033616916,0.3718247068882679,0.10688273111979167,0.9995273204831239,0.032030749519538756,0.13342163355408387,0.485310119695321
Tp_S_NNN_S_N_pla00097_pla00097_00618,copy-move,>5%,pla00097,True,0.437542662116041,0.6087369420702754,0.6355637449075987,0.118743896484375,0.9893993569622294,0.1000202939726901,0.5407453330577943,0.6369707579588926
Tp_S_NNN_S_N_pla20064_pla20064_02369,copy-move,1-5%,pla20064,True,0.25771234802745846,0.40981127112513976,0.4929223681847018,0.07555222295122942,0.9912044018411423,0.038197743194954364,0.08609756434521919,0.6103545014027034
Tp_S_NNN_S_N_pla20072_pla20072_01972,copy-move,1-5%,pla20072,True,0.33275746986532645,0.4993518736742871,0.5352862411380804,0.05675382803297998,0.970689566273504,0.04536412863299812,0.17106595960197818,0.5607624096689703
Tp_S_NNN_S_N_pla20095_pla20095_02347,copy-move,>5%,pla20095,True,0.38141100501476954,0.5522049609134128,0.5286259222286164,0.2691150832423319,0.8950505916614989,0.20811133692189387,0.45890953112632116,0.5799598047660063
Tp_S_NNN_S_N_sec00001_sec00001_00768,copy-move,1-5%,sec00001,True,0.08783297336213103,0.1614824619457313,0.13631741076445497,0.027069091796875,0.46873385347954477,0.06653751216969721,0.02250157511025772,0.0
Tp_S_NNN_S_N_sec00002_sec00002_10786,copy-move,1-5%,sec00002,True,0.3522957662492546,0.5210336008466355,0.5740144005670988,0.08497111002604167,0.9863775889153997,0.05895942343765426,0.230464834063209,0.5347536044760061
Tp_S_NNN_S_N_sec00008_sec00008_00028,copy-move,1-5%,sec00008,True,0.19020041149127487,0.31961073052051986,0.3977373194012586,0.13184611002604166,0.9669054441974246,0.05265347358412076,0.10440142087557928,0.47043580683156655
Tp_S_NNN_S_N_sec00008_sec00008_10799,copy-move,<1%,sec00008,True,0.1027689030883919,0.18638338966682763,0.30784362660493897,0.07634480794270833,0.9923475890170691,0.01572419082991028,0.0391014508991093,0.4212309429700734
Tp_S_NNN_S_N_sec00008_sec00008_10801,copy-move,1-5%,sec00008,True,0.11761792744831001,0.21047967209482663,0.2990685839381034,0.08013916015625,0.9582996254465994,0.023106391964043318,0.05759000197033242,0.3767482517482518
Tp_S_NNN_S_N_sec00008_sec00008_10802,copy-move,1-5%,sec00008,True,0.22849893162393162,0.3719969561908903,0.4498067333780424,0.07496134440104167,0.9876108854253025,0.03655102163101444,0.09746294900778699,0.5921921921921922
Tp_S_NNN_S_N_sec00010_sec00010_10856,copy-move,1-5%,sec00010,True,0.4013089394615499,0.5727629763294767,0.6037038362834154,0.06609090169270833,0.9813988860644585,0.05777057731062552,0.0,0.5601713062098501
Tp_S_NNN_S_N_sec00024_sec00024_00747,copy-move,<1%,sec00024,False,0.03060599877576005,0.0593941793704217,0.10995899433492758,0.048004150390625,0.9321148596626304,0.006731822052800195,0.02026862026862027,0.0
Tp_S_NNN_S_N_sec00045_sec00045_00795,copy-move,1-5%,sec00045,True,0.15203994900127496,0.2639490915798211,0.3729797350887545,0.095703125,0.9957564787284807,0.028775103018879276,0.0,0.4513877347515373
Tp_S_NNN_S_N_sec00055_sec00055_00789,copy-move,<1%,sec00055,False,0.020748100526008183,0.04065273403950759,0.06844773693303519,0.06654866536458333,0.8492719183278052,0.008992587191639324,0.021621621621621623,0.0
Tp_S_NNN_S_N_sec00056_sec00056_00732,copy-move,1-5%,sec00056,False,0.0,0.0,-0.007326624566936405,0.004170735677083333,0.7055380253898679,0.024992968216337848,0.08394326057387136,0.0
Tp_S_NNN_S_N_sec00076_sec00076_00774,copy-move,1-5%,sec00076,True,0.2220036071487129,0.3633436200187844,0.4594977031690232,0.062042236328125,0.9963298900258921,0.027172931425475125,0.13131533101045295,0.0
Tp_S_NNN_S_N_sec00082_sec00082_10363,copy-move,1-5%,arc00082,True,0.2534864643150123,0.40445026178010474,0.4819397538655962,0.061248779296875,0.9874486362853966,0.03240495181289593,0.35846867749419953,0.43126780626780625
Tp_S_NNN_S_N_sec00085_sec00085_00759,copy-move,1-5%,ani00085,True,0.4348439073514602,0.6061201572150478,0.6321565555058333,0.048380533854166664,0.9885698443083613,0.04704386522568341,0.04558721334259903,0.5237832874196511
Tp_S_NNN_S_N_sec00092_sec00092_00758,copy-move,1-5%,sec00092,True,0.2854612783770729,0.4441382765531062,0.5218594003503543,0.06318155924479167,0.9983302476811554,0.0354327168080578,0.2893760539629005,0.5621685327047732
Tp_S_NNN_S_N_sec20008_sec20008_01443,copy-move,<1%,sec20008,True,0.0966693744922827,0.17629629629629628,0.21077980006880115,0.015796351084812622,0.9364405254583457,0.008313425470116109,0.0,0.18205360611161467
Tp_S_NNN_S_N_sec20026_sec20026_01616,copy-move,<1%,sec20026,True,0.0,0.0,0.0,0.0,0.9215637668017123,0.01951992160124891,0.014734179998900435,0.0
Tp_S_NNN_S_N_sec20026_sec20026_02452,copy-move,1-5%,sec20026,True,0.35783555867884753,0.5270675913466515,0.5624436977340567,0.03863060989643268,0.9867491779804121,0.033347100658002685,0.0,0.5170630816959669
Tp_S_NNN_S_N_sec20035_sec20035_01625,copy-move,<1%,sec20035,True,0.22737266397947967,0.3705030601582326,0.4708974092718981,0.031806526806526805,0.9993670345926263,0.014360018745552271,0.0,0.5301379811183733
Tp_S_NNN_S_N_sec20035_sec20035_02451,copy-move,1-5%,sec20035,True,0.3513591393718183,0.5200085293908593,0.5728725549635441,0.05985431235431236,0.9924758621768168,0.04330722129100674,0.07793659322944653,0.5251633084920416
Tp_S_NNN_S_N_sec20038_sec20038_01628,copy-move,<1%,sec20038,True,0.052572706935123045,0.09989373007438895,0.214264396805,0.09725265271006596,0.9752833500246936,0.010532141288161895,0.10670633124232037,0.12309600937349231
Tp_S_NNN_S_N_sec20038_sec20038_02449,copy-move,1-5%,sec20038,True,0.07923697725605282,0.14683888511216858,0.17543374782982954,0.10065385718382563,0.9352208116817602,0.03433016714112574,0.23049274307293324,0.1937068507700478
Tp_S_NNN_S_N_sec20045_sec20045_01635,copy-move,<1%,sec20045,True,0.0,0.0,-0.003142331078770607,0.04673187571921749,0.6270458783177183,0.00040268070296545574,0.0,0.0
Tp_S_NNN_S_N_sec20061_sec20061_01651,copy-move,1-5%,sec20061,True,0.42123349611141253,0.5927716976329855,0.6359033218198948,0.031017383870048446,0.9972645289067794,0.027166518615137237,0.0,0.5104567969179967
Tp_S_NNN_S_N_sec20071_sec20071_01661,copy-move,<1%,sec20071,True,0.018903891977760125,0.037106329903336455,0.09156076034611012,0.05124792703150912,0.9294314833571587,0.0038648222554175785,0.0,0.0
Tp_S_NNN_S_N_sec20098_sec20098_01688,copy-move,<1%,sec20098,True,0.23423423423423423,0.3795620437956204,0.4815086166986877,0.013248081841432224,0.9997476204745996,0.006187109056295893,0.0,0.0
Tp_S_NNN_S_N_sec20098_sec20098_02140,copy-move,>5%,sec20098,True,0.5956332810941729,0.7465791647134981,0.7513962938225225,0.11967604433077579,0.998727941503325,0.13307974200530792,0.8898052569969139,0.5759242144177449
Tp_S_NNN_S_N_txt00006_txt00006_10837,copy-move,>5%,txt00006,True,0.2950467289719626,0.4556541820018763,0.49392097387576456,0.21705118815104166,0.9750564133945738,0.12183681852485169,0.2781111111111111,0.5775866143593137
Tp_S_NNN_S_N_txt00014_txt00014_20068,copy-move,>5%,txt00014,True,0.32898204706830797,0.4950887753435524,0.4490410729574861,0.3101399739583333,0.8793398943311246,0.22358755658357202,0.13350626891482922,0.5344405326802388
Tp_S_NNN_S_N_txt00085_txt00085_00689,copy-move,>5%,txt00085,True,0.46252947120242505,0.6325061891876331,0.6525799184974722,0.119873046875,0.989941194113251,0.10751860158438334,0.6777653273571315,0.5945914844649022
Tp_S_NNN_S_N_txt00093_txt00093_00690,copy-move,>5%,txt00093,True,0.4353468181398356,0.6066085389787973,0.5996702050722762,0.21546427408854166,0.97822063755239,0.1829876899190418,0.6511491900111117,0.5738181528535585
Tp_S_NNN_S_O_ani00011_ani00011_00835,copy-move,>5%,ani00011,True,0.4652223489167617,0.6350194552529183,0.6100381361044978,0.07854207356770833,0.9635729398982101,0.12250042972554862,0.23784641224223196,0.31121689973222255
Tp_S_NNN_S_O_ani00067_ani00067_00828,copy-move,1-5%,ani00067,True,0.29895402578448066,0.4602996254681648,0.5300712096005916,0.08363850911458333,0.9895296352775717,0.0487882336595145,0.4023076923076923,0.5985569985569985
Tp_S_NNN_S_O_ani00077_ani00077_00823,copy-move,1-5%,ani00077,True,0.0,0.0,-0.010051827238137198,0.009467065868263473,0.8012765715298407,0.020705553283910234,0.06429802465862389,0.0
Tp_S_NNN_S_O_arc00045_arc00045_00265,copy-move,1-5%,arc00045,True,0.0,0.0,-0.07392030131740301,0.12177530924479167,0.6319954016000694,0.07305622800913449,0.0,0.0
Tp_S_NNN_S_O_sec00043_sec00043_00796,copy-move,>5%,cha30686,False,0.0,0.0,0.0,0.0,0.4039605731862056,0.10344761059556654,0.0006297890206780728,0.0
Tp_S_NRD_S_B_ani00059_ani00059_00179,copy-move,>5%,ani00059,True,0.4889505316689783,0.6567720300565112,0.6125625412978902,0.19837443033854166,0.9589745157871108,0.22890035943031647,0.4927356532521092,0.5178351294388993
Tp_S_NRD_S_B_ani00061_ani00061_00181,copy-move,>5%,ani00061,True,0.28395228145851586,0.44230971128608926,0.3557492597203632,0.2579549153645833,0.8311677937202231,0.22949048142211337,0.3075823533233708,0.4637700960969167
Tp_S_NRD_S_B_ani00063_ani00063_00183,copy-move,>5%,ani00063,True,0.41761564995511036,0.5891803606546449,0.6000701235968069,0.21528116861979166,0.9980330981584005,0.16497731981855854,0.507024687282198,0.5933635255182024
Tp_S_NRD_S_B_arc20089_arc20089_02413,copy-move,<1%,arc20089,True,0.1794390014763119,0.3042785616750114,0.3706310895283836,0.03621135480946543,0.9462736243771155,0.017948299097480296,0.1599583364333011,0.26650896905184307
Tp_S_NRD_S_B_ind00038_ind00038_01329,copy-move,1-5%,cha30529,False,0.11818588025022342,0.2113886113886114,0.20782534839572253,0.0345458984375,0.9172756658354894,0.03220802097825108,0.19253328367935946,0.0
Tp_S_NRD_S_B_ind20035_ind20035_02288,copy-move,<1%,ind20035,True,0.0,0.0,-0.019312591599983792,0.07673477073721872,0.17576766048499096,0.008895387802351794,0.0,0.0
Tp_S_NRD_S_B_ind20058_ind20058_02301,copy-move,1-5%,ind20058,True,0.13768153392940205,0.24203879525734792,0.2672948210802728,0.10056160458452722,0.886474836749171,0.04989802475344341,0.1504691608172323,0.0
Tp_S_NRD_S_B_sec00001_sec00001_00021,copy-move,>5%,sec00001,True,0.0,0.0,-0.028323886825518917,0.011362711588541666,0.7694574040811968,0.12250042972554862,0.171420476010578,0.0
Tp_S_NRD_S_B_sec00001_sec00001_01431,copy-move,1-5%,sec00001,True,0.0,0.0,-0.020406027847271316,0.013387044270833334,0.5609445455964358,0.057828135650146696,0.1783777195441526,0.0
Tp_S_NRD_S_N_ani00064_ani00064_00184,copy-move,>5%,ani00064,True,0.3133603238866397,0.47718865598027127,0.4465838726397179,0.08851114908854167,0.9183713250372405,0.113185094192954,0.2926175781063107,0.4287138584247258
Tp_S_NRD_S_N_ani00078_ani00078_00822,copy-move,>5%,ani00078,True,0.41447844685751895,0.5860512725073279,0.5012693259088136,0.2704366048177083,0.8818200832223093,0.28596835360272,0.43380658246519777,0.4243248077267036
Tp_S_NRD_S_N_arc00057_arc00057_00277,copy-move,1-5%,arc00057,True,0.0,0.0,0.0,0.0,0.8543606975640712,0.04300047778308648,0.0,0.0
Tp_S_NRD_S_N_arc20101_arc20101_01741,copy-move,1-5%,arc20101,True,0.15134057971014492,0.262894546370016,0.36479281296032967,0.06380405696214375,0.9757651314936562,0.020832754645704287,0.0,0.2959334695891183
Tp_S_NRD_S_N_art20045_art20045_01851,copy-move,<1%,art20045,True,0.08480215827338129,0.15634585094918346,0.27764485998304844,0.09858156028368795,0.9856970430033298,0.016581240164229887,0.0756036272260461,0.2940782550463982
Tp_S_NRN_M_B_arc00082_arc00082_11521,copy-move,>5%,arc00082,True,0.355291652113168,0.5243028709860317,0.45429640946807814,0.2583414713541667,0.8076444335150819,0.24001432280010743,0.0322565564957225,0.5055838664209042
Tp_S_NRN_M_B_pla00041_pla00041_10977,copy-move,1-5%,pla00041,True,0.2825754330130363,0.4406375262454667,0.49721217709629867,0.16620890299479166,0.9728196344310088,0.08971929926837088,0.32121104185218163,0.5251965459466426
Tp_S_NRN_M_N_ani10165_ani10165_12491,copy-move,>5%,ani10165,True,0.5541354142141199,0.7131108514045795,0.6851379022280075,0.21447222305591404,0.9256159105100261,0.2335617436944161,0.5496113564208298,0.7042612147083053
Tp_S_NRN_M_N_arc00055_arc00055_10392,copy-move,>5%,arc00055,True,0.4815188886526331,0.6500340864240352,0.527854300132502,0.5719197591145834,0.8735580024100853,0.435807881107142,0.6400845573495645,0.647132987039185
Tp_S_NRN_M_N_arc00082_arc00082_11520,copy-move,1-5%,arc00082,True,0.0,0.0,-0.06313869039458074,0.13802083333333334,0.35220650048087926,0.04743177213681325,0.0,0.0
Tp_S_NRN_M_N_art00015_art00015_10272,copy-move,>5%,art00015,True,0.41239990293618056,0.5839704492741173,0.5549163314733484,0.14830525716145834,0.942424167478556,0.16266225574027868,0.13663603675589292,0.45305017697272537
Tp_S_NRN_M_N_art00036_art00036_10474,copy-move,>5%,art00036,True,0.47735037162602684,0.646224999558686,0.5170783489067508,0.3287556966145833,0.8685277979185619,0.3968035226485098,0.21362480082743968,0.5313812904764526
Tp_S_NRN_M_N_art00045_art00045_10748,copy-move,>5%,art00045,True,0.03540561482982655,0.06838984514420586,-0.018096795785999414,0.06995646158854167,0.3107276509802135,0.19290795786687256,0.0,0.09127232465219275
Tp_S_NRN_M_N_art00083_art00083_10519,copy-move,>5%,art00083,True,0.46710433432161513,0.6367704373767021,0.6290806080284459,0.13550821940104166,0.9579918568485986,0.14110394644781876,0.3081651876456299,0.6165157040348195
Tp_S_NRN_M_N_txt00085_txt00085_11310,copy-move,>5%,txt00085,True,0.44044731081001126,0.6115424111727255,0.6077126166213317,0.16508992513020834,0.9649249182268558,0.15252772035331705,0.6843672771053799,0.5717498875393612
Tp_S_NRN_S_B_ani10001_ani10001_20004,copy-move,1-5%,ani10001,True,0.19661992989484225,0.3286255309354926,0.3151511757001987,0.07485307835820895,0.7893754865659622,0.07062380763831395,0.2728043255881923,0.30721641092433555
Tp_S_NRN_S_B_arc10107_arc10107_11166,copy-move,<1%,arc10107,True,0.0,0.0,-0.06434893041824578,0.30377604166666666,0.1887254102371709,0.018626970408400195,0.0,0.0
Tp_S_NRN_S_B_art00098_art00098_00538,copy-move,1-5%,art00098,True,0.21591627449603146,0.35514990468488244,0.3991577071336841,0.13895670572916666,0.9510915451240577,0.0716198322789466,0.7133354450427621,0.3736195557761509
Tp_S_NRN_S_B_art10008_art10008_20049,copy-move,>5%,art10008,True,0.4209776413853573,0.5925183185499422,0.5995951449827631,0.1900887573964497,0.9773978962395999,0.15480600506921427,0.5658155186064925,0.37677101416811337
Tp_S_NRN_S_B_cha10211_cha10211_12330,copy-move,1-5%,cha10211,True,0.0,0.0,-0.01470951210431306,0.016198210922787195,0.27837040970990334,0.02560944435407032,0.0,0.0
Tp_S_NRN_S_B_ind00025_cha10101_10050,copy-move,1-5%,cha10101,False,0.06098457016899339,0.1149584487534626,0.09850425006757364,0.020416666666666666,0.9022042363218833,0.03379416282642089,0.08378466557911908,0.0
Tp_S_NRN_S_B_ind20029_ind20029_02284,copy-move,1-5%,ind20029,True,0.22643791927856594,0.36926111908177905,0.3719644763783315,0.046504166666666666,0.8603226485513277,0.045339968318218654,0.2083217978991939,0.3603883911807306
Tp_S_NRN_S_B_nat20091_nat20091_01595,copy-move,1-5%,nat20091,True,0.2516245487364621,0.4020767233919815,0.4625562222223494,0.0687457191780822,0.9796013325873038,0.039799784344411206,0.12960591490081427,0.46615841238433336
Tp_S_NRN_S_B_pla20095_pla20095_01995,copy-move,1-5%,pla20095,True,0.33881506497320313,0.5061416977407326,0.5146807114485977,0.09536180240243693,0.9374182727660845,0.08499866088953623,0.3393600837926133,0.3361103448275862
Tp_S_NRN_S_B_sec20077_sec20077_01667,copy-move,>5%,sec20077,True,0.49491654913023037,0.6621326781326782,0.6425929802483544,0.2821890547263682,0.9934241873983043,0.24509069214146956,0.8627602955614116,0.5308587046335728
Tp_S_NRN_S_N_ani00097_ani00097_00217,copy-move,1-5%,ani00097,True,0.12618152251245046,0.22408736067866974,0.32177375841447653,0.20017496744791666,0.9912494140425864,0.04927222756903172,0.19743956743002544,0.3039832285115304
Tp_S_NRN_S_N_ani10133_ani10133_12478,copy-move,>5%,ani10133,True,0.3775189599133261,0.5481143576231862,0.5708419268882094,0.20297982296992687,0.9985921681797767,0.1423494086647466,0.6542586898866384,0.631573732319354
Tp_S_NRN_S_N_ani10144_ani10144_12471,copy-move,1-5%,ani10144,True,0.3490546859117707,0.5174804098854732,0.5421668710532855,0.020182898948331047,0.9654592233786242,0.020115696942812396,0.22477892935247695,0.4161515191371827
Tp_S_NRN_S_N_ani10150_ani10150_12482,copy-move,1-5%,ani10150,True,0.2820051413881748,0.43994385402045316,0.5240387418696032,0.036118848653667594,0.9993229104959817,0.020165997224188166,0.08688420719150958,0.0
Tp_S_NRN_S_N_arc00036_arc00036_00256,copy-move,<1%,arc00036,True,0.09407124073631365,0.17196547580028407,0.2945505803690986,0.08510335286458333,0.9967691751600484,0.015884389096890737,0.07417880201706019,0.1416005767844268
Tp_S_NRN_S_N_arc00036_arc00036_01088,copy-move,<1%,arc00036,True,0.0,0.0,-0.012403720796119361,0.06207275390625,0.8871467897925891,0.004627938131774449,0.0,0.0
Tp_S_NRN_S_N_arc00082_arc00082_00785,copy-move,1-5%,arc00082,False,0.0,0.0,-0.008580523764195797,0.00445556640625,0.6651391915272006,0.03185344611842435,0.0,0.0
Tp_S_NRN_S_N_arc20035_arc20035_02474,copy-move,<1%,arc20035,True,0.08389751371541963,0.15480709689578118,0.2547492459457572,0.08146235521235522,0.9272604332516056,0.01620450710293572,0.03122564844706668,0.2818411856850223
Tp_S_NRN_S_N_arc20038_arc20038_01491,copy-move,<1%,arc20038,True,0.0,0.0,-0.006603579448322643,0.015962837837837838,0.4284390358215977,0.005347632192649532,0.0,0.0
Tp_S_NRN_S_N_arc20057_arc20057_01697,copy-move,1-5%,arc20057,True,0.30108645399907535,0.4628231322732522,0.5073267280516479,0.09840469208211143,0.9818516800191692,0.06509453233164621,0.0,0.4694350032018127
Tp_S_NRN_S_N_arc20065_arc20065_01705,copy-move,1-5%,arc20065,True,0.15401775119844321,0.2669244056921938,0.37746663961306454,0.08735074626865671,0.9996446041517543,0.02654993965922805,0.28191651101168497,0.2640070726047077
Tp_S_NRN_S_N_arc20070_arc20070_01710,copy-move,<1%,arc20070,False,0.0,0.0,-0.010314029500277684,0.02119798811156836,0.7014161879150878,0.009728396634648199,0.003605227579990987,0.0
Tp_S_NRN_S_N_art00040_art00040_01414,copy-move,1-5%,art00040,True,0.1702626641651032,0.2909819639278557,0.39259189214763873,0.10837809244791667,0.9909087471543423,0.03637453183520599,0.14437164979154257,0.4945036915504512
Tp_S_NRN_S_N_art00046_art00046_11924,copy-move,1-5%,art00046,True,0.43368665977249227,0.6049950410242539,0.5986571009208288,0.06870524088541667,0.9635985221204815,0.0845081400220185,0.2496395697016746,0.5397674657886614
Tp_S_NRN_S_N_art00082_art00082_10285,copy-move,1-5%,art00082,True,0.29703995032084457,0.4580274497286945,0.4440928517143922,0.035807291666666664,0.9387661141804787,0.05434933201385453,0.04984030598162533,0.0
Tp_S_NRN_S_N_art00092_art00092_11809,copy-move,<1%,art00092,True,0.3506024096385542,0.5191793041926851,0.5319913402370703,0.014312744140625,0.9830296406446636,0.016845035757875305,0.09204790022625683,0.0
Tp_S_NRN_S_N_art20015_art20015_01821,copy-move,1-5%,art20015,True,0.08376393799292901,0.15457967377666249,0.13972758851152878,0.08210957433993671,0.6546654942269041,0.0525583403976264,0.0,0.06202002527461845
Tp_S_NRN_S_N_art20025_art20025_01831,copy-move,1-5%,art20025,True,0.3098409748038001,0.47309708699593994,0.5455476741684303,0.04466583356475053,0.996780812525634,0.02769587482998165,0.20937080587327977,0.5245481853548037
Tp_S_NRN_S_N_art20034_art20034_02335,copy-move,1-5%,art20034,True,0.020861074123391034,0.0408695652173913,0.01427934129513596,0.15739564961787184,0.5686523919666299,0.036102916981763815,0.0,0.0
Tp_S_NRN_S_N_art20046_art20046_01852,copy-move,1-5%,art20046,True,0.12196359127543256,0.21741096096850354,0.3236640473257595,0.15757548845470692,0.9731429902952642,0.0377121745495103,0.1929643803355902,0.44322253799579886
Tp_S_NRN_S_N_art20050_art20050_01856,copy-move,<1%,art20050,True,0.1990074441687345,0.33195364238410596,0.43673039883038844,0.04516606822262118,0.9947590080257376,0.017943482921665175,0.310711844546431,0.36197607524426995
Tp_S_NRN_S_N_art20087_art20087_01893,copy-move,1-5%,art20087,True,0.0,0.0,0.0,0.0,0.6376798945810561,0.025926846195368124,0.0,0.0
Tp_S_NRN_S_N_art20087_art20087_02310,copy-move,<1%,art20087,True,0.0,0.0,0.0,0.0,0.8927683690224781,0.01298802100851207,0.03380156152244153,0.0
Tp_S_NRN_S_N_cha00036_cha00036_11736,copy-move,1-5%,cha00036,True,0.20804106073567152,0.3444271349667186,0.41489335634024865,0.057301839192708336,0.984636341840093,0.028636746480567923,0.10648256494266324,0.27576934568270095
Tp_S_NRN_S_N_cha00049_cha00049_11000,copy-move,<1%,cha00049,True,0.0,0.0,-0.006829095201084142,0.01080322265625,0.8011361621083961,0.008468223901460667,0.02692852804211379,0.0
Tp_S_NRN_S_N_cha00049_cha00049_11002,copy-move,1-5%,cha00049,True,0.2383248730964467,0.38491494158639067,0.39349028111382334,0.032908121744791664,0.9395604233619874,0.032897106495377595,0.06770167006673351,0.0
Tp_S_NRN_S_N_cha00049_cha00049_11003,copy-move,1-5%,cha00049,False,0.0,0.0,-0.011217651584014355,0.00933837890625,0.8013388021704634,0.02600427715137702,0.043312626557298284,0.0
Tp_S_NRN_S_N_cha00059_cha00059_11029,copy-move,1-5%,cha00059,True,0.15563703024747938,0.26935279187817257,0.30107202641727865,0.049173990885416664,0.9253415415801314,0.029466594503578088,0.14348290598290597,0.0
Tp_S_NRN_S_N_cha10126_cha10126_12152,copy-move,1-5%,cha10126,True,0.0630494408889514,0.11861995964407396,0.16221777709171406,0.1579154603358425,0.8182240148015132,0.03369027490763354,0.09938289322617681,0.18152825615512183
Tp_S_NRN_S_N_cha10147_cha10147_12226,copy-move,<1%,cha10147,True,0.0,0.0,-0.008099794363125221,0.007864488808227465,0.26695238503144963,0.016283524904214558,0.0,0.0
Tp_S_NRN_S_N_cha10152_cha10152_12217,copy-move,1-5%,cha10152,True,0.17342809199486725,0.2955921938088829,0.40158418529229606,0.05786750195052549,0.9873746658167566,0.02045277747809645,0.0914550321973808,0.3893212278426286
Tp_S_NRN_S_N_cha10191_cha10191_12328,copy-move,<1%,cha10191,True,0.17851426419357877,0.30294799073260364,0.41136955128589076,0.023041958041958042,0.9944556234097384,0.008586231131942042,0.027226031729966346,0.5157636975818795
Tp_S_NRN_S_N_cha20021_cha20021_02020,copy-move,<1%,cha10211,True,0.0,0.0,-0.008759902028403875,0.021016949152542375,0.425206161664161,0.007098071135527183,0.0,0.0
Tp_S_NRN_S_N_ind00038_ind00038_10912,copy-move,1-5%,cha30529,True,0.30159220899675376,0.4634204275534442,0.5222535988612159,0.06443277994791667,0.9858895655893681,0.0415579240960255,0.30514921006436513,0.47623879587349904
Tp_S_NRN_S_N_ind00038_ind00038_10913,copy-move,1-5%,cha30529,True,0.3531591263650546,0.5219772301484363,0.5685441309145332,0.10358683268229167,0.9748133366161467,0.07245169070285003,0.41139924365207997,0.5504025764895331
Tp_S_NRN_S_N_ind00043_ind00043_10890,copy-move,<1%,ind00043,False,0.0,0.0,-0.007445464937296281,0.040181477864583336,0.10301906779661016,0.002641363756425625,0.0,0.0
Tp_S_NRN_S_N_ind00058_ind00058_10426,copy-move,1-5%,ind00058,True,0.2079646017699115,0.3443223443223443,0.33172786775808705,0.024668375651041668,0.8861150185056907,0.03876425229682684,0.18772563176895307,0.0
Tp_S_NRN_S_N_ind00060_ind00060_10701,copy-move,1-5%,ind00060,True,0.09398186314921682,0.17181612660135645,0.15866053811242725,0.024261474609375,0.6219365400736265,0.031951951951951954,0.056096673806733215,0.0
Tp_S_NRN_S_N_ind00065_ind00065_10687,copy-move,1-5%,ind00065,True,0.25924627519719545,0.41174832962138086,0.46698964199245596,0.055440266927083336,0.9698934720721141,0.03466682660588976,0.30295566502463056,0.39725171767645223
Tp_S_NRN_S_N_ind00067_ind00067_10689,copy-move,1-5%,ind00067,False,0.0,0.0,0.0,0.0,0.8365672130491181,0.04851709215071267,0.029959187334619008,0.0
Tp_S_NRN_S_N_ind10103_ind10104_11552,splicing,<1%,ind10103,True,0.0,0.0,-0.006992436402087055,0.005879720052083333,0.31574930979120436,0.016264756331349006,0.0004068679306697046,0.0
Tp_S_NRN_S_N_ind20007_ind20007_02267,copy-move,<1%,ind20007,True,0.0,0.0,-0.007951939216031023,0.07047368421052631,0.7707919669484843,0.0016652789342214821,0.0,0.0
Tp_S_NRN_S_N_ind20010_ind20010_01751,copy-move,1-5%,ind20010,True,0.31214977075904227,0.47578375230515385,0.530036218329714,0.038022088353413655,0.9843712826312317,0.0270293023785588,0.4540585949805733,0.0
Tp_S_NRN_S_N_ind20028_ind20028_01769,copy-move,<1%,ind20028,True,0.008547704330836861,0.016950520623133424,0.07813780855274365,0.07661458333333333,0.9137658424447992,0.0016320005328981332,0.0,0.0014697776961234614
Tp_S_NRN_S_N_ind20028_ind20028_02283,copy-move,<1%,ind20028,True,0.03070393032357643,0.05957856455235854,0.13685496692664073,0.074575,0.8254684702875695,0.006644518272425249,0.003273723680415345,0.10845907636031092
Tp_S_NRN_S_N_ind20040_ind20040_01781,copy-move,1-5%,ind20040,True,0.2945909437951489,0.45511046590754434,0.5078465133914707,0.07763367729831144,0.9650138991115597,0.05022143064545261,0.25985580610523085,0.5438682322243966
Tp_S_NRN_S_N_ind20058_ind20058_01799,copy-move,>5%,ind20058,True,0.4117549942215618,0.5833235878844579,0.613114443641555,0.1388080229226361,0.9986193252925684,0.10821651976886634,0.16650876361913786,0.5988049061746514
Tp_S_NRN_S_N_nat00034_nat00034_00950,copy-move,<1%,nat00034,True,0.21693625118934348,0.3565285379202502,0.45224154254032745,0.031789143880208336,0.9911589874828157,0.014381514098731518,0.04570336897020463,0.4357188093730209
Tp_S_NRN_S_N_nat00034_nat00034_00954,copy-move,1-5%,nat00034,True,0.38274932614555257,0.5536062378167641,0.5978989064825017,0.044219970703125,0.993568532134922,0.03613916274609691,0.0,0.6026415094339622
Tp_S_NRN_S_N_nat00077_nat00077_00983,copy-move,1-5%,nat00077,False,0.0,0.0,-0.009435595118271982,0.0032145182291666665,0.49837853951924244,0.05232552380008916,0.07317242818390485,0.0
Tp_S_NRN_S_N_nat00086_nat00086_00988,copy-move,1-5%,nat00086,True,0.36826934163495906,0.5382994859694953,0.5798432078384336,0.08681233723958333,0.9911556856873962,0.06558635142713776,0.0,0.5935114503816794
Tp_S_NRN_S_N_nat10138_nat10138_11939,copy-move,<1%,nat10138,True,0.11960848592703602,0.21366127075751873,0.3350040640355359,0.06950846354166666,0.99943246536896,0.016490505368776512,0.1890731418418715,0.288217601673859
Tp_S_NRN_S_N_nat10141_nat10141_11959,copy-move,>5%,nat10141,True,0.31088749126484977,0.4743160543318336,0.5234318883694672,0.1635129576306047,0.9971474870840367,0.09675006089286335,0.4376672438218165,0.5232758340642563
Tp_S_NRN_S_N_nat20072_nat20072_01576,copy-move,1-5%,nat20072,True,0.3322373023646285,0.4987659507430552,0.547779134169706,0.13443973634651601,0.9960117693088132,0.08589156089054706,0.24133351042635143,0.4455554200707231
Tp_S_NRN_S_N_nat20095_nat20095_01599,copy-move,1-5%,nat20095,True,0.3424029022620572,0.5101343295445513,0.49723262578268324,0.05870957047842032,0.9127785757281155,0.07515348510265991,0.0,0.47584523550593294
Tp_S_NRN_S_N_pla00016_pla00016_10961,copy-move,1-5%,pla00016,True,0.15737122557726466,0.2719459791282996,0.37670070374788833,0.11454264322916667,0.9905128328100503,0.0354130860545985,0.1494097807757167,0.39927779210729947
Tp_S_NRN_S_N_pla00056_pla00056_01165,copy-move,1-5%,pla00056,False,0.0,0.0,0.0,0.0,0.6070840181564776,0.041948013146100985,0.04938624036540108,0.0
Tp_S_NRN_S_N_pla00079_pla00079_10625,copy-move,1-5%,pla00079,True,0.0,0.0,0.0,0.0,0.2955941957659961,0.02564746286942288,0.0,0.0
Tp_S_NRN_S_N_pla00091_pla00091_11292,copy-move,1-5%,pla00091,True,0.26537555613713687,0.41944157187176834,0.48563514595267404,0.037618001302083336,0.986804249955507,0.022867831176275378,0.0,0.47309478284621687
Tp_S_NRN_S_N_pla20072_pla20072_02364,copy-move,<1%,pla20072,True,0.0,0.0,0.0,0.0,0.7629042060826021,0.014383441501490967,0.0012195121951219512,0.0
Tp_S_NRN_S_N_sec00002_sec00002_10787,copy-move,1-5%,sec00002,True,0.0,0.0,0.0,0.0,0.8880135027286136,0.021554716981132076,0.005115089514066497,0.0
Tp_S_NRN_S_N_sec00014_sec00014_11231,copy-move,<1%,sec00014,True,0.0,0.0,0.0,0.0,0.7014513263412203,0.014942853681192197,0.0,0.0
Tp_S_NRN_S_N_sec00014_sec00014_11232,copy-move,<1%,sec00014,True,0.0,0.0,0.0,0.0,0.46047577236514015,0.01774479754799161,0.0,0.0
Tp_S_NRN_S_N_sec00045_sec00045_10488,copy-move,1-5%,sec00045,True,0.4380637402285027,0.6092410620949195,0.6026435161318547,0.026713053385416668,0.9796313055753423,0.04294203720846896,0.14129760122676988,0.0
Tp_S_NRN_S_N_sec00062_sec00062_11261,copy-move,<1%,nat00083,True,0.0,0.0,0.0,0.0,0.906703702252466,0.011187877439129247,0.0,0.0
Tp_S_NRN_S_N_sec00067_sec00067_11255,copy-move,<1%,sec00067,True,0.0,0.0,-0.012251732647538763,0.024709065755208332,0.851407412251214,0.011710809744849974,0.016183490511118875,0.0
Tp_S_NRN_S_N_sec20026_sec20026_02124,copy-move,<1%,sec20026,True,0.19286775631500744,0.32336821126058796,0.4321972339518769,0.038722669735327966,0.9981471671866108,0.014825983163714035,0.08851463820620778,0.38081267419686077
Tp_S_NRN_S_N_txt00005_txt00005_01264,copy-move,1-5%,txt00005,True,0.45243697478991596,0.6230039342744735,0.6485257103351242,0.058705647786458336,0.9912229547619749,0.0567531504818384,0.21351079297617717,0.5651574350723971
Tp_S_NRN_S_N_txt00071_txt00071_11300,copy-move,1-5%,txt00071,False,0.08538481471883907,0.15733556165691776,0.1710479701849356,0.068389892578125,0.9015570747041808,0.03309389943776386,0.5387652548456568,0.0
Tp_S_NRN_S_O_arc00055_arc00055_01071,copy-move,<1%,arc00055,True,0.0,0.0,-0.015402753027039593,0.053609212239583336,0.8406705164898512,0.008306825779524688,0.0,0.0
Tp_S_NRN_S_O_arc10129_arc10129_11895,copy-move,<1%,arc10129,True,0.23047835129514085,0.3746158574062692,0.4750983899687221,0.024160153571918277,0.9998213732060051,0.011108484991727724,0.18273122470394243,0.0
Tp_S_NRN_S_O_cha10126_cha10126_12153,copy-move,1-5%,cha10126,True,0.001553019358566888,0.0031012224586203165,-0.07093585581051465,0.12167921250723798,0.6119501833127837,0.07487584788509451,0.15353492333901192,0.0
