path,split,cv_fold,split_group
CASIA2/Au/Au_ani_00001.jpg,train,1,ani00001
CASIA2/Au/Au_ani_00002.jpg,train,2,ani00002
CASIA2/Au/Au_ani_00003.jpg,train,2,ani00003
CASIA2/Au/Au_ani_00004.jpg,train,0,ani00004
CASIA2/Au/Au_ani_00005.jpg,train,3,ani00005
CASIA2/Au/Au_ani_00006.jpg,train,1,ani00006
CASIA2/Au/Au_ani_00007.jpg,train,0,ani00007
CASIA2/Au/Au_ani_00008.jpg,train,3,ani00008
CASIA2/Au/Au_ani_00009.jpg,train,0,ani00009
CASIA2/Au/Au_ani_00010.jpg,train,0,ani00010
CASIA2/Au/Au_ani_00011.jpg,test,-1,ani00011
CASIA2/Au/Au_ani_00012.jpg,train,4,ani00012
CASIA2/Au/Au_ani_00013.jpg,train,4,ani00013
CASIA2/Au/Au_ani_00014.jpg,train,0,ani00014
CASIA2/Au/Au_ani_00015.jpg,train,0,ani00015
CASIA2/Au/Au_ani_00016.jpg,train,4,ani00016
CASIA2/Au/Au_ani_00017.jpg,test,-1,ani00017
CASIA2/Au/Au_ani_00018.jpg,train,3,ani00018
CASIA2/Au/Au_ani_00019.jpg,train,3,ani00019
CASIA2/Au/Au_ani_00020.jpg,train,0,ani00020
CASIA2/Au/Au_ani_00021.jpg,train,3,ani00021
CASIA2/Au/Au_ani_00022.jpg,train,4,ani00022
CASIA2/Au/Au_ani_00023.jpg,train,0,ani00023
CASIA2/Au/Au_ani_00024.jpg,train,2,ani00024
CASIA2/Au/Au_ani_00025.jpg,train,1,ani00025
CASIA2/Au/Au_ani_00026.jpg,test,-1,ani00026
CASIA2/Au/Au_ani_00027.jpg,train,3,ani00027
CASIA2/Au/Au_ani_00028.jpg,test,-1,ani00028
CASIA2/Au/Au_ani_00029.jpg,val,1,ani00029
CASIA2/Au/Au_ani_00030.jpg,val,4,ani00030
CASIA2/Au/Au_ani_00031.jpg,train,2,ani00031
CASIA2/Au/Au_ani_00032.jpg,val,0,ani00032
CASIA2/Au/Au_ani_00033.jpg,val,2,ani00033
CASIA2/Au/Au_ani_00034.jpg,train,3,ani00034
CASIA2/Au/Au_ani_00035.jpg,train,2,ani00035
CASIA2/Au/Au_ani_00036.jpg,test,-1,ani00036
CASIA2/Au/Au_ani_00037.jpg,train,3,ani00037
CASIA2/Au/Au_ani_00038.jpg,train,1,ani00038
CASIA2/Au/Au_ani_00039.jpg,train,2,ani00039
CASIA2/Au/Au_ani_00040.jpg,train,0,ani00040
CASIA2/Au/Au_ani_00041.jpg,train,1,ani00041
CASIA2/Au/Au_ani_00042.jpg,train,4,ani00042
CASIA2/Au/Au_ani_00043.jpg,test,-1,ani00043
CASIA2/Au/Au_ani_00044.jpg,train,4,ani00044
CASIA2/Au/Au_ani_00045.jpg,val,3,ani00045
CASIA2/Au/Au_ani_00046.jpg,train,3,ani00046
CASIA2/Au/Au_ani_00047.jpg,train,3,ani00046
CASIA2/Au/Au_ani_00048.jpg,train,4,ani00048
CASIA2/Au/Au_ani_00049.jpg,val,2,ani00049
CASIA2/Au/Au_ani_00050.jpg,train,3,ani00050
CASIA2/Au/Au_ani_00051.jpg,train,0,ani00051
CASIA2/Au/Au_ani_00052.jpg,test,-1,ani00052
CASIA2/Au/Au_ani_00053.jpg,train,2,ani00053
CASIA2/Au/Au_ani_00054.jpg,test,-1,ani00054
CASIA2/Au/Au_ani_00055.jpg,val,3,ani00055
CASIA2/Au/Au_ani_00056.jpg,test,-1,ani00056
CASIA2/Au/Au_ani_00057.jpg,train,0,ani00057
CASIA2/Au/Au_ani_00058.jpg,train,1,ani00058
CASIA2/Au/Au_ani_00059.jpg,test,-1,ani00059
CASIA2/Au/Au_ani_00060.jpg,train,0,ani00060
CASIA2/Au/Au_ani_00061.jpg,test,-1,ani00061
CASIA2/Au/Au_ani_00062.jpg,val,2,ani00062
CASIA2/Au/Au_ani_00063.jpg,test,-1,ani00063
CASIA2/Au/Au_ani_00064.jpg,test,-1,ani00064
CASIA2/Au/Au_ani_00065.jpg,train,3,ani00065
CASIA2/Au/Au_ani_00066.jpg,val,4,ani00066
CASIA2/Au/Au_ani_00067.jpg,test,-1,ani00067
CASIA2/Au/Au_ani_00068.jpg,train,3,ani00068
CASIA2/Au/Au_ani_00069.jpg,val,3,ani00069
CASIA2/Au/Au_ani_00070.jpg,train,0,ani00010
CASIA2/Au/Au_ani_00071.jpg,test,-1,ani00071
CASIA2/Au/Au_ani_00072.jpg,train,4,ani00072
CASIA2/Au/Au_ani_00073.jpg,train,2,ani00073
CASIA2/Au/Au_ani_00074.jpg,train,2,ani00074
CASIA2/Au/Au_ani_00075.jpg,train,0,ani00075
CASIA2/Au/Au_ani_00076.jpg,train,1,ani00076
CASIA2/Au/Au_ani_00077.jpg,test,-1,ani00077
CASIA2/Au/Au_ani_00078.jpg,test,-1,ani00078
CASIA2/Au/Au_ani_00079.jpg,train,2,ani00079
CASIA2/Au/Au_ani_00080.jpg,train,0,ani00080
CASIA2/Au/Au_ani_00081.jpg,val,2,ani00081
CASIA2/Au/Au_ani_00082.jpg,train,4,ani00082
CASIA2/Au/Au_ani_00083.jpg,train,3,ani00083
CASIA2/Au/Au_ani_00084.jpg,train,0,ani00084
CASIA2/Au/Au_ani_00085.jpg,test,-1,ani00085
CASIA2/Au/Au_ani_00086.jpg,test,-1,ani00086
CASIA2/Au/Au_ani_00087.jpg,train,3,ani00087
CASIA2/Au/Au_ani_00088.jpg,test,-1,ani00088
CASIA2/Au/Au_ani_00089.jpg,train,4,ani00089
CASIA2/Au/Au_ani_00090.jpg,train,2,ani00090
CASIA2/Au/Au_ani_00091.jpg,train,2,ani00091
CASIA2/Au/Au_ani_00092.jpg,train,3,ani00092
CASIA2/Au/Au_ani_00093.jpg,test,-1,ani00093
CASIA2/Au/Au_ani_00094.jpg,train,3,ani00094
CASIA2/Au/Au_ani_00095.jpg,train,3,ani00095
CASIA2/Au/Au_ani_00096.jpg,train,1,ani00096
CASIA2/Au/Au_ani_00097.jpg,test,-1,ani00097
CASIA2/Au/Au_ani_00098.jpg,test,-1,ani00098
CASIA2/Au/Au_ani_00099.jpg,train,4,ani00099
CASIA2/Au/Au_ani_00100.jpg,train,4,ani00100
CASIA2/Au/Au_ani_10001.jpg,test,-1,ani10001
CASIA2/Au/Au_ani_10002.jpg,train,0,ani10002
CASIA2/Au/Au_ani_10003.jpg,train,3,ani10003
CASIA2/Au/Au_ani_10004.jpg,train,2,ani10004
CASIA2/Au/Au_ani_10005.jpg,train,2,ani10005
CASIA2/Au/Au_ani_10101.jpg,train,2,ani10101
CASIA2/Au/Au_ani_10102.jpg,test,-1,ani10102
CASIA2/Au/Au_ani_10103.jpg,train,3,ani10103
CASIA2/Au/Au_ani_10104.jpg,test,-1,ani10104
CASIA2/Au/Au_ani_10105.jpg,val,4,ani10105
CASIA2/Au/Au_ani_10106.jpg,train,3,ani10106
CASIA2/Au/Au_ani_10107.jpg,train,3,ani10107
CASIA2/Au/Au_ani_10108.jpg,train,4,ani10108
CASIA2/Au/Au_ani_10109.jpg,train,1,ani10109
CASIA2/Au/Au_ani_10110.jpg,train,4,ani10110
CASIA2/Au/Au_ani_10111.jpg,val,4,ani10111
CASIA2/Au/Au_ani_10112.jpg,train,4,ani10112
CASIA2/Au/Au_ani_10113.jpg,train,2,ani10113
CASIA2/Au/Au_ani_10114.jpg,train,4,ani10114
CASIA2/Au/Au_ani_10115.jpg,train,4,ani10115
CASIA2/Au/Au_ani_10116.jpg,train,3,ani10116
CASIA2/Au/Au_ani_10117.jpg,train,4,ani10117
CASIA2/Au/Au_ani_10118.jpg,train,1,ani10118
CASIA2/Au/Au_ani_10119.jpg,train,2,ani10119
CASIA2/Au/Au_ani_10120.jpg,train,0,ani10120
CASIA2/Au/Au_ani_10121.jpg,train,3,ani10121
CASIA2/Au/Au_ani_10122.jpg,train,0,ani10122
CASIA2/Au/Au_ani_10123.jpg,train,0,ani10123
CASIA2/Au/Au_ani_10125.jpg,train,3,ani10125
CASIA2/Au/Au_ani_10126.jpg,train,1,ani10126
CASIA2/Au/Au_ani_10127.jpg,val,2,ani10127
CASIA2/Au/Au_ani_10128.jpg,train,2,ani10128
CASIA2/Au/Au_ani_10129.jpg,train,3,ani10129
CASIA2/Au/Au_ani_10130.jpg,test,-1,ani10130
CASIA2/Au/Au_ani_10131.jpg,train,2,ani10131
CASIA2/Au/Au_ani_10132.jpg,train,3,ani10132
CASIA2/Au/Au_ani_10133.jpg,test,-1,ani10133
CASIA2/Au/Au_ani_10134.jpg,train,1,ani10134
CASIA2/Au/Au_ani_10135.jpg,val,4,ani10135
CASIA2/Au/Au_ani_10136.jpg,test,-1,ani10136
CASIA2/Au/Au_ani_10137.jpg,val,2,ani10137
CASIA2/Au/Au_ani_10138.jpg,train,4,ani10138
CASIA2/Au/Au_ani_10139.jpg,val,0,ani10139
CASIA2/Au/Au_ani_10140.jpg,train,2,ani10140
CASIA2/Au/Au_ani_10141.jpg,val,3,ani10141
CASIA2/Au/Au_ani_10142.jpg,train,0,ani10142
CASIA2/Au/Au_ani_10143.jpg,train,4,ani10143
CASIA2/Au/Au_ani_10144.jpg,test,-1,ani10144
CASIA2/Au/Au_ani_10145.jpg,train,0,ani10145
CASIA2/Au/Au_ani_10146.jpg,val,3,ani10146
CASIA2/Au/Au_ani_10147.jpg,train,3,ani10147
CASIA2/Au/Au_ani_10148.jpg,train,1,ani10148
CASIA2/Au/Au_ani_10149.jpg,test,-1,ani10149
CASIA2/Au/Au_ani_10150.jpg,test,-1,ani10150
CASIA2/Au/Au_ani_10151.jpg,test,-1,ani10151
CASIA2/Au/Au_ani_10152.jpg,val,4,ani10152
CASIA2/Au/Au_ani_10153.jpg,train,0,ani10153
CASIA2/Au/Au_ani_10154.jpg,train,0,ani10154
CASIA2/Au/Au_ani_10155.jpg,test,-1,ani10155
CASIA2/Au/Au_ani_10156.jpg,train,1,ani10156
CASIA2/Au/Au_ani_10157.jpg,train,0,ani10157
CASIA2/Au/Au_ani_10158.jpg,train,2,ani10158
CASIA2/Au/Au_ani_10159.jpg,train,1,ani10159
CASIA2/Au/Au_ani_10160.jpg,train,0,ani10160
CASIA2/Au/Au_ani_10161.jpg,val,2,ani10161
CASIA2/Au/Au_ani_10162.jpg,train,1,ani10162
CASIA2/Au/Au_ani_10163.jpg,train,2,ani10163
CASIA2/Au/Au_ani_10164.jpg,train,2,ani10164
CASIA2/Au/Au_ani_10165.jpg,test,-1,ani10165
CASIA2/Au/Au_ani_10166.jpg,train,4,ani10166
CASIA2/Au/Au_ani_10167.jpg,train,0,ani10167
CASIA2/Au/Au_ani_10168.jpg,train,1,ani10168
CASIA2/Au/Au_ani_10169.jpg,train,3,ani10169
CASIA2/Au/Au_ani_10170.jpg,train,0,ani10170
CASIA2/Au/Au_ani_10171.jpg,train,2,ani10171
CASIA2/Au/Au_ani_10172.jpg,train,3,ani10172
CASIA2/Au/Au_ani_10173.jpg,val,1,ani10173
CASIA2/Au/Au_ani_10174.jpg,train,4,ani10174
CASIA2/Au/Au_ani_10175.jpg,val,1,ani10175
CASIA2/Au/Au_ani_10176.jpg,train,4,ani10176
CASIA2/Au/Au_ani_10177.jpg,train,0,ani10177
CASIA2/Au/Au_ani_10178.jpg,train,1,ani10178
CASIA2/Au/Au_ani_10179.jpg,test,-1,ani10179
CASIA2/Au/Au_ani_10180.jpg,val,2,ani10180
CASIA2/Au/Au_ani_10181.jpg,train,4,ani10181
CASIA2/Au/Au_ani_10182.jpg,train,1,ani10182
CASIA2/Au/Au_ani_10183.jpg,train,0,ani10183
CASIA2/Au/Au_ani_10184.jpg,train,0,ani10184
CASIA2/Au/Au_ani_10185.jpg,train,0,ani10185
CASIA2/Au/Au_ani_10186.jpg,train,2,ani10186
CASIA2/Au/Au_ani_10187.jpg,train,1,ani10187
CASIA2/Au/Au_ani_10188.jpg,train,4,ani10188
CASIA2/Au/Au_ani_10189.jpg,train,3,ani10189
CASIA2/Au/Au_ani_10190.jpg,train,2,ani10190
CASIA2/Au/Au_ani_10191.jpg,test,-1,ani10191
CASIA2/Au/Au_ani_10192.jpg,train,4,ani10192
CASIA2/Au/Au_ani_10193.jpg,val,3,ani10193
CASIA2/Au/Au_ani_10194.jpg,train,3,ani10194
CASIA2/Au/Au_ani_10195.jpg,test,-1,ani10195
CASIA2/Au/Au_ani_10196.jpg,val,3,ani10196
CASIA2/Au/Au_ani_10197.jpg,train,4,ani10197
CASIA2/Au/Au_ani_10198.jpg,test,-1,ani10198
CASIA2/Au/Au_ani_10199.jpg,train,4,ani10199
CASIA2/Au/Au_ani_10200.jpg,train,2,ani10200
CASIA2/Au/Au_ani_10201.jpg,train,0,ani10201
CASIA2/Au/Au_ani_10202.jpg,val,1,ani10202
CASIA2/Au/Au_ani_10203.jpg,train,3,ani10203
CASIA2/Au/Au_ani_10204.jpg,val,3,ani10204
CASIA2/Au/Au_ani_10205.jpg,train,1,ani10205
CASIA2/Au/Au_ani_10206.jpg,train,4,ani10206
CASIA2/Au/Au_ani_10207.jpg,train,2,ani10207
CASIA2/Au/Au_ani_10208.jpg,val,2,ani10208
CASIA2/Au/Au_ani_10209.jpg,train,4,ani10209
CASIA2/Au/Au_ani_10210.jpg,train,1,ani10210
CASIA2/Au/Au_ani_10211.jpg,val,2,ani10211
CASIA2/Au/Au_ani_10212.jpg,train,1,ani10212
CASIA2/Au/Au_ani_10213.jpg,train,4,ani10213
CASIA2/Au/Au_ani_10214.jpg,train,1,ani10214
CASIA2/Au/Au_ani_10215.jpg,train,3,ani10215
CASIA2/Au/Au_ani_10216.jpg,train,0,ani10216
CASIA2/Au/Au_ani_10217.jpg,val,3,ani10217
CASIA2/Au/Au_ani_10218.jpg,train,0,ani10218
CASIA2/Au/Au_ani_10219.jpg,test,-1,ani10219
CASIA2/Au/Au_ani_10220.jpg,train,3,ani10220
CASIA2/Au/Au_ani_10221.jpg,train,0,ani10221
CASIA2/Au/Au_ani_10222.jpg,val,1,ani10222
CASIA2/Au/Au_ani_10223.jpg,train,2,ani10223
CASIA2/Au/Au_ani_10224.jpg,train,0,ani10224
CASIA2/Au/Au_ani_20001.jpg,train,3,ani10125
CASIA2/Au/Au_ani_20002.jpg,train,1,ani10126
CASIA2/Au/Au_ani_20003.jpg,val,2,ani10127
CASIA2/Au/Au_ani_20004.jpg,train,2,ani10128
CASIA2/Au/Au_ani_20005.jpg,train,3,ani10129
CASIA2/Au/Au_ani_20006.jpg,train,0,ani10224
CASIA2/Au/Au_ani_20007.jpg,train,0,ani10218
CASIA2/Au/Au_ani_20008.jpg,val,3,ani10217
CASIA2/Au/Au_ani_20009.jpg,test,-1,ani10133
CASIA2/Au/Au_ani_20010.jpg,train,2,ani20010
CASIA2/Au/Au_ani_20011.jpg,val,4,ani10135
CASIA2/Au/Au_ani_20012.jpg,test,-1,ani10136
CASIA2/Au/Au_ani_20013.jpg,train,3,ani10215
CASIA2/Au/Au_ani_20014.jpg,train,1,ani10214
CASIA2/Au/Au_ani_20015.jpg,train,4,ani10213
CASIA2/Au/Au_ani_20016.jpg,train,2,ani10140
CASIA2/Au/Au_ani_20017.jpg,val,3,ani10141
CASIA2/Au/Au_ani_20018.jpg,train,1,ani10212
CASIA2/Au/Au_ani_20019.jpg,train,4,ani10143
CASIA2/Au/Au_ani_20020.jpg,test,-1,ani10144
CASIA2/Au/Au_ani_20021.jpg,val,2,ani10211
CASIA2/Au/Au_ani_20022.jpg,val,3,ani10146
CASIA2/Au/Au_ani_20023.jpg,train,3,ani10147
CASIA2/Au/Au_ani_20024.jpg,train,1,ani10148
CASIA2/Au/Au_ani_20025.jpg,test,-1,ani10149
CASIA2/Au/Au_ani_20026.jpg,test,-1,ani10150
CASIA2/Au/Au_ani_20027.jpg,test,-1,ani10151
CASIA2/Au/Au_ani_20028.jpg,val,4,ani10152
CASIA2/Au/Au_ani_20029.jpg,train,0,ani10153
CASIA2/Au/Au_ani_20030.jpg,train,0,ani10154
CASIA2/Au/Au_ani_20031.jpg,test,-1,ani10155
CASIA2/Au/Au_ani_20032.jpg,train,1,ani10156
CASIA2/Au/Au_ani_20033.jpg,train,0,ani10157
CASIA2/Au/Au_ani_20034.jpg,train,1,ani10210
CASIA2/Au/Au_ani_20035.jpg,train,1,ani10159
CASIA2/Au/Au_ani_20036.jpg,train,0,ani10160
CASIA2/Au/Au_ani_20037.jpg,val,2,ani10161
CASIA2/Au/Au_ani_20038.jpg,train,1,ani10162
CASIA2/Au/Au_ani_20039.jpg,train,2,ani10163
CASIA2/Au/Au_ani_20040.jpg,train,2,ani10164
CASIA2/Au/Au_ani_20041.jpg,train,2,ani10207
CASIA2/Au/Au_ani_20042.jpg,train,4,ani10166
CASIA2/Au/Au_ani_20043.jpg,train,0,ani10167
CASIA2/Au/Au_ani_20044.jpg,train,1,ani10168
CASIA2/Au/Au_ani_20045.jpg,train,3,ani10169
CASIA2/Au/Au_ani_20046.jpg,train,0,ani10170
CASIA2/Au/Au_ani_20047.jpg,train,2,ani10171
CASIA2/Au/Au_ani_20048.jpg,train,3,ani10172
CASIA2/Au/Au_ani_20049.jpg,train,4,ani10206
CASIA2/Au/Au_ani_20050.jpg,train,1,ani10205
CASIA2/Au/Au_ani_20051.jpg,val,1,ani10175
CASIA2/Au/Au_ani_20052.jpg,train,4,ani10176
CASIA2/Au/Au_ani_20053.jpg,train,0,ani10177
CASIA2/Au/Au_ani_20054.jpg,train,1,ani10178
CASIA2/Au/Au_ani_20055.jpg,test,-1,ani10179
CASIA2/Au/Au_ani_20056.jpg,val,2,ani10180
CASIA2/Au/Au_ani_20057.jpg,train,4,ani10181
CASIA2/Au/Au_ani_20058.jpg,train,4,ani10199
CASIA2/Au/Au_ani_20059.jpg,train,4,ani10197
CASIA2/Au/Au_ani_20060.jpg,val,3,ani10196
CASIA2/Au/Au_ani_20061.jpg,train,0,ani10185
CASIA2/Au/Au_ani_20062.jpg,train,2,ani10186
CASIA2/Au/Au_ani_20063.jpg,train,1,ani10187
CASIA2/Au/Au_ani_20064.jpg,train,4,ani10188
CASIA2/Au/Au_ani_20065.jpg,train,3,ani10189
CASIA2/Au/Au_ani_20066.jpg,train,2,ani10190
CASIA2/Au/Au_ani_20067.jpg,test,-1,ani10195
CASIA2/Au/Au_ani_20068.jpg,train,4,ani10192
CASIA2/Au/Au_ani_20069.jpg,val,3,ani10193
CASIA2/Au/Au_ani_20070.jpg,train,3,ani10194
CASIA2/Au/Au_ani_30001.jpg,train,1,ani30001
CASIA2/Au/Au_ani_30002.jpg,train,3,ani30002
CASIA2/Au/Au_ani_30003.jpg,train,4,ani30003
CASIA2/Au/Au_ani_30004.jpg,train,4,ani30004
CASIA2/Au/Au_ani_30005.jpg,train,2,ani30005
CASIA2/Au/Au_ani_30006.jpg,val,3,ani30006
CASIA2/Au/Au_ani_30007.jpg,train,4,ani30007
CASIA2/Au/Au_ani_30008.jpg,train,2,ani30008
CASIA2/Au/Au_ani_30009.jpg,train,0,ani30009
CASIA2/Au/Au_ani_30010.jpg,train,2,ani30010
CASIA2/Au/Au_ani_30011.jpg,train,4,ani30011
CASIA2/Au/Au_ani_30012.jpg,train,4,ani30012
CASIA2/Au/Au_ani_30013.jpg,train,0,ani30013
CASIA2/Au/Au_ani_30014.jpg,train,0,ani30014
CASIA2/Au/Au_ani_30015.jpg,train,2,ani30015
CASIA2/Au/Au_ani_30016.jpg,test,-1,ani30016
CASIA2/Au/Au_ani_30017.jpg,train,1,ani30017
CASIA2/Au/Au_ani_30018.jpg,train,3,ani30018
CASIA2/Au/Au_ani_30019.jpg,train,3,ani30019
CASIA2/Au/Au_ani_30020.jpg,val,4,ani30020
CASIA2/Au/Au_ani_30021.jpg,train,2,ani30021
CASIA2/Au/Au_ani_30022.jpg,train,2,ani30022
CASIA2/Au/Au_ani_30023.jpg,test,-1,ani30023
CASIA2/Au/Au_ani_30024.jpg,train,3,ani30024
CASIA2/Au/Au_ani_30025.jpg,train,3,ani30025
CASIA2/Au/Au_ani_30026.jpg,train,4,ani30026
CASIA2/Au/Au_ani_30027.jpg,train,0,ani30027
CASIA2/Au/Au_ani_30028.jpg,train,2,ani30028
CASIA2/Au/Au_ani_30029.jpg,train,3,ani30029
CASIA2/Au/Au_ani_30030.jpg,train,2,ani30030
CASIA2/Au/Au_ani_30031.jpg,test,-1,ani30031
CASIA2/Au/Au_ani_30032.jpg,train,2,ani30032
CASIA2/Au/Au_ani_30033.jpg,test,-1,ani30033
CASIA2/Au/Au_ani_30034.jpg,val,2,ani30034
CASIA2/Au/Au_ani_30035.jpg,test,-1,ani30035
CASIA2/Au/Au_ani_30036.jpg,train,4,ani30036
CASIA2/Au/Au_ani_30037.jpg,test,-1,ani30037
CASIA2/Au/Au_ani_30038.jpg,train,1,ani30038
CASIA2/Au/Au_ani_30039.jpg,train,3,ani30039
CASIA2/Au/Au_ani_30040.jpg,train,2,ani30040
CASIA2/Au/Au_ani_30041.jpg,train,4,ani30041
CASIA2/Au/Au_ani_30042.jpg,train,3,ani30042
CASIA2/Au/Au_ani_30043.jpg,train,0,ani30043
CASIA2/Au/Au_ani_30044.jpg,test,-1,ani30044
CASIA2/Au/Au_ani_30045.jpg,train,3,ani30045
CASIA2/Au/Au_ani_30046.jpg,train,1,ani30046
CASIA2/Au/Au_ani_30047.jpg,train,1,ani30047
CASIA2/Au/Au_ani_30048.jpg,train,3,ani30048
CASIA2/Au/Au_ani_30049.jpg,train,4,ani30049
CASIA2/Au/Au_ani_30050.jpg,train,2,ani30050
CASIA2/Au/Au_ani_30051.jpg,train,0,ani30051
CASIA2/Au/Au_ani_30052.jpg,train,3,ani30052
CASIA2/Au/Au_ani_30053.jpg,val,2,ani30053
CASIA2/Au/Au_ani_30054.jpg,val,1,ani30054
CASIA2/Au/Au_ani_30055.jpg,train,1,ani30055
CASIA2/Au/Au_ani_30056.jpg,train,2,ani30056
CASIA2/Au/Au_ani_30057.jpg,train,1,ani30057
CASIA2/Au/Au_ani_30058.jpg,test,-1,ani30058
CASIA2/Au/Au_ani_30059.jpg,val,1,ani30059
CASIA2/Au/Au_ani_30060.jpg,train,2,ani30060
CASIA2/Au/Au_ani_30061.jpg,test,-1,ani30061
CASIA2/Au/Au_ani_30062.jpg,train,2,ani30062
CASIA2/Au/Au_ani_30063.jpg,train,4,ani30063
CASIA2/Au/Au_ani_30064.jpg,train,4,ani30064
CASIA2/Au/Au_ani_30065.jpg,test,-1,ani30065
CASIA2/Au/Au_ani_30066.jpg,test,-1,ani30066
CASIA2/Au/Au_ani_30067.jpg,val,0,ani30067
CASIA2/Au/Au_ani_30068.jpg,train,3,ani30068
CASIA2/Au/Au_ani_30069.jpg,test,-1,ani30069
CASIA2/Au/Au_ani_30070.jpg,train,3,ani30070
CASIA2/Au/Au_ani_30071.jpg,val,0,ani30071
CASIA2/Au/Au_ani_30072.jpg,train,4,ani30072
CASIA2/Au/Au_ani_30073.jpg,train,2,ani30073
CASIA2/Au/Au_ani_30074.jpg,val,3,ani30074
CASIA2/Au/Au_ani_30075.jpg,val,1,ani30075
CASIA2/Au/Au_ani_30076.jpg,train,1,ani30076
CASIA2/Au/Au_ani_30077.jpg,train,1,ani30077
CASIA2/Au/Au_ani_30078.jpg,test,-1,ani30078
CASIA2/Au/Au_ani_30079.jpg,train,1,ani30079
CASIA2/Au/Au_ani_30080.jpg,val,1,ani30080
CASIA2/Au/Au_ani_30081.jpg,test,-1,ani30081
CASIA2/Au/Au_ani_30082.jpg,train,1,ani30082
CASIA2/Au/Au_ani_30083.jpg,train,2,ani30083
CASIA2/Au/Au_ani_30084.jpg,train,1,ani30084
CASIA2/Au/Au_ani_30085.jpg,train,1,ani30085
CASIA2/Au/Au_ani_30086.jpg,test,-1,ani30086
CASIA2/Au/Au_ani_30087.jpg,test,-1,ani30087
CASIA2/Au/Au_ani_30088.jpg,train,0,ani30088
CASIA2/Au/Au_ani_30089.jpg,train,2,ani30089
CASIA2/Au/Au_ani_30090.jpg,train,4,ani30090
CASIA2/Au/Au_ani_30091.jpg,train,1,ani30091
CASIA2/Au/Au_ani_30092.jpg,train,3,ani30092
CASIA2/Au/Au_ani_30093.jpg,train,1,ani30093
CASIA2/Au/Au_ani_30094.jpg,train,0,ani30094
CASIA2/Au/Au_ani_30095.jpg,train,1,ani30095
CASIA2/Au/Au_ani_30096.jpg,train,1,ani30096
CASIA2/Au/Au_ani_30097.jpg,test,-1,ani30097
CASIA2/Au/Au_ani_30098.jpg,train,2,ani30098
CASIA2/Au/Au_ani_30099.jpg,train,4,ani30099
CASIA2/Au/Au_ani_30100.jpg,val,3,ani30100
CASIA2/Au/Au_ani_30101.jpg,train,2,ani30101
CASIA2/Au/Au_ani_30102.jpg,train,4,ani30102
CASIA2/Au/Au_ani_30103.jpg,train,0,ani30103
CASIA2/Au/Au_ani_30104.jpg,test,-1,ani30104
CASIA2/Au/Au_ani_30105.jpg,train,3,ani30105
CASIA2/Au/Au_ani_30106.jpg,train,4,ani30106
CASIA2/Au/Au_ani_30107.jpg,train,3,ani30107
CASIA2/Au/Au_ani_30108.jpg,val,4,ani30108
CASIA2/Au/Au_ani_30109.jpg,val,4,ani30109
CASIA2/Au/Au_ani_30110.jpg,train,0,ani30110
CASIA2/Au/Au_ani_30111.jpg,val,0,ani30111
CASIA2/Au/Au_ani_30112.jpg,val,0,ani30112
CASIA2/Au/Au_ani_30113.jpg,val,2,ani30113
CASIA2/Au/Au_ani_30114.jpg,val,0,ani30114
CASIA2/Au/Au_ani_30115.jpg,train,0,ani30115
CASIA2/Au/Au_ani_30116.jpg,test,-1,ani30116
CASIA2/Au/Au_ani_30117.jpg,val,2,ani30117
CASIA2/Au/Au_ani_30118.jpg,train,2,ani30118
CASIA2/Au/Au_ani_30119.jpg,train,1,ani30119
CASIA2/Au/Au_ani_30120.jpg,val,1,ani30120
CASIA2/Au/Au_ani_30121.jpg,train,3,ani30121
CASIA2/Au/Au_ani_30122.jpg,test,-1,ani30122
CASIA2/Au/Au_ani_30123.jpg,train,4,ani30123
CASIA2/Au/Au_ani_30124.jpg,train,4,ani30124
CASIA2/Au/Au_ani_30125.jpg,train,1,ani30125
CASIA2/Au/Au_ani_30126.jpg,test,-1,ani30126
CASIA2/Au/Au_ani_30127.jpg,train,1,ani30127
CASIA2/Au/Au_ani_30128.jpg,train,3,ani30128
CASIA2/Au/Au_ani_30129.jpg,val,0,ani30129
CASIA2/Au/Au_ani_30130.jpg,train,3,ani30130
CASIA2/Au/Au_ani_30131.jpg,val,3,ani30131
CASIA2/Au/Au_ani_30132.jpg,train,4,ani30132
CASIA2/Au/Au_ani_30133.jpg,train,0,ani30133
CASIA2/Au/Au_ani_30134.jpg,train,2,ani30134
CASIA2/Au/Au_ani_30135.jpg,train,3,ani30135
CASIA2/Au/Au_ani_30136.jpg,test,-1,ani30136
CASIA2/Au/Au_ani_30137.jpg,train,1,ani30137
CASIA2/Au/Au_ani_30138.jpg,val,3,ani30138
CASIA2/Au/Au_ani_30139.jpg,train,2,ani30139
CASIA2/Au/Au_ani_30140.jpg,train,3,ani30140
CASIA2/Au/Au_ani_30141.jpg,train,0,ani30141
CASIA2/Au/Au_ani_30142.jpg,val,3,ani30142
CASIA2/Au/Au_ani_30143.jpg,train,0,ani30143
CASIA2/Au/Au_ani_30144.jpg,val,4,ani30144
CASIA2/Au/Au_ani_30145.jpg,train,4,ani30145
CASIA2/Au/Au_ani_30146.jpg,train,1,ani30146
CASIA2/Au/Au_ani_30147.jpg,val,4,ani30147
CASIA2/Au/Au_ani_30148.jpg,train,0,ani30148
CASIA2/Au/Au_ani_30149.jpg,val,3,ani30149
CASIA2/Au/Au_ani_30150.jpg,train,3,ani30150
CASIA2/Au/Au_ani_30151.jpg,test,-1,ani30151
CASIA2/Au/Au_ani_30152.jpg,val,0,ani30152
CASIA2/Au/Au_ani_30153.jpg,train,0,ani30153
CASIA2/Au/Au_ani_30154.jpg,train,3,ani30154
CASIA2/Au/Au_ani_30155.jpg,train,1,ani30155
CASIA2/Au/Au_ani_30156.jpg,test,-1,ani30156
CASIA2/Au/Au_ani_30157.jpg,train,1,ani30157
CASIA2/Au/Au_ani_30158.jpg,train,4,ani30158
CASIA2/Au/Au_ani_30159.jpg,test,-1,ani30159
CASIA2/Au/Au_ani_30160.jpg,test,-1,ani30160
CASIA2/Au/Au_ani_30161.jpg,train,0,ani30161
CASIA2/Au/Au_ani_30162.jpg,train,2,ani30162
CASIA2/Au/Au_ani_30163.jpg,val,4,ani30163
CASIA2/Au/Au_ani_30164.jpg,val,0,ani30164
CASIA2/Au/Au_ani_30165.jpg,val,0,ani30165
CASIA2/Au/Au_ani_30166.jpg,test,-1,ani30166
CASIA2/Au/Au_ani_30167.jpg,train,1,ani30167
CASIA2/Au/Au_ani_30168.jpg,train,2,ani30168
CASIA2/Au/Au_ani_30169.jpg,val,0,ani30169
CASIA2/Au/Au_ani_30170.jpg,train,1,ani30170
CASIA2/Au/Au_ani_30171.jpg,val,2,ani30171
CASIA2/Au/Au_ani_30172.jpg,train,4,ani30172
CASIA2/Au/Au_ani_30173.jpg,train,2,ani30173
CASIA2/Au/Au_ani_30174.jpg,train,4,ani30174
CASIA2/Au/Au_ani_30175.jpg,train,4,ani30175
CASIA2/Au/Au_ani_30176.jpg,train,4,ani30176
CASIA2/Au/Au_ani_30177.jpg,train,3,ani30177
CASIA2/Au/Au_ani_30178.jpg,train,0,ani30178
CASIA2/Au/Au_ani_30179.jpg,train,1,ani30179
CASIA2/Au/Au_ani_30180.jpg,train,1,ani30180
CASIA2/Au/Au_ani_30181.jpg,train,4,ani30181
CASIA2/Au/Au_ani_30182.jpg,train,3,ani30182
CASIA2/Au/Au_ani_30183.jpg,val,2,ani30183
CASIA2/Au/Au_ani_30184.jpg,val,0,ani30184
CASIA2/Au/Au_ani_30185.jpg,val,4,ani30185
CASIA2/Au/Au_ani_30186.jpg,val,2,ani30186
CASIA2/Au/Au_ani_30187.jpg,train,4,ani30187
CASIA2/Au/Au_ani_30188.jpg,test,-1,ani30188
CASIA2/Au/Au_ani_30189.jpg,train,2,ani30189
CASIA2/Au/Au_ani_30190.jpg,train,4,ani30190
CASIA2/Au/Au_ani_30191.jpg,train,1,ani30191
CASIA2/Au/Au_ani_30192.jpg,val,4,ani30192
CASIA2/Au/Au_ani_30193.jpg,train,4,ani30193
CASIA2/Au/Au_ani_30194.jpg,train,4,ani30194
CASIA2/Au/Au_ani_30195.jpg,train,3,ani30195
CASIA2/Au/Au_ani_30196.jpg,train,0,ani30196
CASIA2/Au/Au_ani_30197.jpg,train,0,ani30197
CASIA2/Au/Au_ani_30198.jpg,train,0,ani30198
CASIA2/Au/Au_ani_30199.jpg,train,1,ani30199
CASIA2/Au/Au_ani_30200.jpg,train,4,ani30200
CASIA2/Au/Au_ani_30201.jpg,train,0,ani30201
CASIA2/Au/Au_ani_30202.jpg,train,4,ani30202
CASIA2/Au/Au_ani_30203.jpg,train,4,ani30203
CASIA2/Au/Au_ani_30204.jpg,train,3,ani30204
CASIA2/Au/Au_ani_30205.jpg,train,2,ani30205
CASIA2/Au/Au_ani_30206.jpg,train,0,ani30206
CASIA2/Au/Au_ani_30207.jpg,test,-1,ani30207
CASIA2/Au/Au_ani_30208.jpg,train,1,ani30208
CASIA2/Au/Au_ani_30209.jpg,train,4,ani30209
CASIA2/Au/Au_ani_30210.jpg,train,4,ani30210
CASIA2/Au/Au_ani_30211.jpg,train,3,ani30211
CASIA2/Au/Au_ani_30212.jpg,train,0,ani30212
CASIA2/Au/Au_ani_30213.jpg,test,-1,ani30213
CASIA2/Au/Au_ani_30214.jpg,train,3,ani30214
CASIA2/Au/Au_ani_30215.jpg,val,3,ani30215
CASIA2/Au/Au_ani_30216.jpg,train,3,ani30216
CASIA2/Au/Au_ani_30217.jpg,train,1,ani30217
CASIA2/Au/Au_ani_30218.jpg,train,1,ani30218
CASIA2/Au/Au_ani_30219.jpg,test,-1,ani30219
CASIA2/Au/Au_ani_30220.jpg,train,0,ani30220
CASIA2/Au/Au_ani_30221.jpg,train,4,ani30221
CASIA2/Au/Au_ani_30222.jpg,val,1,ani30222
CASIA2/Au/Au_ani_30223.jpg,train,2,ani30223
CASIA2/Au/Au_ani_30224.jpg,train,0,ani30224
CASIA2/Au/Au_ani_30225.jpg,train,1,ani30225
CASIA2/Au/Au_ani_30226.jpg,train,3,ani30226
CASIA2/Au/Au_ani_30227.jpg,train,1,ani30227
CASIA2/Au/Au_ani_30228.jpg,val,4,ani30228
CASIA2/Au/Au_ani_30229.jpg,train,4,ani30229
CASIA2/Au/Au_ani_30230.jpg,train,3,ani30230
CASIA2/Au/Au_ani_30231.jpg,val,4,ani30231
CASIA2/Au/Au_ani_30232.jpg,train,3,ani30232
CASIA2/Au/Au_ani_30233.jpg,train,1,ani30233
CASIA2/Au/Au_ani_30234.jpg,train,1,ani30234
CASIA2/Au/Au_ani_30235.jpg,val,0,ani30235
CASIA2/Au/Au_ani_30236.jpg,train,4,ani30236
CASIA2/Au/Au_ani_30237.jpg,train,2,ani30237
CASIA2/Au/Au_ani_30238.jpg,train,2,ani30238
CASIA2/Au/Au_ani_30239.jpg,train,4,ani30239
CASIA2/Au/Au_ani_30240.jpg,train,2,ani30240
CASIA2/Au/Au_ani_30241.jpg,train,1,ani30241
CASIA2/Au/Au_ani_30242.jpg,train,3,ani30242
CASIA2/Au/Au_ani_30243.jpg,train,2,ani30243
CASIA2/Au/Au_ani_30244.jpg,train,0,ani30244
CASIA2/Au/Au_ani_30245.jpg,val,2,ani30245
CASIA2/Au/Au_ani_30246.jpg,train,4,ani30246
CASIA2/Au/Au_ani_30247.jpg,train,1,ani30247
CASIA2/Au/Au_ani_30248.jpg,train,4,ani30248
CASIA2/Au/Au_ani_30249.jpg,train,0,ani30249
CASIA2/Au/Au_ani_30250.jpg,train,0,ani30250
CASIA2/Au/Au_ani_30251.jpg,train,4,ani30251
CASIA2/Au/Au_ani_30252.jpg,val,2,ani30252
CASIA2/Au/Au_ani_30253.jpg,train,1,ani30253
CASIA2/Au/Au_ani_30254.jpg,train,4,ani30254
CASIA2/Au/Au_ani_30255.jpg,train,4,ani30255
CASIA2/Au/Au_ani_30256.jpg,test,-1,ani30256
CASIA2/Au/Au_ani_30257.jpg,train,3,ani30257
CASIA2/Au/Au_ani_30258.jpg,train,1,ani30258
CASIA2/Au/Au_ani_30259.jpg,train,0,ani30259
CASIA2/Au/Au_ani_30260.jpg,train,2,ani30260
CASIA2/Au/Au_ani_30261.jpg,train,0,ani30261
CASIA2/Au/Au_ani_30262.jpg,test,-1,ani30262
CASIA2/Au/Au_ani_30263.jpg,train,0,ani30263
CASIA2/Au/Au_ani_30264.jpg,train,4,ani30264
CASIA2/Au/Au_ani_30265.jpg,train,4,ani30265
CASIA2/Au/Au_ani_30266.jpg,train,1,ani30266
CASIA2/Au/Au_ani_30267.jpg,train,4,ani30267
CASIA2/Au/Au_ani_30268.jpg,train,1,ani30268
CASIA2/Au/Au_ani_30269.jpg,train,2,ani30269
CASIA2/Au/Au_ani_30270.jpg,train,1,ani30270
CASIA2/Au/Au_ani_30271.jpg,train,1,ani30271
CASIA2/Au/Au_ani_30272.jpg,train,0,ani30272
CASIA2/Au/Au_ani_30273.jpg,train,2,ani30273
CASIA2/Au/Au_ani_30274.jpg,train,1,ani30274
CASIA2/Au/Au_ani_30275.jpg,val,1,ani30275
CASIA2/Au/Au_ani_30276.jpg,test,-1,ani30276
CASIA2/Au/Au_ani_30277.jpg,test,-1,ani30277
CASIA2/Au/Au_ani_30278.jpg,train,0,ani30278
CASIA2/Au/Au_ani_30279.jpg,train,3,ani30279
CASIA2/Au/Au_ani_30280.jpg,train,3,ani30280
CASIA2/Au/Au_ani_30281.jpg,val,1,ani30281
CASIA2/Au/Au_ani_30282.jpg,val,0,ani30282
CASIA2/Au/Au_ani_30283.jpg,train,1,ani30283
CASIA2/Au/Au_ani_30284.jpg,train,3,ani30284
CASIA2/Au/Au_ani_30285.jpg,train,4,ani30285
CASIA2/Au/Au_ani_30286.jpg,test,-1,ani30286
CASIA2/Au/Au_ani_30287.jpg,val,0,ani30287
CASIA2/Au/Au_ani_30288.jpg,test,-1,ani30288
CASIA2/Au/Au_ani_30289.jpg,train,4,ani30289
CASIA2/Au/Au_ani_30290.jpg,val,4,ani30290
CASIA2/Au/Au_ani_30291.jpg,train,3,ani30291
CASIA2/Au/Au_ani_30292.jpg,train,2,ani30292
CASIA2/Au/Au_ani_30293.jpg,val,3,ani30293
CASIA2/Au/Au_ani_30294.jpg,test,-1,ani30294
CASIA2/Au/Au_ani_30295.jpg,train,4,ani30295
CASIA2/Au/Au_ani_30296.jpg,train,1,ani30296
CASIA2/Au/Au_ani_30297.jpg,train,4,ani30297
CASIA2/Au/Au_ani_30298.jpg,train,4,ani30298
CASIA2/Au/Au_ani_30299.jpg,test,-1,ani30299
CASIA2/Au/Au_ani_30300.jpg,train,3,ani30300
CASIA2/Au/Au_ani_30301.jpg,train,1,ani30301
CASIA2/Au/Au_ani_30302.jpg,train,3,ani30302
CASIA2/Au/Au_ani_30303.jpg,val,3,ani30303
CASIA2/Au/Au_ani_30304.jpg,train,2,ani30304
CASIA2/Au/Au_ani_30305.jpg,val,1,ani30305
CASIA2/Au/Au_ani_30306.jpg,train,2,ani30306
CASIA2/Au/Au_ani_30307.jpg,train,1,ani30307
CASIA2/Au/Au_ani_30308.jpg,train,1,ani30308
CASIA2/Au/Au_ani_30309.jpg,train,3,ani30309
CASIA2/Au/Au_ani_30310.jpg,train,0,ani30310
CASIA2/Au/Au_ani_30311.jpg,train,3,ani30311
CASIA2/Au/Au_ani_30312.jpg,train,4,ani30312
CASIA2/Au/Au_ani_30313.jpg,train,1,ani30313
CASIA2/Au/Au_ani_30314.jpg,train,4,ani30314
CASIA2/Au/Au_ani_30315.jpg,train,1,ani30315
CASIA2/Au/Au_ani_30316.jpg,train,1,ani30316
CASIA2/Au/Au_ani_30317.jpg,train,2,ani30317
CASIA2/Au/Au_ani_30318.jpg,train,0,ani30318
CASIA2/Au/Au_ani_30319.jpg,train,0,ani30319
CASIA2/Au/Au_ani_30320.jpg,train,1,ani30320
CASIA2/Au/Au_ani_30321.jpg,train,2,ani30321
CASIA2/Au/Au_ani_30322.jpg,train,1,ani30322
CASIA2/Au/Au_ani_30323.jpg,train,2,ani30323
CASIA2/Au/Au_ani_30324.jpg,train,2,ani30324
CASIA2/Au/Au_ani_30325.jpg,train,0,ani30325
CASIA2/Au/Au_ani_30326.jpg,train,2,ani30326
CASIA2/Au/Au_ani_30327.jpg,train,0,ani30327
CASIA2/Au/Au_ani_30328.jpg,train,0,ani30328
CASIA2/Au/Au_ani_30329.jpg,train,0,ani30329
CASIA2/Au/Au_ani_30330.jpg,train,0,ani30330
CASIA2/Au/Au_ani_30331.jpg,test,-1,ani30331
CASIA2/Au/Au_ani_30332.jpg,train,0,ani30332
CASIA2/Au/Au_ani_30333.jpg,train,4,ani30333
CASIA2/Au/Au_ani_30334.jpg,train,1,ani30334
CASIA2/Au/Au_ani_30335.jpg,train,3,ani30335
CASIA2/Au/Au_ani_30336.jpg,train,4,ani30336
CASIA2/Au/Au_ani_30337.jpg,train,4,ani30337
CASIA2/Au/Au_ani_30338.jpg,train,0,ani30338
CASIA2/Au/Au_ani_30339.jpg,train,2,ani30339
CASIA2/Au/Au_ani_30340.jpg,train,0,ani30340
CASIA2/Au/Au_ani_30341.jpg,train,3,ani30341
CASIA2/Au/Au_ani_30342.jpg,train,4,ani30342
CASIA2/Au/Au_ani_30343.jpg,val,2,ani30343
CASIA2/Au/Au_ani_30344.jpg,train,2,ani30344
CASIA2/Au/Au_ani_30345.jpg,test,-1,ani30345
CASIA2/Au/Au_ani_30346.jpg,train,4,ani30346
CASIA2/Au/Au_ani_30347.jpg,test,-1,ani30347
CASIA2/Au/Au_ani_30348.jpg,val,2,ani30348
CASIA2/Au/Au_ani_30349.jpg,train,2,ani30349
CASIA2/Au/Au_ani_30350.jpg,train,3,ani30350
CASIA2/Au/Au_ani_30351.jpg,train,0,ani30351
CASIA2/Au/Au_ani_30352.jpg,train,4,ani30352
CASIA2/Au/Au_ani_30353.jpg,test,-1,ani30353
CASIA2/Au/Au_ani_30354.jpg,val,2,ani30354
CASIA2/Au/Au_ani_30355.jpg,train,1,ani30355
CASIA2/Au/Au_ani_30356.jpg,test,-1,ani30356
CASIA2/Au/Au_ani_30357.jpg,train,1,ani30357
CASIA2/Au/Au_ani_30358.jpg,train,4,ani30358
CASIA2/Au/Au_ani_30359.jpg,train,0,ani30359
CASIA2/Au/Au_ani_30360.jpg,train,4,ani30360
CASIA2/Au/Au_ani_30361.jpg,train,3,ani30361
CASIA2/Au/Au_ani_30362.jpg,test,-1,ani30362
CASIA2/Au/Au_ani_30363.jpg,train,3,ani30363
CASIA2/Au/Au_ani_30364.jpg,test,-1,ani30364
CASIA2/Au/Au_ani_30365.jpg,train,3,ani30365
CASIA2/Au/Au_ani_30366.jpg,train,3,ani30366
CASIA2/Au/Au_ani_30367.jpg,train,3,ani30367
CASIA2/Au/Au_ani_30368.jpg,train,2,ani30368
CASIA2/Au/Au_ani_30369.jpg,train,4,ani30369
CASIA2/Au/Au_ani_30370.jpg,val,4,ani30370
CASIA2/Au/Au_ani_30371.jpg,val,2,ani30371
CASIA2/Au/Au_ani_30372.jpg,test,-1,ani30372
CASIA2/Au/Au_ani_30373.jpg,train,3,ani30373
CASIA2/Au/Au_ani_30374.jpg,train,4,ani30374
CASIA2/Au/Au_ani_30375.jpg,train,3,ani30375
CASIA2/Au/Au_ani_30376.jpg,train,1,ani30376
CASIA2/Au/Au_ani_30377.jpg,train,0,ani30377
CASIA2/Au/Au_ani_30378.jpg,test,-1,ani30378
CASIA2/Au/Au_ani_30379.jpg,train,1,ani30379
CASIA2/Au/Au_ani_30380.jpg,train,3,ani30380
CASIA2/Au/Au_ani_30381.jpg,test,-1,ani30381
CASIA2/Au/Au_ani_30382.jpg,val,3,ani30382
CASIA2/Au/Au_ani_30383.jpg,train,4,ani30383
CASIA2/Au/Au_ani_30384.jpg,test,-1,ani30384
CASIA2/Au/Au_ani_30385.jpg,train,4,ani30385
CASIA2/Au/Au_ani_30386.jpg,train,1,ani30386
CASIA2/Au/Au_ani_30387.jpg,train,3,ani30387
CASIA2/Au/Au_ani_30388.jpg,train,3,ani30388
CASIA2/Au/Au_ani_30389.jpg,train,2,ani30389
CASIA2/Au/Au_ani_30390.jpg,train,4,ani30390
CASIA2/Au/Au_ani_30391.jpg,train,4,ani30391
CASIA2/Au/Au_ani_30392.jpg,val,2,ani30392
CASIA2/Au/Au_ani_30393.jpg,train,2,ani30393
CASIA2/Au/Au_ani_30394.jpg,train,4,ani30394
CASIA2/Au/Au_ani_30395.jpg,train,0,ani30395
CASIA2/Au/Au_ani_30396.jpg,train,0,ani30396
CASIA2/Au/Au_ani_30397.jpg,train,2,ani30397
CASIA2/Au/Au_ani_30398.jpg,train,3,ani30398
CASIA2/Au/Au_ani_30399.jpg,val,0,ani30399
CASIA2/Au/Au_ani_30400.jpg,train,2,ani30400
CASIA2/Au/Au_ani_30401.jpg,train,0,ani30401
CASIA2/Au/Au_ani_30402.jpg,train,2,ani30402
CASIA2/Au/Au_ani_30403.jpg,train,0,ani30403
CASIA2/Au/Au_ani_30404.jpg,train,0,ani30404
CASIA2/Au/Au_ani_30405.jpg,train,0,ani30405
CASIA2/Au/Au_ani_30406.jpg,test,-1,ani30406
CASIA2/Au/Au_ani_30407.jpg,train,2,ani30407
CASIA2/Au/Au_ani_30408.jpg,train,2,ani30408
CASIA2/Au/Au_ani_30409.jpg,train,4,ani30409
CASIA2/Au/Au_ani_30410.jpg,train,0,ani30410
CASIA2/Au/Au_ani_30411.jpg,train,2,ani30411
CASIA2/Au/Au_ani_30412.jpg,train,0,ani30412
CASIA2/Au/Au_ani_30413.jpg,train,1,ani30413
CASIA2/Au/Au_ani_30414.jpg,train,1,ani30414
CASIA2/Au/Au_ani_30415.jpg,train,0,ani30415
CASIA2/Au/Au_ani_30416.jpg,train,2,ani30416
CASIA2/Au/Au_ani_30417.jpg,train,3,ani30417
CASIA2/Au/Au_ani_30418.jpg,train,3,ani30418
CASIA2/Au/Au_ani_30419.jpg,val,4,ani30419
CASIA2/Au/Au_ani_30420.jpg,train,2,ani30420
CASIA2/Au/Au_ani_30421.jpg,val,1,ani30421
CASIA2/Au/Au_ani_30422.jpg,train,3,ani30422
CASIA2/Au/Au_ani_30423.jpg,test,-1,ani30423
CASIA2/Au/Au_ani_30424.jpg,train,3,ani30424
CASIA2/Au/Au_ani_30425.jpg,val,1,ani30425
CASIA2/Au/Au_ani_30426.jpg,train,0,ani30426
CASIA2/Au/Au_ani_30427.jpg,train,1,ani30427
CASIA2/Au/Au_ani_30428.jpg,val,0,ani30428
CASIA2/Au/Au_ani_30429.jpg,train,1,ani30429
CASIA2/Au/Au_ani_30430.jpg,test,-1,ani30430
CASIA2/Au/Au_ani_30431.jpg,train,1,ani30431
CASIA2/Au/Au_ani_30432.jpg,val,3,ani30432
CASIA2/Au/Au_ani_30433.jpg,val,4,ani30433
CASIA2/Au/Au_ani_30434.jpg,train,2,ani30434
CASIA2/Au/Au_ani_30435.jpg,train,0,ani30435
CASIA2/Au/Au_ani_30436.jpg,test,-1,ani30436
CASIA2/Au/Au_ani_30437.jpg,train,0,ani30437
CASIA2/Au/Au_ani_30438.jpg,train,2,ani30438
CASIA2/Au/Au_ani_30439.jpg,train,0,ani30439
CASIA2/Au/Au_ani_30440.jpg,train,2,ani30440
CASIA2/Au/Au_ani_30441.jpg,train,0,ani30441
CASIA2/Au/Au_ani_30442.jpg,test,-1,ani30442
CASIA2/Au/Au_ani_30443.jpg,val,4,ani30443
CASIA2/Au/Au_ani_30444.jpg,train,2,ani30444
CASIA2/Au/Au_ani_30445.jpg,val,1,ani30445
CASIA2/Au/Au_ani_30446.jpg,train,4,ani30446
CASIA2/Au/Au_ani_30447.jpg,train,1,ani30447
CASIA2/Au/Au_ani_30448.jpg,test,-1,ani30448
CASIA2/Au/Au_ani_30449.jpg,train,3,ani30449
CASIA2/Au/Au_ani_30450.jpg,train,1,ani30450
CASIA2/Au/Au_ani_30451.jpg,train,2,ani30451
CASIA2/Au/Au_ani_30452.jpg,train,2,ani30452
CASIA2/Au/Au_ani_30453.jpg,train,3,ani30453
CASIA2/Au/Au_ani_30454.jpg,train,4,ani30454
CASIA2/Au/Au_ani_30455.jpg,train,1,ani30455
CASIA2/Au/Au_ani_30456.jpg,train,2,ani30456
CASIA2/Au/Au_ani_30457.jpg,train,4,ani30457
CASIA2/Au/Au_ani_30458.jpg,val,1,ani30458
CASIA2/Au/Au_ani_30459.jpg,test,-1,ani30459
CASIA2/Au/Au_ani_30460.jpg,train,4,ani30460
CASIA2/Au/Au_ani_30461.jpg,train,4,ani30461
CASIA2/Au/Au_ani_30462.jpg,val,4,ani30462
CASIA2/Au/Au_ani_30463.jpg,val,1,ani30463
CASIA2/Au/Au_ani_30464.jpg,test,-1,ani30464
CASIA2/Au/Au_ani_30465.jpg,train,2,ani30465
CASIA2/Au/Au_ani_30466.jpg,train,2,ani30466
CASIA2/Au/Au_ani_30467.jpg,train,1,ani30467
CASIA2/Au/Au_ani_30468.jpg,train,1,ani30468
CASIA2/Au/Au_ani_30469.jpg,train,3,ani30469
CASIA2/Au/Au_ani_30470.jpg,train,3,ani30470
CASIA2/Au/Au_ani_30471.jpg,train,4,ani30471
CASIA2/Au/Au_ani_30472.jpg,val,2,ani30472
CASIA2/Au/Au_ani_30473.jpg,train,4,ani30473
CASIA2/Au/Au_ani_30474.jpg,train,2,ani30474
CASIA2/Au/Au_ani_30475.jpg,test,-1,ani30475
CASIA2/Au/Au_ani_30476.jpg,val,1,ani30476
CASIA2/Au/Au_ani_30477.jpg,train,4,ani30477
CASIA2/Au/Au_ani_30478.jpg,val,1,ani30478
CASIA2/Au/Au_ani_30479.jpg,test,-1,ani30479
CASIA2/Au/Au_ani_30480.jpg,train,4,ani30480
CASIA2/Au/Au_ani_30481.jpg,train,1,ani30481
CASIA2/Au/Au_ani_30482.jpg,val,2,ani30482
CASIA2/Au/Au_ani_30483.jpg,train,2,ani30483
CASIA2/Au/Au_ani_30484.jpg,train,4,ani30484
CASIA2/Au/Au_ani_30485.jpg,train,1,ani30485
CASIA2/Au/Au_ani_30486.jpg,test,-1,ani30486
CASIA2/Au/Au_ani_30487.jpg,val,2,ani30487
CASIA2/Au/Au_ani_30488.jpg,val,3,ani30488
CASIA2/Au/Au_ani_30489.jpg,train,4,ani30489
CASIA2/Au/Au_ani_30490.jpg,test,-1,ani30490
CASIA2/Au/Au_ani_30491.jpg,train,3,ani30491
CASIA2/Au/Au_ani_30492.jpg,val,2,ani30492
CASIA2/Au/Au_ani_30493.jpg,train,0,ani30493
CASIA2/Au/Au_ani_30494.jpg,train,4,ani30494
CASIA2/Au/Au_ani_30495.jpg,train,0,ani30495
CASIA2/Au/Au_ani_30496.jpg,train,4,ani30496
CASIA2/Au/Au_ani_30497.jpg,train,3,ani30497
CASIA2/Au/Au_ani_30498.jpg,train,2,ani30498
CASIA2/Au/Au_ani_30499.jpg,test,-1,ani30499
CASIA2/Au/Au_ani_30500.jpg,train,0,ani30500
CASIA2/Au/Au_ani_30501.jpg,train,4,ani30501
CASIA2/Au/Au_ani_30502.jpg,test,-1,ani30502
CASIA2/Au/Au_ani_30503.jpg,test,-1,ani30503
CASIA2/Au/Au_ani_30504.jpg,train,0,ani30504
CASIA2/Au/Au_ani_30505.jpg,train,0,ani30505
CASIA2/Au/Au_ani_30506.jpg,val,2,ani30506
CASIA2/Au/Au_ani_30507.jpg,train,3,ani30507
CASIA2/Au/Au_ani_30508.jpg,test,-1,ani30508
CASIA2/Au/Au_ani_30509.jpg,train,0,ani30509
CASIA2/Au/Au_ani_30510.jpg,train,3,ani30510
CASIA2/Au/Au_ani_30511.jpg,train,2,ani30511
CASIA2/Au/Au_ani_30512.jpg,test,-1,ani30512
CASIA2/Au/Au_ani_30513.jpg,train,2,ani30513
CASIA2/Au/Au_ani_30514.jpg,train,3,ani30514
CASIA2/Au/Au_ani_30515.jpg,train,3,ani30515
CASIA2/Au/Au_ani_30516.jpg,train,0,ani30516
CASIA2/Au/Au_ani_30517.jpg,train,3,ani30517
CASIA2/Au/Au_ani_30518.jpg,val,1,ani30518
CASIA2/Au/Au_ani_30519.jpg,val,4,ani30519
CASIA2/Au/Au_ani_30520.jpg,train,2,ani30520
CASIA2/Au/Au_ani_30521.jpg,val,3,ani30521
CASIA2/Au/Au_ani_30522.jpg,train,4,ani30522
CASIA2/Au/Au_ani_30523.jpg,train,2,ani30523
CASIA2/Au/Au_ani_30524.jpg,test,-1,ani30524
CASIA2/Au/Au_ani_30525.jpg,train,1,ani30525
CASIA2/Au/Au_ani_30526.jpg,val,2,ani30526
CASIA2/Au/Au_ani_30527.jpg,train,4,ani30527
CASIA2/Au/Au_ani_30528.jpg,train,3,ani30528
CASIA2/Au/Au_ani_30529.jpg,train,4,ani30529
CASIA2/Au/Au_ani_30530.jpg,train,4,ani30530
CASIA2/Au/Au_ani_30531.jpg,test,-1,ani30531
CASIA2/Au/Au_ani_30532.jpg,train,1,ani30532
CASIA2/Au/Au_ani_30533.jpg,train,0,ani30533
CASIA2/Au/Au_ani_30534.jpg,train,2,ani30534
CASIA2/Au/Au_ani_30535.jpg,train,4,ani30535
CASIA2/Au/Au_ani_30536.jpg,test,-1,ani30536
CASIA2/Au/Au_ani_30537.jpg,val,1,ani30537
CASIA2/Au/Au_ani_30538.jpg,train,3,ani30538
CASIA2/Au/Au_ani_30539.jpg,train,2,ani30539
CASIA2/Au/Au_ani_30540.jpg,train,0,ani30540
CASIA2/Au/Au_ani_30541.jpg,test,-1,ani30541
CASIA2/Au/Au_ani_30542.jpg,train,4,ani30542
CASIA2/Au/Au_ani_30543.jpg,train,2,ani30543
CASIA2/Au/Au_ani_30544.jpg,train,2,ani30544
CASIA2/Au/Au_ani_30545.jpg,test,-1,ani30545
CASIA2/Au/Au_ani_30546.jpg,train,0,ani30546
CASIA2/Au/Au_ani_30547.jpg,val,1,ani30547
CASIA2/Au/Au_ani_30548.jpg,train,3,ani30548
CASIA2/Au/Au_ani_30549.jpg,train,1,ani30549
CASIA2/Au/Au_ani_30550.jpg,train,2,ani30550
CASIA2/Au/Au_ani_30551.jpg,train,1,ani30551
CASIA2/Au/Au_ani_30552.jpg,train,3,ani30552
CASIA2/Au/Au_ani_30553.jpg,train,4,ani30553
CASIA2/Au/Au_ani_30554.jpg,train,3,ani30554
CASIA2/Au/Au_ani_30555.jpg,train,2,ani30555
CASIA2/Au/Au_ani_30556.jpg,train,4,ani30556
CASIA2/Au/Au_ani_30557.jpg,train,0,ani30557
CASIA2/Au/Au_ani_30558.jpg,train,0,ani30558
CASIA2/Au/Au_ani_30559.jpg,train,3,ani30559
CASIA2/Au/Au_ani_30560.jpg,train,3,ani30560
CASIA2/Au/Au_ani_30561.jpg,test,-1,ani30561
CASIA2/Au/Au_ani_30562.jpg,train,0,ani30562
CASIA2/Au/Au_ani_30563.jpg,train,1,ani30563
CASIA2/Au/Au_ani_30564.jpg,train,2,ani30564
CASIA2/Au/Au_ani_30565.jpg,train,3,ani30565
CASIA2/Au/Au_ani_30566.jpg,val,1,ani30566
CASIA2/Au/Au_ani_30567.jpg,test,-1,ani30567
CASIA2/Au/Au_ani_30568.jpg,val,4,ani30568
CASIA2/Au/Au_ani_30569.jpg,val,0,ani30569
CASIA2/Au/Au_ani_30570.jpg,train,1,ani30570
CASIA2/Au/Au_ani_30571.jpg,train,2,ani30571
CASIA2/Au/Au_ani_30572.jpg,train,2,ani30572
CASIA2/Au/Au_ani_30573.jpg,train,0,ani30573
CASIA2/Au/Au_ani_30574.jpg,train,0,ani30574
CASIA2/Au/Au_ani_30575.jpg,train,0,ani30575
CASIA2/Au/Au_ani_30576.jpg,train,0,ani30576
CASIA2/Au/Au_ani_30577.jpg,train,2,ani30577
CASIA2/Au/Au_ani_30578.jpg,train,0,ani30578
CASIA2/Au/Au_ani_30579.jpg,test,-1,ani30579
CASIA2/Au/Au_ani_30580.jpg,train,4,ani30580
CASIA2/Au/Au_ani_30581.jpg,val,2,ani30581
CASIA2/Au/Au_ani_30582.jpg,val,0,ani30582
CASIA2/Au/Au_ani_30583.jpg,train,4,ani30583
CASIA2/Au/Au_ani_30584.jpg,val,2,ani30584
CASIA2/Au/Au_ani_30585.jpg,train,1,ani30585
CASIA2/Au/Au_ani_30586.jpg,train,1,ani30586
CASIA2/Au/Au_ani_30587.jpg,train,4,ani30587
CASIA2/Au/Au_ani_30588.jpg,train,2,ani30588
CASIA2/Au/Au_ani_30589.jpg,train,2,ani30589
CASIA2/Au/Au_ani_30590.jpg,train,2,ani30590
CASIA2/Au/Au_ani_30591.jpg,train,2,ani30591
CASIA2/Au/Au_ani_30592.jpg,train,3,ani30592
CASIA2/Au/Au_ani_30593.jpg,train,4,ani30593
CASIA2/Au/Au_ani_30594.jpg,val,4,ani30594
CASIA2/Au/Au_ani_30595.jpg,train,1,ani30595
CASIA2/Au/Au_ani_30596.jpg,val,0,ani30596
CASIA2/Au/Au_ani_30597.jpg,val,4,ani30597
CASIA2/Au/Au_ani_30598.jpg,train,2,ani30598
CASIA2/Au/Au_ani_30599.jpg,train,3,ani30599
CASIA2/Au/Au_ani_30600.jpg,train,0,ani30600
CASIA2/Au/Au_ani_30601.jpg,train,2,ani30601
CASIA2/Au/Au_ani_30602.jpg,train,3,ani30602
CASIA2/Au/Au_ani_30603.jpg,train,2,ani30603
CASIA2/Au/Au_ani_30604.jpg,train,2,ani30604
CASIA2/Au/Au_ani_30605.jpg,val,1,ani30605
CASIA2/Au/Au_ani_30606.jpg,val,0,ani30606
CASIA2/Au/Au_ani_30607.jpg,test,-1,ani30607
CASIA2/Au/Au_ani_30608.jpg,train,2,ani30608
CASIA2/Au/Au_ani_30609.jpg,train,3,ani30609
CASIA2/Au/Au_ani_30610.jpg,val,2,ani30610
CASIA2/Au/Au_ani_30611.jpg,val,4,ani30611
CASIA2/Au/Au_ani_30612.jpg,train,0,ani30612
CASIA2/Au/Au_ani_30613.jpg,train,1,ani30613
CASIA2/Au/Au_ani_30614.jpg,train,2,ani30614
CASIA2/Au/Au_ani_30615.jpg,test,-1,ani30615
CASIA2/Au/Au_ani_30616.jpg,train,4,ani30616
CASIA2/Au/Au_ani_30617.jpg,train,4,ani30617
CASIA2/Au/Au_ani_30618.jpg,train,0,ani30618
CASIA2/Au/Au_ani_30619.jpg,train,3,ani30619
CASIA2/Au/Au_ani_30620.jpg,train,2,ani30620
CASIA2/Au/Au_ani_30621.jpg,train,0,ani30621
CASIA2/Au/Au_ani_30622.jpg,val,3,ani30622
CASIA2/Au/Au_ani_30623.jpg,train,2,ani30623
CASIA2/Au/Au_ani_30624.jpg,val,3,ani30624
CASIA2/Au/Au_ani_30625.jpg,train,4,ani30625
CASIA2/Au/Au_ani_30626.jpg,train,1,ani30626
CASIA2/Au/Au_ani_30627.jpg,test,-1,ani30627
CASIA2/Au/Au_ani_30628.jpg,train,4,ani30628
CASIA2/Au/Au_ani_30629.jpg,train,1,ani30629
CASIA2/Au/Au_ani_30630.jpg,train,3,ani30630
CASIA2/Au/Au_ani_30631.jpg,train,3,ani30631
CASIA2/Au/Au_ani_30632.jpg,test,-1,ani30632
CASIA2/Au/Au_ani_30633.jpg,train,1,ani30633
CASIA2/Au/Au_ani_30634.jpg,train,0,ani30634
CASIA2/Au/Au_ani_30635.jpg,test,-1,ani30635
CASIA2/Au/Au_ani_30636.jpg,train,2,ani30636
CASIA2/Au/Au_ani_30637.jpg,train,2,ani30637
CASIA2/Au/Au_ani_30638.jpg,train,4,ani30638
CASIA2/Au/Au_ani_30639.jpg,train,4,ani30639
CASIA2/Au/Au_ani_30640.jpg,train,4,ani30640
CASIA2/Au/Au_ani_30641.jpg,train,2,ani30641
CASIA2/Au/Au_ani_30642.jpg,test,-1,ani30642
CASIA2/Au/Au_ani_30643.jpg,train,4,ani30643
CASIA2/Au/Au_ani_30644.jpg,train,1,ani30644
CASIA2/Au/Au_ani_30645.jpg,train,0,ani30645
CASIA2/Au/Au_ani_30646.jpg,val,1,ani30646
CASIA2/Au/Au_ani_30647.jpg,train,3,ani30647
CASIA2/Au/Au_ani_30648.jpg,train,2,ani30648
CASIA2/Au/Au_ani_30649.jpg,train,2,ani30649
CASIA2/Au/Au_ani_30650.jpg,val,2,ani30650
CASIA2/Au/Au_ani_30651.jpg,val,3,ani30651
CASIA2/Au/Au_ani_30652.jpg,train,3,ani30652
CASIA2/Au/Au_ani_30653.jpg,train,3,ani30653
CASIA2/Au/Au_ani_30654.jpg,train,3,ani30654
CASIA2/Au/Au_ani_30655.jpg,train,2,ani30655
CASIA2/Au/Au_ani_30656.jpg,train,4,ani30656
CASIA2/Au/Au_ani_30657.jpg,val,1,ani30657
CASIA2/Au/Au_ani_30658.jpg,test,-1,ani30658
CASIA2/Au/Au_ani_30659.jpg,train,3,ani30659
CASIA2/Au/Au_ani_30660.jpg,train,2,ani30660
CASIA2/Au/Au_ani_30661.jpg,train,3,ani30661
CASIA2/Au/Au_ani_30662.jpg,test,-1,ani30662
CASIA2/Au/Au_ani_30663.jpg,train,0,ani30663
CASIA2/Au/Au_ani_30664.jpg,train,1,ani30664
CASIA2/Au/Au_ani_30665.jpg,train,4,ani30665
CASIA2/Au/Au_ani_30666.jpg,train,2,ani30666
CASIA2/Au/Au_ani_30667.jpg,train,2,ani30667
CASIA2/Au/Au_ani_30668.jpg,train,2,ani30668
CASIA2/Au/Au_ani_30669.jpg,test,-1,ani30669
CASIA2/Au/Au_ani_30670.jpg,train,0,ani30670
CASIA2/Au/Au_ani_30671.jpg,train,1,ani30671
CASIA2/Au/Au_ani_30672.jpg,train,3,ani30672
CASIA2/Au/Au_ani_30673.jpg,train,0,ani30673
CASIA2/Au/Au_ani_30674.jpg,val,0,ani30674
CASIA2/Au/Au_ani_30675.jpg,train,4,ani30675
CASIA2/Au/Au_ani_30676.jpg,train,1,ani30676
CASIA2/Au/Au_ani_30677.jpg,train,2,ani30677
CASIA2/Au/Au_ani_30678.jpg,train,3,ani30678
CASIA2/Au/Au_ani_30679.jpg,train,4,ani30679
CASIA2/Au/Au_ani_30680.jpg,train,0,ani30680
CASIA2/Au/Au_ani_30681.jpg,test,-1,ani30681
CASIA2/Au/Au_ani_30682.jpg,train,4,ani30682
CASIA2/Au/Au_ani_30683.jpg,test,-1,ani30683
CASIA2/Au/Au_ani_30684.jpg,test,-1,ani30684
CASIA2/Au/Au_ani_30685.jpg,train,0,ani30685
CASIA2/Au/Au_ani_30686.jpg,train,2,ani30686
CASIA2/Au/Au_ani_30687.jpg,train,4,ani30687
CASIA2/Au/Au_ani_30688.jpg,train,0,ani30688
CASIA2/Au/Au_ani_30689.jpg,train,4,ani30689
CASIA2/Au/Au_ani_30690.jpg,train,2,ani30690
CASIA2/Au/Au_ani_30691.jpg,train,4,ani30691
CASIA2/Au/Au_ani_30692.jpg,train,4,ani30692
CASIA2/Au/Au_ani_30693.jpg,train,3,ani30693
CASIA2/Au/Au_ani_30694.jpg,train,1,ani30694
CASIA2/Au/Au_ani_30695.jpg,train,0,ani30695
CASIA2/Au/Au_ani_30696.jpg,train,4,ani30696
CASIA2/Au/Au_ani_30697.jpg,train,1,ani30697
CASIA2/Au/Au_ani_30698.jpg,test,-1,ani30698
CASIA2/Au/Au_ani_30699.jpg,test,-1,ani30699
CASIA2/Au/Au_ani_30700.jpg,train,4,ani30700
CASIA2/Au/Au_ani_30701.jpg,test,-1,ani30701
CASIA2/Au/Au_ani_30702.jpg,test,-1,ani30702
CASIA2/Au/Au_ani_30703.jpg,val,3,ani30703
CASIA2/Au/Au_ani_30704.jpg,train,3,ani30704
CASIA2/Au/Au_ani_30705.jpg,train,2,ani30705
CASIA2/Au/Au_ani_30706.jpg,train,4,ani30706
CASIA2/Au/Au_ani_30707.jpg,train,3,ani30707
CASIA2/Au/Au_ani_30708.jpg,test,-1,ani30708
CASIA2/Au/Au_ani_30709.jpg,val,1,ani30709
CASIA2/Au/Au_ani_30710.jpg,train,2,ani30710
CASIA2/Au/Au_ani_30711.jpg,train,3,ani30711
CASIA2/Au/Au_ani_30712.jpg,train,0,ani30712
CASIA2/Au/Au_ani_30713.jpg,train,1,ani30713
CASIA2/Au/Au_ani_30714.jpg,train,4,ani30714
CASIA2/Au/Au_ani_30715.jpg,train,4,ani30715
CASIA2/Au/Au_ani_30716.jpg,test,-1,ani30716
CASIA2/Au/Au_ani_30717.jpg,test,-1,ani30717
CASIA2/Au/Au_ani_30718.jpg,train,0,ani30718
CASIA2/Au/Au_ani_30719.jpg,val,1,ani30719
CASIA2/Au/Au_ani_30720.jpg,train,0,ani30720
CASIA2/Au/Au_ani_30721.jpg,train,4,ani30721
CASIA2/Au/Au_ani_30722.jpg,train,0,ani30722
CASIA2/Au/Au_ani_30723.jpg,train,1,ani30723
CASIA2/Au/Au_ani_30724.jpg,test,-1,ani30724
CASIA2/Au/Au_ani_30725.jpg,train,2,ani30725
CASIA2/Au/Au_ani_30726.jpg,train,0,ani30726
CASIA2/Au/Au_ani_30727.jpg,test,-1,ani30727
CASIA2/Au/Au_ani_30728.jpg,train,2,ani30728
CASIA2/Au/Au_ani_30729.jpg,train,0,ani30729
CASIA2/Au/Au_ani_30730.jpg,test,-1,ani30730
CASIA2/Au/Au_ani_30731.jpg,train,2,ani30731
CASIA2/Au/Au_ani_30732.jpg,train,2,ani30732
CASIA2/Au/Au_ani_30733.jpg,train,2,ani30733
CASIA2/Au/Au_ani_30734.jpg,train,1,ani30734
CASIA2/Au/Au_ani_30735.jpg,val,0,ani30735
CASIA2/Au/Au_ani_30736.jpg,train,4,ani30736
CASIA2/Au/Au_ani_30737.jpg,train,1,ani30737
CASIA2/Au/Au_ani_30738.jpg,val,0,ani30738
CASIA2/Au/Au_ani_30739.jpg,train,0,ani30739
CASIA2/Au/Au_ani_30740.jpg,test,-1,ani30740
CASIA2/Au/Au_ani_30741.jpg,train,4,ani30741
CASIA2/Au/Au_ani_30742.jpg,train,4,ani30742
CASIA2/Au/Au_ani_30743.jpg,train,3,ani30743
CASIA2/Au/Au_ani_30744.jpg,train,1,ani30744
CASIA2/Au/Au_ani_30745.jpg,train,3,ani30745
CASIA2/Au/Au_ani_30746.jpg,train,0,ani30746
CASIA2/Au/Au_ani_30747.jpg,train,0,ani30747
CASIA2/Au/Au_ani_30748.jpg,train,0,ani30748
CASIA2/Au/Au_ani_30749.jpg,val,4,ani30749
CASIA2/Au/Au_ani_30750.jpg,val,2,ani30750
CASIA2/Au/Au_ani_30751.jpg,val,0,ani30751
CASIA2/Au/Au_ani_30752.jpg,train,4,ani30752
CASIA2/Au/Au_ani_30753.jpg,val,1,ani30753
CASIA2/Au/Au_ani_30754.jpg,train,2,ani30754
CASIA2/Au/Au_ani_30755.jpg,train,0,ani30755
CASIA2/Au/Au_ani_30756.jpg,train,2,ani30756
CASIA2/Au/Au_ani_30757.jpg,train,1,ani30757
CASIA2/Au/Au_ani_30758.jpg,train,3,ani30758
CASIA2/Au/Au_ani_30759.jpg,train,3,ani30759
CASIA2/Au/Au_ani_30760.jpg,val,2,ani30760
CASIA2/Au/Au_ani_30761.jpg,train,0,ani30761
CASIA2/Au/Au_ani_30762.jpg,train,4,ani30762
CASIA2/Au/Au_ani_30763.jpg,train,2,ani30763
CASIA2/Au/Au_ani_30764.jpg,train,2,ani30764
CASIA2/Au/Au_ani_30765.jpg,test,-1,ani30765
CASIA2/Au/Au_ani_30766.jpg,test,-1,ani30766
CASIA2/Au/Au_ani_30767.jpg,train,1,ani30767
CASIA2/Au/Au_ani_30768.jpg,test,-1,ani30768
CASIA2/Au/Au_ani_30769.jpg,val,4,ani30769
CASIA2/Au/Au_ani_30770.jpg,train,4,ani30770
CASIA2/Au/Au_ani_30771.jpg,train,3,ani30771
CASIA2/Au/Au_ani_30772.jpg,train,0,ani30772
CASIA2/Au/Au_ani_30773.jpg,test,-1,ani30773
CASIA2/Au/Au_ani_30774.jpg,test,-1,ani30774
CASIA2/Au/Au_ani_30775.jpg,train,1,ani30775
CASIA2/Au/Au_ani_30776.jpg,val,3,ani30776
CASIA2/Au/Au_ani_30777.jpg,train,0,ani30777
CASIA2/Au/Au_ani_30778.jpg,train,1,ani30778
CASIA2/Au/Au_ani_30779.jpg,train,2,ani30779
CASIA2/Au/Au_ani_30780.jpg,train,0,ani30780
CASIA2/Au/Au_ani_30781.jpg,train,4,ani30781
CASIA2/Au/Au_ani_30782.jpg,test,-1,ani30782
CASIA2/Au/Au_ani_30783.jpg,train,2,ani30783
CASIA2/Au/Au_ani_30784.jpg,train,1,ani30784
CASIA2/Au/Au_ani_30785.jpg,train,4,ani30785
CASIA2/Au/Au_ani_30786.jpg,train,1,ani30786
CASIA2/Au/Au_ani_30787.jpg,test,-1,ani30787
CASIA2/Au/Au_ani_30788.jpg,train,2,ani30788
CASIA2/Au/Au_ani_30789.jpg,test,-1,ani30789
CASIA2/Au/Au_ani_30790.jpg,train,0,ani30790
CASIA2/Au/Au_ani_30791.jpg,val,3,ani30791
CASIA2/Au/Au_ani_30792.jpg,train,2,ani30792
CASIA2/Au/Au_ani_30793.jpg,train,2,ani30793
CASIA2/Au/Au_ani_30794.jpg,val,2,ani30794
CASIA2/Au/Au_ani_30795.jpg,test,-1,ani30795
CASIA2/Au/Au_ani_30796.jpg,val,4,ani30796
CASIA2/Au/Au_arc_00001.jpg,train,0,arc00001
CASIA2/Au/Au_arc_00002.jpg,train,4,arc00002
CASIA2/Au/Au_arc_00003.jpg,train,4,arc00003
CASIA2/Au/Au_arc_00004.jpg,train,0,arc00004
CASIA2/Au/Au_arc_00005.jpg,train,0,arc00005
CASIA2/Au/Au_arc_00006.jpg,train,1,arc00006
CASIA2/Au/Au_arc_00007.jpg,train,2,arc00007
CASIA2/Au/Au_arc_00008.jpg,train,4,arc00008
CASIA2/Au/Au_arc_00009.jpg,train,1,arc00009
CASIA2/Au/Au_arc_00010.jpg,train,0,arc00004
CASIA2/Au/Au_arc_00011.jpg,train,1,arc00011
CASIA2/Au/Au_arc_00012.jpg,train,2,arc00012
CASIA2/Au/Au_arc_00013.jpg,train,2,arc00013
CASIA2/Au/Au_arc_00014.jpg,val,2,arc00014
CASIA2/Au/Au_arc_00015.jpg,val,0,arc00015
CASIA2/Au/Au_arc_00016.jpg,test,-1,arc00016
CASIA2/Au/Au_arc_00017.jpg,val,1,arc00017
CASIA2/Au/Au_arc_00018.jpg,train,2,arc00018
CASIA2/Au/Au_arc_00019.jpg,train,3,arc00019
CASIA2/Au/Au_arc_00020.jpg,test,-1,arc00020
CASIA2/Au/Au_arc_00021.jpg,train,4,arc00021
CASIA2/Au/Au_arc_00022.jpg,train,1,arc00022
CASIA2/Au/Au_arc_00023.jpg,train,4,arc00023
CASIA2/Au/Au_arc_00024.jpg,train,4,arc00024
CASIA2/Au/Au_arc_00025.jpg,train,2,arc00025
CASIA2/Au/Au_arc_00026.jpg,train,3,arc00026
CASIA2/Au/Au_arc_00027.jpg,train,1,arc00027
CASIA2/Au/Au_arc_00028.jpg,val,4,arc00028
CASIA2/Au/Au_arc_00029.jpg,train,1,arc00029
CASIA2/Au/Au_arc_00030.jpg,train,4,arc00030
CASIA2/Au/Au_arc_00031.jpg,train,1,arc00031
CASIA2/Au/Au_arc_00032.jpg,val,3,arc00032
CASIA2/Au/Au_arc_00033.jpg,train,3,arc00033
CASIA2/Au/Au_arc_00034.jpg,train,3,arc00034
CASIA2/Au/Au_arc_00035.jpg,train,2,arc00035
CASIA2/Au/Au_arc_00036.jpg,test,-1,arc00036
CASIA2/Au/Au_arc_00037.jpg,train,0,arc00037
CASIA2/Au/Au_arc_00038.jpg,val,1,arc00038
CASIA2/Au/Au_arc_00039.jpg,train,4,arc00039
CASIA2/Au/Au_arc_00040.jpg,train,0,arc00040
CASIA2/Au/Au_arc_00041.jpg,val,2,arc00041
CASIA2/Au/Au_arc_00042.jpg,train,4,arc00042
CASIA2/Au/Au_arc_00043.jpg,train,4,arc00043
CASIA2/Au/Au_arc_00044.jpg,train,4,arc00044
CASIA2/Au/Au_arc_00045.jpg,test,-1,arc00045
CASIA2/Au/Au_arc_00046.jpg,test,-1,arc00046
CASIA2/Au/Au_arc_00047.jpg,val,3,arc00047
CASIA2/Au/Au_arc_00048.jpg,val,2,arc00048
CASIA2/Au/Au_arc_00049.jpg,val,0,arc00049
CASIA2/Au/Au_arc_00050.jpg,train,3,arc00050
CASIA2/Au/Au_arc_00051.jpg,train,4,arc00051
CASIA2/Au/Au_arc_00052.jpg,train,4,arc00052
CASIA2/Au/Au_arc_00053.jpg,train,4,arc00053
CASIA2/Au/Au_arc_00054.jpg,train,3,arc00054
CASIA2/Au/Au_arc_00055.jpg,test,-1,arc00055
CASIA2/Au/Au_arc_00056.jpg,train,0,arc00056
CASIA2/Au/Au_arc_00057.jpg,test,-1,arc00057
CASIA2/Au/Au_arc_00058.jpg,train,4,arc00058
CASIA2/Au/Au_arc_00059.jpg,train,1,arc00059
CASIA2/Au/Au_arc_00060.jpg,train,0,arc00060
CASIA2/Au/Au_arc_00061.jpg,train,1,arc00061
CASIA2/Au/Au_arc_00062.jpg,val,0,arc00062
CASIA2/Au/Au_arc_00063.jpg,val,2,arc00063
CASIA2/Au/Au_arc_00064.jpg,train,1,arc00064
CASIA2/Au/Au_arc_00065.jpg,train,0,arc00065
CASIA2/Au/Au_arc_00066.jpg,train,3,arc00066
CASIA2/Au/Au_arc_00067.jpg,train,2,arc00067
CASIA2/Au/Au_arc_00068.jpg,test,-1,arc00068
CASIA2/Au/Au_arc_00069.jpg,train,3,arc00069
CASIA2/Au/Au_arc_00070.jpg,train,2,arc00070
CASIA2/Au/Au_arc_00071.jpg,train,0,arc00071
CASIA2/Au/Au_arc_00072.jpg,train,0,arc00072
CASIA2/Au/Au_arc_00073.jpg,train,3,arc00073
CASIA2/Au/Au_arc_00074.jpg,train,1,arc00074
CASIA2/Au/Au_arc_00075.jpg,train,3,arc00075
CASIA2/Au/Au_arc_00076.jpg,train,1,arc00076
CASIA2/Au/Au_arc_00077.jpg,train,3,arc00077
CASIA2/Au/Au_arc_00078.jpg,val,4,arc00078
CASIA2/Au/Au_arc_00079.jpg,train,2,arc00079
CASIA2/Au/Au_arc_00080.jpg,train,3,arc00080
CASIA2/Au/Au_arc_00081.jpg,train,4,arc00081
CASIA2/Au/Au_arc_00082.jpg,test,-1,arc00082
CASIA2/Au/Au_arc_00083.jpg,train,1,arc00083
CASIA2/Au/Au_arc_00084.jpg,train,4,arc00084
CASIA2/Au/Au_arc_00085.jpg,train,0,arc00085
CASIA2/Au/Au_arc_00086.jpg,val,1,arc00086
CASIA2/Au/Au_arc_00087.jpg,val,4,arc00087
CASIA2/Au/Au_arc_00088.jpg,train,2,arc00088
CASIA2/Au/Au_arc_00089.jpg,train,2,arc00089
CASIA2/Au/Au_arc_00090.jpg,train,4,arc00090
CASIA2/Au/Au_arc_00091.jpg,val,0,arc00091
CASIA2/Au/Au_arc_00092.jpg,train,1,arc00092
CASIA2/Au/Au_arc_00093.jpg,val,3,arc00093
CASIA2/Au/Au_arc_00094.jpg,val,3,arc00094
CASIA2/Au/Au_arc_00095.jpg,train,4,arc00095
CASIA2/Au/Au_arc_00096.jpg,train,2,arc00096
CASIA2/Au/Au_arc_00097.jpg,train,4,arc00097
CASIA2/Au/Au_arc_00098.jpg,train,3,arc00098
CASIA2/Au/Au_arc_00099.jpg,val,1,arc00099
CASIA2/Au/Au_arc_00100.jpg,val,4,arc00100
CASIA2/Au/Au_arc_10001.jpg,train,2,arc10001
CASIA2/Au/Au_arc_10101.jpg,train,1,arc10101
CASIA2/Au/Au_arc_10102.jpg,train,0,arc10102
CASIA2/Au/Au_arc_10103.jpg,train,1,arc10103
CASIA2/Au/Au_arc_10104.jpg,train,0,arc10104
CASIA2/Au/Au_arc_10105.jpg,train,2,arc10105
CASIA2/Au/Au_arc_10106.jpg,train,0,arc10106
CASIA2/Au/Au_arc_10107.jpg,test,-1,arc10107
CASIA2/Au/Au_arc_10108.jpg,test,-1,arc10108
CASIA2/Au/Au_arc_10109.jpg,train,2,arc10109
CASIA2/Au/Au_arc_10110.jpg,train,4,arc10110
CASIA2/Au/Au_arc_10111.jpg,train,2,arc10111
CASIA2/Au/Au_arc_10112.jpg,train,2,arc10112
CASIA2/Au/Au_arc_10113.jpg,test,-1,arc10113
CASIA2/Au/Au_arc_10114.jpg,train,0,arc10114
CASIA2/Au/Au_arc_10115.jpg,train,0,arc10115
CASIA2/Au/Au_arc_10116.jpg,train,0,arc10116
CASIA2/Au/Au_arc_10117.jpg,val,1,arc10117
CASIA2/Au/Au_arc_10118.jpg,train,4,arc10118
CASIA2/Au/Au_arc_10119.jpg,train,3,arc10119
CASIA2/Au/Au_arc_10120.bmp,train,2,arc10120
CASIA2/Au/Au_arc_10121.bmp,train,3,arc10121
CASIA2/Au/Au_arc_10122.bmp,train,1,arc10122
CASIA2/Au/Au_arc_10123.bmp,train,1,arc10123
CASIA2/Au/Au_arc_10124.bmp,train,1,arc10124
CASIA2/Au/Au_arc_10125.bmp,train,4,arc10125
CASIA2/Au/Au_arc_10126.bmp,train,4,arc10126
CASIA2/Au/Au_arc_10127.bmp,test,-1,arc10127
CASIA2/Au/Au_arc_10128.bmp,train,2,arc10128
CASIA2/Au/Au_arc_10129.bmp,test,-1,arc10129
CASIA2/Au/Au_arc_10130.bmp,train,1,arc10130
CASIA2/Au/Au_arc_20001.jpg,train,0,arc20001
CASIA2/Au/Au_arc_20002.jpg,train,1,arc20002
CASIA2/Au/Au_arc_20003.jpg,val,3,arc20003
CASIA2/Au/Au_arc_20004.jpg,train,2,arc20004
CASIA2/Au/Au_arc_20005.jpg,train,3,arc20005
CASIA2/Au/Au_arc_20006.jpg,train,4,arc20006
CASIA2/Au/Au_arc_20007.jpg,train,2,arc20007
CASIA2/Au/Au_arc_20008.jpg,train,3,arc20008
CASIA2/Au/Au_arc_20009.jpg,train,3,arc20009
CASIA2/Au/Au_arc_20010.jpg,val,3,arc20010
CASIA2/Au/Au_arc_20011.jpg,train,2,arc20011
CASIA2/Au/Au_arc_20012.jpg,train,1,arc20012
CASIA2/Au/Au_arc_20013.jpg,train,0,arc20013
CASIA2/Au/Au_arc_20014.jpg,train,0,arc20013
CASIA2/Au/Au_arc_20015.jpg,test,-1,arc20015
CASIA2/Au/Au_arc_20016.jpg,val,1,arc20016
CASIA2/Au/Au_arc_20017.jpg,test,-1,arc20017
CASIA2/Au/Au_arc_20018.jpg,test,-1,arc20018
CASIA2/Au/Au_arc_20019.jpg,train,2,arc20019
CASIA2/Au/Au_arc_20020.jpg,train,2,arc20020
CASIA2/Au/Au_arc_20021.jpg,train,0,arc20021
CASIA2/Au/Au_arc_20022.jpg,test,-1,arc20022
CASIA2/Au/Au_arc_20023.jpg,train,4,arc20023
CASIA2/Au/Au_arc_20024.jpg,val,0,arc20024
CASIA2/Au/Au_arc_20025.jpg,train,2,arc20025
CASIA2/Au/Au_arc_20026.jpg,test,-1,arc20026
CASIA2/Au/Au_arc_20027.jpg,val,4,arc20027
CASIA2/Au/Au_arc_20028.jpg,test,-1,arc20028
CASIA2/Au/Au_arc_20029.jpg,train,3,arc20029
CASIA2/Au/Au_arc_20030.jpg,val,4,arc20030
CASIA2/Au/Au_arc_20031.jpg,train,2,arc20031
CASIA2/Au/Au_arc_20032.jpg,val,0,arc20032
CASIA2/Au/Au_arc_20033.jpg,train,0,arc20033
CASIA2/Au/Au_arc_20034.jpg,val,1,arc20034
CASIA2/Au/Au_arc_20035.jpg,test,-1,arc20035
CASIA2/Au/Au_arc_20036.jpg,test,-1,arc20036
CASIA2/Au/Au_arc_20037.jpg,train,1,arc20037
CASIA2/Au/Au_arc_20038.jpg,test,-1,arc20038
CASIA2/Au/Au_arc_20039.jpg,train,4,arc20039
CASIA2/Au/Au_arc_20040.jpg,train,2,arc20040
CASIA2/Au/Au_arc_20041.jpg,train,4,arc20041
CASIA2/Au/Au_arc_20042.jpg,train,0,arc20042
CASIA2/Au/Au_arc_20043.jpg,train,0,arc20043
CASIA2/Au/Au_arc_20044.jpg,train,1,arc20044
CASIA2/Au/Au_arc_20045.jpg,test,-1,arc20045
CASIA2/Au/Au_arc_20046.jpg,train,0,arc20046
CASIA2/Au/Au_arc_20047.jpg,train,2,arc20047
CASIA2/Au/Au_arc_20048.jpg,train,3,arc20048
CASIA2/Au/Au_arc_20049.jpg,train,0,arc20049
CASIA2/Au/Au_arc_20050.jpg,train,4,arc20050
CASIA2/Au/Au_arc_20051.jpg,train,2,arc20051
CASIA2/Au/Au_arc_20052.jpg,train,2,arc20052
CASIA2/Au/Au_arc_20053.jpg,train,0,arc20053
CASIA2/Au/Au_arc_20054.jpg,train,2,arc20054
CASIA2/Au/Au_arc_20055.jpg,train,1,arc20055
CASIA2/Au/Au_arc_20056.jpg,train,4,arc20056
CASIA2/Au/Au_arc_20057.jpg,test,-1,arc20057
CASIA2/Au/Au_arc_20058.jpg,train,1,arc20058
CASIA2/Au/Au_arc_20059.jpg,val,0,arc20059
CASIA2/Au/Au_arc_20060.jpg,train,1,arc20060
CASIA2/Au/Au_arc_20061.jpg,train,0,arc20061
CASIA2/Au/Au_arc_20062.jpg,train,1,arc20062
CASIA2/Au/Au_arc_20063.jpg,val,3,arc20063
CASIA2/Au/Au_arc_20064.jpg,train,4,arc20064
CASIA2/Au/Au_arc_20065.jpg,test,-1,arc20065
CASIA2/Au/Au_arc_20066.jpg,train,0,arc20066
CASIA2/Au/Au_arc_20067.jpg,train,1,arc20067
CASIA2/Au/Au_arc_20068.jpg,train,4,arc20068
CASIA2/Au/Au_arc_20069.jpg,val,3,arc20069
CASIA2/Au/Au_arc_20070.jpg,test,-1,arc20070
CASIA2/Au/Au_arc_20071.jpg,test,-1,arc20071
CASIA2/Au/Au_arc_20072.jpg,train,0,arc20072
CASIA2/Au/Au_arc_20073.jpg,train,4,arc20073
CASIA2/Au/Au_arc_20074.jpg,test,-1,arc20074
CASIA2/Au/Au_arc_20075.jpg,train,1,arc20075
CASIA2/Au/Au_arc_20076.jpg,train,0,arc20076
CASIA2/Au/Au_arc_20077.jpg,train,2,arc20077
CASIA2/Au/Au_arc_20078.jpg,train,3,arc20078
CASIA2/Au/Au_arc_20079.jpg,test,-1,arc20079
CASIA2/Au/Au_arc_20080.jpg,train,3,arc20080
CASIA2/Au/Au_arc_20081.jpg,val,0,arc20081
CASIA2/Au/Au_arc_20082.jpg,train,4,arc20082
CASIA2/Au/Au_arc_20083.jpg,train,2,arc20083
CASIA2/Au/Au_arc_20084.jpg,train,1,arc20084
CASIA2/Au/Au_arc_20085.jpg,val,0,arc20085
CASIA2/Au/Au_arc_20086.jpg,train,2,arc20086
CASIA2/Au/Au_arc_20087.jpg,train,0,arc20087
CASIA2/Au/Au_arc_20088.jpg,val,2,arc20088
CASIA2/Au/Au_arc_20089.jpg,test,-1,arc20089
CASIA2/Au/Au_arc_20090.jpg,train,0,arc20090
CASIA2/Au/Au_arc_20091.jpg,train,1,arc20091
CASIA2/Au/Au_arc_20092.jpg,train,3,arc20092
CASIA2/Au/Au_arc_20093.jpg,test,-1,arc20093
CASIA2/Au/Au_arc_20094.jpg,train,1,arc20094
CASIA2/Au/Au_arc_20095.jpg,val,3,arc20095
CASIA2/Au/Au_arc_20096.jpg,train,4,arc20096
CASIA2/Au/Au_arc_20097.jpg,train,2,arc20097
CASIA2/Au/Au_arc_20098.jpg,train,1,arc20098
CASIA2/Au/Au_arc_20099.jpg,val,3,arc20099
CASIA2/Au/Au_arc_20100.jpg,test,-1,arc20100
CASIA2/Au/Au_arc_20101.jpg,test,-1,arc20101
CASIA2/Au/Au_arc_30001.jpg,train,0,arc30001
CASIA2/Au/Au_arc_30002.jpg,val,1,arc30002
CASIA2/Au/Au_arc_30003.jpg,train,3,arc30003
CASIA2/Au/Au_arc_30004.jpg,train,3,arc30004
CASIA2/Au/Au_arc_30005.jpg,val,2,arc30005
CASIA2/Au/Au_arc_30006.jpg,train,0,arc30006
CASIA2/Au/Au_arc_30007.jpg,train,2,arc30007
CASIA2/Au/Au_arc_30008.jpg,val,4,arc30008
CASIA2/Au/Au_arc_30009.jpg,train,4,arc30009
CASIA2/Au/Au_arc_30010.jpg,test,-1,arc30010
CASIA2/Au/Au_arc_30011.jpg,train,2,arc30011
CASIA2/Au/Au_arc_30012.jpg,train,2,arc30012
CASIA2/Au/Au_arc_30013.jpg,val,2,arc30013
CASIA2/Au/Au_arc_30014.jpg,val,1,arc30014
CASIA2/Au/Au_arc_30015.jpg,train,1,arc30015
CASIA2/Au/Au_arc_30016.jpg,test,-1,arc30016
CASIA2/Au/Au_arc_30017.jpg,train,4,arc30017
CASIA2/Au/Au_arc_30018.jpg,val,3,arc30018
CASIA2/Au/Au_arc_30019.jpg,train,4,arc30019
CASIA2/Au/Au_arc_30020.jpg,train,3,arc30020
CASIA2/Au/Au_arc_30021.jpg,train,0,arc30021
CASIA2/Au/Au_arc_30022.jpg,test,-1,arc30022
CASIA2/Au/Au_arc_30023.jpg,train,1,arc30023
CASIA2/Au/Au_arc_30024.jpg,train,3,arc30024
CASIA2/Au/Au_arc_30025.jpg,train,0,arc30025
CASIA2/Au/Au_arc_30026.jpg,val,3,arc30026
CASIA2/Au/Au_arc_30027.jpg,test,-1,arc30027
CASIA2/Au/Au_arc_30028.jpg,val,4,arc30028
CASIA2/Au/Au_arc_30029.jpg,train,0,arc30029
CASIA2/Au/Au_arc_30030.jpg,train,4,arc30030
CASIA2/Au/Au_arc_30031.jpg,train,2,arc30031
CASIA2/Au/Au_arc_30032.jpg,train,4,arc30032
CASIA2/Au/Au_arc_30033.jpg,train,0,arc30033
CASIA2/Au/Au_arc_30034.jpg,val,0,arc30034
CASIA2/Au/Au_arc_30035.jpg,test,-1,arc30035
CASIA2/Au/Au_arc_30036.jpg,train,3,arc30036
CASIA2/Au/Au_arc_30037.jpg,val,0,arc30037
CASIA2/Au/Au_arc_30038.jpg,val,3,arc30038
CASIA2/Au/Au_arc_30039.jpg,train,2,arc30039
CASIA2/Au/Au_arc_30040.jpg,train,0,arc30040
CASIA2/Au/Au_arc_30041.jpg,train,3,arc30041
CASIA2/Au/Au_arc_30042.jpg,test,-1,arc30042
CASIA2/Au/Au_arc_30043.jpg,val,3,arc30043
CASIA2/Au/Au_arc_30044.jpg,train,4,arc30044
CASIA2/Au/Au_arc_30045.jpg,train,0,arc30045
CASIA2/Au/Au_arc_30046.jpg,train,4,arc30046
CASIA2/Au/Au_arc_30047.jpg,val,3,arc30047
CASIA2/Au/Au_arc_30048.jpg,train,2,arc30048
CASIA2/Au/Au_arc_30049.jpg,train,2,arc30049
CASIA2/Au/Au_arc_30050.jpg,train,4,arc30050
CASIA2/Au/Au_arc_30051.jpg,test,-1,arc30051
CASIA2/Au/Au_arc_30052.jpg,val,2,arc30052
CASIA2/Au/Au_arc_30053.jpg,test,-1,arc30053
CASIA2/Au/Au_arc_30054.jpg,val,0,arc30054
CASIA2/Au/Au_arc_30055.jpg,train,2,arc30055
CASIA2/Au/Au_arc_30056.jpg,train,4,arc30056
CASIA2/Au/Au_arc_30057.jpg,train,4,arc30057
CASIA2/Au/Au_arc_30058.jpg,train,1,arc30058
CASIA2/Au/Au_arc_30059.jpg,train,4,arc30059
CASIA2/Au/Au_arc_30060.jpg,train,2,arc30060
CASIA2/Au/Au_arc_30061.jpg,val,2,arc30061
CASIA2/Au/Au_arc_30062.jpg,test,-1,arc30062
CASIA2/Au/Au_arc_30063.jpg,test,-1,arc30063
CASIA2/Au/Au_arc_30064.jpg,train,0,arc30064
CASIA2/Au/Au_arc_30065.jpg,val,1,arc30065
CASIA2/Au/Au_arc_30066.jpg,train,0,arc30066
CASIA2/Au/Au_arc_30067.jpg,train,3,arc30067
CASIA2/Au/Au_arc_30068.jpg,train,2,arc30068
CASIA2/Au/Au_arc_30069.jpg,test,-1,arc30069
CASIA2/Au/Au_arc_30070.jpg,train,3,arc30070
CASIA2/Au/Au_arc_30071.jpg,train,0,arc30071
CASIA2/Au/Au_arc_30072.jpg,train,1,arc30072
CASIA2/Au/Au_arc_30073.jpg,train,0,arc30073
CASIA2/Au/Au_arc_30074.jpg,train,2,arc30074
CASIA2/Au/Au_arc_30075.jpg,val,3,arc30075
CASIA2/Au/Au_arc_30076.jpg,train,3,arc30076
CASIA2/Au/Au_arc_30077.jpg,train,3,arc30077
CASIA2/Au/Au_arc_30078.jpg,train,2,arc30078
CASIA2/Au/Au_arc_30079.jpg,test,-1,arc30079
CASIA2/Au/Au_arc_30080.jpg,train,3,arc30080
CASIA2/Au/Au_arc_30081.jpg,val,2,arc30081
CASIA2/Au/Au_arc_30082.jpg,val,0,arc30082
CASIA2/Au/Au_arc_30083.jpg,test,-1,arc30083
CASIA2/Au/Au_arc_30084.jpg,train,1,arc30084
CASIA2/Au/Au_arc_30085.jpg,test,-1,arc30085
CASIA2/Au/Au_arc_30086.jpg,train,2,arc30086
CASIA2/Au/Au_arc_30087.jpg,val,1,arc30087
CASIA2/Au/Au_arc_30088.jpg,test,-1,arc30088
CASIA2/Au/Au_arc_30089.jpg,train,2,arc30089
CASIA2/Au/Au_arc_30090.jpg,train,4,arc30090
CASIA2/Au/Au_arc_30091.jpg,train,3,arc30091
CASIA2/Au/Au_arc_30092.jpg,train,2,arc30092
CASIA2/Au/Au_arc_30093.jpg,train,2,arc30093
CASIA2/Au/Au_arc_30094.jpg,test,-1,arc30094
CASIA2/Au/Au_arc_30095.jpg,train,4,arc30095
CASIA2/Au/Au_arc_30096.jpg,train,1,arc30096
CASIA2/Au/Au_arc_30097.jpg,train,4,arc30097
CASIA2/Au/Au_arc_30098.jpg,train,3,arc30098
CASIA2/Au/Au_arc_30099.jpg,test,-1,arc30099
CASIA2/Au/Au_arc_30100.jpg,test,-1,arc30100
CASIA2/Au/Au_arc_30101.jpg,train,2,arc30101
CASIA2/Au/Au_arc_30102.jpg,train,1,arc30102
CASIA2/Au/Au_arc_30103.jpg,train,4,arc30103
CASIA2/Au/Au_arc_30104.jpg,train,2,arc30104
CASIA2/Au/Au_arc_30105.jpg,val,2,arc30105
CASIA2/Au/Au_arc_30106.jpg,train,2,arc30106
CASIA2/Au/Au_arc_30107.jpg,train,4,arc30107
CASIA2/Au/Au_arc_30108.jpg,train,4,arc30108
CASIA2/Au/Au_arc_30109.jpg,train,4,arc30109
CASIA2/Au/Au_arc_30110.jpg,train,4,arc30110
CASIA2/Au/Au_arc_30111.jpg,train,3,arc30111
CASIA2/Au/Au_arc_30112.jpg,train,4,arc30112
CASIA2/Au/Au_arc_30113.jpg,train,1,arc30113
CASIA2/Au/Au_arc_30114.jpg,test,-1,arc30114
CASIA2/Au/Au_arc_30115.jpg,train,3,arc30115
CASIA2/Au/Au_arc_30116.jpg,train,1,arc30116
CASIA2/Au/Au_arc_30117.jpg,train,3,arc30117
CASIA2/Au/Au_arc_30118.jpg,train,2,arc30118
CASIA2/Au/Au_arc_30119.jpg,train,1,arc30119
CASIA2/Au/Au_arc_30120.jpg,train,0,arc30120
CASIA2/Au/Au_arc_30121.jpg,train,2,arc30121
CASIA2/Au/Au_arc_30122.jpg,test,-1,arc30122
CASIA2/Au/Au_arc_30123.jpg,val,4,arc30123
CASIA2/Au/Au_arc_30124.jpg,train,3,arc30124
CASIA2/Au/Au_arc_30125.jpg,val,3,arc30125
CASIA2/Au/Au_arc_30126.jpg,train,1,arc30126
CASIA2/Au/Au_arc_30127.jpg,val,0,arc30127
CASIA2/Au/Au_arc_30128.jpg,train,3,arc30128
CASIA2/Au/Au_arc_30129.jpg,train,2,arc30129
CASIA2/Au/Au_arc_30130.jpg,train,4,arc30130
CASIA2/Au/Au_arc_30131.jpg,test,-1,arc30131
CASIA2/Au/Au_arc_30132.jpg,train,4,arc00008
CASIA2/Au/Au_arc_30133.jpg,train,0,arc30133
CASIA2/Au/Au_arc_30134.jpg,train,3,arc30134
CASIA2/Au/Au_arc_30135.jpg,train,2,arc30135
CASIA2/Au/Au_arc_30136.jpg,train,1,arc30136
CASIA2/Au/Au_arc_30137.jpg,train,3,arc30137
CASIA2/Au/Au_arc_30138.jpg,train,1,arc30138
CASIA2/Au/Au_arc_30139.jpg,test,-1,arc30139
CASIA2/Au/Au_arc_30140.jpg,val,0,arc30140
CASIA2/Au/Au_arc_30141.jpg,val,4,arc30141
CASIA2/Au/Au_arc_30142.jpg,train,3,arc30142
CASIA2/Au/Au_arc_30143.jpg,test,-1,arc30143
CASIA2/Au/Au_arc_30144.jpg,train,1,arc30144
CASIA2/Au/Au_arc_30145.jpg,val,4,arc30145
CASIA2/Au/Au_arc_30146.jpg,train,3,arc30146
CASIA2/Au/Au_arc_30147.jpg,train,1,arc30147
CASIA2/Au/Au_arc_30148.jpg,train,3,arc30148
CASIA2/Au/Au_arc_30149.jpg,train,0,arc30149
CASIA2/Au/Au_arc_30150.jpg,test,-1,arc30150
CASIA2/Au/Au_arc_30151.jpg,train,0,arc30151
CASIA2/Au/Au_arc_30152.jpg,test,-1,arc30152
CASIA2/Au/Au_arc_30153.jpg,train,2,arc30153
CASIA2/Au/Au_arc_30154.jpg,val,4,arc30154
CASIA2/Au/Au_arc_30155.jpg,train,2,arc30155
CASIA2/Au/Au_arc_30156.jpg,train,4,arc30156
CASIA2/Au/Au_arc_30157.jpg,test,-1,arc30157
CASIA2/Au/Au_arc_30158.jpg,train,3,arc30158
CASIA2/Au/Au_arc_30159.jpg,train,3,arc30159
CASIA2/Au/Au_arc_30160.jpg,test,-1,arc30160
CASIA2/Au/Au_arc_30161.jpg,train,3,arc30161
CASIA2/Au/Au_arc_30162.jpg,train,1,arc00009
CASIA2/Au/Au_arc_30163.jpg,train,1,arc30163
CASIA2/Au/Au_arc_30164.jpg,train,0,arc30164
CASIA2/Au/Au_arc_30165.jpg,train,4,arc30165
CASIA2/Au/Au_arc_30166.jpg,train,1,arc30166
CASIA2/Au/Au_arc_30167.jpg,train,4,arc30167
CASIA2/Au/Au_arc_30168.jpg,train,4,arc30168
CASIA2/Au/Au_arc_30169.jpg,train,4,arc30169
CASIA2/Au/Au_arc_30170.jpg,train,1,arc30170
CASIA2/Au/Au_arc_30171.jpg,val,3,arc30171
CASIA2/Au/Au_arc_30172.jpg,test,-1,arc30172
CASIA2/Au/Au_arc_30173.jpg,train,4,arc30173
CASIA2/Au/Au_arc_30174.jpg,train,1,arc30174
CASIA2/Au/Au_arc_30175.jpg,train,0,arc30175
CASIA2/Au/Au_arc_30176.jpg,train,0,arc30176
CASIA2/Au/Au_arc_30177.jpg,train,4,arc30177
CASIA2/Au/Au_arc_30178.jpg,train,3,arc30178
CASIA2/Au/Au_arc_30179.jpg,val,0,arc30179
CASIA2/Au/Au_arc_30180.jpg,train,2,arc30180
CASIA2/Au/Au_arc_30181.jpg,val,3,arc30181
CASIA2/Au/Au_arc_30182.jpg,train,2,arc30182
CASIA2/Au/Au_arc_30183.jpg,train,0,arc30183
CASIA2/Au/Au_arc_30184.jpg,train,1,arc30184
CASIA2/Au/Au_arc_30185.jpg,train,3,arc30185
CASIA2/Au/Au_arc_30186.jpg,train,1,arc30186
CASIA2/Au/Au_arc_30187.jpg,val,2,arc30187
CASIA2/Au/Au_arc_30188.jpg,train,0,arc30188
CASIA2/Au/Au_arc_30189.jpg,train,2,arc30189
CASIA2/Au/Au_arc_30190.jpg,val,3,arc30190
CASIA2/Au/Au_arc_30191.jpg,train,3,arc30191
CASIA2/Au/Au_arc_30192.jpg,train,1,arc30192
CASIA2/Au/Au_arc_30193.jpg,train,1,arc30193
CASIA2/Au/Au_arc_30194.jpg,train,3,arc30194
CASIA2/Au/Au_arc_30195.jpg,train,4,arc30195
CASIA2/Au/Au_arc_30196.jpg,train,3,arc30196
CASIA2/Au/Au_arc_30197.jpg,val,3,arc30197
CASIA2/Au/Au_arc_30198.jpg,train,4,arc30198
CASIA2/Au/Au_arc_30199.jpg,train,1,arc30199
CASIA2/Au/Au_arc_30200.jpg,train,4,arc30200
CASIA2/Au/Au_arc_30201.jpg,test,-1,arc30201
CASIA2/Au/Au_arc_30202.jpg,val,0,arc30202
CASIA2/Au/Au_arc_30203.jpg,train,1,arc30203
CASIA2/Au/Au_arc_30204.jpg,train,3,arc30204
CASIA2/Au/Au_arc_30205.jpg,train,1,arc30205
CASIA2/Au/Au_arc_30206.jpg,train,1,arc30206
CASIA2/Au/Au_arc_30207.jpg,test,-1,arc30207
CASIA2/Au/Au_arc_30208.jpg,train,1,arc30208
CASIA2/Au/Au_arc_30209.jpg,val,1,arc30209
CASIA2/Au/Au_arc_30210.jpg,train,0,arc30210
CASIA2/Au/Au_arc_30211.jpg,train,4,arc30211
CASIA2/Au/Au_arc_30212.jpg,test,-1,arc30212
CASIA2/Au/Au_arc_30213.jpg,train,0,arc30213
CASIA2/Au/Au_arc_30214.jpg,val,3,arc30214
CASIA2/Au/Au_arc_30215.jpg,train,0,arc30215
CASIA2/Au/Au_arc_30216.jpg,train,2,arc30216
CASIA2/Au/Au_arc_30217.jpg,train,2,arc30217
CASIA2/Au/Au_arc_30218.jpg,val,2,arc30218
CASIA2/Au/Au_arc_30219.jpg,train,4,arc30219
CASIA2/Au/Au_arc_30220.jpg,test,-1,arc30220
CASIA2/Au/Au_arc_30221.jpg,train,2,arc30221
CASIA2/Au/Au_arc_30222.jpg,val,3,arc30222
CASIA2/Au/Au_arc_30223.jpg,train,1,arc30223
CASIA2/Au/Au_arc_30224.jpg,val,4,arc30224
CASIA2/Au/Au_arc_30225.jpg,test,-1,arc30225
CASIA2/Au/Au_arc_30226.jpg,train,1,arc30226
CASIA2/Au/Au_arc_30227.jpg,train,2,arc30227
CASIA2/Au/Au_arc_30228.jpg,train,0,arc30228
CASIA2/Au/Au_arc_30229.jpg,val,2,arc30229
CASIA2/Au/Au_arc_30230.jpg,train,2,arc30230
CASIA2/Au/Au_arc_30231.jpg,test,-1,arc30231
CASIA2/Au/Au_arc_30232.jpg,val,3,arc30232
CASIA2/Au/Au_arc_30233.jpg,train,4,arc30233
CASIA2/Au/Au_arc_30234.jpg,train,3,arc30234
CASIA2/Au/Au_arc_30235.jpg,train,2,arc30235
CASIA2/Au/Au_arc_30236.jpg,val,3,arc30236
CASIA2/Au/Au_arc_30237.jpg,train,0,arc30237
CASIA2/Au/Au_arc_30238.jpg,train,1,arc30238
CASIA2/Au/Au_arc_30239.jpg,train,3,arc30239
CASIA2/Au/Au_arc_30240.jpg,train,4,arc30240
CASIA2/Au/Au_arc_30241.jpg,train,2,arc30241
CASIA2/Au/Au_arc_30242.jpg,train,1,arc30242
CASIA2/Au/Au_arc_30243.jpg,train,2,arc30243
CASIA2/Au/Au_arc_30244.jpg,test,-1,arc30244
CASIA2/Au/Au_arc_30245.jpg,train,3,arc30245
CASIA2/Au/Au_arc_30246.jpg,train,0,arc30246
CASIA2/Au/Au_arc_30247.jpg,train,4,arc30247
CASIA2/Au/Au_arc_30248.jpg,train,0,arc30248
CASIA2/Au/Au_arc_30249.jpg,train,3,arc30249
CASIA2/Au/Au_arc_30250.jpg,train,4,arc30250
CASIA2/Au/Au_arc_30251.jpg,train,2,arc30251
CASIA2/Au/Au_arc_30252.jpg,train,4,arc30252
CASIA2/Au/Au_arc_30253.jpg,train,0,arc30253
CASIA2/Au/Au_arc_30254.jpg,train,0,arc30254
CASIA2/Au/Au_arc_30255.jpg,train,1,arc30255
CASIA2/Au/Au_arc_30256.jpg,train,4,arc30256
CASIA2/Au/Au_arc_30257.jpg,val,4,arc30257
CASIA2/Au/Au_arc_30258.jpg,val,0,arc30258
CASIA2/Au/Au_arc_30259.jpg,train,3,arc30259
CASIA2/Au/Au_arc_30260.jpg,train,0,arc30260
CASIA2/Au/Au_arc_30261.jpg,train,0,arc30261
CASIA2/Au/Au_arc_30262.jpg,train,1,arc30262
CASIA2/Au/Au_arc_30263.jpg,test,-1,arc30263
CASIA2/Au/Au_arc_30264.jpg,train,2,arc30264
CASIA2/Au/Au_arc_30265.jpg,val,2,arc30265
CASIA2/Au/Au_arc_30266.jpg,train,2,arc30266
CASIA2/Au/Au_arc_30267.jpg,val,0,arc30267
CASIA2/Au/Au_arc_30268.jpg,train,4,arc30268
CASIA2/Au/Au_arc_30269.jpg,test,-1,arc30269
CASIA2/Au/Au_arc_30270.jpg,val,2,arc30270
CASIA2/Au/Au_arc_30271.jpg,val,4,arc30271
CASIA2/Au/Au_arc_30272.jpg,train,3,arc30272
CASIA2/Au/Au_arc_30273.jpg,train,2,arc30273
CASIA2/Au/Au_arc_30274.jpg,train,2,arc30274
CASIA2/Au/Au_arc_30275.jpg,val,1,arc30275
CASIA2/Au/Au_arc_30276.jpg,val,1,arc30276
CASIA2/Au/Au_arc_30277.jpg,train,4,arc30277
CASIA2/Au/Au_arc_30278.jpg,train,0,arc30278
CASIA2/Au/Au_arc_30279.jpg,train,1,arc30279
CASIA2/Au/Au_arc_30280.jpg,train,1,arc30280
CASIA2/Au/Au_arc_30281.jpg,train,1,arc30281
CASIA2/Au/Au_arc_30282.jpg,train,1,arc30282
CASIA2/Au/Au_arc_30283.jpg,train,3,arc30283
CASIA2/Au/Au_arc_30284.jpg,train,3,arc30284
CASIA2/Au/Au_arc_30285.jpg,train,1,arc30285
CASIA2/Au/Au_arc_30286.jpg,train,0,arc30286
CASIA2/Au/Au_arc_30287.jpg,train,2,arc30287
CASIA2/Au/Au_arc_30288.jpg,train,2,arc30288
CASIA2/Au/Au_arc_30289.jpg,train,1,arc30289
CASIA2/Au/Au_arc_30290.jpg,test,-1,arc30290
CASIA2/Au/Au_arc_30291.jpg,train,4,arc30291
CASIA2/Au/Au_arc_30292.jpg,train,3,arc30292
CASIA2/Au/Au_arc_30293.jpg,train,2,arc30293
CASIA2/Au/Au_arc_30294.jpg,train,0,arc30294
CASIA2/Au/Au_arc_30295.jpg,train,2,arc30295
CASIA2/Au/Au_arc_30296.jpg,val,2,arc30296
CASIA2/Au/Au_arc_30297.jpg,train,4,arc30297
CASIA2/Au/Au_arc_30298.jpg,train,4,arc30298
CASIA2/Au/Au_arc_30299.jpg,train,2,arc30299
CASIA2/Au/Au_arc_30300.jpg,train,3,arc30300
CASIA2/Au/Au_arc_30301.jpg,train,0,arc30301
CASIA2/Au/Au_arc_30302.jpg,val,2,arc30302
CASIA2/Au/Au_arc_30303.jpg,train,3,arc30303
CASIA2/Au/Au_arc_30304.jpg,val,1,arc30304
CASIA2/Au/Au_arc_30305.jpg,train,4,arc30305
CASIA2/Au/Au_arc_30306.jpg,train,3,arc30306
CASIA2/Au/Au_arc_30307.jpg,test,-1,arc30307
CASIA2/Au/Au_arc_30308.jpg,train,1,arc30308
CASIA2/Au/Au_arc_30309.jpg,test,-1,arc30309
CASIA2/Au/Au_arc_30310.jpg,val,4,arc30310
CASIA2/Au/Au_arc_30311.jpg,test,-1,arc30311
CASIA2/Au/Au_arc_30312.jpg,train,2,arc30312
CASIA2/Au/Au_arc_30313.jpg,val,0,arc30313
CASIA2/Au/Au_arc_30314.jpg,train,0,arc30314
CASIA2/Au/Au_arc_30315.jpg,train,1,arc30315
CASIA2/Au/Au_arc_30316.jpg,train,3,arc30316
CASIA2/Au/Au_arc_30317.jpg,val,1,arc30317
CASIA2/Au/Au_arc_30318.jpg,train,2,arc30318
CASIA2/Au/Au_arc_30319.jpg,train,1,arc30319
CASIA2/Au/Au_arc_30320.jpg,train,2,arc30320
CASIA2/Au/Au_arc_30321.jpg,val,3,arc30321
CASIA2/Au/Au_arc_30322.jpg,test,-1,arc30322
CASIA2/Au/Au_arc_30323.jpg,val,0,arc30323
CASIA2/Au/Au_arc_30324.jpg,val,2,arc30324
CASIA2/Au/Au_arc_30325.jpg,test,-1,arc30325
CASIA2/Au/Au_arc_30326.jpg,train,0,arc30326
CASIA2/Au/Au_arc_30327.jpg,test,-1,arc30327
CASIA2/Au/Au_arc_30328.jpg,test,-1,arc30328
CASIA2/Au/Au_arc_30329.jpg,train,3,arc30329
CASIA2/Au/Au_arc_30330.jpg,train,3,arc30330
CASIA2/Au/Au_arc_30331.jpg,train,1,arc30331
CASIA2/Au/Au_arc_30332.jpg,train,4,arc30332
CASIA2/Au/Au_arc_30333.jpg,train,1,arc30333
CASIA2/Au/Au_arc_30334.jpg,train,0,arc30334
CASIA2/Au/Au_arc_30335.jpg,val,2,arc30335
CASIA2/Au/Au_arc_30336.jpg,train,3,arc30336
CASIA2/Au/Au_arc_30337.jpg,train,2,arc30337
CASIA2/Au/Au_arc_30338.jpg,train,1,arc30338
CASIA2/Au/Au_arc_30339.jpg,val,1,arc30339
CASIA2/Au/Au_arc_30340.jpg,train,4,arc30340
CASIA2/Au/Au_arc_30341.jpg,train,4,arc30341
CASIA2/Au/Au_arc_30342.jpg,test,-1,arc30342
CASIA2/Au/Au_arc_30343.jpg,val,3,arc30343
CASIA2/Au/Au_arc_30344.jpg,test,-1,arc30344
CASIA2/Au/Au_arc_30345.jpg,train,3,arc30345
CASIA2/Au/Au_arc_30346.jpg,train,4,arc30346
CASIA2/Au/Au_arc_30347.jpg,train,3,arc30347
CASIA2/Au/Au_arc_30348.jpg,test,-1,arc30348
CASIA2/Au/Au_arc_30349.jpg,val,4,arc30349
CASIA2/Au/Au_arc_30350.jpg,train,2,arc30350
CASIA2/Au/Au_arc_30351.jpg,train,0,arc30351
CASIA2/Au/Au_arc_30352.jpg,test,-1,arc30352
CASIA2/Au/Au_arc_30353.jpg,test,-1,arc30353
CASIA2/Au/Au_arc_30354.jpg,train,2,arc30354
CASIA2/Au/Au_arc_30355.jpg,test,-1,arc30355
CASIA2/Au/Au_arc_30356.jpg,test,-1,arc30356
CASIA2/Au/Au_arc_30357.jpg,train,3,arc30357
CASIA2/Au/Au_arc_30358.jpg,train,1,arc30358
CASIA2/Au/Au_arc_30359.jpg,train,2,arc30359
CASIA2/Au/Au_arc_30360.jpg,test,-1,arc30360
CASIA2/Au/Au_arc_30361.jpg,train,3,arc30361
CASIA2/Au/Au_arc_30362.jpg,train,2,arc30362
CASIA2/Au/Au_arc_30363.jpg,train,2,arc30363
CASIA2/Au/Au_arc_30364.jpg,train,3,arc30364
CASIA2/Au/Au_arc_30365.jpg,val,1,arc30365
CASIA2/Au/Au_arc_30366.jpg,val,1,arc30366
CASIA2/Au/Au_arc_30367.jpg,train,2,arc30367
CASIA2/Au/Au_arc_30368.jpg,val,4,arc30368
CASIA2/Au/Au_arc_30369.jpg,train,4,arc30369
CASIA2/Au/Au_arc_30370.jpg,test,-1,arc30370
CASIA2/Au/Au_arc_30371.jpg,val,1,arc30371
CASIA2/Au/Au_arc_30372.jpg,train,2,arc30372
CASIA2/Au/Au_arc_30373.jpg,train,0,arc30373
CASIA2/Au/Au_arc_30374.jpg,train,3,arc30374
CASIA2/Au/Au_arc_30375.jpg,train,1,arc30375
CASIA2/Au/Au_arc_30376.jpg,val,4,arc30376
CASIA2/Au/Au_arc_30377.jpg,val,3,arc30377
CASIA2/Au/Au_arc_30378.jpg,val,2,arc30378
CASIA2/Au/Au_arc_30379.jpg,train,4,arc30379
CASIA2/Au/Au_arc_30380.jpg,train,1,arc30380
CASIA2/Au/Au_arc_30381.jpg,train,4,arc30381
CASIA2/Au/Au_arc_30382.jpg,train,4,arc30382
CASIA2/Au/Au_arc_30383.jpg,train,2,arc30383
CASIA2/Au/Au_arc_30384.jpg,train,1,arc30384
CASIA2/Au/Au_arc_30385.jpg,test,-1,arc30385
CASIA2/Au/Au_arc_30386.jpg,train,1,arc30386
CASIA2/Au/Au_arc_30387.jpg,train,3,arc30387
CASIA2/Au/Au_arc_30388.jpg,val,4,arc30388
CASIA2/Au/Au_arc_30389.jpg,train,4,arc30389
CASIA2/Au/Au_arc_30390.jpg,test,-1,arc30390
CASIA2/Au/Au_arc_30391.jpg,train,0,arc30391
CASIA2/Au/Au_arc_30392.jpg,val,1,arc30392
CASIA2/Au/Au_arc_30393.jpg,val,2,arc30393
CASIA2/Au/Au_arc_30394.jpg,train,1,arc30394
CASIA2/Au/Au_arc_30395.jpg,train,3,arc30395
CASIA2/Au/Au_arc_30396.jpg,val,3,arc30396
CASIA2/Au/Au_arc_30397.jpg,train,3,arc30397
CASIA2/Au/Au_arc_30398.jpg,train,2,arc30398
CASIA2/Au/Au_arc_30399.jpg,val,0,arc30399
CASIA2/Au/Au_arc_30400.jpg,train,0,arc30400
CASIA2/Au/Au_arc_30401.jpg,train,4,arc30401
CASIA2/Au/Au_arc_30402.jpg,test,-1,arc30402
CASIA2/Au/Au_arc_30403.jpg,train,4,arc30403
CASIA2/Au/Au_arc_30404.jpg,train,2,arc30404
CASIA2/Au/Au_arc_30405.jpg,train,4,arc30405
CASIA2/Au/Au_arc_30406.jpg,test,-1,arc30406
CASIA2/Au/Au_arc_30407.jpg,train,1,arc30407
CASIA2/Au/Au_arc_30408.jpg,train,2,arc30408
CASIA2/Au/Au_arc_30409.jpg,train,0,arc30409
CASIA2/Au/Au_arc_30410.jpg,val,1,arc30410
CASIA2/Au/Au_arc_30411.jpg,val,3,arc30411
CASIA2/Au/Au_arc_30412.jpg,train,1,arc30412
CASIA2/Au/Au_arc_30413.jpg,train,1,arc30413
CASIA2/Au/Au_arc_30414.jpg,train,3,arc30414
CASIA2/Au/Au_arc_30415.jpg,train,3,arc30415
CASIA2/Au/Au_arc_30416.jpg,val,0,arc30416
CASIA2/Au/Au_arc_30417.jpg,val,1,arc30417
CASIA2/Au/Au_arc_30418.jpg,test,-1,arc30418
CASIA2/Au/Au_arc_30419.jpg,val,4,arc30419
CASIA2/Au/Au_arc_30420.jpg,train,2,arc30420
CASIA2/Au/Au_arc_30421.jpg,train,1,arc30421
CASIA2/Au/Au_arc_30422.jpg,test,-1,arc30422
CASIA2/Au/Au_arc_30423.jpg,train,3,arc30423
CASIA2/Au/Au_arc_30424.jpg,train,3,arc30424
CASIA2/Au/Au_arc_30425.jpg,val,2,arc30425
CASIA2/Au/Au_arc_30426.jpg,test,-1,arc30426
CASIA2/Au/Au_arc_30427.jpg,train,4,arc30427
CASIA2/Au/Au_arc_30428.jpg,train,4,arc30428
CASIA2/Au/Au_arc_30429.jpg,test,-1,arc30429
CASIA2/Au/Au_arc_30430.jpg,test,-1,arc30430
CASIA2/Au/Au_arc_30431.jpg,test,-1,arc30431
CASIA2/Au/Au_arc_30432.jpg,test,-1,arc30432
CASIA2/Au/Au_arc_30433.jpg,test,-1,arc30433
CASIA2/Au/Au_arc_30434.jpg,train,3,arc30434
CASIA2/Au/Au_arc_30435.jpg,train,0,arc30435
CASIA2/Au/Au_arc_30436.jpg,train,0,arc30436
CASIA2/Au/Au_arc_30437.jpg,test,-1,arc30437
CASIA2/Au/Au_arc_30438.jpg,test,-1,arc30438
CASIA2/Au/Au_arc_30439.jpg,test,-1,arc30439
CASIA2/Au/Au_arc_30440.jpg,train,2,arc30440
CASIA2/Au/Au_arc_30441.jpg,train,0,arc30441
CASIA2/Au/Au_arc_30442.jpg,val,4,arc30442
CASIA2/Au/Au_arc_30443.jpg,val,4,arc30443
CASIA2/Au/Au_arc_30444.jpg,train,0,arc30444
CASIA2/Au/Au_arc_30445.jpg,train,4,arc30445
CASIA2/Au/Au_arc_30446.jpg,val,1,arc30446
CASIA2/Au/Au_arc_30447.jpg,train,4,arc30447
CASIA2/Au/Au_arc_30448.jpg,train,0,arc30448
CASIA2/Au/Au_arc_30449.jpg,train,3,arc30449
CASIA2/Au/Au_arc_30450.jpg,val,0,arc30450
CASIA2/Au/Au_arc_30451.jpg,train,0,arc30451
CASIA2/Au/Au_arc_30452.jpg,train,1,arc30452
CASIA2/Au/Au_arc_30453.jpg,train,0,arc30453
CASIA2/Au/Au_arc_30454.jpg,train,0,arc30454
CASIA2/Au/Au_arc_30455.jpg,train,0,arc30455
CASIA2/Au/Au_arc_30456.jpg,test,-1,arc30456
CASIA2/Au/Au_arc_30457.jpg,val,0,arc30457
CASIA2/Au/Au_arc_30458.jpg,train,3,arc30458
CASIA2/Au/Au_arc_30459.jpg,train,4,arc30459
CASIA2/Au/Au_arc_30460.jpg,train,0,arc30460
CASIA2/Au/Au_arc_30461.jpg,train,4,arc30461
CASIA2/Au/Au_arc_30462.jpg,test,-1,arc30462
CASIA2/Au/Au_arc_30463.jpg,test,-1,arc30463
CASIA2/Au/Au_arc_30464.jpg,train,1,arc30464
CASIA2/Au/Au_arc_30465.jpg,val,2,arc30465
CASIA2/Au/Au_arc_30466.jpg,train,2,arc30466
CASIA2/Au/Au_arc_30467.jpg,train,4,arc30467
CASIA2/Au/Au_arc_30468.jpg,train,4,arc30468
CASIA2/Au/Au_arc_30469.jpg,train,1,arc30469
CASIA2/Au/Au_arc_30470.jpg,val,3,arc30470
CASIA2/Au/Au_arc_30471.jpg,train,0,arc30471
CASIA2/Au/Au_arc_30472.jpg,val,2,arc30472
CASIA2/Au/Au_arc_30473.jpg,val,2,arc30473
CASIA2/Au/Au_arc_30474.jpg,val,3,arc30474
CASIA2/Au/Au_arc_30475.jpg,train,1,arc30475
CASIA2/Au/Au_arc_30476.jpg,train,1,arc30476
CASIA2/Au/Au_arc_30477.jpg,train,2,arc30477
CASIA2/Au/Au_arc_30478.jpg,val,4,arc30478
CASIA2/Au/Au_arc_30479.jpg,test,-1,arc30479
CASIA2/Au/Au_arc_30480.jpg,test,-1,arc30480
CASIA2/Au/Au_arc_30481.jpg,train,3,arc30481
CASIA2/Au/Au_arc_30482.jpg,train,2,arc30482
CASIA2/Au/Au_arc_30483.jpg,train,4,arc30483
CASIA2/Au/Au_arc_30484.jpg,train,4,arc30484
CASIA2/Au/Au_arc_30485.jpg,train,2,arc30485
CASIA2/Au/Au_arc_30486.jpg,train,4,arc30486
CASIA2/Au/Au_arc_30487.jpg,train,1,arc30487
CASIA2/Au/Au_arc_30488.jpg,val,0,arc30488
CASIA2/Au/Au_arc_30489.jpg,val,4,arc30489
CASIA2/Au/Au_arc_30490.jpg,val,0,arc30490
CASIA2/Au/Au_arc_30491.jpg,train,0,arc30491
CASIA2/Au/Au_arc_30492.jpg,val,1,arc30492
CASIA2/Au/Au_arc_30493.jpg,train,3,arc30493
CASIA2/Au/Au_arc_30494.jpg,train,0,arc30494
CASIA2/Au/Au_arc_30495.jpg,train,0,arc30495
CASIA2/Au/Au_arc_30496.jpg,train,1,arc30496
CASIA2/Au/Au_arc_30497.jpg,val,0,arc30497
CASIA2/Au/Au_arc_30498.jpg,test,-1,arc30498
CASIA2/Au/Au_arc_30499.jpg,test,-1,arc30499
CASIA2/Au/Au_arc_30500.jpg,train,2,arc30500
CASIA2/Au/Au_arc_30501.jpg,train,4,arc30501
CASIA2/Au/Au_arc_30502.jpg,train,1,arc30502
CASIA2/Au/Au_arc_30503.jpg,train,3,arc30503
CASIA2/Au/Au_arc_30504.jpg,train,2,arc30504
CASIA2/Au/Au_arc_30505.jpg,val,1,arc30505
CASIA2/Au/Au_arc_30506.jpg,train,2,arc30506
CASIA2/Au/Au_arc_30507.jpg,train,3,arc30507
CASIA2/Au/Au_arc_30508.jpg,test,-1,arc30508
CASIA2/Au/Au_arc_30509.jpg,train,4,arc30509
CASIA2/Au/Au_arc_30510.jpg,test,-1,arc30510
CASIA2/Au/Au_arc_30511.jpg,val,3,arc30511
CASIA2/Au/Au_arc_30512.jpg,train,4,arc30512
CASIA2/Au/Au_arc_30513.jpg,train,3,arc30513
CASIA2/Au/Au_arc_30514.jpg,val,1,arc30514
CASIA2/Au/Au_arc_30515.jpg,train,0,arc30515
CASIA2/Au/Au_arc_30516.jpg,train,0,arc30516
CASIA2/Au/Au_arc_30517.jpg,train,3,arc30517
CASIA2/Au/Au_arc_30518.jpg,train,3,arc30518
CASIA2/Au/Au_arc_30519.jpg,train,1,arc30519
CASIA2/Au/Au_arc_30520.jpg,train,1,arc30520
CASIA2/Au/Au_arc_30521.jpg,train,2,arc30521
CASIA2/Au/Au_arc_30522.jpg,train,1,arc30522
CASIA2/Au/Au_arc_30523.jpg,train,4,arc30523
CASIA2/Au/Au_arc_30524.jpg,train,2,arc30524
CASIA2/Au/Au_arc_30525.jpg,train,0,arc30525
CASIA2/Au/Au_arc_30526.jpg,train,4,arc30526
CASIA2/Au/Au_arc_30527.jpg,train,0,arc30527
CASIA2/Au/Au_arc_30528.jpg,train,4,arc30528
CASIA2/Au/Au_arc_30529.jpg,train,0,arc30529
CASIA2/Au/Au_arc_30530.jpg,test,-1,arc30530
CASIA2/Au/Au_arc_30531.jpg,train,2,arc30531
CASIA2/Au/Au_arc_30532.jpg,test,-1,arc30532
CASIA2/Au/Au_arc_30533.jpg,train,1,arc30533
CASIA2/Au/Au_arc_30534.jpg,train,0,arc30534
CASIA2/Au/Au_arc_30535.jpg,train,4,arc30535
CASIA2/Au/Au_arc_30536.jpg,train,1,arc30536
CASIA2/Au/Au_arc_30537.jpg,val,1,arc30537
CASIA2/Au/Au_arc_30538.jpg,train,1,arc30538
CASIA2/Au/Au_arc_30539.jpg,val,4,arc30539
CASIA2/Au/Au_arc_30540.jpg,val,4,arc30540
CASIA2/Au/Au_arc_30541.jpg,train,4,arc30541
CASIA2/Au/Au_arc_30542.jpg,test,-1,arc30542
CASIA2/Au/Au_arc_30543.jpg,val,0,arc30543
CASIA2/Au/Au_arc_30544.jpg,test,-1,arc30544
CASIA2/Au/Au_arc_30545.jpg,val,2,arc30545
CASIA2/Au/Au_arc_30546.jpg,test,-1,arc30546
CASIA2/Au/Au_arc_30547.jpg,train,1,arc30547
CASIA2/Au/Au_arc_30548.jpg,val,1,arc30548
CASIA2/Au/Au_arc_30549.jpg,train,1,arc30549
CASIA2/Au/Au_arc_30550.jpg,train,1,arc30550
CASIA2/Au/Au_arc_30551.jpg,test,-1,arc30551
CASIA2/Au/Au_arc_30552.jpg,test,-1,arc30552
CASIA2/Au/Au_arc_30553.jpg,val,3,arc30553
CASIA2/Au/Au_arc_30554.jpg,train,1,arc30554
CASIA2/Au/Au_arc_30555.jpg,train,0,arc30555
CASIA2/Au/Au_arc_30556.jpg,test,-1,arc30556
CASIA2/Au/Au_arc_30557.jpg,test,-1,arc30557
CASIA2/Au/Au_arc_30558.jpg,train,2,arc30558
CASIA2/Au/Au_arc_30559.jpg,test,-1,arc30559
CASIA2/Au/Au_arc_30560.jpg,train,3,arc30560
CASIA2/Au/Au_arc_30561.jpg,test,-1,arc30561
CASIA2/Au/Au_arc_30562.jpg,train,2,arc30562
CASIA2/Au/Au_arc_30563.jpg,val,0,arc30563
CASIA2/Au/Au_arc_30564.jpg,train,3,arc30564
CASIA2/Au/Au_arc_30565.jpg,train,1,arc30565
CASIA2/Au/Au_arc_30566.jpg,train,2,arc30566
CASIA2/Au/Au_arc_30567.jpg,train,4,arc30567
CASIA2/Au/Au_arc_30568.jpg,train,2,arc30568
CASIA2/Au/Au_arc_30569.jpg,train,4,arc30569
CASIA2/Au/Au_arc_30570.jpg,test,-1,arc30570
CASIA2/Au/Au_arc_30571.jpg,train,1,arc30571
CASIA2/Au/Au_arc_30572.jpg,val,1,arc30572
CASIA2/Au/Au_arc_30573.jpg,train,1,arc30573
CASIA2/Au/Au_arc_30574.jpg,train,1,arc30574
CASIA2/Au/Au_arc_30575.jpg,train,0,arc30575
CASIA2/Au/Au_arc_30576.jpg,train,2,arc30576
CASIA2/Au/Au_arc_30577.jpg,train,3,arc30577
CASIA2/Au/Au_arc_30578.jpg,train,2,arc30578
CASIA2/Au/Au_arc_30579.jpg,test,-1,arc30579
CASIA2/Au/Au_arc_30580.jpg,train,0,arc30580
CASIA2/Au/Au_arc_30581.jpg,train,4,arc30581
CASIA2/Au/Au_arc_30582.jpg,train,2,arc30582
CASIA2/Au/Au_arc_30583.jpg,train,3,arc30583
CASIA2/Au/Au_arc_30584.jpg,val,0,arc30584
CASIA2/Au/Au_arc_30585.jpg,train,0,arc30585
CASIA2/Au/Au_arc_30586.jpg,train,1,arc30586
CASIA2/Au/Au_arc_30587.jpg,val,3,arc30587
CASIA2/Au/Au_arc_30588.jpg,train,0,arc30588
CASIA2/Au/Au_arc_30589.jpg,train,1,arc30589
CASIA2/Au/Au_arc_30590.jpg,val,0,arc30590
CASIA2/Au/Au_arc_30591.jpg,val,2,arc30591
CASIA2/Au/Au_arc_30592.jpg,train,0,arc30592
CASIA2/Au/Au_arc_30593.jpg,val,2,arc30593
CASIA2/Au/Au_arc_30594.jpg,train,3,arc30594
CASIA2/Au/Au_arc_30595.jpg,train,3,arc30595
CASIA2/Au/Au_arc_30596.jpg,train,2,arc30596
CASIA2/Au/Au_arc_30597.jpg,train,0,arc30597
CASIA2/Au/Au_arc_30598.jpg,test,-1,arc30598
CASIA2/Au/Au_arc_30599.jpg,train,0,arc30599
CASIA2/Au/Au_arc_30600.jpg,train,0,arc30600
CASIA2/Au/Au_arc_30601.jpg,val,3,arc30601
CASIA2/Au/Au_arc_30602.jpg,val,3,arc30602
CASIA2/Au/Au_arc_30603.jpg,val,2,arc30603
CASIA2/Au/Au_arc_30604.jpg,test,-1,arc30604
CASIA2/Au/Au_arc_30605.jpg,train,4,arc30605
CASIA2/Au/Au_arc_30606.jpg,test,-1,arc30606
CASIA2/Au/Au_arc_30607.jpg,test,-1,arc30607
CASIA2/Au/Au_arc_30608.jpg,train,3,arc30608
CASIA2/Au/Au_arc_30609.jpg,val,1,arc30609
CASIA2/Au/Au_arc_30610.jpg,test,-1,arc30610
CASIA2/Au/Au_arc_30611.jpg,val,1,arc30611
CASIA2/Au/Au_arc_30612.jpg,test,-1,arc30612
CASIA2/Au/Au_arc_30613.jpg,test,-1,arc30613
CASIA2/Au/Au_arc_30614.jpg,train,3,arc30614
CASIA2/Au/Au_arc_30615.jpg,train,2,arc30615
CASIA2/Au/Au_arc_30616.jpg,train,1,arc30616
CASIA2/Au/Au_arc_30617.jpg,train,1,arc30617
CASIA2/Au/Au_arc_30618.jpg,val,0,arc30618
CASIA2/Au/Au_arc_30619.jpg,train,1,arc00029
CASIA2/Au/Au_arc_30620.jpg,train,4,arc30620
CASIA2/Au/Au_arc_30621.jpg,train,1,arc30621
CASIA2/Au/Au_arc_30622.jpg,train,4,arc00030
CASIA2/Au/Au_arc_30623.jpg,train,3,arc30623
CASIA2/Au/Au_arc_30624.jpg,test,-1,arc30624
CASIA2/Au/Au_arc_30625.jpg,train,3,arc30625
CASIA2/Au/Au_arc_30626.jpg,test,-1,arc30626
CASIA2/Au/Au_arc_30627.jpg,val,2,arc30627
CASIA2/Au/Au_arc_30628.jpg,train,3,arc30628
CASIA2/Au/Au_arc_30629.jpg,train,1,arc30629
CASIA2/Au/Au_arc_30630.jpg,test,-1,arc30630
CASIA2/Au/Au_arc_30631.jpg,test,-1,arc30631
CASIA2/Au/Au_arc_30632.jpg,train,2,arc30632
CASIA2/Au/Au_arc_30633.jpg,train,2,arc30633
CASIA2/Au/Au_arc_30634.jpg,val,4,arc30634
CASIA2/Au/Au_arc_30635.jpg,train,2,arc30635
CASIA2/Au/Au_arc_30636.jpg,train,2,arc30636
CASIA2/Au/Au_arc_30637.jpg,train,0,arc30637
CASIA2/Au/Au_arc_30638.jpg,train,0,arc30638
CASIA2/Au/Au_arc_30639.jpg,train,1,arc30639
CASIA2/Au/Au_arc_30640.jpg,test,-1,arc30640
CASIA2/Au/Au_arc_30641.jpg,train,0,arc30641
CASIA2/Au/Au_arc_30642.jpg,train,1,arc30642
CASIA2/Au/Au_arc_30643.jpg,train,2,arc30643
CASIA2/Au/Au_arc_30644.jpg,train,3,arc30644
CASIA2/Au/Au_arc_30645.jpg,train,2,arc30645
CASIA2/Au/Au_arc_30646.jpg,train,1,arc30646
CASIA2/Au/Au_arc_30647.jpg,train,3,arc30647
CASIA2/Au/Au_arc_30648.jpg,train,1,arc30648
CASIA2/Au/Au_arc_30649.jpg,train,4,arc30649
CASIA2/Au/Au_arc_30650.jpg,train,2,arc30650
CASIA2/Au/Au_arc_30651.jpg,val,0,arc30651
CASIA2/Au/Au_arc_30652.jpg,train,2,arc30652
CASIA2/Au/Au_arc_30653.jpg,train,0,arc30653
CASIA2/Au/Au_arc_30654.jpg,train,1,arc30654
CASIA2/Au/Au_arc_30655.jpg,train,3,arc30655
CASIA2/Au/Au_arc_30656.jpg,train,0,arc30656
CASIA2/Au/Au_arc_30657.jpg,train,1,arc30657
CASIA2/Au/Au_arc_30658.jpg,train,4,arc30658
CASIA2/Au/Au_arc_30659.jpg,train,3,arc30659
CASIA2/Au/Au_arc_30660.jpg,train,4,arc30660
CASIA2/Au/Au_arc_30661.jpg,train,1,arc30661
CASIA2/Au/Au_arc_30662.jpg,train,2,arc30662
CASIA2/Au/Au_arc_30663.jpg,train,3,arc30663
CASIA2/Au/Au_arc_30664.jpg,train,3,arc30664
CASIA2/Au/Au_arc_30665.jpg,train,4,arc30665
CASIA2/Au/Au_arc_30666.jpg,train,0,arc30666
CASIA2/Au/Au_arc_30667.jpg,train,4,arc30667
CASIA2/Au/Au_arc_30668.jpg,test,-1,arc30668
CASIA2/Au/Au_arc_30669.jpg,test,-1,arc30669
CASIA2/Au/Au_arc_30670.jpg,train,1,arc30670
CASIA2/Au/Au_arc_30671.jpg,test,-1,arc30671
CASIA2/Au/Au_arc_30672.jpg,train,2,arc30672
CASIA2/Au/Au_arc_30673.jpg,train,2,arc30673
CASIA2/Au/Au_arc_30674.jpg,train,3,arc30674
CASIA2/Au/Au_arc_30675.jpg,train,2,arc30675
CASIA2/Au/Au_arc_30676.jpg,val,2,arc30676
CASIA2/Au/Au_arc_30677.jpg,train,4,arc30677
CASIA2/Au/Au_arc_30678.jpg,val,4,arc30678
CASIA2/Au/Au_arc_30679.jpg,train,0,arc30679
CASIA2/Au/Au_arc_30680.jpg,train,0,arc30680
CASIA2/Au/Au_arc_30681.jpg,val,3,arc30681
CASIA2/Au/Au_arc_30682.jpg,train,2,arc30682
CASIA2/Au/Au_arc_30683.jpg,train,4,arc30683
CASIA2/Au/Au_arc_30684.jpg,train,2,arc30684
CASIA2/Au/Au_arc_30685.jpg,train,4,arc30685
CASIA2/Au/Au_arc_30686.jpg,val,2,arc30686
CASIA2/Au/Au_arc_30687.jpg,train,1,arc30687
CASIA2/Au/Au_arc_30688.jpg,train,3,arc30688
CASIA2/Au/Au_arc_30689.jpg,train,0,arc30689
CASIA2/Au/Au_arc_30690.jpg,train,1,arc30690
CASIA2/Au/Au_arc_30691.jpg,train,4,arc30691
CASIA2/Au/Au_arc_30692.jpg,train,0,arc30692
CASIA2/Au/Au_arc_30693.jpg,train,3,arc30693
CASIA2/Au/Au_arc_30694.jpg,train,0,arc30694
CASIA2/Au/Au_arc_30695.jpg,train,4,arc30695
CASIA2/Au/Au_arc_30696.jpg,train,1,arc30696
CASIA2/Au/Au_arc_30697.jpg,test,-1,arc30697
CASIA2/Au/Au_arc_30698.jpg,val,2,arc30698
CASIA2/Au/Au_arc_30699.jpg,train,3,arc30699
CASIA2/Au/Au_arc_30700.jpg,train,4,arc30700
CASIA2/Au/Au_arc_30701.jpg,train,4,arc30701
CASIA2/Au/Au_arc_30702.jpg,test,-1,arc30702
CASIA2/Au/Au_arc_30703.jpg,train,3,arc30703
CASIA2/Au/Au_arc_30704.jpg,val,3,arc30704
CASIA2/Au/Au_arc_30705.jpg,train,0,arc30705
CASIA2/Au/Au_arc_30706.jpg,test,-1,arc30706
CASIA2/Au/Au_arc_30707.jpg,test,-1,arc30707
CASIA2/Au/Au_arc_30708.jpg,train,2,arc30708
CASIA2/Au/Au_arc_30709.jpg,train,2,arc30709
CASIA2/Au/Au_arc_30710.jpg,train,3,arc30710
CASIA2/Au/Au_arc_30711.jpg,train,3,arc30711
CASIA2/Au/Au_arc_30712.jpg,train,1,arc30712
CASIA2/Au/Au_arc_30713.jpg,train,4,arc30713
CASIA2/Au/Au_arc_30714.jpg,test,-1,arc30714
CASIA2/Au/Au_arc_30715.jpg,train,2,arc30715
CASIA2/Au/Au_arc_30716.jpg,train,0,arc30716
CASIA2/Au/Au_arc_30717.jpg,train,0,arc30717
CASIA2/Au/Au_arc_30718.jpg,train,0,arc30718
CASIA2/Au/Au_arc_30719.jpg,train,3,arc30719
CASIA2/Au/Au_arc_30720.jpg,test,-1,arc30720
CASIA2/Au/Au_arc_30721.jpg,train,4,arc30721
CASIA2/Au/Au_arc_30722.jpg,train,1,arc30722
CASIA2/Au/Au_arc_30723.jpg,train,1,arc30723
CASIA2/Au/Au_arc_30724.jpg,test,-1,arc30724
CASIA2/Au/Au_arc_30725.jpg,train,2,arc30725
CASIA2/Au/Au_arc_30726.jpg,train,3,arc30726
CASIA2/Au/Au_arc_30727.jpg,train,4,arc30727
CASIA2/Au/Au_arc_30728.jpg,train,4,arc30728
CASIA2/Au/Au_arc_30729.jpg,train,4,arc30729
CASIA2/Au/Au_arc_30730.jpg,train,3,arc30730
CASIA2/Au/Au_arc_30731.jpg,train,0,arc30731
CASIA2/Au/Au_arc_30732.jpg,train,2,arc30732
CASIA2/Au/Au_arc_30733.jpg,train,1,arc30733
CASIA2/Au/Au_arc_30734.jpg,val,0,arc30734
CASIA2/Au/Au_arc_30735.jpg,train,4,arc30735
CASIA2/Au/Au_arc_30736.jpg,val,1,arc30736
CASIA2/Au/Au_arc_30737.jpg,train,4,arc30737
CASIA2/Au/Au_arc_30738.jpg,train,1,arc30738
CASIA2/Au/Au_arc_30739.jpg,train,4,arc30739
CASIA2/Au/Au_arc_30740.jpg,train,0,arc30740
CASIA2/Au/Au_arc_30741.jpg,test,-1,arc30741
CASIA2/Au/Au_arc_30742.jpg,train,4,arc30742
CASIA2/Au/Au_arc_30743.jpg,train,3,arc30743
CASIA2/Au/Au_arc_30744.jpg,val,3,arc30744
CASIA2/Au/Au_arc_30745.jpg,train,3,arc30745
CASIA2/Au/Au_arc_30746.jpg,train,0,arc30746
CASIA2/Au/Au_arc_30747.jpg,train,3,arc30747
CASIA2/Au/Au_arc_30748.jpg,train,2,arc30748
CASIA2/Au/Au_arc_30749.jpg,test,-1,arc30749
CASIA2/Au/Au_arc_30750.jpg,train,4,arc30750
CASIA2/Au/Au_arc_30751.jpg,val,4,arc30751
CASIA2/Au/Au_arc_30752.jpg,train,2,arc30752
CASIA2/Au/Au_arc_30753.jpg,train,1,arc30753
CASIA2/Au/Au_arc_30754.jpg,train,1,arc30754
CASIA2/Au/Au_arc_30755.jpg,train,0,arc30755
CASIA2/Au/Au_arc_30756.jpg,test,-1,arc30756
CASIA2/Au/Au_arc_30757.jpg,train,4,arc30757
CASIA2/Au/Au_arc_30758.jpg,test,-1,arc30758
CASIA2/Au/Au_arc_30759.jpg,train,1,arc30759
CASIA2/Au/Au_arc_30760.jpg,train,0,arc30760
CASIA2/Au/Au_arc_30761.jpg,train,1,arc30761
CASIA2/Au/Au_arc_30762.jpg,test,-1,arc30762
CASIA2/Au/Au_arc_30763.jpg,train,2,arc30763
CASIA2/Au/Au_arc_30764.jpg,train,4,arc30764
CASIA2/Au/Au_arc_30765.jpg,val,3,arc30765
CASIA2/Au/Au_arc_30766.jpg,test,-1,arc30766
CASIA2/Au/Au_arc_30767.jpg,train,1,arc30767
CASIA2/Au/Au_arc_30768.jpg,train,3,arc30768
CASIA2/Au/Au_arc_30769.jpg,val,0,arc30769
CASIA2/Au/Au_arc_30770.jpg,val,1,arc30770
CASIA2/Au/Au_arc_30771.jpg,train,4,arc30771
CASIA2/Au/Au_arc_30772.jpg,val,2,arc30772
CASIA2/Au/Au_arc_30773.jpg,train,0,arc30773
CASIA2/Au/Au_arc_30774.jpg,train,0,arc30774
CASIA2/Au/Au_arc_30775.jpg,train,1,arc30775
CASIA2/Au/Au_arc_30776.jpg,train,4,arc30776
CASIA2/Au/Au_arc_30777.jpg,test,-1,arc30777
CASIA2/Au/Au_arc_30778.jpg,train,2,arc30778
CASIA2/Au/Au_arc_30779.jpg,val,1,arc30779
CASIA2/Au/Au_arc_30780.jpg,train,0,arc30780
CASIA2/Au/Au_arc_30781.jpg,train,2,arc30781
CASIA2/Au/Au_arc_30782.jpg,train,2,arc30782
CASIA2/Au/Au_arc_30783.jpg,test,-1,arc30783
CASIA2/Au/Au_arc_30784.jpg,val,3,arc30784
CASIA2/Au/Au_arc_30785.jpg,train,3,arc30785
CASIA2/Au/Au_arc_30786.jpg,train,3,arc30786
CASIA2/Au/Au_arc_30787.jpg,train,3,arc30787
CASIA2/Au/Au_arc_30788.jpg,train,3,arc30788
CASIA2/Au/Au_arc_30789.jpg,train,3,arc30789
CASIA2/Au/Au_arc_30790.jpg,val,0,arc30790
CASIA2/Au/Au_arc_30791.jpg,train,3,arc30791
CASIA2/Au/Au_arc_30792.jpg,train,0,arc30792
CASIA2/Au/Au_arc_30793.jpg,train,4,arc30793
CASIA2/Au/Au_arc_30794.jpg,val,1,arc30794
CASIA2/Au/Au_arc_30795.jpg,test,-1,arc30795
CASIA2/Au/Au_arc_30796.jpg,train,0,arc30796
CASIA2/Au/Au_arc_30797.jpg,train,4,arc30797
CASIA2/Au/Au_arc_30798.jpg,test,-1,arc30798
CASIA2/Au/Au_arc_30799.jpg,train,2,arc30799
CASIA2/Au/Au_arc_30800.jpg,test,-1,arc30800
CASIA2/Au/Au_arc_30801.jpg,train,2,arc30801
CASIA2/Au/Au_arc_30802.jpg,train,0,arc30802
CASIA2/Au/Au_arc_30803.jpg,train,1,arc30803
CASIA2/Au/Au_arc_30804.jpg,train,3,arc30804
CASIA2/Au/Au_arc_30805.jpg,test,-1,arc30805
CASIA2/Au/Au_arc_30806.jpg,val,1,arc30806
CASIA2/Au/Au_arc_30807.jpg,test,-1,arc30807
CASIA2/Au/Au_arc_30808.jpg,train,3,arc30808
CASIA2/Au/Au_arc_30809.jpg,train,2,arc30809
CASIA2/Au/Au_arc_30810.jpg,test,-1,arc30810
CASIA2/Au/Au_arc_30811.jpg,test,-1,arc30811
CASIA2/Au/Au_arc_30812.jpg,train,3,arc30812
CASIA2/Au/Au_arc_30813.jpg,train,1,arc30813
CASIA2/Au/Au_arc_30814.jpg,train,4,arc30814
CASIA2/Au/Au_arc_30815.jpg,train,2,arc30815
CASIA2/Au/Au_arc_30816.jpg,train,2,arc30816
CASIA2/Au/Au_arc_30817.jpg,test,-1,arc30817
CASIA2/Au/Au_arc_30818.jpg,test,-1,arc30818
CASIA2/Au/Au_arc_30819.jpg,train,3,arc30819
CASIA2/Au/Au_arc_30820.jpg,test,-1,arc30820
CASIA2/Au/Au_arc_30821.jpg,test,-1,arc30821
CASIA2/Au/Au_arc_30822.jpg,train,2,arc30822
CASIA2/Au/Au_arc_30823.jpg,train,3,arc30823
CASIA2/Au/Au_arc_30824.jpg,train,1,arc30824
CASIA2/Au/Au_arc_30825.jpg,train,3,arc30825
CASIA2/Au/Au_arc_30826.jpg,train,1,arc30826
CASIA2/Au/Au_arc_30827.jpg,train,2,arc30827
CASIA2/Au/Au_arc_30828.jpg,train,3,arc30828
CASIA2/Au/Au_arc_30829.jpg,train,3,arc30829
CASIA2/Au/Au_arc_30830.jpg,val,1,arc30830
CASIA2/Au/Au_arc_30831.jpg,train,0,arc30831
CASIA2/Au/Au_arc_30832.jpg,train,2,arc30832
CASIA2/Au/Au_arc_30833.jpg,train,4,arc30833
CASIA2/Au/Au_arc_30834.jpg,test,-1,arc30834
CASIA2/Au/Au_arc_30835.jpg,train,2,arc30835
CASIA2/Au/Au_arc_30836.jpg,train,3,arc30836
CASIA2/Au/Au_arc_30837.jpg,val,2,arc30837
CASIA2/Au/Au_arc_30838.jpg,val,1,arc30838
CASIA2/Au/Au_arc_30839.jpg,train,4,arc30839
CASIA2/Au/Au_arc_30840.jpg,train,4,arc30840
CASIA2/Au/Au_arc_30841.jpg,val,1,arc30841
CASIA2/Au/Au_arc_30842.jpg,train,0,arc30842
CASIA2/Au/Au_arc_30843.jpg,train,4,arc30843
CASIA2/Au/Au_art_00001.jpg,test,-1,art00001
CASIA2/Au/Au_art_00002.jpg,train,1,art00002
CASIA2/Au/Au_art_00003.jpg,train,2,art00003
CASIA2/Au/Au_art_00004.jpg,train,3,art00004
CASIA2/Au/Au_art_00005.jpg,train,4,art00005
CASIA2/Au/Au_art_00006.jpg,test,-1,art00006
CASIA2/Au/Au_art_00007.jpg,train,1,art00007
CASIA2/Au/Au_art_00008.jpg,test,-1,art00008
CASIA2/Au/Au_art_00009.jpg,train,2,art00009
CASIA2/Au/Au_art_00010.jpg,train,0,art00010
CASIA2/Au/Au_art_00011.jpg,train,4,art00011
CASIA2/Au/Au_art_00012.jpg,train,2,art00012
CASIA2/Au/Au_art_00013.jpg,train,3,art00013
CASIA2/Au/Au_art_00014.jpg,test,-1,art00014
CASIA2/Au/Au_art_00015.jpg,test,-1,art00015
CASIA2/Au/Au_art_00016.jpg,train,2,art00016
CASIA2/Au/Au_art_00017.jpg,train,1,art00017
CASIA2/Au/Au_art_00018.jpg,val,0,art00018
CASIA2/Au/Au_art_00019.jpg,train,3,art00019
CASIA2/Au/Au_art_00020.jpg,train,4,art00020
CASIA2/Au/Au_art_00021.jpg,val,4,art00021
CASIA2/Au/Au_art_00022.jpg,train,2,art00022
CASIA2/Au/Au_art_00023.jpg,val,3,art00023
CASIA2/Au/Au_art_00024.jpg,train,3,art00024
CASIA2/Au/Au_art_00025.jpg,train,1,art00025
CASIA2/Au/Au_art_00026.jpg,val,2,art00026
CASIA2/Au/Au_art_00027.jpg,test,-1,art00027
CASIA2/Au/Au_art_00028.jpg,train,0,art00028
CASIA2/Au/Au_art_00029.jpg,train,0,art00029
CASIA2/Au/Au_art_00030.jpg,train,0,art00030
CASIA2/Au/Au_art_00031.jpg,train,3,art00031
CASIA2/Au/Au_art_00032.jpg,train,4,art00032
CASIA2/Au/Au_art_00033.jpg,train,0,art00033
CASIA2/Au/Au_art_00034.jpg,train,0,art00034
CASIA2/Au/Au_art_00035.jpg,train,1,art00035
CASIA2/Au/Au_art_00036.jpg,test,-1,art00036
CASIA2/Au/Au_art_00037.jpg,val,1,art00037
CASIA2/Au/Au_art_00038.jpg,train,2,art00038
CASIA2/Au/Au_art_00039.jpg,val,0,art00039
CASIA2/Au/Au_art_00040.jpg,test,-1,art00040
CASIA2/Au/Au_art_00041.jpg,train,3,art00041
CASIA2/Au/Au_art_00042.jpg,val,2,art00042
CASIA2/Au/Au_art_00043.jpg,train,4,art00043
CASIA2/Au/Au_art_00044.jpg,train,4,art00044
CASIA2/Au/Au_art_00045.jpg,test,-1,art00045
CASIA2/Au/Au_art_00046.jpg,test,-1,art00046
CASIA2/Au/Au_art_00047.jpg,val,3,art00047
CASIA2/Au/Au_art_00048.jpg,train,4,art00048
CASIA2/Au/Au_art_00049.jpg,train,0,art00049
CASIA2/Au/Au_art_00050.jpg,train,1,art00050
CASIA2/Au/Au_art_00051.jpg,train,1,art00051
CASIA2/Au/Au_art_00052.jpg,train,2,art00052
CASIA2/Au/Au_art_00053.jpg,train,3,art00053
CASIA2/Au/Au_art_00054.jpg,test,-1,art00054
CASIA2/Au/Au_art_00055.jpg,train,2,art00055
CASIA2/Au/Au_art_00056.jpg,test,-1,art00056
CASIA2/Au/Au_art_00057.jpg,train,4,art00057
CASIA2/Au/Au_art_00058.jpg,train,3,art00058
CASIA2/Au/Au_art_00059.jpg,train,1,art00059
CASIA2/Au/Au_art_00060.jpg,train,2,art00060
CASIA2/Au/Au_art_00061.jpg,train,1,art00061
CASIA2/Au/Au_art_00062.jpg,train,3,art00062
CASIA2/Au/Au_art_00063.jpg,train,1,art00063
CASIA2/Au/Au_art_00064.jpg,train,0,art00064
CASIA2/Au/Au_art_00065.jpg,test,-1,art00065
CASIA2/Au/Au_art_00066.jpg,test,-1,art00066
CASIA2/Au/Au_art_00067.jpg,train,1,art00067
CASIA2/Au/Au_art_00068.jpg,train,3,art00068
CASIA2/Au/Au_art_00069.jpg,train,3,art00069
CASIA2/Au/Au_art_00070.jpg,train,0,art00070
CASIA2/Au/Au_art_00071.jpg,train,2,art00071
CASIA2/Au/Au_art_00072.jpg,train,3,art00072
CASIA2/Au/Au_art_00073.jpg,train,4,art00073
CASIA2/Au/Au_art_00074.jpg,test,-1,art00074
CASIA2/Au/Au_art_00075.jpg,test,-1,art00075
CASIA2/Au/Au_art_00076.jpg,train,3,art00076
CASIA2/Au/Au_art_00077.jpg,train,1,art00077
CASIA2/Au/Au_art_00078.jpg,test,-1,art00078
CASIA2/Au/Au_art_00079.jpg,test,-1,art00079
CASIA2/Au/Au_art_00080.jpg,train,0,art00080
CASIA2/Au/Au_art_00081.jpg,val,0,art00081
CASIA2/Au/Au_art_00082.jpg,test,-1,art00082
CASIA2/Au/Au_art_00083.jpg,test,-1,art00083
CASIA2/Au/Au_art_00084.jpg,train,3,art00084
CASIA2/Au/Au_art_00085.jpg,train,2,art00085
CASIA2/Au/Au_art_00086.jpg,train,3,art00086
CASIA2/Au/Au_art_00087.jpg,train,2,art00087
CASIA2/Au/Au_art_00088.jpg,val,0,art00088
CASIA2/Au/Au_art_00089.jpg,train,0,art00089
CASIA2/Au/Au_art_00090.jpg,train,0,art00090
CASIA2/Au/Au_art_00091.jpg,train,2,art00091
CASIA2/Au/Au_art_00092.jpg,test,-1,art00092
CASIA2/Au/Au_art_00093.jpg,train,1,art00093
CASIA2/Au/Au_art_00094.jpg,train,0,art00094
CASIA2/Au/Au_art_00095.jpg,train,2,art00095
CASIA2/Au/Au_art_00096.jpg,train,0,art00096
CASIA2/Au/Au_art_00097.jpg,train,3,art00097
CASIA2/Au/Au_art_00098.jpg,test,-1,art00098
CASIA2/Au/Au_art_00099.jpg,train,2,art00099
CASIA2/Au/Au_art_00100.jpg,train,1,art00100
CASIA2/Au/Au_art_10001.jpg,val,3,art10001
CASIA2/Au/Au_art_10002.jpg,train,1,art10002
CASIA2/Au/Au_art_10003.jpg,test,-1,art10003
CASIA2/Au/Au_art_10004.jpg,train,0,art10004
CASIA2/Au/Au_art_10005.jpg,train,1,art10005
CASIA2/Au/Au_art_10006.jpg,val,0,art10006
CASIA2/Au/Au_art_10007.jpg,train,3,art10007
CASIA2/Au/Au_art_10008.jpg,test,-1,art10008
CASIA2/Au/Au_art_10009.jpg,train,1,art10009
CASIA2/Au/Au_art_10010.jpg,train,3,art10010
CASIA2/Au/Au_art_10011.jpg,train,2,art10011
CASIA2/Au/Au_art_10012.jpg,train,4,art10012
CASIA2/Au/Au_art_10013.jpg,val,3,art10013
CASIA2/Au/Au_art_10014.jpg,train,2,art10014
CASIA2/Au/Au_art_10015.jpg,train,4,art10015
CASIA2/Au/Au_art_10016.jpg,train,4,art10016
CASIA2/Au/Au_art_10017.jpg,train,1,art10017
CASIA2/Au/Au_art_10018.jpg,train,2,art10018
CASIA2/Au/Au_art_10101.jpg,train,4,art10101
CASIA2/Au/Au_art_10102.jpg,val,3,art10102
CASIA2/Au/Au_art_10103.jpg,train,3,art10103
CASIA2/Au/Au_art_10104.jpg,train,1,art10104
CASIA2/Au/Au_art_10105.jpg,train,0,art10105
CASIA2/Au/Au_art_10106.jpg,train,0,art10106
CASIA2/Au/Au_art_10107.jpg,train,4,art10107
CASIA2/Au/Au_art_10108.jpg,train,4,art10108
CASIA2/Au/Au_art_10109.jpg,train,2,art10109
CASIA2/Au/Au_art_10110.jpg,train,2,art10110
CASIA2/Au/Au_art_10111.jpg,test,-1,art10111
CASIA2/Au/Au_art_10112.jpg,train,1,art10112
CASIA2/Au/Au_art_10113.jpg,train,3,art10113
CASIA2/Au/Au_art_10114.jpg,train,1,art10114
CASIA2/Au/Au_art_10115.jpg,val,1,art10115
CASIA2/Au/Au_art_10116.jpg,train,1,art10116
CASIA2/Au/Au_art_20001.jpg,train,3,art20001
CASIA2/Au/Au_art_20002.jpg,train,1,art20002
CASIA2/Au/Au_art_20003.jpg,train,4,art20003
CASIA2/Au/Au_art_20004.jpg,train,0,art20004
CASIA2/Au/Au_art_20005.jpg,train,2,art20005
CASIA2/Au/Au_art_20006.jpg,train,2,art20006
CASIA2/Au/Au_art_20007.jpg,train,4,art20007
CASIA2/Au/Au_art_20008.jpg,train,1,art20008
CASIA2/Au/Au_art_20009.jpg,train,4,art20009
CASIA2/Au/Au_art_20010.jpg,val,1,art20010
CASIA2/Au/Au_art_20011.jpg,train,4,art20011
CASIA2/Au/Au_art_20012.jpg,train,4,art20012
CASIA2/Au/Au_art_20013.jpg,train,3,art20013
CASIA2/Au/Au_art_20014.jpg,val,1,art20014
CASIA2/Au/Au_art_20015.jpg,test,-1,art20015
CASIA2/Au/Au_art_20016.jpg,train,1,art20016
CASIA2/Au/Au_art_20017.jpg,val,1,art20017
CASIA2/Au/Au_art_20018.jpg,train,3,art20018
CASIA2/Au/Au_art_20019.jpg,train,4,art20019
CASIA2/Au/Au_art_20020.jpg,train,4,art20020
CASIA2/Au/Au_art_20021.jpg,train,1,art20021
CASIA2/Au/Au_art_20022.jpg,val,0,art20022
CASIA2/Au/Au_art_20023.jpg,train,3,art20023
CASIA2/Au/Au_art_20024.jpg,train,3,art20024
CASIA2/Au/Au_art_20025.jpg,test,-1,art20025
CASIA2/Au/Au_art_20026.jpg,test,-1,art20026
CASIA2/Au/Au_art_20027.jpg,train,2,art20027
CASIA2/Au/Au_art_20028.jpg,train,0,art20028
CASIA2/Au/Au_art_20029.jpg,train,2,art20029
CASIA2/Au/Au_art_20030.jpg,train,1,art20030
CASIA2/Au/Au_art_20031.jpg,train,0,art20031
CASIA2/Au/Au_art_20032.jpg,train,0,art20032
CASIA2/Au/Au_art_20033.jpg,train,0,art20033
CASIA2/Au/Au_art_20034.jpg,test,-1,art20034
CASIA2/Au/Au_art_20035.jpg,train,1,art20035
CASIA2/Au/Au_art_20036.jpg,test,-1,art20036
CASIA2/Au/Au_art_20037.jpg,train,3,art20037
CASIA2/Au/Au_art_20038.jpg,train,4,art20038
CASIA2/Au/Au_art_20039.jpg,train,2,art20039
CASIA2/Au/Au_art_20040.jpg,val,0,art20040
CASIA2/Au/Au_art_20041.jpg,train,3,art20041
CASIA2/Au/Au_art_20042.jpg,train,2,art20042
CASIA2/Au/Au_art_20043.jpg,train,4,art20043
CASIA2/Au/Au_art_20044.jpg,train,0,art20044
CASIA2/Au/Au_art_20045.jpg,test,-1,art20045
CASIA2/Au/Au_art_20046.jpg,test,-1,art20046
CASIA2/Au/Au_art_20047.jpg,train,2,art20047
CASIA2/Au/Au_art_20048.jpg,train,4,art20048
CASIA2/Au/Au_art_20049.jpg,train,3,art20049
CASIA2/Au/Au_art_20050.jpg,test,-1,art20050
CASIA2/Au/Au_art_20051.jpg,train,1,art20051
CASIA2/Au/Au_art_20052.jpg,train,4,art20052
CASIA2/Au/Au_art_20053.jpg,train,2,art20053
CASIA2/Au/Au_art_20054.jpg,test,-1,art20054
CASIA2/Au/Au_art_20055.jpg,train,0,art20055
CASIA2/Au/Au_art_20056.jpg,train,3,art20056
CASIA2/Au/Au_art_20057.jpg,train,3,art20057
CASIA2/Au/Au_art_20058.jpg,val,0,art20058
CASIA2/Au/Au_art_20059.jpg,train,2,art20059
CASIA2/Au/Au_art_20060.jpg,test,-1,art20060
CASIA2/Au/Au_art_20061.jpg,train,4,art20061
CASIA2/Au/Au_art_20062.jpg,val,0,art20062
CASIA2/Au/Au_art_20063.jpg,val,1,art20063
CASIA2/Au/Au_art_20064.jpg,val,1,art20064
CASIA2/Au/Au_art_20065.jpg,val,1,art20064
CASIA2/Au/Au_art_20066.jpg,train,3,art20066
CASIA2/Au/Au_art_20067.jpg,val,0,art20067
CASIA2/Au/Au_art_20068.jpg,train,2,art20068
CASIA2/Au/Au_art_20069.jpg,train,2,art20069
CASIA2/Au/Au_art_20070.jpg,train,4,art20070
CASIA2/Au/Au_art_20071.jpg,val,1,art20071
CASIA2/Au/Au_art_20072.jpg,val,3,art20072
CASIA2/Au/Au_art_20073.jpg,train,0,art20073
CASIA2/Au/Au_art_20074.jpg,val,3,art20074
CASIA2/Au/Au_art_20075.jpg,test,-1,art20075
CASIA2/Au/Au_art_20076.jpg,train,4,art20076
CASIA2/Au/Au_art_20077.jpg,train,4,art20077
CASIA2/Au/Au_art_20078.jpg,train,1,art20078
CASIA2/Au/Au_art_20079.jpg,train,4,art20079
CASIA2/Au/Au_art_20080.jpg,train,3,art20080
CASIA2/Au/Au_art_20081.jpg,train,1,art20081
CASIA2/Au/Au_art_20082.jpg,train,0,art20082
CASIA2/Au/Au_art_20083.jpg,train,2,art20083
CASIA2/Au/Au_art_20084.jpg,train,3,art20084
CASIA2/Au/Au_art_20085.jpg,train,1,art20085
CASIA2/Au/Au_art_20086.jpg,train,3,art20086
CASIA2/Au/Au_art_20087.jpg,test,-1,art20087
CASIA2/Au/Au_art_20088.jpg,test,-1,art20088
CASIA2/Au/Au_art_20089.jpg,train,3,art20089
CASIA2/Au/Au_art_20090.jpg,train,1,art20090
CASIA2/Au/Au_art_20091.jpg,train,3,art20091
CASIA2/Au/Au_art_20092.jpg,train,1,art20092
CASIA2/Au/Au_art_20093.jpg,test,-1,art20093
CASIA2/Au/Au_art_20094.jpg,train,4,art20094
CASIA2/Au/Au_art_30001.jpg,val,2,art30001
CASIA2/Au/Au_art_30002.jpg,train,2,art30002
CASIA2/Au/Au_art_30003.jpg,train,1,art30003
CASIA2/Au/Au_art_30004.jpg,val,2,art30004
CASIA2/Au/Au_art_30005.jpg,train,0,art30005
CASIA2/Au/Au_art_30006.jpg,val,2,art30006
CASIA2/Au/Au_art_30007.jpg,train,2,art30007
CASIA2/Au/Au_art_30008.jpg,train,2,art30008
CASIA2/Au/Au_art_30009.jpg,val,4,art30009
CASIA2/Au/Au_art_30010.jpg,train,4,art30010
CASIA2/Au/Au_art_30011.jpg,test,-1,art30011
CASIA2/Au/Au_art_30012.jpg,train,2,art30012
CASIA2/Au/Au_art_30013.jpg,train,3,art30013
CASIA2/Au/Au_art_30014.jpg,test,-1,art30014
CASIA2/Au/Au_art_30015.jpg,train,0,art30015
CASIA2/Au/Au_art_30016.jpg,train,1,art30016
CASIA2/Au/Au_art_30017.jpg,test,-1,art30017
CASIA2/Au/Au_art_30018.jpg,val,2,art30018
CASIA2/Au/Au_art_30019.jpg,train,1,art30019
CASIA2/Au/Au_art_30020.jpg,train,2,art30020
CASIA2/Au/Au_art_30021.jpg,test,-1,art30021
CASIA2/Au/Au_art_30022.jpg,train,0,art30022
CASIA2/Au/Au_art_30023.jpg,train,4,art30023
CASIA2/Au/Au_art_30024.jpg,val,2,art30024
CASIA2/Au/Au_art_30025.jpg,val,4,art30025
CASIA2/Au/Au_art_30026.jpg,train,4,art30026
CASIA2/Au/Au_art_30027.jpg,train,2,art30027
CASIA2/Au/Au_art_30028.jpg,train,2,art30028
CASIA2/Au/Au_art_30029.jpg,test,-1,art30029
CASIA2/Au/Au_art_30030.jpg,train,1,art30030
CASIA2/Au/Au_art_30031.jpg,val,3,art30031
CASIA2/Au/Au_art_30032.jpg,train,1,art30032
CASIA2/Au/Au_art_30033.jpg,val,2,art30033
CASIA2/Au/Au_art_30034.jpg,train,1,art30034
CASIA2/Au/Au_art_30035.jpg,train,3,art30035
CASIA2/Au/Au_art_30036.jpg,train,2,art30036
CASIA2/Au/Au_art_30037.jpg,train,0,art30037
CASIA2/Au/Au_art_30038.jpg,train,3,art30038
CASIA2/Au/Au_art_30039.jpg,train,0,art30039
CASIA2/Au/Au_art_30040.jpg,train,2,art30040
CASIA2/Au/Au_art_30041.jpg,train,3,art30041
CASIA2/Au/Au_art_30042.jpg,test,-1,art30042
CASIA2/Au/Au_art_30043.jpg,train,2,art30043
CASIA2/Au/Au_art_30044.jpg,train,2,art30044
CASIA2/Au/Au_art_30045.jpg,train,3,art30045
CASIA2/Au/Au_art_30046.jpg,train,2,art30046
CASIA2/Au/Au_art_30047.jpg,train,3,art30047
CASIA2/Au/Au_art_30048.jpg,test,-1,art30048
CASIA2/Au/Au_art_30049.jpg,val,0,art30049
CASIA2/Au/Au_art_30050.jpg,test,-1,art30050
CASIA2/Au/Au_art_30051.jpg,train,4,art30051
CASIA2/Au/Au_art_30052.jpg,train,2,art30052
CASIA2/Au/Au_art_30053.jpg,train,3,art30053
CASIA2/Au/Au_art_30054.jpg,train,4,art30054
CASIA2/Au/Au_art_30055.jpg,train,3,art30055
CASIA2/Au/Au_art_30056.jpg,train,4,art30056
CASIA2/Au/Au_art_30057.jpg,train,4,art30057
CASIA2/Au/Au_art_30058.jpg,val,0,art30058
CASIA2/Au/Au_art_30059.jpg,test,-1,art30059
CASIA2/Au/Au_art_30060.jpg,train,4,art30060
CASIA2/Au/Au_art_30061.jpg,train,1,art30061
CASIA2/Au/Au_art_30062.jpg,train,0,art30062
CASIA2/Au/Au_art_30063.jpg,train,2,art30063
CASIA2/Au/Au_art_30064.jpg,train,0,art30064
CASIA2/Au/Au_art_30065.jpg,test,-1,art30065
CASIA2/Au/Au_art_30066.jpg,train,3,art30066
CASIA2/Au/Au_art_30067.jpg,train,4,art30067
CASIA2/Au/Au_art_30068.jpg,val,2,art30068
CASIA2/Au/Au_art_30069.jpg,train,1,art30069
CASIA2/Au/Au_art_30070.jpg,val,4,art30070
CASIA2/Au/Au_art_30071.jpg,test,-1,art30071
CASIA2/Au/Au_art_30072.jpg,train,0,art30072
CASIA2/Au/Au_art_30073.jpg,train,2,art30073
CASIA2/Au/Au_art_30074.jpg,test,-1,art30074
CASIA2/Au/Au_art_30075.jpg,val,1,art30075
CASIA2/Au/Au_art_30076.jpg,train,0,arc00005
CASIA2/Au/Au_art_30077.jpg,val,0,art30077
CASIA2/Au/Au_art_30078.jpg,val,4,art30078
CASIA2/Au/Au_art_30079.jpg,val,0,art30079
CASIA2/Au/Au_art_30080.jpg,train,2,art30080
CASIA2/Au/Au_art_30081.jpg,train,2,art30081
CASIA2/Au/Au_art_30082.jpg,train,0,art30082
CASIA2/Au/Au_art_30083.jpg,test,-1,art30083
CASIA2/Au/Au_art_30084.jpg,train,4,art30084
CASIA2/Au/Au_art_30085.jpg,train,3,art30085
CASIA2/Au/Au_art_30086.jpg,val,2,art30086
CASIA2/Au/Au_art_30087.jpg,train,0,art30087
CASIA2/Au/Au_art_30088.jpg,train,1,art30088
CASIA2/Au/Au_art_30089.jpg,train,2,art30089
CASIA2/Au/Au_art_30090.jpg,train,0,art30090
CASIA2/Au/Au_art_30091.jpg,train,0,art30091
CASIA2/Au/Au_art_30092.jpg,train,4,art30092
CASIA2/Au/Au_art_30093.jpg,train,4,art30093
CASIA2/Au/Au_art_30094.jpg,train,1,art30094
CASIA2/Au/Au_art_30095.jpg,test,-1,art30095
CASIA2/Au/Au_art_30096.jpg,val,3,art30096
CASIA2/Au/Au_art_30097.jpg,train,1,art30097
CASIA2/Au/Au_art_30098.jpg,train,4,art30098
CASIA2/Au/Au_art_30099.jpg,train,3,art30099
CASIA2/Au/Au_art_30100.jpg,train,1,art30100
CASIA2/Au/Au_art_30101.jpg,val,0,art30101
CASIA2/Au/Au_art_30102.jpg,train,1,art30102
CASIA2/Au/Au_art_30103.jpg,train,3,art30103
CASIA2/Au/Au_art_30104.jpg,val,0,art30104
CASIA2/Au/Au_art_30105.jpg,train,4,art30105
CASIA2/Au/Au_art_30106.jpg,train,1,art30106
CASIA2/Au/Au_art_30107.jpg,val,3,art30107
CASIA2/Au/Au_art_30108.jpg,train,1,art30108
CASIA2/Au/Au_art_30109.jpg,val,0,art30109
CASIA2/Au/Au_art_30110.jpg,train,1,art30110
CASIA2/Au/Au_art_30111.jpg,train,3,art30111
CASIA2/Au/Au_art_30112.jpg,test,-1,art30112
CASIA2/Au/Au_art_30113.jpg,train,1,art30113
CASIA2/Au/Au_art_30114.jpg,train,1,art30114
CASIA2/Au/Au_art_30115.jpg,val,4,art30115
CASIA2/Au/Au_art_30116.jpg,train,4,art30116
CASIA2/Au/Au_art_30117.jpg,train,3,art30117
CASIA2/Au/Au_art_30118.jpg,train,0,art30118
CASIA2/Au/Au_art_30119.jpg,train,0,art30119
CASIA2/Au/Au_art_30120.jpg,train,2,art30120
CASIA2/Au/Au_art_30121.jpg,train,0,art30121
CASIA2/Au/Au_art_30122.jpg,train,1,art30122
CASIA2/Au/Au_art_30123.jpg,train,1,art30123
CASIA2/Au/Au_art_30124.jpg,train,4,art30124
CASIA2/Au/Au_art_30125.jpg,train,1,art30125
CASIA2/Au/Au_art_30126.jpg,train,3,art30126
CASIA2/Au/Au_art_30127.jpg,train,1,art30127
CASIA2/Au/Au_art_30128.jpg,train,3,art30128
CASIA2/Au/Au_art_30129.jpg,train,1,art30129
CASIA2/Au/Au_art_30130.jpg,train,2,art30130
CASIA2/Au/Au_art_30131.jpg,train,4,art00005
CASIA2/Au/Au_art_30132.jpg,test,-1,art00006
CASIA2/Au/Au_art_30133.jpg,train,0,art30133
CASIA2/Au/Au_art_30134.jpg,train,0,art30134
CASIA2/Au/Au_art_30135.jpg,train,1,art30135
CASIA2/Au/Au_art_30136.jpg,train,1,art30136
CASIA2/Au/Au_art_30137.jpg,train,3,art30137
CASIA2/Au/Au_art_30138.jpg,train,0,art30138
CASIA2/Au/Au_art_30139.jpg,train,1,art00007
CASIA2/Au/Au_art_30140.jpg,train,2,art30140
CASIA2/Au/Au_art_30141.jpg,train,2,art30141
CASIA2/Au/Au_art_30142.jpg,train,0,art30142
CASIA2/Au/Au_art_30143.jpg,train,1,art30143
CASIA2/Au/Au_art_30144.jpg,test,-1,art00008
CASIA2/Au/Au_art_30145.jpg,val,0,art30145
CASIA2/Au/Au_art_30146.jpg,test,-1,art30146
CASIA2/Au/Au_art_30147.jpg,train,1,art30147
CASIA2/Au/Au_art_30148.jpg,test,-1,art30148
CASIA2/Au/Au_art_30149.jpg,test,-1,art30149
CASIA2/Au/Au_art_30150.jpg,train,3,art30150
CASIA2/Au/Au_art_30151.jpg,train,1,art30151
CASIA2/Au/Au_art_30152.jpg,train,4,art30152
CASIA2/Au/Au_art_30153.jpg,test,-1,art30153
CASIA2/Au/Au_art_30154.jpg,train,2,art30154
CASIA2/Au/Au_art_30155.jpg,val,3,art30155
CASIA2/Au/Au_art_30156.jpg,val,1,art30156
CASIA2/Au/Au_art_30157.jpg,val,2,art30157
CASIA2/Au/Au_art_30158.jpg,train,3,art30158
CASIA2/Au/Au_art_30159.jpg,train,4,art30159
CASIA2/Au/Au_art_30160.jpg,train,1,art30160
CASIA2/Au/Au_art_30161.jpg,val,1,art30161
CASIA2/Au/Au_art_30162.jpg,val,3,art30162
CASIA2/Au/Au_art_30163.jpg,val,3,art30163
CASIA2/Au/Au_art_30164.jpg,train,0,art30164
CASIA2/Au/Au_art_30165.jpg,train,4,art30165
CASIA2/Au/Au_art_30166.jpg,train,2,art30166
CASIA2/Au/Au_art_30167.jpg,train,1,art30167
CASIA2/Au/Au_art_30168.jpg,train,2,art30168
CASIA2/Au/Au_art_30169.jpg,train,4,art30169
CASIA2/Au/Au_art_30170.jpg,train,2,art30170
CASIA2/Au/Au_art_30171.jpg,train,4,art30171
CASIA2/Au/Au_art_30172.jpg,test,-1,art30172
CASIA2/Au/Au_art_30173.jpg,train,1,art30173
CASIA2/Au/Au_art_30174.jpg,train,3,art30174
CASIA2/Au/Au_art_30175.jpg,train,2,art30175
CASIA2/Au/Au_art_30176.jpg,train,3,art30176
CASIA2/Au/Au_art_30177.jpg,train,2,art30177
CASIA2/Au/Au_art_30178.jpg,train,1,art30178
CASIA2/Au/Au_art_30179.jpg,train,4,art30179
CASIA2/Au/Au_art_30180.jpg,val,0,art30180
CASIA2/Au/Au_art_30181.jpg,val,1,art30181
CASIA2/Au/Au_art_30182.jpg,train,2,art30182
CASIA2/Au/Au_art_30183.jpg,train,0,art30183
CASIA2/Au/Au_art_30184.jpg,train,0,art30184
CASIA2/Au/Au_art_30185.jpg,test,-1,art30185
CASIA2/Au/Au_art_30186.jpg,train,3,art30186
CASIA2/Au/Au_art_30187.jpg,train,1,art30187
CASIA2/Au/Au_art_30188.jpg,train,2,art30188
CASIA2/Au/Au_art_30189.jpg,test,-1,art30189
CASIA2/Au/Au_art_30190.jpg,test,-1,art30190
CASIA2/Au/Au_art_30191.jpg,train,0,art30191
CASIA2/Au/Au_art_30192.jpg,train,4,art30192
CASIA2/Au/Au_art_30193.jpg,train,2,art30193
CASIA2/Au/Au_art_30194.jpg,train,1,art30194
CASIA2/Au/Au_art_30195.jpg,train,3,art30195
CASIA2/Au/Au_art_30196.jpg,test,-1,art30196
CASIA2/Au/Au_art_30197.jpg,train,3,art30197
CASIA2/Au/Au_art_30198.jpg,train,1,art30198
CASIA2/Au/Au_art_30199.jpg,train,1,art30199
CASIA2/Au/Au_art_30200.jpg,test,-1,art30200
CASIA2/Au/Au_art_30201.jpg,val,1,art30201
CASIA2/Au/Au_art_30202.jpg,test,-1,art30202
CASIA2/Au/Au_art_30203.jpg,train,2,art30203
CASIA2/Au/Au_art_30204.jpg,train,2,art30204
CASIA2/Au/Au_art_30205.jpg,train,0,art30205
CASIA2/Au/Au_art_30206.jpg,test,-1,art30206
CASIA2/Au/Au_art_30207.jpg,train,2,art30207
CASIA2/Au/Au_art_30208.jpg,train,0,art30208
CASIA2/Au/Au_art_30209.jpg,test,-1,art30209
CASIA2/Au/Au_art_30210.jpg,train,1,art30210
CASIA2/Au/Au_art_30211.jpg,train,4,art30211
CASIA2/Au/Au_art_30212.jpg,train,4,art30212
CASIA2/Au/Au_art_30213.jpg,test,-1,art30213
CASIA2/Au/Au_art_30214.jpg,train,1,art30214
CASIA2/Au/Au_art_30215.jpg,train,2,art30215
CASIA2/Au/Au_art_30216.jpg,train,3,art30216
CASIA2/Au/Au_art_30217.jpg,train,2,art30217
CASIA2/Au/Au_art_30218.jpg,train,3,art30218
CASIA2/Au/Au_art_30219.jpg,train,1,art30219
CASIA2/Au/Au_art_30220.jpg,train,1,art30220
CASIA2/Au/Au_art_30221.jpg,train,1,art30221
CASIA2/Au/Au_art_30222.jpg,train,0,art30222
CASIA2/Au/Au_art_30223.jpg,train,2,art30223
CASIA2/Au/Au_art_30224.jpg,test,-1,art30224
CASIA2/Au/Au_art_30225.jpg,train,1,art30225
CASIA2/Au/Au_art_30226.jpg,train,4,art30226
CASIA2/Au/Au_art_30227.jpg,train,1,art30227
CASIA2/Au/Au_art_30228.jpg,train,4,art30228
CASIA2/Au/Au_art_30229.jpg,train,3,art30229
CASIA2/Au/Au_art_30230.jpg,train,0,art30230
CASIA2/Au/Au_art_30231.jpg,train,1,art30231
CASIA2/Au/Au_art_30232.jpg,train,0,art30232
CASIA2/Au/Au_art_30233.jpg,train,4,art30233
CASIA2/Au/Au_art_30234.jpg,train,3,art30234
CASIA2/Au/Au_art_30235.jpg,test,-1,art30235
CASIA2/Au/Au_art_30236.jpg,train,0,art30236
CASIA2/Au/Au_art_30237.jpg,val,1,art30237
CASIA2/Au/Au_art_30238.jpg,train,3,art30238
CASIA2/Au/Au_art_30239.jpg,val,1,art30239
CASIA2/Au/Au_art_30240.jpg,train,4,art30240
CASIA2/Au/Au_art_30241.jpg,train,3,art30241
CASIA2/Au/Au_art_30242.jpg,train,1,art30242
CASIA2/Au/Au_art_30243.jpg,train,2,art30243
CASIA2/Au/Au_art_30244.jpg,train,3,art30244
CASIA2/Au/Au_art_30245.jpg,train,0,art30245
CASIA2/Au/Au_art_30246.jpg,train,0,art30246
CASIA2/Au/Au_art_30247.jpg,train,4,art30247
CASIA2/Au/Au_art_30248.jpg,train,0,art30248
CASIA2/Au/Au_art_30249.jpg,val,1,art30249
CASIA2/Au/Au_art_30250.jpg,train,4,art30250
CASIA2/Au/Au_art_30251.jpg,train,2,art30251
CASIA2/Au/Au_art_30252.jpg,train,2,art30252
CASIA2/Au/Au_art_30253.jpg,train,0,art30253
CASIA2/Au/Au_art_30254.jpg,val,1,art30254
CASIA2/Au/Au_art_30255.jpg,train,1,art30255
CASIA2/Au/Au_art_30256.jpg,train,1,art30256
CASIA2/Au/Au_art_30257.jpg,train,3,art30257
CASIA2/Au/Au_art_30258.jpg,test,-1,art30258
CASIA2/Au/Au_art_30259.jpg,train,3,art30259
CASIA2/Au/Au_art_30260.jpg,train,2,art30260
CASIA2/Au/Au_art_30261.jpg,test,-1,art30261
CASIA2/Au/Au_art_30262.jpg,train,2,art30262
CASIA2/Au/Au_art_30263.jpg,train,0,art30263
CASIA2/Au/Au_art_30264.jpg,val,4,art30264
CASIA2/Au/Au_art_30265.jpg,train,2,art30265
CASIA2/Au/Au_art_30266.jpg,train,4,art30266
CASIA2/Au/Au_art_30267.jpg,val,0,art30267
CASIA2/Au/Au_art_30268.jpg,train,4,art30268
CASIA2/Au/Au_art_30269.jpg,test,-1,art30269
CASIA2/Au/Au_art_30270.jpg,train,3,art30270
CASIA2/Au/Au_art_30271.jpg,test,-1,art30271
CASIA2/Au/Au_art_30272.jpg,train,2,art30272
CASIA2/Au/Au_art_30273.jpg,train,4,art30273
CASIA2/Au/Au_art_30274.jpg,train,1,art30274
CASIA2/Au/Au_art_30275.jpg,train,2,art30275
CASIA2/Au/Au_art_30276.jpg,train,4,art30276
CASIA2/Au/Au_art_30277.jpg,train,3,art30277
CASIA2/Au/Au_art_30278.jpg,val,1,art30278
CASIA2/Au/Au_art_30279.jpg,train,3,art30279
CASIA2/Au/Au_art_30280.jpg,test,-1,art30280
CASIA2/Au/Au_art_30281.jpg,train,3,art30281
CASIA2/Au/Au_art_30282.jpg,train,2,art30282
CASIA2/Au/Au_art_30283.jpg,train,1,art30283
CASIA2/Au/Au_art_30284.jpg,train,2,art30284
CASIA2/Au/Au_art_30285.jpg,test,-1,art30285
CASIA2/Au/Au_art_30286.jpg,train,2,art30286
CASIA2/Au/Au_art_30287.jpg,train,2,art30287
CASIA2/Au/Au_art_30288.jpg,test,-1,art30288
CASIA2/Au/Au_art_30289.jpg,train,4,art30289
CASIA2/Au/Au_art_30290.jpg,val,2,art30290
CASIA2/Au/Au_art_30291.jpg,train,2,art30291
CASIA2/Au/Au_art_30292.jpg,train,2,art30292
CASIA2/Au/Au_art_30293.jpg,train,2,art30293
CASIA2/Au/Au_art_30294.jpg,train,3,art30294
CASIA2/Au/Au_art_30295.jpg,train,4,art30295
CASIA2/Au/Au_art_30296.jpg,train,2,art30296
CASIA2/Au/Au_art_30297.jpg,test,-1,art30297
CASIA2/Au/Au_art_30298.jpg,train,2,art30298
CASIA2/Au/Au_art_30299.jpg,test,-1,art30299
CASIA2/Au/Au_art_30300.jpg,test,-1,art30300
CASIA2/Au/Au_art_30301.jpg,train,0,art30301
CASIA2/Au/Au_art_30302.jpg,test,-1,art30302
CASIA2/Au/Au_art_30303.jpg,train,3,art30303
CASIA2/Au/Au_art_30304.jpg,test,-1,art30304
CASIA2/Au/Au_art_30305.jpg,train,2,art30305
CASIA2/Au/Au_art_30306.jpg,train,0,art30306
CASIA2/Au/Au_art_30307.jpg,train,2,art30307
CASIA2/Au/Au_art_30308.jpg,train,0,art30308
CASIA2/Au/Au_art_30309.jpg,train,0,art30309
CASIA2/Au/Au_art_30310.jpg,train,3,art30310
CASIA2/Au/Au_art_30311.jpg,train,0,art30311
CASIA2/Au/Au_art_30312.jpg,train,0,art30312
CASIA2/Au/Au_art_30313.jpg,train,4,art30313
CASIA2/Au/Au_art_30314.jpg,train,4,art30314
CASIA2/Au/Au_art_30315.jpg,test,-1,art30315
CASIA2/Au/Au_art_30316.jpg,test,-1,art30316
CASIA2/Au/Au_art_30317.jpg,train,3,art30317
CASIA2/Au/Au_art_30318.jpg,test,-1,art30318
CASIA2/Au/Au_art_30319.jpg,test,-1,art30319
CASIA2/Au/Au_art_30320.jpg,train,4,art30320
CASIA2/Au/Au_art_30321.jpg,test,-1,art30321
CASIA2/Au/Au_art_30322.jpg,test,-1,art30322
CASIA2/Au/Au_art_30323.jpg,train,0,art30323
CASIA2/Au/Au_art_30324.jpg,train,0,art30324
CASIA2/Au/Au_art_30325.jpg,val,2,art30325
CASIA2/Au/Au_art_30326.jpg,train,3,art30326
CASIA2/Au/Au_art_30327.jpg,train,4,art30327
CASIA2/Au/Au_art_30328.jpg,train,0,art30328
CASIA2/Au/Au_art_30329.jpg,train,4,art30329
CASIA2/Au/Au_art_30330.jpg,val,2,art30330
CASIA2/Au/Au_art_30331.jpg,train,4,art30331
CASIA2/Au/Au_art_30332.jpg,train,1,art30332
CASIA2/Au/Au_art_30333.jpg,train,2,art30333
CASIA2/Au/Au_art_30334.jpg,train,2,art30334
CASIA2/Au/Au_art_30335.jpg,train,4,art30335
CASIA2/Au/Au_art_30336.jpg,train,0,art30336
CASIA2/Au/Au_art_30337.jpg,train,2,art30337
CASIA2/Au/Au_art_30338.jpg,val,4,art30338
CASIA2/Au/Au_art_30339.jpg,train,4,art30339
CASIA2/Au/Au_art_30340.jpg,train,3,art30340
CASIA2/Au/Au_art_30341.jpg,test,-1,art30341
CASIA2/Au/Au_art_30342.jpg,train,0,art30342
CASIA2/Au/Au_art_30343.jpg,train,2,art30343
CASIA2/Au/Au_art_30344.jpg,train,4,art30344
CASIA2/Au/Au_art_30345.jpg,test,-1,art30345
CASIA2/Au/Au_art_30346.jpg,train,0,art30346
CASIA2/Au/Au_art_30347.jpg,train,2,art30347
CASIA2/Au/Au_art_30348.jpg,test,-1,art30348
CASIA2/Au/Au_art_30349.jpg,train,3,art30349
CASIA2/Au/Au_art_30350.jpg,train,0,art30350
CASIA2/Au/Au_art_30351.jpg,val,1,art30351
CASIA2/Au/Au_art_30352.jpg,train,3,art30352
CASIA2/Au/Au_art_30353.jpg,test,-1,art30353
CASIA2/Au/Au_art_30354.jpg,train,1,art30354
CASIA2/Au/Au_art_30355.jpg,test,-1,art30355
CASIA2/Au/Au_art_30356.jpg,test,-1,art30356
CASIA2/Au/Au_art_30357.jpg,train,4,art30357
CASIA2/Au/Au_art_30358.jpg,train,2,art30358
CASIA2/Au/Au_art_30359.jpg,test,-1,art30359
CASIA2/Au/Au_art_30360.jpg,train,2,art30360
CASIA2/Au/Au_art_30361.jpg,train,0,art30361
CASIA2/Au/Au_art_30362.jpg,test,-1,art30362
CASIA2/Au/Au_art_30363.jpg,train,0,art30363
CASIA2/Au/Au_art_30364.jpg,train,4,art30364
CASIA2/Au/Au_art_30365.jpg,train,3,art30365
CASIA2/Au/Au_art_30366.jpg,val,3,art30366
CASIA2/Au/Au_art_30367.jpg,train,4,art30367
CASIA2/Au/Au_art_30368.jpg,val,1,art30368
CASIA2/Au/Au_art_30369.jpg,train,1,art30369
CASIA2/Au/Au_art_30370.jpg,train,2,art30370
CASIA2/Au/Au_art_30371.jpg,train,0,art30371
CASIA2/Au/Au_art_30372.jpg,train,3,art30372
CASIA2/Au/Au_art_30373.jpg,train,1,art30373
CASIA2/Au/Au_art_30374.jpg,val,2,art30374
CASIA2/Au/Au_art_30375.jpg,train,3,art30375
CASIA2/Au/Au_art_30376.jpg,train,1,art30376
CASIA2/Au/Au_art_30377.jpg,train,0,art30377
CASIA2/Au/Au_art_30378.jpg,train,0,art30378
CASIA2/Au/Au_art_30379.jpg,train,0,art30379
CASIA2/Au/Au_art_30380.jpg,train,2,art30380
CASIA2/Au/Au_art_30381.jpg,train,0,art30381
CASIA2/Au/Au_art_30382.jpg,test,-1,art30382
CASIA2/Au/Au_art_30383.jpg,test,-1,art30383
CASIA2/Au/Au_art_30384.jpg,train,0,art30384
CASIA2/Au/Au_art_30385.jpg,train,3,art30385
CASIA2/Au/Au_art_30386.jpg,train,0,art30386
CASIA2/Au/Au_art_30387.jpg,test,-1,art30387
CASIA2/Au/Au_art_30388.jpg,test,-1,art30388
CASIA2/Au/Au_art_30389.jpg,train,0,art30389
CASIA2/Au/Au_art_30390.jpg,train,1,art30390
CASIA2/Au/Au_art_30391.jpg,train,1,art30391
CASIA2/Au/Au_art_30392.jpg,val,3,art30392
CASIA2/Au/Au_art_30393.jpg,train,4,art30393
CASIA2/Au/Au_art_30394.jpg,train,4,art30394
CASIA2/Au/Au_art_30395.jpg,test,-1,art30395
CASIA2/Au/Au_art_30396.jpg,test,-1,art30396
CASIA2/Au/Au_art_30397.jpg,train,3,art30397
CASIA2/Au/Au_art_30398.jpg,train,4,art30398
CASIA2/Au/Au_art_30399.jpg,val,0,art30399
CASIA2/Au/Au_art_30400.jpg,train,2,art30400
CASIA2/Au/Au_art_30401.jpg,train,4,art30401
CASIA2/Au/Au_art_30402.jpg,train,3,art30402
CASIA2/Au/Au_art_30403.jpg,val,0,art30403
CASIA2/Au/Au_art_30404.jpg,val,2,art30404
CASIA2/Au/Au_art_30405.jpg,test,-1,art30405
CASIA2/Au/Au_art_30406.jpg,train,4,art30406
CASIA2/Au/Au_art_30407.jpg,train,4,art30407
CASIA2/Au/Au_art_30408.jpg,test,-1,art30408
CASIA2/Au/Au_art_30409.jpg,train,3,art30409
CASIA2/Au/Au_art_30410.jpg,test,-1,art30410
CASIA2/Au/Au_art_30411.jpg,val,1,art30411
CASIA2/Au/Au_art_30412.jpg,test,-1,art30412
CASIA2/Au/Au_art_30413.jpg,test,-1,art30413
CASIA2/Au/Au_art_30414.jpg,train,0,art30414
CASIA2/Au/Au_art_30415.jpg,train,3,art30415
CASIA2/Au/Au_art_30416.jpg,train,0,art30416
CASIA2/Au/Au_art_30417.jpg,test,-1,art30417
CASIA2/Au/Au_art_30418.jpg,val,1,art30418
CASIA2/Au/Au_art_30419.jpg,train,1,art30419
CASIA2/Au/Au_art_30420.jpg,train,1,art30420
CASIA2/Au/Au_art_30421.jpg,train,0,art30421
CASIA2/Au/Au_art_30422.jpg,val,3,art30422
CASIA2/Au/Au_art_30423.jpg,train,0,art30423
CASIA2/Au/Au_art_30424.jpg,val,3,art30424
CASIA2/Au/Au_art_30425.jpg,train,3,art30425
CASIA2/Au/Au_art_30426.jpg,train,0,art30426
CASIA2/Au/Au_art_30427.jpg,train,1,art30427
CASIA2/Au/Au_art_30428.jpg,train,0,art30428
CASIA2/Au/Au_art_30429.jpg,train,3,art30429
CASIA2/Au/Au_art_30430.jpg,train,4,art30430
CASIA2/Au/Au_art_30431.jpg,train,1,art30431
CASIA2/Au/Au_art_30432.jpg,train,2,art30432
CASIA2/Au/Au_art_30433.jpg,test,-1,art30433
CASIA2/Au/Au_art_30434.jpg,train,3,art30434
CASIA2/Au/Au_art_30435.jpg,train,4,art30435
CASIA2/Au/Au_art_30436.jpg,train,3,art30436
CASIA2/Au/Au_art_30437.jpg,test,-1,art30437
CASIA2/Au/Au_art_30438.jpg,val,1,art30438
CASIA2/Au/Au_art_30439.jpg,train,3,art30439
CASIA2/Au/Au_art_30440.jpg,train,0,art30440
CASIA2/Au/Au_art_30441.jpg,train,0,art30441
CASIA2/Au/Au_art_30442.jpg,train,4,art30442
CASIA2/Au/Au_art_30443.jpg,val,1,art30443
CASIA2/Au/Au_art_30444.jpg,test,-1,art30444
CASIA2/Au/Au_art_30445.jpg,train,4,art30445
CASIA2/Au/Au_art_30446.jpg,val,1,art30446
CASIA2/Au/Au_art_30447.jpg,train,0,art30447
CASIA2/Au/Au_art_30448.jpg,test,-1,art30448
CASIA2/Au/Au_art_30449.jpg,train,2,art30449
CASIA2/Au/Au_art_30450.jpg,val,3,art30450
CASIA2/Au/Au_art_30451.jpg,train,4,art30451
CASIA2/Au/Au_art_30452.jpg,train,0,art30452
CASIA2/Au/Au_art_30453.jpg,train,4,art30453
CASIA2/Au/Au_art_30454.jpg,train,2,art30454
CASIA2/Au/Au_art_30455.jpg,train,1,art30455
CASIA2/Au/Au_art_30456.jpg,train,4,art30456
CASIA2/Au/Au_art_30457.jpg,train,3,art30457
CASIA2/Au/Au_art_30458.jpg,train,4,art30458
CASIA2/Au/Au_art_30459.jpg,train,2,art30459
CASIA2/Au/Au_art_30460.jpg,train,3,art30460
CASIA2/Au/Au_art_30461.jpg,train,0,art30461
CASIA2/Au/Au_art_30462.jpg,test,-1,art30462
CASIA2/Au/Au_art_30463.jpg,val,1,art30463
CASIA2/Au/Au_art_30464.jpg,train,4,art30464
CASIA2/Au/Au_art_30465.jpg,train,1,art30465
CASIA2/Au/Au_art_30466.jpg,train,1,art30466
CASIA2/Au/Au_art_30467.jpg,val,4,art30467
CASIA2/Au/Au_art_30468.jpg,train,0,art30468
CASIA2/Au/Au_art_30469.jpg,train,1,art30469
CASIA2/Au/Au_art_30470.jpg,train,4,art30470
CASIA2/Au/Au_art_30471.jpg,val,3,art30471
CASIA2/Au/Au_art_30472.jpg,train,3,art30472
CASIA2/Au/Au_art_30473.jpg,test,-1,art30473
CASIA2/Au/Au_art_30474.jpg,train,2,art30474
CASIA2/Au/Au_art_30475.jpg,train,3,art30475
CASIA2/Au/Au_art_30476.jpg,test,-1,art30476
CASIA2/Au/Au_art_30477.jpg,train,1,art30477
CASIA2/Au/Au_art_30478.jpg,train,0,art30478
CASIA2/Au/Au_art_30479.jpg,test,-1,art30479
CASIA2/Au/Au_art_30480.jpg,val,1,art30480
CASIA2/Au/Au_art_30481.jpg,train,1,art30481
CASIA2/Au/Au_art_30482.jpg,train,2,art30482
CASIA2/Au/Au_art_30483.jpg,train,1,art30483
CASIA2/Au/Au_art_30484.jpg,test,-1,art30484
CASIA2/Au/Au_art_30485.jpg,val,3,art30485
CASIA2/Au/Au_art_30486.jpg,train,4,art30486
CASIA2/Au/Au_art_30487.jpg,train,1,art30487
CASIA2/Au/Au_art_30488.jpg,train,1,art30488
CASIA2/Au/Au_art_30489.jpg,train,4,art30489
CASIA2/Au/Au_art_30490.jpg,test,-1,art30490
CASIA2/Au/Au_art_30491.jpg,train,2,art30491
CASIA2/Au/Au_art_30492.jpg,train,0,art30492
CASIA2/Au/Au_art_30493.jpg,train,2,art30493
CASIA2/Au/Au_art_30494.jpg,train,3,art30494
CASIA2/Au/Au_art_30495.jpg,train,2,art30495
CASIA2/Au/Au_art_30496.jpg,val,2,art30496
CASIA2/Au/Au_art_30497.jpg,test,-1,art30497
CASIA2/Au/Au_art_30498.jpg,train,0,art30498
CASIA2/Au/Au_art_30499.jpg,train,0,art30499
CASIA2/Au/Au_art_30500.jpg,train,1,art30500
CASIA2/Au/Au_art_30501.jpg,train,4,art30501
CASIA2/Au/Au_art_30502.jpg,val,2,art30502
CASIA2/Au/Au_art_30503.jpg,val,3,art30503
CASIA2/Au/Au_art_30504.jpg,train,0,art30504
CASIA2/Au/Au_art_30505.jpg,train,1,art30505
CASIA2/Au/Au_art_30506.jpg,train,4,art30506
CASIA2/Au/Au_art_30507.jpg,train,1,art30507
CASIA2/Au/Au_art_30508.jpg,train,4,art30508
CASIA2/Au/Au_art_30509.jpg,test,-1,art30509
CASIA2/Au/Au_art_30510.jpg,train,3,art30510
CASIA2/Au/Au_art_30511.jpg,val,2,art30511
CASIA2/Au/Au_art_30512.jpg,test,-1,art30512
CASIA2/Au/Au_art_30513.jpg,test,-1,art30513
CASIA2/Au/Au_art_30514.jpg,train,1,art30514
CASIA2/Au/Au_art_30515.jpg,train,1,art30515
CASIA2/Au/Au_art_30516.jpg,train,4,art30516
CASIA2/Au/Au_art_30517.jpg,val,3,art30517
CASIA2/Au/Au_art_30518.jpg,train,1,art30518
CASIA2/Au/Au_art_30519.jpg,train,4,art30519
CASIA2/Au/Au_art_30520.jpg,train,1,art30520
CASIA2/Au/Au_art_30521.jpg,train,4,art30521
CASIA2/Au/Au_art_30522.jpg,train,3,art30522
CASIA2/Au/Au_art_30523.jpg,train,3,art30523
CASIA2/Au/Au_art_30524.jpg,train,1,art30524
CASIA2/Au/Au_art_30525.jpg,train,3,art30525
CASIA2/Au/Au_art_30526.jpg,train,0,art30526
CASIA2/Au/Au_art_30527.jpg,train,2,art30527
CASIA2/Au/Au_art_30528.jpg,train,2,art30528
CASIA2/Au/Au_art_30529.jpg,train,4,art30529
CASIA2/Au/Au_art_30530.jpg,test,-1,art30530
CASIA2/Au/Au_art_30531.jpg,test,-1,art30531
CASIA2/Au/Au_art_30532.jpg,train,3,art30532
CASIA2/Au/Au_art_30533.jpg,train,1,art30533
CASIA2/Au/Au_art_30534.jpg,train,4,art30534
CASIA2/Au/Au_art_30535.jpg,train,1,art30535
CASIA2/Au/Au_art_30536.jpg,train,1,art30536
CASIA2/Au/Au_art_30537.jpg,train,4,art30537
CASIA2/Au/Au_art_30538.jpg,val,4,art30538
CASIA2/Au/Au_art_30539.jpg,train,0,art30539
CASIA2/Au/Au_art_30540.jpg,train,3,art30540
CASIA2/Au/Au_art_30541.jpg,train,0,art30541
CASIA2/Au/Au_art_30542.jpg,val,1,art30542
CASIA2/Au/Au_art_30543.jpg,train,1,art30543
CASIA2/Au/Au_art_30544.jpg,train,0,art30544
CASIA2/Au/Au_art_30545.jpg,test,-1,art30545
CASIA2/Au/Au_art_30546.jpg,train,2,art30546
CASIA2/Au/Au_art_30547.jpg,test,-1,art30547
CASIA2/Au/Au_art_30548.jpg,train,1,art30548
CASIA2/Au/Au_art_30549.jpg,val,4,art30549
CASIA2/Au/Au_art_30550.jpg,train,2,art30550
CASIA2/Au/Au_art_30551.jpg,train,3,art30551
CASIA2/Au/Au_art_30552.jpg,train,1,art30552
CASIA2/Au/Au_art_30553.jpg,train,2,art30553
CASIA2/Au/Au_art_30554.jpg,train,4,art30554
CASIA2/Au/Au_art_30555.jpg,train,3,art30555
CASIA2/Au/Au_art_30556.jpg,train,0,art30556
CASIA2/Au/Au_art_30557.jpg,val,4,art30557
CASIA2/Au/Au_art_30558.jpg,train,3,art30558
CASIA2/Au/Au_art_30559.jpg,train,3,art30559
CASIA2/Au/Au_art_30560.jpg,val,4,art30560
CASIA2/Au/Au_art_30561.jpg,test,-1,art30561
CASIA2/Au/Au_art_30562.jpg,train,2,art30562
CASIA2/Au/Au_art_30563.jpg,train,0,art30563
CASIA2/Au/Au_art_30564.jpg,val,0,art30564
CASIA2/Au/Au_art_30565.jpg,train,1,art30565
CASIA2/Au/Au_art_30566.jpg,val,4,art30566
CASIA2/Au/Au_art_30567.jpg,test,-1,art30567
CASIA2/Au/Au_art_30568.jpg,train,2,art30568
CASIA2/Au/Au_art_30569.jpg,train,3,art30569
CASIA2/Au/Au_art_30570.jpg,train,3,art30570
CASIA2/Au/Au_art_30571.jpg,train,3,art30571
CASIA2/Au/Au_art_30572.jpg,train,4,art30572
CASIA2/Au/Au_art_30573.jpg,train,3,art30573
CASIA2/Au/Au_art_30574.jpg,train,4,art30574
CASIA2/Au/Au_art_30575.jpg,train,3,art30575
CASIA2/Au/Au_art_30576.jpg,test,-1,art30576
CASIA2/Au/Au_art_30577.jpg,train,2,art30577
CASIA2/Au/Au_art_30578.jpg,val,2,art30578
CASIA2/Au/Au_art_30579.jpg,train,3,art30579
CASIA2/Au/Au_art_30580.jpg,train,1,art30580
CASIA2/Au/Au_art_30581.jpg,train,0,art30581
CASIA2/Au/Au_art_30582.jpg,train,1,art30582
CASIA2/Au/Au_art_30583.jpg,train,2,art30583
CASIA2/Au/Au_art_30584.jpg,train,4,art30584
CASIA2/Au/Au_art_30585.jpg,train,1,art30585
CASIA2/Au/Au_art_30586.jpg,train,3,art30586
CASIA2/Au/Au_art_30587.jpg,train,2,art30587
CASIA2/Au/Au_art_30588.jpg,val,3,art30588
CASIA2/Au/Au_art_30589.jpg,test,-1,art30589
CASIA2/Au/Au_art_30590.jpg,train,0,art30590
CASIA2/Au/Au_art_30591.jpg,train,2,art30591
CASIA2/Au/Au_art_30592.jpg,test,-1,art30592
CASIA2/Au/Au_art_30593.jpg,train,2,art30593
CASIA2/Au/Au_art_30594.jpg,test,-1,art30594
CASIA2/Au/Au_art_30595.jpg,test,-1,art30595
CASIA2/Au/Au_art_30596.jpg,test,-1,art30596
CASIA2/Au/Au_art_30597.jpg,train,0,art30597
CASIA2/Au/Au_art_30598.jpg,train,0,art30598
CASIA2/Au/Au_art_30599.jpg,train,4,art30599
CASIA2/Au/Au_art_30600.jpg,train,0,art30600
CASIA2/Au/Au_art_30601.jpg,test,-1,art30601
CASIA2/Au/Au_art_30602.jpg,train,3,art30602
CASIA2/Au/Au_art_30603.jpg,test,-1,art30603
CASIA2/Au/Au_art_30604.jpg,train,4,art30604
CASIA2/Au/Au_art_30605.jpg,train,0,art30605
CASIA2/Au/Au_art_30606.jpg,test,-1,art30606
CASIA2/Au/Au_art_30607.jpg,train,2,art30607
CASIA2/Au/Au_art_30608.jpg,train,3,art30608
CASIA2/Au/Au_art_30609.jpg,val,1,art30609
CASIA2/Au/Au_art_30610.jpg,train,4,art30610
CASIA2/Au/Au_art_30611.jpg,val,4,art30611
CASIA2/Au/Au_art_30612.jpg,train,4,art30612
CASIA2/Au/Au_art_30613.jpg,train,1,art30613
CASIA2/Au/Au_art_30614.jpg,test,-1,art30614
CASIA2/Au/Au_art_30615.jpg,train,1,art30615
CASIA2/Au/Au_art_30616.jpg,test,-1,art30616
CASIA2/Au/Au_art_30617.jpg,train,1,art30617
CASIA2/Au/Au_art_30618.jpg,test,-1,art30618
CASIA2/Au/Au_art_30619.jpg,train,2,art30619
CASIA2/Au/Au_art_30620.jpg,train,2,art30620
CASIA2/Au/Au_art_30621.jpg,train,4,art30621
CASIA2/Au/Au_art_30622.jpg,train,3,art30622
CASIA2/Au/Au_art_30623.jpg,val,2,art30623
CASIA2/Au/Au_art_30624.jpg,test,-1,art30624
CASIA2/Au/Au_art_30625.jpg,val,4,art30625
CASIA2/Au/Au_art_30626.jpg,train,1,art30626
CASIA2/Au/Au_art_30627.jpg,train,2,art30627
CASIA2/Au/Au_art_30628.jpg,test,-1,art30628
CASIA2/Au/Au_art_30629.jpg,test,-1,art30629
CASIA2/Au/Au_art_30630.jpg,train,4,art30630
CASIA2/Au/Au_art_30631.jpg,val,2,art30631
CASIA2/Au/Au_art_30632.jpg,test,-1,art30632
CASIA2/Au/Au_art_30633.jpg,train,1,art30633
CASIA2/Au/Au_art_30634.jpg,train,3,art30634
CASIA2/Au/Au_art_30635.jpg,test,-1,art30635
CASIA2/Au/Au_art_30636.jpg,train,0,art30636
CASIA2/Au/Au_art_30637.jpg,val,1,art30637
CASIA2/Au/Au_art_30638.jpg,train,1,art30638
CASIA2/Au/Au_art_30639.jpg,train,3,art30639
CASIA2/Au/Au_art_30640.jpg,test,-1,art30640
CASIA2/Au/Au_art_30641.jpg,train,2,art30641
CASIA2/Au/Au_art_30642.jpg,train,2,art30642
CASIA2/Au/Au_art_30643.jpg,val,4,art30643
CASIA2/Au/Au_art_30644.jpg,train,2,art30644
CASIA2/Au/Au_art_30645.jpg,test,-1,art30645
CASIA2/Au/Au_art_30646.jpg,train,4,art30646
CASIA2/Au/Au_art_30647.jpg,test,-1,art30647
CASIA2/Au/Au_art_30648.jpg,train,1,art30648
CASIA2/Au/Au_art_30649.jpg,train,3,art30649
CASIA2/Au/Au_art_30650.jpg,train,2,art30650
CASIA2/Au/Au_art_30651.jpg,val,4,art30651
CASIA2/Au/Au_art_30652.jpg,val,4,art30652
CASIA2/Au/Au_art_30653.jpg,train,2,art30653
CASIA2/Au/Au_art_30654.jpg,train,3,art30654
CASIA2/Au/Au_art_30655.jpg,train,3,art30655
CASIA2/Au/Au_art_30656.jpg,train,4,art30656
CASIA2/Au/Au_art_30657.jpg,train,2,art30657
CASIA2/Au/Au_art_30658.jpg,train,0,art30658
CASIA2/Au/Au_art_30659.jpg,test,-1,art30659
CASIA2/Au/Au_art_30660.jpg,train,4,art30660
CASIA2/Au/Au_art_30661.jpg,val,0,art30661
CASIA2/Au/Au_art_30662.jpg,train,4,art30662
CASIA2/Au/Au_art_30663.jpg,train,3,art30663
CASIA2/Au/Au_art_30664.jpg,test,-1,art30664
CASIA2/Au/Au_art_30665.jpg,train,0,art30665
CASIA2/Au/Au_art_30666.jpg,train,2,art30666
CASIA2/Au/Au_art_30667.jpg,train,2,art30667
CASIA2/Au/Au_art_30668.jpg,train,1,art30668
CASIA2/Au/Au_art_30669.jpg,train,1,art30669
CASIA2/Au/Au_art_30670.jpg,train,4,art30670
CASIA2/Au/Au_art_30671.jpg,test,-1,art30671
CASIA2/Au/Au_art_30672.jpg,test,-1,art30672
CASIA2/Au/Au_art_30673.jpg,val,4,art30673
CASIA2/Au/Au_art_30674.jpg,val,4,art30674
CASIA2/Au/Au_art_30675.jpg,train,1,art30675
CASIA2/Au/Au_art_30676.jpg,train,3,art30676
CASIA2/Au/Au_art_30677.jpg,val,4,art30677
CASIA2/Au/Au_art_30678.jpg,train,4,art30678
CASIA2/Au/Au_art_30679.jpg,train,1,art30679
CASIA2/Au/Au_art_30680.jpg,train,1,art30680
CASIA2/Au/Au_art_30681.jpg,train,3,art30681
CASIA2/Au/Au_art_30682.jpg,train,3,art30682
CASIA2/Au/Au_art_30683.jpg,train,2,art30683
CASIA2/Au/Au_art_30684.jpg,val,4,art30684
CASIA2/Au/Au_art_30685.jpg,train,4,art30685
CASIA2/Au/Au_cha_00001.jpg,train,3,cha00001
CASIA2/Au/Au_cha_00002.jpg,train,0,cha00002
CASIA2/Au/Au_cha_00003.jpg,train,2,cha00003
CASIA2/Au/Au_cha_00004.jpg,train,2,cha00004
CASIA2/Au/Au_cha_00005.jpg,val,0,cha00005
CASIA2/Au/Au_cha_00006.jpg,train,0,cha00006
CASIA2/Au/Au_cha_00007.jpg,train,1,cha00007
CASIA2/Au/Au_cha_00008.jpg,val,1,cha00008
CASIA2/Au/Au_cha_00009.jpg,train,0,cha00009
CASIA2/Au/Au_cha_00010.jpg,train,2,cha00004
CASIA2/Au/Au_cha_00011.jpg,train,2,cha00011
CASIA2/Au/Au_cha_00012.jpg,test,-1,cha00012
CASIA2/Au/Au_cha_00013.jpg,train,4,cha00013
CASIA2/Au/Au_cha_00014.jpg,train,1,cha00014
CASIA2/Au/Au_cha_00015.jpg,train,3,cha00015
CASIA2/Au/Au_cha_00016.jpg,train,0,cha00016
CASIA2/Au/Au_cha_00017.jpg,train,3,cha00017
CASIA2/Au/Au_cha_00018.jpg,train,2,cha00018
CASIA2/Au/Au_cha_00019.jpg,train,4,cha00019
CASIA2/Au/Au_cha_00020.jpg,train,1,cha00020
CASIA2/Au/Au_cha_00021.jpg,val,2,cha00021
CASIA2/Au/Au_cha_00022.jpg,train,0,cha00022
CASIA2/Au/Au_cha_00023.jpg,train,4,cha00023
CASIA2/Au/Au_cha_00024.jpg,train,3,cha00024
CASIA2/Au/Au_cha_00025.jpg,val,4,cha00025
CASIA2/Au/Au_cha_00026.jpg,train,3,cha00026
CASIA2/Au/Au_cha_00027.jpg,val,2,cha00027
CASIA2/Au/Au_cha_00028.jpg,test,-1,cha00028
CASIA2/Au/Au_cha_00029.jpg,test,-1,cha00029
CASIA2/Au/Au_cha_00030.jpg,train,4,cha00030
CASIA2/Au/Au_cha_00031.jpg,train,4,cha00031
CASIA2/Au/Au_cha_00032.jpg,val,4,cha00032
CASIA2/Au/Au_cha_00033.jpg,train,4,cha00033
CASIA2/Au/Au_cha_00034.jpg,train,1,cha00034
CASIA2/Au/Au_cha_00035.jpg,val,4,cha00035
CASIA2/Au/Au_cha_00036.jpg,test,-1,cha00036
CASIA2/Au/Au_cha_00037.jpg,train,2,cha00037
CASIA2/Au/Au_cha_00038.jpg,train,2,cha00038
CASIA2/Au/Au_cha_00039.jpg,train,2,cha00039
CASIA2/Au/Au_cha_00040.jpg,val,4,cha00040
CASIA2/Au/Au_cha_00041.jpg,val,0,cha00041
CASIA2/Au/Au_cha_00042.jpg,test,-1,cha00042
CASIA2/Au/Au_cha_00043.jpg,train,1,cha00043
CASIA2/Au/Au_cha_00044.jpg,val,3,cha00044
CASIA2/Au/Au_cha_00045.jpg,train,0,cha00045
CASIA2/Au/Au_cha_00046.jpg,train,2,cha00046
CASIA2/Au/Au_cha_00047.jpg,test,-1,cha00047
CASIA2/Au/Au_cha_00048.jpg,val,3,cha00048
CASIA2/Au/Au_cha_00049.jpg,test,-1,cha00049
CASIA2/Au/Au_cha_00050.jpg,train,1,cha00050
CASIA2/Au/Au_cha_00051.jpg,test,-1,cha00051
CASIA2/Au/Au_cha_00052.jpg,val,3,cha00052
CASIA2/Au/Au_cha_00053.jpg,train,0,cha00053
CASIA2/Au/Au_cha_00054.jpg,train,4,cha00054
CASIA2/Au/Au_cha_00055.jpg,train,1,cha00055
CASIA2/Au/Au_cha_00056.jpg,val,3,cha00056
CASIA2/Au/Au_cha_00057.jpg,train,1,cha00057
CASIA2/Au/Au_cha_00058.jpg,train,3,cha00058
CASIA2/Au/Au_cha_00059.jpg,test,-1,cha00059
CASIA2/Au/Au_cha_00060.jpg,train,3,cha00060
CASIA2/Au/Au_cha_00061.jpg,train,3,cha00061
CASIA2/Au/Au_cha_00062.jpg,train,3,cha00062
CASIA2/Au/Au_cha_00063.jpg,val,4,cha00063
CASIA2/Au/Au_cha_00064.jpg,val,4,cha00064
CASIA2/Au/Au_cha_00065.jpg,val,3,cha00065
CASIA2/Au/Au_cha_00066.jpg,val,4,cha00066
CASIA2/Au/Au_cha_00067.jpg,train,2,cha00067
CASIA2/Au/Au_cha_00068.jpg,train,0,cha00068
CASIA2/Au/Au_cha_00069.jpg,train,0,cha00069
CASIA2/Au/Au_cha_00070.jpg,train,3,cha00070
CASIA2/Au/Au_cha_00071.jpg,train,2,cha00071
CASIA2/Au/Au_cha_00072.jpg,train,4,cha00072
CASIA2/Au/Au_cha_00073.jpg,train,2,cha00073
CASIA2/Au/Au_cha_00074.jpg,train,4,cha00074
CASIA2/Au/Au_cha_00075.jpg,train,0,cha00075
CASIA2/Au/Au_cha_00076.jpg,train,3,cha00076
CASIA2/Au/Au_cha_00077.jpg,train,1,cha00077
CASIA2/Au/Au_cha_00078.jpg,train,3,cha00078
CASIA2/Au/Au_cha_00079.jpg,train,2,cha00079
CASIA2/Au/Au_cha_00080.jpg,train,3,cha00080
CASIA2/Au/Au_cha_00081.jpg,train,1,cha00081
CASIA2/Au/Au_cha_00082.jpg,train,2,cha00082
CASIA2/Au/Au_cha_00083.jpg,train,3,cha00083
CASIA2/Au/Au_cha_00084.jpg,val,4,cha00084
CASIA2/Au/Au_cha_00085.jpg,train,4,cha00085
CASIA2/Au/Au_cha_00086.jpg,train,0,cha00086
CASIA2/Au/Au_cha_00087.jpg,train,3,cha00087
CASIA2/Au/Au_cha_00088.jpg,val,4,cha00088
CASIA2/Au/Au_cha_00089.jpg,train,2,cha00089
CASIA2/Au/Au_cha_00090.jpg,train,1,cha00090
CASIA2/Au/Au_cha_00091.jpg,train,4,cha00091
CASIA2/Au/Au_cha_00092.jpg,test,-1,cha00092
CASIA2/Au/Au_cha_00093.jpg,train,2,cha00093
CASIA2/Au/Au_cha_00094.jpg,train,0,cha00094
CASIA2/Au/Au_cha_00095.jpg,train,4,cha00095
CASIA2/Au/Au_cha_00096.jpg,train,3,cha00096
CASIA2/Au/Au_cha_00097.jpg,train,2,cha00097
CASIA2/Au/Au_cha_00098.jpg,val,3,cha00098
CASIA2/Au/Au_cha_00099.jpg,train,4,cha00099
CASIA2/Au/Au_cha_00100.jpg,train,4,cha00100
CASIA2/Au/Au_cha_10001.jpg,train,2,cha10001
CASIA2/Au/Au_cha_10002.jpg,train,0,cha10002
CASIA2/Au/Au_cha_10101.jpg,test,-1,cha10101
CASIA2/Au/Au_cha_10102.jpg,train,0,cha10102
CASIA2/Au/Au_cha_10103.jpg,train,4,cha10103
CASIA2/Au/Au_cha_10104.jpg,train,1,cha10104
CASIA2/Au/Au_cha_10105.jpg,train,1,cha10105
CASIA2/Au/Au_cha_10106.jpg,train,2,cha10106
CASIA2/Au/Au_cha_10107.jpg,train,1,cha10107
CASIA2/Au/Au_cha_10108.jpg,train,3,cha10108
CASIA2/Au/Au_cha_10109.jpg,test,-1,cha10109
CASIA2/Au/Au_cha_10110.jpg,test,-1,cha10110
CASIA2/Au/Au_cha_10111.jpg,train,0,cha10111
CASIA2/Au/Au_cha_10112.jpg,train,1,cha10112
CASIA2/Au/Au_cha_10113.jpg,train,2,cha10113
CASIA2/Au/Au_cha_10114.jpg,train,1,cha10114
CASIA2/Au/Au_cha_10115.jpg,train,0,cha10115
CASIA2/Au/Au_cha_10116.jpg,train,0,cha10116
CASIA2/Au/Au_cha_10117.jpg,train,3,cha10117
CASIA2/Au/Au_cha_10118.jpg,val,0,cha10118
CASIA2/Au/Au_cha_10119.jpg,train,2,cha10119
CASIA2/Au/Au_cha_10120.jpg,train,4,cha10120
CASIA2/Au/Au_cha_10121.jpg,train,3,cha10121
CASIA2/Au/Au_cha_10122.jpg,train,3,cha10117
CASIA2/Au/Au_cha_10123.jpg,train,2,cha10123
CASIA2/Au/Au_cha_10124.jpg,train,0,cha10124
CASIA2/Au/Au_cha_10125.jpg,train,0,cha10125
CASIA2/Au/Au_cha_10126.jpg,test,-1,cha10126
CASIA2/Au/Au_cha_10127.jpg,test,-1,cha10127
CASIA2/Au/Au_cha_10128.jpg,train,1,cha10114
CASIA2/Au/Au_cha_10129.jpg,train,4,cha10129
CASIA2/Au/Au_cha_10130.jpg,val,2,cha10130
CASIA2/Au/Au_cha_10131.jpg,train,2,cha10131
CASIA2/Au/Au_cha_10132.jpg,train,3,cha10132
CASIA2/Au/Au_cha_10133.jpg,train,1,cha10133
CASIA2/Au/Au_cha_10134.jpg,val,2,cha10134
CASIA2/Au/Au_cha_10135.jpg,val,1,cha10135
CASIA2/Au/Au_cha_10136.jpg,train,4,cha10136
CASIA2/Au/Au_cha_10137.jpg,train,1,cha10137
CASIA2/Au/Au_cha_10138.jpg,train,0,cha10138
CASIA2/Au/Au_cha_10139.jpg,train,1,cha10139
CASIA2/Au/Au_cha_10140.jpg,train,2,cha10140
CASIA2/Au/Au_cha_10141.jpg,train,3,cha10141
CASIA2/Au/Au_cha_10142.jpg,test,-1,cha10142
CASIA2/Au/Au_cha_10143.jpg,test,-1,cha10143
CASIA2/Au/Au_cha_10144.jpg,train,4,cha10144
CASIA2/Au/Au_cha_10145.jpg,train,1,cha10145
CASIA2/Au/Au_cha_10146.jpg,train,3,cha10146
CASIA2/Au/Au_cha_10147.jpg,test,-1,cha10147
CASIA2/Au/Au_cha_10148.jpg,train,3,cha10148
CASIA2/Au/Au_cha_10149.jpg,train,2,cha10149
CASIA2/Au/Au_cha_10150.jpg,train,1,cha10150
CASIA2/Au/Au_cha_10151.jpg,train,2,cha10151
CASIA2/Au/Au_cha_10152.jpg,test,-1,cha10152
CASIA2/Au/Au_cha_10153.jpg,train,3,cha10153
CASIA2/Au/Au_cha_10154.jpg,train,1,cha10154
CASIA2/Au/Au_cha_10155.jpg,train,1,cha10155
CASIA2/Au/Au_cha_10156.jpg,test,-1,cha10156
CASIA2/Au/Au_cha_10157.jpg,train,2,cha10157
CASIA2/Au/Au_cha_10158.jpg,train,3,cha10158
CASIA2/Au/Au_cha_10159.jpg,train,3,cha10159
CASIA2/Au/Au_cha_10160.jpg,train,2,cha10160
CASIA2/Au/Au_cha_10161.jpg,train,2,cha10161
CASIA2/Au/Au_cha_10162.jpg,train,2,cha10162
CASIA2/Au/Au_cha_10163.jpg,train,0,cha10163
CASIA2/Au/Au_cha_10164.jpg,val,3,cha10164
CASIA2/Au/Au_cha_10165.jpg,train,4,cha10165
CASIA2/Au/Au_cha_10166.jpg,train,0,cha10166
CASIA2/Au/Au_cha_10167.jpg,train,2,cha10167
CASIA2/Au/Au_cha_10168.jpg,test,-1,cha10168
CASIA2/Au/Au_cha_10169.jpg,train,3,cha10169
CASIA2/Au/Au_cha_10170.jpg,train,4,cha10170
CASIA2/Au/Au_cha_10171.jpg,val,0,cha10171
CASIA2/Au/Au_cha_10172.jpg,train,4,cha10172
CASIA2/Au/Au_cha_10173.jpg,train,0,cha10173
CASIA2/Au/Au_cha_10174.jpg,train,2,cha10174
CASIA2/Au/Au_cha_10175.jpg,val,3,cha10175
CASIA2/Au/Au_cha_10176.jpg,train,0,cha10176
CASIA2/Au/Au_cha_10177.jpg,train,1,cha10177
CASIA2/Au/Au_cha_10178.jpg,train,0,cha10178
CASIA2/Au/Au_cha_10179.jpg,test,-1,cha10179
CASIA2/Au/Au_cha_10180.jpg,train,1,cha10180
CASIA2/Au/Au_cha_10181.jpg,train,2,cha10181
CASIA2/Au/Au_cha_10182.jpg,train,4,cha10182
CASIA2/Au/Au_cha_10183.jpg,train,4,cha10183
CASIA2/Au/Au_cha_10184.jpg,train,3,cha10184
CASIA2/Au/Au_cha_10185.jpg,train,0,cha10185
CASIA2/Au/Au_cha_10186.jpg,train,1,cha10186
CASIA2/Au/Au_cha_10187.jpg,val,4,cha10187
CASIA2/Au/Au_cha_10188.jpg,train,4,cha10188
CASIA2/Au/Au_cha_10189.jpg,train,3,cha10189
CASIA2/Au/Au_cha_10190.jpg,val,4,cha10190
CASIA2/Au/Au_cha_10191.jpg,test,-1,cha10191
CASIA2/Au/Au_cha_10192.jpg,train,1,cha10192
CASIA2/Au/Au_cha_10193.jpg,train,2,cha10193
CASIA2/Au/Au_cha_10194.jpg,train,3,cha10194
CASIA2/Au/Au_cha_10195.jpg,train,4,cha10195
CASIA2/Au/Au_cha_10196.jpg,train,2,cha10196
CASIA2/Au/Au_cha_10197.jpg,train,3,cha10197
CASIA2/Au/Au_cha_10198.jpg,train,3,cha10198
CASIA2/Au/Au_cha_10199.jpg,test,-1,cha10199
CASIA2/Au/Au_cha_10200.jpg,train,2,cha10200
CASIA2/Au/Au_cha_10201.jpg,train,3,cha10201
CASIA2/Au/Au_cha_10202.jpg,val,1,cha10202
CASIA2/Au/Au_cha_10203.jpg,train,1,cha10203
CASIA2/Au/Au_cha_10204.jpg,train,1,cha10204
CASIA2/Au/Au_cha_10205.jpg,train,2,cha10205
CASIA2/Au/Au_cha_10206.jpg,val,2,cha10206
CASIA2/Au/Au_cha_10207.jpg,val,3,cha10207
CASIA2/Au/Au_cha_10208.jpg,train,4,cha10208
CASIA2/Au/Au_cha_10209.jpg,val,4,cha10209
CASIA2/Au/Au_cha_10210.jpg,train,0,cha10210
CASIA2/Au/Au_cha_10211.jpg,test,-1,cha10211
CASIA2/Au/Au_cha_20001.jpg,train,1,cha10114
CASIA2/Au/Au_cha_20002.jpg,train,0,cha10115
CASIA2/Au/Au_cha_20003.jpg,train,0,cha10116
CASIA2/Au/Au_cha_20004.jpg,train,3,cha10117
CASIA2/Au/Au_cha_20005.jpg,val,0,cha10118
CASIA2/Au/Au_cha_20006.jpg,train,2,cha10119
CASIA2/Au/Au_cha_20007.jpg,train,4,cha10120
CASIA2/Au/Au_cha_20008.jpg,train,3,cha10121
CASIA2/Au/Au_cha_20009.jpg,train,3,cha10117
CASIA2/Au/Au_cha_20010.jpg,train,2,cha10123
CASIA2/Au/Au_cha_20011.jpg,train,0,cha10124
CASIA2/Au/Au_cha_20012.jpg,train,0,cha10125
CASIA2/Au/Au_cha_20013.jpg,test,-1,cha10126
CASIA2/Au/Au_cha_20014.jpg,test,-1,cha10127
CASIA2/Au/Au_cha_20015.jpg,train,1,cha10114
CASIA2/Au/Au_cha_20016.jpg,train,4,cha10129
CASIA2/Au/Au_cha_20017.jpg,val,2,cha10130
CASIA2/Au/Au_cha_20018.jpg,train,2,cha10131
CASIA2/Au/Au_cha_20019.jpg,train,3,cha10132
CASIA2/Au/Au_cha_20020.jpg,train,3,cha10159
CASIA2/Au/Au_cha_20021.jpg,test,-1,cha10211
CASIA2/Au/Au_cha_20022.jpg,val,1,cha10135
CASIA2/Au/Au_cha_20023.jpg,train,2,cha10205
CASIA2/Au/Au_cha_20024.jpg,train,1,cha10137
CASIA2/Au/Au_cha_20025.jpg,train,2,cha10200
CASIA2/Au/Au_cha_20026.jpg,test,-1,cha10168
CASIA2/Au/Au_cha_20027.jpg,train,2,cha10196
CASIA2/Au/Au_cha_20028.jpg,train,1,cha10180
CASIA2/Au/Au_cha_20029.jpg,train,0,cha10176
CASIA2/Au/Au_cha_20030.jpg,val,3,cha10175
CASIA2/Au/Au_cha_20031.jpg,train,4,cha10144
CASIA2/Au/Au_cha_20032.jpg,train,2,cha10174
CASIA2/Au/Au_cha_20033.jpg,train,3,cha10146
CASIA2/Au/Au_cha_20034.jpg,train,3,cha10169
CASIA2/Au/Au_cha_20035.jpg,train,0,cha10166
CASIA2/Au/Au_cha_20036.jpg,train,4,cha10165
CASIA2/Au/Au_cha_20037.jpg,train,4,cha10170
CASIA2/Au/Au_cha_20038.jpg,train,2,cha10151
CASIA2/Au/Au_cha_20039.jpg,test,-1,cha10152
CASIA2/Au/Au_cha_20040.jpg,train,3,cha10153
CASIA2/Au/Au_cha_20041.jpg,train,1,cha10154
CASIA2/Au/Au_cha_20042.jpg,train,1,cha10155
CASIA2/Au/Au_cha_20043.jpg,test,-1,cha10156
CASIA2/Au/Au_cha_20044.jpg,val,0,cha10171
CASIA2/Au/Au_cha_20045.jpg,train,3,cha10158
CASIA2/Au/Au_cha_20046.jpg,train,0,cha20046
CASIA2/Au/Au_cha_20047.jpg,train,2,cha10160
CASIA2/Au/Au_cha_20048.jpg,train,2,cha10161
CASIA2/Au/Au_cha_30001.jpg,train,2,cha30001
CASIA2/Au/Au_cha_30002.jpg,train,0,cha30002
CASIA2/Au/Au_cha_30003.jpg,train,3,cha30003
CASIA2/Au/Au_cha_30004.jpg,train,0,cha30004
CASIA2/Au/Au_cha_30005.jpg,train,3,cha30005
CASIA2/Au/Au_cha_30006.jpg,train,2,cha30006
CASIA2/Au/Au_cha_30007.jpg,val,3,cha30007
CASIA2/Au/Au_cha_30008.jpg,train,3,cha30008
CASIA2/Au/Au_cha_30009.jpg,val,1,cha30009
CASIA2/Au/Au_cha_30010.jpg,train,2,cha30010
CASIA2/Au/Au_cha_30011.jpg,test,-1,cha30011
CASIA2/Au/Au_cha_30012.jpg,train,0,cha30012
CASIA2/Au/Au_cha_30013.jpg,train,2,cha30013
CASIA2/Au/Au_cha_30014.jpg,train,1,cha30014
CASIA2/Au/Au_cha_30015.jpg,train,2,cha30015
CASIA2/Au/Au_cha_30016.jpg,train,1,cha30016
CASIA2/Au/Au_cha_30017.jpg,train,0,cha30017
CASIA2/Au/Au_cha_30018.jpg,train,1,cha30018
CASIA2/Au/Au_cha_30019.jpg,test,-1,cha30019
CASIA2/Au/Au_cha_30020.jpg,train,0,cha30020
CASIA2/Au/Au_cha_30021.jpg,test,-1,cha30021
CASIA2/Au/Au_cha_30022.jpg,train,4,cha30022
CASIA2/Au/Au_cha_30023.jpg,train,3,cha30023
CASIA2/Au/Au_cha_30024.jpg,train,2,cha30024
CASIA2/Au/Au_cha_30025.jpg,train,2,cha30025
CASIA2/Au/Au_cha_30026.jpg,val,0,cha30026
CASIA2/Au/Au_cha_30027.jpg,train,4,cha30027
CASIA2/Au/Au_cha_30028.jpg,train,1,cha30028
CASIA2/Au/Au_cha_30029.jpg,train,4,cha30029
CASIA2/Au/Au_cha_30030.jpg,train,4,cha30030
CASIA2/Au/Au_cha_30031.jpg,val,0,cha30031
CASIA2/Au/Au_cha_30032.jpg,val,3,cha30032
CASIA2/Au/Au_cha_30033.jpg,train,4,cha30033
CASIA2/Au/Au_cha_30034.jpg,train,1,cha30034
CASIA2/Au/Au_cha_30035.jpg,train,2,cha30035
CASIA2/Au/Au_cha_30036.jpg,train,4,cha30036
CASIA2/Au/Au_cha_30037.jpg,train,1,cha30037
CASIA2/Au/Au_cha_30038.jpg,train,2,cha30038
CASIA2/Au/Au_cha_30039.jpg,train,4,cha30039
CASIA2/Au/Au_cha_30040.jpg,train,1,cha30040
CASIA2/Au/Au_cha_30041.jpg,train,1,cha30041
CASIA2/Au/Au_cha_30042.jpg,train,4,cha30042
CASIA2/Au/Au_cha_30043.jpg,train,0,cha30043
CASIA2/Au/Au_cha_30044.jpg,val,3,cha30044
CASIA2/Au/Au_cha_30045.jpg,train,4,cha30045
CASIA2/Au/Au_cha_30046.jpg,train,3,cha30046
CASIA2/Au/Au_cha_30047.jpg,test,-1,cha30047
CASIA2/Au/Au_cha_30048.jpg,val,4,cha30048
CASIA2/Au/Au_cha_30049.jpg,train,2,cha30049
CASIA2/Au/Au_cha_30050.jpg,train,1,cha30050
CASIA2/Au/Au_cha_30051.jpg,train,3,cha30051
CASIA2/Au/Au_cha_30052.jpg,train,1,cha30052
CASIA2/Au/Au_cha_30053.jpg,train,2,cha30053
CASIA2/Au/Au_cha_30054.jpg,train,1,cha30054
CASIA2/Au/Au_cha_30055.jpg,train,1,cha30055
CASIA2/Au/Au_cha_30056.jpg,train,3,cha30056
CASIA2/Au/Au_cha_30057.jpg,train,3,cha30057
CASIA2/Au/Au_cha_30058.jpg,train,0,cha30058
CASIA2/Au/Au_cha_30059.jpg,test,-1,cha30059
CASIA2/Au/Au_cha_30060.jpg,test,-1,cha30060
CASIA2/Au/Au_cha_30061.jpg,val,4,cha30061
CASIA2/Au/Au_cha_30062.jpg,train,0,cha30062
CASIA2/Au/Au_cha_30063.jpg,train,1,cha30063
CASIA2/Au/Au_cha_30064.jpg,train,4,cha30064
CASIA2/Au/Au_cha_30065.jpg,train,2,cha30065
CASIA2/Au/Au_cha_30066.jpg,test,-1,cha30066
CASIA2/Au/Au_cha_30067.jpg,train,2,cha30067
CASIA2/Au/Au_cha_30068.jpg,train,2,cha30068
CASIA2/Au/Au_cha_30069.jpg,train,0,cha30069
CASIA2/Au/Au_cha_30070.jpg,test,-1,cha30070
CASIA2/Au/Au_cha_30071.jpg,train,0,cha30071
CASIA2/Au/Au_cha_30072.jpg,val,2,cha30072
CASIA2/Au/Au_cha_30073.jpg,val,4,cha30073
CASIA2/Au/Au_cha_30074.jpg,train,0,cha30074
CASIA2/Au/Au_cha_30075.jpg,test,-1,cha30075
CASIA2/Au/Au_cha_30076.jpg,val,3,cha30076
CASIA2/Au/Au_cha_30077.jpg,train,3,cha30077
CASIA2/Au/Au_cha_30078.jpg,train,4,cha30078
CASIA2/Au/Au_cha_30079.jpg,train,3,cha30079
CASIA2/Au/Au_cha_30080.jpg,train,0,cha30080
CASIA2/Au/Au_cha_30081.jpg,train,2,cha30081
CASIA2/Au/Au_cha_30082.jpg,train,4,cha30082
CASIA2/Au/Au_cha_30083.jpg,train,1,cha30083
CASIA2/Au/Au_cha_30084.jpg,train,2,cha30084
CASIA2/Au/Au_cha_30085.jpg,train,2,cha30085
CASIA2/Au/Au_cha_30086.jpg,train,0,cha30086
CASIA2/Au/Au_cha_30087.jpg,val,3,cha30087
CASIA2/Au/Au_cha_30088.jpg,test,-1,cha30088
CASIA2/Au/Au_cha_30089.jpg,test,-1,cha30089
CASIA2/Au/Au_cha_30090.jpg,train,0,cha30090
CASIA2/Au/Au_cha_30091.jpg,val,1,cha30091
CASIA2/Au/Au_cha_30092.jpg,train,3,cha30092
CASIA2/Au/Au_cha_30093.jpg,train,1,cha30093
CASIA2/Au/Au_cha_30094.jpg,test,-1,cha30094
CASIA2/Au/Au_cha_30095.jpg,train,0,cha30095
CASIA2/Au/Au_cha_30096.jpg,train,4,cha30096
CASIA2/Au/Au_cha_30097.jpg,test,-1,cha30097
CASIA2/Au/Au_cha_30098.jpg,test,-1,cha30098
CASIA2/Au/Au_cha_30099.jpg,test,-1,cha30099
CASIA2/Au/Au_cha_30100.jpg,train,2,cha30100
CASIA2/Au/Au_cha_30101.jpg,test,-1,cha30101
CASIA2/Au/Au_cha_30102.jpg,train,0,cha30102
CASIA2/Au/Au_cha_30103.jpg,train,0,cha30103
CASIA2/Au/Au_cha_30104.jpg,val,4,cha30104
CASIA2/Au/Au_cha_30105.jpg,train,3,cha30105
CASIA2/Au/Au_cha_30106.jpg,val,4,cha30106
CASIA2/Au/Au_cha_30107.jpg,train,3,cha30107
CASIA2/Au/Au_cha_30108.jpg,train,4,cha30108
CASIA2/Au/Au_cha_30109.jpg,test,-1,cha30109
CASIA2/Au/Au_cha_30110.jpg,train,1,cha30110
CASIA2/Au/Au_cha_30111.jpg,test,-1,cha30111
CASIA2/Au/Au_cha_30112.jpg,train,4,cha30112
CASIA2/Au/Au_cha_30113.jpg,train,4,cha30113
CASIA2/Au/Au_cha_30114.jpg,train,2,cha30114
CASIA2/Au/Au_cha_30115.jpg,train,0,cha30115
CASIA2/Au/Au_cha_30116.jpg,train,0,cha30116
CASIA2/Au/Au_cha_30117.jpg,val,0,cha30117
CASIA2/Au/Au_cha_30118.jpg,train,1,cha30118
CASIA2/Au/Au_cha_30119.jpg,val,2,cha30119
CASIA2/Au/Au_cha_30120.jpg,train,2,cha30120
CASIA2/Au/Au_cha_30121.jpg,train,4,cha30121
CASIA2/Au/Au_cha_30122.jpg,val,1,cha30122
CASIA2/Au/Au_cha_30123.jpg,train,0,cha30123
CASIA2/Au/Au_cha_30124.jpg,train,2,cha30124
CASIA2/Au/Au_cha_30125.jpg,train,2,cha30125
CASIA2/Au/Au_cha_30126.jpg,train,2,cha30126
CASIA2/Au/Au_cha_30127.jpg,train,3,cha30127
CASIA2/Au/Au_cha_30128.jpg,val,2,cha30128
CASIA2/Au/Au_cha_30129.jpg,train,3,cha30129
CASIA2/Au/Au_cha_30130.jpg,train,0,cha30130
CASIA2/Au/Au_cha_30131.jpg,train,0,cha30131
CASIA2/Au/Au_cha_30132.jpg,val,4,cha30132
CASIA2/Au/Au_cha_30133.jpg,train,1,cha30133
CASIA2/Au/Au_cha_30134.jpg,train,3,cha30134
CASIA2/Au/Au_cha_30135.jpg,test,-1,cha30135
CASIA2/Au/Au_cha_30136.jpg,train,3,cha30136
CASIA2/Au/Au_cha_30137.jpg,val,4,cha30137
CASIA2/Au/Au_cha_30138.jpg,train,0,cha30138
CASIA2/Au/Au_cha_30139.jpg,train,3,cha30139
CASIA2/Au/Au_cha_30140.jpg,train,3,cha30140
CASIA2/Au/Au_cha_30141.jpg,train,2,cha30141
CASIA2/Au/Au_cha_30142.jpg,val,3,cha30142
CASIA2/Au/Au_cha_30143.jpg,val,0,cha30143
CASIA2/Au/Au_cha_30144.jpg,train,3,cha30144
CASIA2/Au/Au_cha_30145.jpg,train,4,cha30145
CASIA2/Au/Au_cha_30146.jpg,test,-1,cha30146
CASIA2/Au/Au_cha_30147.jpg,train,1,cha30147
CASIA2/Au/Au_cha_30148.jpg,train,1,cha30148
CASIA2/Au/Au_cha_30149.jpg,train,2,cha30149
CASIA2/Au/Au_cha_30150.jpg,train,4,cha30150
CASIA2/Au/Au_cha_30151.jpg,val,4,cha30151
CASIA2/Au/Au_cha_30152.jpg,train,4,cha30152
CASIA2/Au/Au_cha_30153.jpg,train,4,cha30153
CASIA2/Au/Au_cha_30154.jpg,train,4,cha30154
CASIA2/Au/Au_cha_30155.jpg,train,4,cha30155
CASIA2/Au/Au_cha_30156.jpg,train,4,cha30156
CASIA2/Au/Au_cha_30157.jpg,train,3,cha30157
CASIA2/Au/Au_cha_30158.jpg,train,1,cha30158
CASIA2/Au/Au_cha_30159.jpg,train,1,cha30159
CASIA2/Au/Au_cha_30160.jpg,train,3,cha30160
CASIA2/Au/Au_cha_30161.jpg,train,4,cha30161
CASIA2/Au/Au_cha_30162.jpg,train,4,cha30162
CASIA2/Au/Au_cha_30163.jpg,train,4,cha30163
CASIA2/Au/Au_cha_30164.jpg,train,4,cha30164
CASIA2/Au/Au_cha_30165.jpg,test,-1,cha30165
CASIA2/Au/Au_cha_30166.jpg,train,3,cha30166
CASIA2/Au/Au_cha_30167.jpg,train,0,cha30167
CASIA2/Au/Au_cha_30168.jpg,train,4,cha30168
CASIA2/Au/Au_cha_30169.jpg,train,3,cha30169
CASIA2/Au/Au_cha_30170.jpg,train,4,cha30170
CASIA2/Au/Au_cha_30171.jpg,train,0,cha30171
CASIA2/Au/Au_cha_30172.jpg,train,4,cha30172
CASIA2/Au/Au_cha_30173.jpg,train,3,cha30173
CASIA2/Au/Au_cha_30174.jpg,train,3,cha30174
CASIA2/Au/Au_cha_30175.jpg,train,4,cha30175
CASIA2/Au/Au_cha_30176.jpg,train,3,cha30176
CASIA2/Au/Au_cha_30177.jpg,train,3,cha30177
CASIA2/Au/Au_cha_30178.jpg,train,3,cha30178
CASIA2/Au/Au_cha_30179.jpg,train,3,cha30179
CASIA2/Au/Au_cha_30180.jpg,train,1,cha30180
CASIA2/Au/Au_cha_30181.jpg,train,4,cha30181
CASIA2/Au/Au_cha_30182.jpg,train,4,cha30182
CASIA2/Au/Au_cha_30183.jpg,val,4,cha30183
CASIA2/Au/Au_cha_30184.jpg,train,3,cha30184
CASIA2/Au/Au_cha_30185.jpg,val,2,cha30185
CASIA2/Au/Au_cha_30186.jpg,train,1,cha30186
CASIA2/Au/Au_cha_30187.jpg,train,0,cha30187
CASIA2/Au/Au_cha_30188.jpg,train,2,cha30188
CASIA2/Au/Au_cha_30189.jpg,train,2,cha30189
CASIA2/Au/Au_cha_30190.jpg,train,1,cha30190
CASIA2/Au/Au_cha_30191.jpg,val,4,cha30191
CASIA2/Au/Au_cha_30192.jpg,train,2,cha30192
CASIA2/Au/Au_cha_30193.jpg,train,3,cha30193
CASIA2/Au/Au_cha_30194.jpg,test,-1,cha30194
CASIA2/Au/Au_cha_30195.jpg,train,0,cha30195
CASIA2/Au/Au_cha_30196.jpg,train,0,cha30196
CASIA2/Au/Au_cha_30197.jpg,train,1,cha30197
CASIA2/Au/Au_cha_30198.jpg,train,2,cha30198
CASIA2/Au/Au_cha_30199.jpg,val,2,cha30199
CASIA2/Au/Au_cha_30200.jpg,val,4,cha30200
CASIA2/Au/Au_cha_30201.jpg,train,3,cha30201
CASIA2/Au/Au_cha_30202.jpg,val,4,cha30202
CASIA2/Au/Au_cha_30203.jpg,train,4,cha30203
CASIA2/Au/Au_cha_30204.jpg,test,-1,cha30204
CASIA2/Au/Au_cha_30205.jpg,train,1,cha30205
CASIA2/Au/Au_cha_30206.jpg,train,0,cha30206
CASIA2/Au/Au_cha_30207.jpg,train,3,cha30207
CASIA2/Au/Au_cha_30208.jpg,val,3,cha30208
CASIA2/Au/Au_cha_30209.jpg,test,-1,cha30209
CASIA2/Au/Au_cha_30210.jpg,train,4,cha30210
CASIA2/Au/Au_cha_30211.jpg,train,0,cha30211
CASIA2/Au/Au_cha_30212.jpg,train,3,cha30212
CASIA2/Au/Au_cha_30213.jpg,train,0,cha30213
CASIA2/Au/Au_cha_30214.jpg,train,4,cha30214
CASIA2/Au/Au_cha_30215.jpg,val,1,cha30215
CASIA2/Au/Au_cha_30216.jpg,train,3,cha30216
CASIA2/Au/Au_cha_30217.jpg,test,-1,cha30217
CASIA2/Au/Au_cha_30218.jpg,train,1,cha30218
CASIA2/Au/Au_cha_30219.jpg,train,3,cha30219
CASIA2/Au/Au_cha_30220.jpg,test,-1,cha30220
CASIA2/Au/Au_cha_30221.jpg,test,-1,cha30221
CASIA2/Au/Au_cha_30222.jpg,train,3,cha30222
CASIA2/Au/Au_cha_30223.jpg,train,4,cha30223
CASIA2/Au/Au_cha_30224.jpg,train,4,cha30224
CASIA2/Au/Au_cha_30225.jpg,val,3,cha30225
CASIA2/Au/Au_cha_30226.jpg,train,0,cha30226
CASIA2/Au/Au_cha_30227.jpg,train,2,cha30227
CASIA2/Au/Au_cha_30228.jpg,train,4,cha30228
CASIA2/Au/Au_cha_30229.jpg,train,0,cha30229
CASIA2/Au/Au_cha_30230.jpg,train,4,cha30230
CASIA2/Au/Au_cha_30231.jpg,train,1,cha30231
CASIA2/Au/Au_cha_30232.jpg,train,0,cha30232
CASIA2/Au/Au_cha_30233.jpg,train,4,cha30233
CASIA2/Au/Au_cha_30234.jpg,train,0,cha30234
CASIA2/Au/Au_cha_30235.jpg,val,1,cha30235
CASIA2/Au/Au_cha_30236.jpg,train,3,cha30236
CASIA2/Au/Au_cha_30237.jpg,train,0,cha30237
CASIA2/Au/Au_cha_30238.jpg,train,3,cha30238
CASIA2/Au/Au_cha_30239.jpg,train,0,cha30239
CASIA2/Au/Au_cha_30240.jpg,train,3,cha30240
CASIA2/Au/Au_cha_30241.jpg,train,2,cha30241
CASIA2/Au/Au_cha_30242.jpg,train,0,cha30242
CASIA2/Au/Au_cha_30243.jpg,val,4,cha30243
CASIA2/Au/Au_cha_30244.jpg,train,3,cha30244
CASIA2/Au/Au_cha_30245.jpg,train,1,cha30245
CASIA2/Au/Au_cha_30246.jpg,train,1,cha30246
CASIA2/Au/Au_cha_30247.jpg,test,-1,cha30247
CASIA2/Au/Au_cha_30248.jpg,train,2,cha30248
CASIA2/Au/Au_cha_30249.jpg,test,-1,cha30249
CASIA2/Au/Au_cha_30250.jpg,val,3,cha30250
CASIA2/Au/Au_cha_30251.jpg,train,4,cha30251
CASIA2/Au/Au_cha_30252.jpg,train,2,cha30252
CASIA2/Au/Au_cha_30253.jpg,train,2,cha30253
CASIA2/Au/Au_cha_30254.jpg,train,3,cha30254
CASIA2/Au/Au_cha_30255.jpg,val,2,cha30255
CASIA2/Au/Au_cha_30256.jpg,val,3,cha30256
CASIA2/Au/Au_cha_30257.jpg,train,3,cha30257
CASIA2/Au/Au_cha_30258.jpg,train,4,cha00030
CASIA2/Au/Au_cha_30259.jpg,train,3,cha30259
CASIA2/Au/Au_cha_30260.jpg,train,0,cha30260
CASIA2/Au/Au_cha_30261.jpg,train,1,cha30261
CASIA2/Au/Au_cha_30262.jpg,test,-1,cha30262
CASIA2/Au/Au_cha_30263.jpg,train,0,cha30263
CASIA2/Au/Au_cha_30264.jpg,train,0,cha30264
CASIA2/Au/Au_cha_30265.jpg,train,1,cha30265
CASIA2/Au/Au_cha_30266.jpg,train,3,cha30266
CASIA2/Au/Au_cha_30267.jpg,test,-1,cha30267
CASIA2/Au/Au_cha_30268.jpg,train,0,cha30268
CASIA2/Au/Au_cha_30269.jpg,train,4,cha30269
CASIA2/Au/Au_cha_30270.jpg,train,3,cha30270
CASIA2/Au/Au_cha_30271.jpg,test,-1,cha30271
CASIA2/Au/Au_cha_30272.jpg,train,0,cha30272
CASIA2/Au/Au_cha_30273.jpg,train,3,cha30273
CASIA2/Au/Au_cha_30274.jpg,val,4,cha30274
CASIA2/Au/Au_cha_30275.jpg,train,1,cha30275
CASIA2/Au/Au_cha_30276.jpg,train,1,cha30276
CASIA2/Au/Au_cha_30277.jpg,test,-1,cha30277
CASIA2/Au/Au_cha_30278.jpg,train,4,cha30278
CASIA2/Au/Au_cha_30279.jpg,train,3,cha30279
CASIA2/Au/Au_cha_30280.jpg,train,2,cha30280
CASIA2/Au/Au_cha_30281.jpg,train,3,cha30281
CASIA2/Au/Au_cha_30282.jpg,train,2,cha30282
CASIA2/Au/Au_cha_30283.jpg,train,1,cha30283
CASIA2/Au/Au_cha_30284.jpg,train,1,cha30284
CASIA2/Au/Au_cha_30285.jpg,train,2,cha30285
CASIA2/Au/Au_cha_30286.jpg,train,0,cha30286
CASIA2/Au/Au_cha_30287.jpg,train,3,cha30287
CASIA2/Au/Au_cha_30288.jpg,train,1,cha30288
CASIA2/Au/Au_cha_30289.jpg,train,2,cha30289
CASIA2/Au/Au_cha_30290.jpg,train,1,cha30290
CASIA2/Au/Au_cha_30291.jpg,train,2,cha30291
CASIA2/Au/Au_cha_30292.jpg,train,0,cha30292
CASIA2/Au/Au_cha_30293.jpg,test,-1,cha30293
CASIA2/Au/Au_cha_30294.jpg,train,0,cha30294
CASIA2/Au/Au_cha_30295.jpg,train,1,cha30295
CASIA2/Au/Au_cha_30296.jpg,val,3,cha30296
CASIA2/Au/Au_cha_30297.jpg,train,0,cha30297
CASIA2/Au/Au_cha_30298.jpg,train,2,cha30298
CASIA2/Au/Au_cha_30299.jpg,train,2,cha30299
CASIA2/Au/Au_cha_30300.jpg,train,3,cha30300
CASIA2/Au/Au_cha_30301.jpg,train,0,cha30301
CASIA2/Au/Au_cha_30302.jpg,train,0,cha30302
CASIA2/Au/Au_cha_30303.jpg,train,4,cha30303
CASIA2/Au/Au_cha_30304.jpg,train,4,cha30304
CASIA2/Au/Au_cha_30305.jpg,val,0,cha30305
CASIA2/Au/Au_cha_30306.jpg,test,-1,cha30306
CASIA2/Au/Au_cha_30307.jpg,test,-1,cha30307
CASIA2/Au/Au_cha_30308.jpg,train,1,cha30308
CASIA2/Au/Au_cha_30309.jpg,train,4,cha30309
CASIA2/Au/Au_cha_30310.jpg,val,0,cha30310
CASIA2/Au/Au_cha_30311.jpg,train,3,cha30311
CASIA2/Au/Au_cha_30312.jpg,train,4,cha30312
CASIA2/Au/Au_cha_30313.jpg,train,1,cha30313
CASIA2/Au/Au_cha_30314.jpg,train,2,cha30314
CASIA2/Au/Au_cha_30315.jpg,train,4,cha30315
CASIA2/Au/Au_cha_30316.jpg,val,2,cha30316
CASIA2/Au/Au_cha_30317.jpg,train,0,cha30317
CASIA2/Au/Au_cha_30318.jpg,train,1,cha30318
CASIA2/Au/Au_cha_30319.jpg,train,3,cha30319
CASIA2/Au/Au_cha_30320.jpg,test,-1,cha30320
CASIA2/Au/Au_cha_30321.jpg,train,4,cha30321
CASIA2/Au/Au_cha_30322.jpg,val,0,cha30322
CASIA2/Au/Au_cha_30323.jpg,val,1,cha30323
CASIA2/Au/Au_cha_30324.jpg,val,2,cha30324
CASIA2/Au/Au_cha_30325.jpg,train,2,cha30325
CASIA2/Au/Au_cha_30326.jpg,train,0,cha30326
CASIA2/Au/Au_cha_30327.jpg,train,3,cha30327
CASIA2/Au/Au_cha_30328.jpg,test,-1,cha30328
CASIA2/Au/Au_cha_30329.jpg,train,4,cha30329
CASIA2/Au/Au_cha_30330.jpg,val,1,cha30330
CASIA2/Au/Au_cha_30331.jpg,train,1,cha30331
CASIA2/Au/Au_cha_30332.jpg,train,3,cha30332
CASIA2/Au/Au_cha_30333.jpg,train,3,cha30333
CASIA2/Au/Au_cha_30334.jpg,train,2,cha30334
CASIA2/Au/Au_cha_30335.jpg,train,4,cha30335
CASIA2/Au/Au_cha_30336.jpg,test,-1,cha30336
CASIA2/Au/Au_cha_30337.jpg,train,3,cha30337
CASIA2/Au/Au_cha_30338.jpg,val,1,cha30338
CASIA2/Au/Au_cha_30339.jpg,train,2,cha30339
CASIA2/Au/Au_cha_30340.jpg,train,3,cha30340
CASIA2/Au/Au_cha_30341.jpg,train,3,cha30341
CASIA2/Au/Au_cha_30342.jpg,val,3,cha30342
CASIA2/Au/Au_cha_30343.jpg,train,1,cha30343
CASIA2/Au/Au_cha_30344.jpg,test,-1,cha30344
CASIA2/Au/Au_cha_30345.jpg,train,4,cha30345
CASIA2/Au/Au_cha_30346.jpg,train,3,cha30346
CASIA2/Au/Au_cha_30347.jpg,train,0,cha30347
CASIA2/Au/Au_cha_30348.jpg,test,-1,cha30348
CASIA2/Au/Au_cha_30349.jpg,val,1,cha30349
CASIA2/Au/Au_cha_30350.jpg,test,-1,cha30350
CASIA2/Au/Au_cha_30351.jpg,train,2,cha30351
CASIA2/Au/Au_cha_30352.jpg,train,2,cha30352
CASIA2/Au/Au_cha_30353.jpg,val,1,cha30353
CASIA2/Au/Au_cha_30354.jpg,val,1,cha30354
CASIA2/Au/Au_cha_30355.jpg,val,3,cha30355
CASIA2/Au/Au_cha_30356.jpg,train,2,cha30356
CASIA2/Au/Au_cha_30357.jpg,train,4,cha30357
CASIA2/Au/Au_cha_30358.jpg,train,2,cha30358
CASIA2/Au/Au_cha_30359.jpg,train,3,cha30359
CASIA2/Au/Au_cha_30360.jpg,val,4,cha30360
CASIA2/Au/Au_cha_30361.jpg,train,3,cha30361
CASIA2/Au/Au_cha_30362.jpg,val,3,cha30362
CASIA2/Au/Au_cha_30363.jpg,train,3,cha30363
CASIA2/Au/Au_cha_30364.jpg,train,3,cha30364
CASIA2/Au/Au_cha_30365.jpg,train,3,cha30365
CASIA2/Au/Au_cha_30366.jpg,test,-1,cha30366
CASIA2/Au/Au_cha_30367.jpg,train,3,cha30367
CASIA2/Au/Au_cha_30368.jpg,train,2,cha30368
CASIA2/Au/Au_cha_30369.jpg,train,0,cha30369
CASIA2/Au/Au_cha_30370.jpg,train,3,cha30370
CASIA2/Au/Au_cha_30371.jpg,test,-1,cha30371
CASIA2/Au/Au_cha_30372.jpg,test,-1,cha30372
CASIA2/Au/Au_cha_30373.jpg,train,3,cha30373
CASIA2/Au/Au_cha_30374.jpg,train,4,cha30374
CASIA2/Au/Au_cha_30375.jpg,train,4,cha30375
CASIA2/Au/Au_cha_30376.jpg,train,0,cha30376
CASIA2/Au/Au_cha_30377.jpg,test,-1,cha30377
CASIA2/Au/Au_cha_30378.jpg,train,4,cha30378
CASIA2/Au/Au_cha_30379.jpg,val,2,cha30379
CASIA2/Au/Au_cha_30380.jpg,train,0,cha30380
CASIA2/Au/Au_cha_30381.jpg,train,3,cha30381
CASIA2/Au/Au_cha_30382.jpg,train,4,cha30382
CASIA2/Au/Au_cha_30383.jpg,val,3,cha30383
CASIA2/Au/Au_cha_30384.jpg,train,1,cha30384
CASIA2/Au/Au_cha_30385.jpg,train,2,cha30385
CASIA2/Au/Au_cha_30386.jpg,test,-1,cha30386
CASIA2/Au/Au_cha_30387.jpg,train,0,cha30387
CASIA2/Au/Au_cha_30388.jpg,train,4,cha30388
CASIA2/Au/Au_cha_30389.jpg,train,1,cha30389
CASIA2/Au/Au_cha_30390.jpg,val,1,cha30390
CASIA2/Au/Au_cha_30391.jpg,train,2,cha30391
CASIA2/Au/Au_cha_30392.jpg,train,4,cha30392
CASIA2/Au/Au_cha_30393.jpg,train,2,cha30393
CASIA2/Au/Au_cha_30394.jpg,train,3,cha30394
CASIA2/Au/Au_cha_30395.jpg,test,-1,cha30395
CASIA2/Au/Au_cha_30396.jpg,train,2,cha30396
CASIA2/Au/Au_cha_30397.jpg,train,0,cha30397
CASIA2/Au/Au_cha_30398.jpg,test,-1,cha30398
CASIA2/Au/Au_cha_30399.jpg,train,2,cha30399
CASIA2/Au/Au_cha_30400.jpg,val,0,cha30400
CASIA2/Au/Au_cha_30401.jpg,test,-1,cha30401
CASIA2/Au/Au_cha_30402.jpg,train,3,cha30402
CASIA2/Au/Au_cha_30403.jpg,train,1,cha30403
CASIA2/Au/Au_cha_30404.jpg,train,3,cha30404
CASIA2/Au/Au_cha_30405.jpg,train,0,cha30405
CASIA2/Au/Au_cha_30406.jpg,train,0,cha30406
CASIA2/Au/Au_cha_30407.jpg,val,1,cha30407
CASIA2/Au/Au_cha_30408.jpg,train,2,cha30408
CASIA2/Au/Au_cha_30409.jpg,train,1,cha30409
CASIA2/Au/Au_cha_30410.jpg,train,1,cha30410
CASIA2/Au/Au_cha_30411.jpg,train,0,cha30411
CASIA2/Au/Au_cha_30412.jpg,val,2,cha30412
CASIA2/Au/Au_cha_30413.jpg,val,2,cha30413
CASIA2/Au/Au_cha_30414.jpg,train,1,cha30414
CASIA2/Au/Au_cha_30415.jpg,train,3,cha30415
CASIA2/Au/Au_cha_30416.jpg,train,0,cha30416
CASIA2/Au/Au_cha_30417.jpg,val,0,cha30417
CASIA2/Au/Au_cha_30418.jpg,train,1,cha30418
CASIA2/Au/Au_cha_30419.jpg,test,-1,cha30419
CASIA2/Au/Au_cha_30420.jpg,train,1,cha30420
CASIA2/Au/Au_cha_30421.jpg,train,1,cha30421
CASIA2/Au/Au_cha_30422.jpg,test,-1,cha30422
CASIA2/Au/Au_cha_30423.jpg,train,4,cha30423
CASIA2/Au/Au_cha_30424.jpg,train,0,cha30424
CASIA2/Au/Au_cha_30425.jpg,train,4,cha30425
CASIA2/Au/Au_cha_30426.jpg,train,1,cha30426
CASIA2/Au/Au_cha_30427.jpg,train,3,cha30427
CASIA2/Au/Au_cha_30428.jpg,train,0,cha30428
CASIA2/Au/Au_cha_30429.jpg,test,-1,cha30429
CASIA2/Au/Au_cha_30430.jpg,test,-1,cha30430
CASIA2/Au/Au_cha_30431.jpg,train,1,cha30431
CASIA2/Au/Au_cha_30432.jpg,train,0,cha30432
CASIA2/Au/Au_cha_30433.jpg,test,-1,cha30433
CASIA2/Au/Au_cha_30434.jpg,val,3,cha30434
CASIA2/Au/Au_cha_30435.jpg,val,2,cha30435
CASIA2/Au/Au_cha_30436.jpg,val,1,cha30436
CASIA2/Au/Au_cha_30437.jpg,train,4,cha30437
CASIA2/Au/Au_cha_30438.jpg,train,2,cha30438
CASIA2/Au/Au_cha_30439.jpg,test,-1,cha30439
CASIA2/Au/Au_cha_30440.jpg,train,1,cha30440
CASIA2/Au/Au_cha_30441.jpg,val,2,cha30441
CASIA2/Au/Au_cha_30442.jpg,train,1,cha30442
CASIA2/Au/Au_cha_30443.jpg,train,3,cha30443
CASIA2/Au/Au_cha_30444.jpg,train,4,cha30444
CASIA2/Au/Au_cha_30445.jpg,train,1,cha30445
CASIA2/Au/Au_cha_30446.jpg,train,1,cha30446
CASIA2/Au/Au_cha_30447.jpg,train,4,cha30447
CASIA2/Au/Au_cha_30448.jpg,test,-1,cha30448
CASIA2/Au/Au_cha_30449.jpg,train,4,cha30449
CASIA2/Au/Au_cha_30450.jpg,train,4,cha30450
CASIA2/Au/Au_cha_30451.jpg,test,-1,cha30451
CASIA2/Au/Au_cha_30452.jpg,test,-1,cha30452
CASIA2/Au/Au_cha_30453.jpg,train,2,cha30453
CASIA2/Au/Au_cha_30454.jpg,train,1,cha30454
CASIA2/Au/Au_cha_30455.jpg,train,4,cha30455
CASIA2/Au/Au_cha_30456.jpg,train,3,cha30456
CASIA2/Au/Au_cha_30457.jpg,train,4,cha30457
CASIA2/Au/Au_cha_30458.jpg,train,1,cha30458
CASIA2/Au/Au_cha_30459.jpg,val,0,cha30459
CASIA2/Au/Au_cha_30460.jpg,train,3,cha30460
CASIA2/Au/Au_cha_30461.jpg,test,-1,cha30461
CASIA2/Au/Au_cha_30462.jpg,train,0,cha30462
CASIA2/Au/Au_cha_30463.jpg,train,2,cha30463
CASIA2/Au/Au_cha_30464.jpg,train,2,cha30464
CASIA2/Au/Au_cha_30465.jpg,test,-1,cha30465
CASIA2/Au/Au_cha_30466.jpg,train,3,cha30466
CASIA2/Au/Au_cha_30467.jpg,val,2,cha30467
CASIA2/Au/Au_cha_30468.jpg,train,3,cha30468
CASIA2/Au/Au_cha_30469.jpg,train,4,cha30469
CASIA2/Au/Au_cha_30470.jpg,train,1,cha30470
CASIA2/Au/Au_cha_30471.jpg,train,1,cha30471
CASIA2/Au/Au_cha_30472.jpg,train,4,cha30472
CASIA2/Au/Au_cha_30473.jpg,train,1,cha30473
CASIA2/Au/Au_cha_30474.jpg,train,3,cha30474
CASIA2/Au/Au_cha_30475.jpg,train,4,cha30475
CASIA2/Au/Au_cha_30476.jpg,train,1,cha30476
CASIA2/Au/Au_cha_30477.jpg,val,1,cha30477
CASIA2/Au/Au_cha_30478.jpg,train,0,cha30478
CASIA2/Au/Au_cha_30479.jpg,train,3,cha30479
CASIA2/Au/Au_cha_30480.jpg,train,3,cha30480
CASIA2/Au/Au_cha_30481.jpg,train,4,cha30481
CASIA2/Au/Au_cha_30482.jpg,train,1,cha30482
CASIA2/Au/Au_cha_30483.jpg,train,1,cha30483
CASIA2/Au/Au_cha_30484.jpg,train,0,cha30484
CASIA2/Au/Au_cha_30485.jpg,train,3,cha30485
CASIA2/Au/Au_cha_30486.jpg,train,2,cha30486
CASIA2/Au/Au_cha_30487.jpg,train,1,cha30487
CASIA2/Au/Au_cha_30488.jpg,train,1,cha30488
CASIA2/Au/Au_cha_30489.jpg,train,1,cha30489
CASIA2/Au/Au_cha_30490.jpg,train,2,cha30490
CASIA2/Au/Au_cha_30491.jpg,train,4,cha30491
CASIA2/Au/Au_cha_30492.jpg,train,3,cha30492
CASIA2/Au/Au_cha_30493.jpg,train,1,cha30493
CASIA2/Au/Au_cha_30494.jpg,train,0,cha30494
CASIA2/Au/Au_cha_30495.jpg,test,-1,cha30495
CASIA2/Au/Au_cha_30496.jpg,train,4,cha30496
CASIA2/Au/Au_cha_30497.jpg,train,1,cha30497
CASIA2/Au/Au_cha_30498.jpg,train,1,cha30498
CASIA2/Au/Au_cha_30499.jpg,test,-1,cha30499
CASIA2/Au/Au_cha_30500.jpg,train,2,cha30500
CASIA2/Au/Au_cha_30501.jpg,train,4,cha30501
CASIA2/Au/Au_cha_30502.jpg,train,0,cha30502
CASIA2/Au/Au_cha_30503.jpg,train,1,cha30503
CASIA2/Au/Au_cha_30504.jpg,test,-1,cha30504
CASIA2/Au/Au_cha_30505.jpg,val,1,cha30505
CASIA2/Au/Au_cha_30506.jpg,train,1,cha30506
CASIA2/Au/Au_cha_30507.jpg,train,0,cha30507
CASIA2/Au/Au_cha_30508.jpg,train,1,cha30508
CASIA2/Au/Au_cha_30509.jpg,train,1,cha30509
CASIA2/Au/Au_cha_30510.jpg,val,0,cha30510
CASIA2/Au/Au_cha_30511.jpg,train,4,cha30511
CASIA2/Au/Au_cha_30512.jpg,train,2,cha30512
CASIA2/Au/Au_cha_30513.jpg,train,4,cha30513
CASIA2/Au/Au_cha_30514.jpg,val,1,cha30514
CASIA2/Au/Au_cha_30515.jpg,train,2,cha30515
CASIA2/Au/Au_cha_30516.jpg,train,3,cha30516
CASIA2/Au/Au_cha_30517.jpg,test,-1,cha30517
CASIA2/Au/Au_cha_30518.jpg,test,-1,cha30518
CASIA2/Au/Au_cha_30519.jpg,train,3,cha30519
CASIA2/Au/Au_cha_30520.jpg,test,-1,cha30520
CASIA2/Au/Au_cha_30521.jpg,train,3,cha30521
CASIA2/Au/Au_cha_30522.jpg,train,0,cha30522
CASIA2/Au/Au_cha_30523.jpg,val,0,cha30523
CASIA2/Au/Au_cha_30524.jpg,train,3,cha30524
CASIA2/Au/Au_cha_30525.jpg,test,-1,cha30525
CASIA2/Au/Au_cha_30526.jpg,train,2,cha30526
CASIA2/Au/Au_cha_30527.jpg,train,1,cha30527
CASIA2/Au/Au_cha_30528.jpg,train,4,cha30528
CASIA2/Au/Au_cha_30529.jpg,test,-1,cha30529
CASIA2/Au/Au_cha_30530.jpg,train,0,cha30530
CASIA2/Au/Au_cha_30531.jpg,train,0,cha30531
CASIA2/Au/Au_cha_30532.jpg,train,3,cha30532
CASIA2/Au/Au_cha_30533.jpg,test,-1,cha30533
CASIA2/Au/Au_cha_30534.jpg,train,2,cha30534
CASIA2/Au/Au_cha_30535.jpg,val,2,cha30535
CASIA2/Au/Au_cha_30536.jpg,train,3,cha30536
CASIA2/Au/Au_cha_30537.jpg,val,3,cha30537
CASIA2/Au/Au_cha_30538.jpg,train,4,cha30538
CASIA2/Au/Au_cha_30539.jpg,train,4,cha30539
CASIA2/Au/Au_cha_30540.jpg,val,4,cha30540
CASIA2/Au/Au_cha_30541.jpg,train,3,cha30541
CASIA2/Au/Au_cha_30542.jpg,train,0,cha30542
CASIA2/Au/Au_cha_30543.jpg,train,4,cha30543
CASIA2/Au/Au_cha_30544.jpg,val,1,cha30544
CASIA2/Au/Au_cha_30545.jpg,val,4,cha30545
CASIA2/Au/Au_cha_30546.jpg,train,0,cha30546
CASIA2/Au/Au_cha_30547.jpg,train,2,cha30547
CASIA2/Au/Au_cha_30548.jpg,train,1,cha30548
CASIA2/Au/Au_cha_30549.jpg,train,3,cha30549
CASIA2/Au/Au_cha_30550.jpg,train,1,cha30550
CASIA2/Au/Au_cha_30551.jpg,train,2,cha30551
CASIA2/Au/Au_cha_30552.jpg,train,0,cha30552
CASIA2/Au/Au_cha_30553.jpg,test,-1,cha30553
CASIA2/Au/Au_cha_30554.jpg,val,0,cha30554
CASIA2/Au/Au_cha_30555.jpg,test,-1,cha30555
CASIA2/Au/Au_cha_30556.jpg,val,3,cha30556
CASIA2/Au/Au_cha_30557.jpg,train,0,cha30557
CASIA2/Au/Au_cha_30558.jpg,train,2,cha30558
CASIA2/Au/Au_cha_30559.jpg,train,4,cha30559
CASIA2/Au/Au_cha_30560.jpg,train,3,cha30560
CASIA2/Au/Au_cha_30561.jpg,train,1,cha30561
CASIA2/Au/Au_cha_30562.jpg,train,1,cha30562
CASIA2/Au/Au_cha_30563.jpg,train,1,cha30563
CASIA2/Au/Au_cha_30564.jpg,train,1,cha30564
CASIA2/Au/Au_cha_30565.jpg,train,2,cha30565
CASIA2/Au/Au_cha_30566.jpg,train,3,cha30566
CASIA2/Au/Au_cha_30567.jpg,train,3,cha30567
CASIA2/Au/Au_cha_30568.jpg,test,-1,cha30568
CASIA2/Au/Au_cha_30569.jpg,val,4,cha30569
CASIA2/Au/Au_cha_30570.jpg,train,3,cha30570
CASIA2/Au/Au_cha_30571.jpg,train,0,cha30571
CASIA2/Au/Au_cha_30572.jpg,train,4,cha30572
CASIA2/Au/Au_cha_30573.jpg,train,0,cha30573
CASIA2/Au/Au_cha_30574.jpg,train,0,cha30574
CASIA2/Au/Au_cha_30575.jpg,train,2,cha30575
CASIA2/Au/Au_cha_30576.jpg,train,4,cha30576
CASIA2/Au/Au_cha_30577.jpg,test,-1,cha30577
CASIA2/Au/Au_cha_30578.jpg,test,-1,cha30578
CASIA2/Au/Au_cha_30579.jpg,train,3,cha30579
CASIA2/Au/Au_cha_30580.jpg,val,1,cha30580
CASIA2/Au/Au_cha_30581.jpg,val,2,cha30581
CASIA2/Au/Au_cha_30582.jpg,test,-1,cha30582
CASIA2/Au/Au_cha_30583.jpg,train,0,cha30583
CASIA2/Au/Au_cha_30584.jpg,train,3,cha30584
CASIA2/Au/Au_cha_30585.jpg,val,1,cha30585
CASIA2/Au/Au_cha_30586.jpg,test,-1,cha30586
CASIA2/Au/Au_cha_30587.jpg,train,1,cha30587
CASIA2/Au/Au_cha_30588.jpg,train,2,cha30588
CASIA2/Au/Au_cha_30589.jpg,train,4,cha30589
CASIA2/Au/Au_cha_30590.jpg,val,3,cha30590
CASIA2/Au/Au_cha_30591.jpg,train,4,cha30591
CASIA2/Au/Au_cha_30592.jpg,train,1,cha30592
CASIA2/Au/Au_cha_30593.jpg,train,0,cha30593
CASIA2/Au/Au_cha_30594.jpg,test,-1,cha30594
CASIA2/Au/Au_cha_30595.jpg,val,0,cha30595
CASIA2/Au/Au_cha_30596.jpg,val,1,cha30596
CASIA2/Au/Au_cha_30597.jpg,train,1,cha30597
CASIA2/Au/Au_cha_30598.jpg,train,0,cha30598
CASIA2/Au/Au_cha_30599.jpg,train,2,cha30599
CASIA2/Au/Au_cha_30600.jpg,test,-1,cha30600
CASIA2/Au/Au_cha_30601.jpg,train,4,cha30601
CASIA2/Au/Au_cha_30602.jpg,train,1,cha30602
CASIA2/Au/Au_cha_30603.jpg,train,4,cha30603
CASIA2/Au/Au_cha_30604.jpg,train,3,cha30604
CASIA2/Au/Au_cha_30605.jpg,test,-1,cha30605
CASIA2/Au/Au_cha_30606.jpg,train,4,cha30606
CASIA2/Au/Au_cha_30607.jpg,train,2,cha30607
CASIA2/Au/Au_cha_30608.jpg,train,2,cha30608
CASIA2/Au/Au_cha_30609.jpg,train,1,cha30609
CASIA2/Au/Au_cha_30610.jpg,train,3,cha30610
CASIA2/Au/Au_cha_30611.jpg,test,-1,cha30611
CASIA2/Au/Au_cha_30612.jpg,train,1,cha30612
CASIA2/Au/Au_cha_30613.jpg,train,4,cha30613
CASIA2/Au/Au_cha_30614.jpg,val,1,cha30614
CASIA2/Au/Au_cha_30615.jpg,train,1,cha30615
CASIA2/Au/Au_cha_30616.jpg,train,1,cha30616
CASIA2/Au/Au_cha_30617.jpg,train,1,cha30617
CASIA2/Au/Au_cha_30618.jpg,train,0,cha30618
CASIA2/Au/Au_cha_30619.jpg,train,3,cha30619
CASIA2/Au/Au_cha_30620.jpg,val,2,cha30620
CASIA2/Au/Au_cha_30621.jpg,val,0,cha30621
CASIA2/Au/Au_cha_30622.jpg,test,-1,cha30622
CASIA2/Au/Au_cha_30623.jpg,train,4,cha30623
CASIA2/Au/Au_cha_30624.jpg,train,1,cha30624
CASIA2/Au/Au_cha_30625.jpg,train,4,cha30625
CASIA2/Au/Au_cha_30626.jpg,train,0,cha30626
CASIA2/Au/Au_cha_30627.jpg,train,3,cha30627
CASIA2/Au/Au_cha_30628.jpg,val,3,cha30628
CASIA2/Au/Au_cha_30629.jpg,train,2,cha30629
CASIA2/Au/Au_cha_30630.jpg,train,4,cha30630
CASIA2/Au/Au_cha_30631.jpg,val,2,cha30631
CASIA2/Au/Au_cha_30632.jpg,train,3,cha30632
CASIA2/Au/Au_cha_30633.jpg,train,4,cha30633
CASIA2/Au/Au_cha_30634.jpg,val,1,cha30634
CASIA2/Au/Au_cha_30635.jpg,train,4,cha30635
CASIA2/Au/Au_cha_30636.jpg,test,-1,cha30636
CASIA2/Au/Au_cha_30637.jpg,val,1,cha30637
CASIA2/Au/Au_cha_30638.jpg,test,-1,cha30638
CASIA2/Au/Au_cha_30639.jpg,val,1,cha30639
CASIA2/Au/Au_cha_30640.jpg,test,-1,cha30640
CASIA2/Au/Au_cha_30641.jpg,train,4,cha30641
CASIA2/Au/Au_cha_30642.jpg,test,-1,cha30642
CASIA2/Au/Au_cha_30643.jpg,train,0,cha30643
CASIA2/Au/Au_cha_30644.jpg,train,2,cha30644
CASIA2/Au/Au_cha_30645.jpg,test,-1,cha30645
CASIA2/Au/Au_cha_30646.jpg,train,2,cha30646
CASIA2/Au/Au_cha_30647.jpg,train,0,cha30647
CASIA2/Au/Au_cha_30648.jpg,train,1,cha30648
CASIA2/Au/Au_cha_30649.jpg,test,-1,cha30649
CASIA2/Au/Au_cha_30650.jpg,train,3,cha30650
CASIA2/Au/Au_cha_30651.jpg,train,0,cha30651
CASIA2/Au/Au_cha_30652.jpg,train,3,cha30652
CASIA2/Au/Au_cha_30653.jpg,test,-1,cha30653
CASIA2/Au/Au_cha_30654.jpg,train,3,cha30654
CASIA2/Au/Au_cha_30655.jpg,train,4,cha30655
CASIA2/Au/Au_cha_30656.jpg,train,2,cha30656
CASIA2/Au/Au_cha_30657.jpg,train,1,cha30657
CASIA2/Au/Au_cha_30658.jpg,train,1,cha30658
CASIA2/Au/Au_cha_30659.jpg,train,4,cha30659
CASIA2/Au/Au_cha_30660.jpg,train,1,cha30660
CASIA2/Au/Au_cha_30661.jpg,train,1,cha30661
CASIA2/Au/Au_cha_30662.jpg,train,2,cha30662
CASIA2/Au/Au_cha_30663.jpg,train,4,cha30663
CASIA2/Au/Au_cha_30664.jpg,train,3,cha30664
CASIA2/Au/Au_cha_30665.jpg,train,3,cha30665
CASIA2/Au/Au_cha_30666.jpg,val,1,cha30666
CASIA2/Au/Au_cha_30667.jpg,train,4,cha30667
CASIA2/Au/Au_cha_30668.jpg,test,-1,cha30668
CASIA2/Au/Au_cha_30669.jpg,train,3,cha30669
CASIA2/Au/Au_cha_30670.jpg,train,4,cha30670
CASIA2/Au/Au_cha_30671.jpg,train,1,cha30671
CASIA2/Au/Au_cha_30672.jpg,val,4,cha30672
CASIA2/Au/Au_cha_30673.jpg,train,3,cha30673
CASIA2/Au/Au_cha_30674.jpg,val,0,cha30674
CASIA2/Au/Au_cha_30675.jpg,train,1,cha30675
CASIA2/Au/Au_cha_30676.jpg,train,1,cha30676
CASIA2/Au/Au_cha_30677.jpg,train,0,cha30677
CASIA2/Au/Au_cha_30678.jpg,train,3,cha30678
CASIA2/Au/Au_cha_30679.jpg,train,4,cha30679
CASIA2/Au/Au_cha_30680.jpg,train,0,cha30680
CASIA2/Au/Au_cha_30681.jpg,test,-1,cha30681
CASIA2/Au/Au_cha_30682.jpg,val,0,cha30682
CASIA2/Au/Au_cha_30683.jpg,train,2,cha30683
CASIA2/Au/Au_cha_30684.jpg,train,1,cha30684
CASIA2/Au/Au_cha_30685.jpg,val,3,cha30685
CASIA2/Au/Au_cha_30686.jpg,test,-1,cha30686
CASIA2/Au/Au_cha_30687.jpg,train,0,cha30687
CASIA2/Au/Au_cha_30688.jpg,test,-1,cha30688
CASIA2/Au/Au_cha_30689.jpg,train,4,cha30689
CASIA2/Au/Au_cha_30690.jpg,train,2,cha30690
CASIA2/Au/Au_cha_30691.jpg,val,0,cha30691
CASIA2/Au/Au_cha_30692.jpg,train,2,cha30692
CASIA2/Au/Au_cha_30693.jpg,train,4,cha30693
CASIA2/Au/Au_cha_30694.jpg,val,1,cha30694
CASIA2/Au/Au_cha_30695.jpg,train,4,cha30695
CASIA2/Au/Au_cha_30696.jpg,val,1,cha30696
CASIA2/Au/Au_cha_30697.jpg,train,1,cha30697
CASIA2/Au/Au_cha_30698.jpg,train,4,cha30698
CASIA2/Au/Au_cha_30699.jpg,test,-1,cha30699
CASIA2/Au/Au_cha_30700.jpg,train,2,cha30700
CASIA2/Au/Au_cha_30701.jpg,train,4,cha30701
CASIA2/Au/Au_cha_30702.jpg,train,0,cha30702
CASIA2/Au/Au_cha_30703.jpg,val,3,cha30703
CASIA2/Au/Au_cha_30704.jpg,train,3,cha30704
CASIA2/Au/Au_cha_30705.jpg,train,2,cha30705
CASIA2/Au/Au_cha_30706.jpg,val,2,cha30706
CASIA2/Au/Au_cha_30707.jpg,train,0,cha30707
CASIA2/Au/Au_cha_30708.jpg,val,1,cha30708
CASIA2/Au/Au_cha_30709.jpg,test,-1,cha30709
CASIA2/Au/Au_cha_30710.jpg,test,-1,cha30710
CASIA2/Au/Au_cha_30711.jpg,train,3,cha30711
CASIA2/Au/Au_cha_30712.jpg,train,0,cha30712
CASIA2/Au/Au_cha_30713.jpg,train,3,cha30713
CASIA2/Au/Au_cha_30714.jpg,val,0,cha30714
CASIA2/Au/Au_cha_30715.jpg,train,4,cha30715
CASIA2/Au/Au_cha_30716.jpg,test,-1,cha30716
CASIA2/Au/Au_cha_30717.jpg,test,-1,cha30717
CASIA2/Au/Au_cha_30718.jpg,train,0,cha30718
CASIA2/Au/Au_cha_30719.jpg,train,0,cha30719
CASIA2/Au/Au_ind_00001.jpg,val,2,ind00001
CASIA2/Au/Au_ind_00002.jpg,train,4,ind00002
CASIA2/Au/Au_ind_00003.jpg,train,0,ind00003
CASIA2/Au/Au_ind_00004.jpg,val,3,ind00004
CASIA2/Au/Au_ind_00005.jpg,train,0,ind00005
CASIA2/Au/Au_ind_00006.jpg,train,3,ind00006
CASIA2/Au/Au_ind_00007.jpg,train,2,ind00007
CASIA2/Au/Au_ind_00008.jpg,train,1,ind00008
CASIA2/Au/Au_ind_00009.jpg,train,1,ind00009
CASIA2/Au/Au_ind_00010.jpg,val,0,ind00010
CASIA2/Au/Au_ind_00011.jpg,val,4,ind00011
CASIA2/Au/Au_ind_00012.jpg,train,0,art30119
CASIA2/Au/Au_ind_00013.jpg,train,3,ind00013
CASIA2/Au/Au_ind_00014.jpg,val,1,ind00014
CASIA2/Au/Au_ind_00015.jpg,train,4,ind00015
CASIA2/Au/Au_ind_00016.jpg,train,3,ind00016
CASIA2/Au/Au_ind_00017.jpg,train,2,ind00017
CASIA2/Au/Au_ind_00018.jpg,train,1,ind00018
CASIA2/Au/Au_ind_00019.jpg,train,1,ind00019
CASIA2/Au/Au_ind_00020.jpg,train,3,ind00020
CASIA2/Au/Au_ind_00021.jpg,train,4,ind00021
CASIA2/Au/Au_ind_00022.jpg,train,3,ind00022
CASIA2/Au/Au_ind_00023.jpg,val,3,ind00023
CASIA2/Au/Au_ind_00024.jpg,train,2,ind00024
CASIA2/Au/Au_ind_00025.jpg,test,-1,cha10101
CASIA2/Au/Au_ind_00026.jpg,test,-1,ind00026
CASIA2/Au/Au_ind_00027.jpg,train,2,ind00027
CASIA2/Au/Au_ind_00028.jpg,train,2,ind00028
CASIA2/Au/Au_ind_00029.jpg,train,4,cha30181
CASIA2/Au/Au_ind_00030.jpg,train,1,ind00030
CASIA2/Au/Au_ind_00031.jpg,train,2,ind00031
CASIA2/Au/Au_ind_00032.jpg,train,4,ind00032
CASIA2/Au/Au_ind_00033.jpg,val,0,cha30322
CASIA2/Au/Au_ind_00034.jpg,train,4,cha30335
CASIA2/Au/Au_ind_00035.jpg,train,1,ind00035
CASIA2/Au/Au_ind_00036.jpg,val,3,ind00036
CASIA2/Au/Au_ind_00037.jpg,train,2,ind00037
CASIA2/Au/Au_ind_00038.jpg,test,-1,cha30529
CASIA2/Au/Au_ind_00039.jpg,train,2,art30307
CASIA2/Au/Au_ind_00040.jpg,train,4,ind00040
CASIA2/Au/Au_ind_00041.jpg,val,1,ind00041
CASIA2/Au/Au_ind_00042.jpg,train,0,ind00042
CASIA2/Au/Au_ind_00043.jpg,test,-1,ind00043
CASIA2/Au/Au_ind_00044.jpg,train,4,ind00044
CASIA2/Au/Au_ind_00045.jpg,train,1,ind00045
CASIA2/Au/Au_ind_00046.jpg,train,2,ind00046
CASIA2/Au/Au_ind_00047.jpg,train,2,ind00046
CASIA2/Au/Au_ind_00048.jpg,train,2,ind00048
CASIA2/Au/Au_ind_00049.jpg,train,4,ind00049
CASIA2/Au/Au_ind_00050.jpg,train,4,ind00050
CASIA2/Au/Au_ind_00051.jpg,train,2,ind00051
CASIA2/Au/Au_ind_00052.jpg,val,0,ind00052
CASIA2/Au/Au_ind_00053.jpg,val,2,ind00053
CASIA2/Au/Au_ind_00054.jpg,train,2,ind00054
CASIA2/Au/Au_ind_00055.jpg,train,1,ind00055
CASIA2/Au/Au_ind_00056.jpg,test,-1,ind00056
CASIA2/Au/Au_ind_00057.jpg,val,4,ind00057
CASIA2/Au/Au_ind_00058.jpg,test,-1,ind00058
CASIA2/Au/Au_ind_00059.jpg,train,2,ind00059
CASIA2/Au/Au_ind_00060.jpg,test,-1,ind00060
CASIA2/Au/Au_ind_00061.jpg,train,0,ind00061
CASIA2/Au/Au_ind_00062.jpg,val,4,ind00062
CASIA2/Au/Au_ind_00063.jpg,train,2,ind00063
CASIA2/Au/Au_ind_00064.jpg,test,-1,ind00064
CASIA2/Au/Au_ind_00065.jpg,test,-1,ind00065
CASIA2/Au/Au_ind_00066.jpg,val,0,ind00066
CASIA2/Au/Au_ind_00067.jpg,test,-1,ind00067
CASIA2/Au/Au_ind_00068.jpg,val,3,ind00068
CASIA2/Au/Au_ind_00069.jpg,train,0,ind00069
CASIA2/Au/Au_ind_00070.jpg,train,1,ind00070
CASIA2/Au/Au_ind_00071.jpg,train,3,ind00071
CASIA2/Au/Au_ind_00072.jpg,train,4,ind00072
CASIA2/Au/Au_ind_00073.jpg,train,1,ind00073
CASIA2/Au/Au_ind_00074.jpg,test,-1,ind00074
CASIA2/Au/Au_ind_00075.jpg,train,0,ind00075
CASIA2/Au/Au_ind_00076.jpg,train,0,ind00076
CASIA2/Au/Au_ind_00077.jpg,train,2,ind00077
CASIA2/Au/Au_ind_00078.jpg,train,4,ind00078
CASIA2/Au/Au_ind_00079.jpg,val,2,ind00079
CASIA2/Au/Au_ind_00080.jpg,train,0,ind00080
CASIA2/Au/Au_ind_00081.jpg,val,3,ind00081
CASIA2/Au/Au_ind_00082.jpg,train,1,cha00034
CASIA2/Au/Au_ind_00083.jpg,train,2,ind00083
CASIA2/Au/Au_ind_00084.jpg,train,1,ind00084
CASIA2/Au/Au_ind_00085.jpg,train,2,ind00085
CASIA2/Au/Au_ind_00086.jpg,train,1,ind00086
CASIA2/Au/Au_ind_00087.jpg,train,0,ind00087
CASIA2/Au/Au_ind_00088.jpg,train,1,ind00088
CASIA2/Au/Au_ind_00089.jpg,train,1,ind00089
CASIA2/Au/Au_ind_00090.jpg,val,2,ind00053
CASIA2/Au/Au_ind_00091.jpg,test,-1,ind00091
CASIA2/Au/Au_ind_00092.jpg,train,3,ind00092
CASIA2/Au/Au_ind_00093.jpg,train,0,ind00093
CASIA2/Au/Au_ind_00094.jpg,test,-1,ind00094
CASIA2/Au/Au_ind_00095.jpg,train,3,ind00095
CASIA2/Au/Au_ind_00096.jpg,train,4,ani30741
CASIA2/Au/Au_ind_00097.jpg,val,2,ani30794
CASIA2/Au/Au_ind_00098.jpg,test,-1,ani30795
CASIA2/Au/Au_ind_00099.jpg,train,1,art30669
CASIA2/Au/Au_ind_00100.jpg,train,3,ind00100
CASIA2/Au/Au_ind_10001.jpg,train,3,ind10001
CASIA2/Au/Au_ind_10002.jpg,train,3,ind10002
CASIA2/Au/Au_ind_10101.jpg,train,0,ind10101
CASIA2/Au/Au_ind_10102.jpg,train,0,ind10102
CASIA2/Au/Au_ind_10103.jpg,test,-1,ind10103
CASIA2/Au/Au_ind_10104.jpg,test,-1,ind10103
CASIA2/Au/Au_ind_20001.jpg,train,1,ind20001
CASIA2/Au/Au_ind_20002.jpg,train,1,ind20002
CASIA2/Au/Au_ind_20003.jpg,train,3,ind20003
CASIA2/Au/Au_ind_20004.jpg,train,3,ind20004
CASIA2/Au/Au_ind_20005.jpg,val,4,ind20005
CASIA2/Au/Au_ind_20006.jpg,val,3,ind20006
CASIA2/Au/Au_ind_20007.jpg,test,-1,ind20007
CASIA2/Au/Au_ind_20008.jpg,val,0,ind20008
CASIA2/Au/Au_ind_20009.jpg,train,3,ind20009
CASIA2/Au/Au_ind_20010.jpg,test,-1,ind20010
CASIA2/Au/Au_ind_20011.jpg,train,4,ind20011
CASIA2/Au/Au_ind_20012.jpg,test,-1,ind20012
CASIA2/Au/Au_ind_20013.jpg,train,2,ind20013
CASIA2/Au/Au_ind_20014.jpg,train,1,ind20014
CASIA2/Au/Au_ind_20015.jpg,train,0,ind20015
CASIA2/Au/Au_ind_20016.jpg,train,4,ind20016
CASIA2/Au/Au_ind_20017.jpg,train,1,ind20017
CASIA2/Au/Au_ind_20018.jpg,train,1,ind20018
CASIA2/Au/Au_ind_20019.jpg,train,2,ind20019
CASIA2/Au/Au_ind_20020.jpg,train,2,ind20020
CASIA2/Au/Au_ind_20021.jpg,train,0,ind20021
CASIA2/Au/Au_ind_20022.jpg,train,1,ind20022
CASIA2/Au/Au_ind_20023.jpg,train,0,ind20023
CASIA2/Au/Au_ind_20024.jpg,train,0,ind20024
CASIA2/Au/Au_ind_20025.jpg,val,4,ind20025
CASIA2/Au/Au_ind_20026.jpg,train,1,ind20026
CASIA2/Au/Au_ind_20027.jpg,val,2,ind20027
CASIA2/Au/Au_ind_20028.jpg,test,-1,ind20028
CASIA2/Au/Au_ind_20029.jpg,test,-1,ind20029
CASIA2/Au/Au_ind_20030.jpg,train,1,ind20030
CASIA2/Au/Au_ind_20031.jpg,val,4,ind20031
CASIA2/Au/Au_ind_20032.jpg,train,4,ind20032
CASIA2/Au/Au_ind_20033.jpg,train,2,ind20033
CASIA2/Au/Au_ind_20034.jpg,val,0,ind20034
CASIA2/Au/Au_ind_20035.jpg,test,-1,ind20035
CASIA2/Au/Au_ind_20036.jpg,train,0,ind20036
CASIA2/Au/Au_ind_20037.jpg,train,4,ind20037
CASIA2/Au/Au_ind_20038.jpg,train,4,ind20038
CASIA2/Au/Au_ind_20039.jpg,train,0,ind20039
CASIA2/Au/Au_ind_20040.jpg,test,-1,ind20040
CASIA2/Au/Au_ind_20041.jpg,train,3,ind20041
CASIA2/Au/Au_ind_20042.jpg,train,3,ind20042
CASIA2/Au/Au_ind_20043.jpg,train,3,ind20043
CASIA2/Au/Au_ind_20044.jpg,val,1,ind20044
CASIA2/Au/Au_ind_20045.jpg,train,3,ind20045
CASIA2/Au/Au_ind_20046.jpg,test,-1,ind20046
CASIA2/Au/Au_ind_20047.jpg,train,1,ind20047
CASIA2/Au/Au_ind_20048.jpg,train,0,ind20048
CASIA2/Au/Au_ind_20049.jpg,train,0,ind20049
CASIA2/Au/Au_ind_20050.jpg,test,-1,ind20050
CASIA2/Au/Au_ind_20051.jpg,train,2,ind20051
CASIA2/Au/Au_ind_20052.jpg,val,1,ind20052
CASIA2/Au/Au_ind_20053.jpg,test,-1,ind20053
CASIA2/Au/Au_ind_20054.jpg,val,4,ind20054
CASIA2/Au/Au_ind_20055.jpg,train,4,ind20055
CASIA2/Au/Au_ind_20056.jpg,train,0,ind20056
CASIA2/Au/Au_ind_20057.jpg,train,4,ind20057
CASIA2/Au/Au_ind_20058.jpg,test,-1,ind20058
CASIA2/Au/Au_ind_20059.jpg,train,4,ind20059
CASIA2/Au/Au_ind_20060.jpg,train,0,ind20060
CASIA2/Au/Au_ind_20061.jpg,train,1,ind20061
CASIA2/Au/Au_ind_20062.jpg,train,4,ind20062
CASIA2/Au/Au_ind_20063.jpg,train,3,ind20063
CASIA2/Au/Au_ind_20064.jpg,train,1,ind20064
CASIA2/Au/Au_ind_20065.jpg,train,4,ind20065
CASIA2/Au/Au_ind_30001.jpg,train,3,ind30001
CASIA2/Au/Au_ind_30002.jpg,train,1,ind30002
CASIA2/Au/Au_ind_30003.jpg,train,2,ind30003
CASIA2/Au/Au_ind_30004.jpg,val,4,ind30004
CASIA2/Au/Au_ind_30005.jpg,train,0,ind30005
CASIA2/Au/Au_ind_30006.jpg,val,0,ind30006
CASIA2/Au/Au_ind_30007.jpg,train,1,ind30007
CASIA2/Au/Au_ind_30008.jpg,test,-1,ind30008
CASIA2/Au/Au_ind_30009.jpg,train,2,ind30009
CASIA2/Au/Au_ind_30010.jpg,train,4,ind30010
CASIA2/Au/Au_ind_30011.jpg,test,-1,ind30011
CASIA2/Au/Au_ind_30012.jpg,train,0,ind30012
CASIA2/Au/Au_ind_30013.jpg,test,-1,ind30013
CASIA2/Au/Au_ind_30014.jpg,test,-1,ind30014
CASIA2/Au/Au_ind_30015.jpg,train,4,ind30015
CASIA2/Au/Au_ind_30016.jpg,train,3,ind30016
CASIA2/Au/Au_ind_30017.jpg,train,0,ind30017
CASIA2/Au/Au_ind_30018.jpg,train,0,ind30018
CASIA2/Au/Au_ind_30019.jpg,train,4,ind30019
CASIA2/Au/Au_ind_30020.jpg,train,2,ind30020
CASIA2/Au/Au_ind_30021.jpg,train,1,ind30021
CASIA2/Au/Au_ind_30022.jpg,train,0,ind30022
CASIA2/Au/Au_ind_30023.jpg,test,-1,ind30023
CASIA2/Au/Au_ind_30024.jpg,train,0,ind30024
CASIA2/Au/Au_ind_30025.jpg,train,0,ind30025
CASIA2/Au/Au_ind_30026.jpg,train,2,ind30026
CASIA2/Au/Au_ind_30027.jpg,train,3,ind30027
CASIA2/Au/Au_ind_30028.jpg,train,4,ind30028
CASIA2/Au/Au_ind_30029.jpg,train,1,ind30029
CASIA2/Au/Au_ind_30030.jpg,val,2,ind30030
CASIA2/Au/Au_ind_30031.jpg,train,3,ind30031
CASIA2/Au/Au_ind_30032.jpg,train,4,ind30032
CASIA2/Au/Au_ind_30033.jpg,val,1,ind30033
CASIA2/Au/Au_ind_30034.jpg,test,-1,ind30034
CASIA2/Au/Au_ind_30035.jpg,test,-1,ind30035
CASIA2/Au/Au_ind_30036.jpg,test,-1,ind30036
CASIA2/Au/Au_ind_30037.jpg,val,3,ind30037
CASIA2/Au/Au_ind_30038.jpg,train,1,ind30038
CASIA2/Au/Au_ind_30039.jpg,train,4,ind30039
CASIA2/Au/Au_ind_30040.jpg,train,1,ind30040
CASIA2/Au/Au_ind_30041.jpg,train,0,ind30041
CASIA2/Au/Au_ind_30042.jpg,test,-1,ind30042
CASIA2/Au/Au_ind_30043.jpg,train,3,ind30043
CASIA2/Au/Au_ind_30044.jpg,val,1,ind30044
CASIA2/Au/Au_ind_30045.jpg,train,1,ind30045
CASIA2/Au/Au_ind_30046.jpg,train,1,ind30046
CASIA2/Au/Au_ind_30047.jpg,train,2,ind30047
CASIA2/Au/Au_ind_30048.jpg,train,2,ind30048
CASIA2/Au/Au_ind_30049.jpg,train,0,ind30049
CASIA2/Au/Au_ind_30050.jpg,train,0,ind30050
CASIA2/Au/Au_ind_30051.jpg,train,2,ind30051
CASIA2/Au/Au_ind_30052.jpg,test,-1,ind30052
CASIA2/Au/Au_ind_30053.jpg,val,3,ind30053
CASIA2/Au/Au_ind_30054.jpg,val,3,ind30054
CASIA2/Au/Au_ind_30055.jpg,train,1,ind30055
CASIA2/Au/Au_ind_30056.jpg,train,2,ind30056
CASIA2/Au/Au_ind_30057.jpg,val,3,ind30057
CASIA2/Au/Au_ind_30058.jpg,train,2,ind30058
CASIA2/Au/Au_ind_30059.jpg,val,0,ind00052
CASIA2/Au/Au_ind_30060.jpg,train,1,ind30060
CASIA2/Au/Au_ind_30061.jpg,val,3,ind00036
CASIA2/Au/Au_ind_30062.jpg,test,-1,ind30062
CASIA2/Au/Au_ind_30063.jpg,train,2,ind30063
CASIA2/Au/Au_ind_30064.jpg,val,2,ind30064
CASIA2/Au/Au_ind_30065.jpg,train,1,ind30065
CASIA2/Au/Au_ind_30066.jpg,train,2,ind30066
CASIA2/Au/Au_ind_30067.jpg,train,4,ind30067
CASIA2/Au/Au_ind_30068.jpg,train,2,ind00059
CASIA2/Au/Au_ind_30069.jpg,test,-1,ind30069
CASIA2/Au/Au_ind_30070.jpg,train,2,ind30070
CASIA2/Au/Au_ind_30071.jpg,train,4,ind30071
CASIA2/Au/Au_ind_30072.jpg,train,1,ind30072
CASIA2/Au/Au_ind_30073.jpg,val,2,ind30073
CASIA2/Au/Au_ind_30074.jpg,train,2,ind30074
CASIA2/Au/Au_ind_30075.jpg,train,1,ind30075
CASIA2/Au/Au_ind_30076.jpg,test,-1,ind30076
CASIA2/Au/Au_ind_30077.jpg,test,-1,ind30077
CASIA2/Au/Au_ind_30078.jpg,train,2,ind30078
CASIA2/Au/Au_ind_30079.jpg,train,3,ind30079
CASIA2/Au/Au_ind_30080.jpg,test,-1,ind30080
CASIA2/Au/Au_ind_30081.jpg,val,4,ind30081
CASIA2/Au/Au_ind_30082.jpg,train,1,ind30082
CASIA2/Au/Au_ind_30083.jpg,test,-1,ind30083
CASIA2/Au/Au_ind_30084.jpg,train,0,ind30084
CASIA2/Au/Au_ind_30085.jpg,val,3,ind30085
CASIA2/Au/Au_ind_30086.jpg,val,3,ind30086
CASIA2/Au/Au_ind_30087.jpg,train,0,ind30087
CASIA2/Au/Au_ind_30088.jpg,train,1,ind30088
CASIA2/Au/Au_ind_30089.jpg,train,4,ind30089
CASIA2/Au/Au_ind_30090.jpg,train,2,ind30090
CASIA2/Au/Au_ind_30091.jpg,train,0,ind30091
CASIA2/Au/Au_ind_30092.jpg,test,-1,ind30092
CASIA2/Au/Au_ind_30093.jpg,train,4,ind30093
CASIA2/Au/Au_ind_30094.jpg,val,0,ind30094
CASIA2/Au/Au_ind_30095.jpg,train,0,ind30095
CASIA2/Au/Au_ind_30096.jpg,train,3,ind30096
CASIA2/Au/Au_ind_30097.jpg,test,-1,ind30097
CASIA2/Au/Au_ind_30098.jpg,train,1,ind30098
CASIA2/Au/Au_ind_30099.jpg,test,-1,ind30099
CASIA2/Au/Au_ind_30100.jpg,test,-1,ind30100
CASIA2/Au/Au_ind_30101.jpg,train,0,ind30101
CASIA2/Au/Au_ind_30102.jpg,train,0,ind30102
CASIA2/Au/Au_ind_30103.jpg,test,-1,ind30103
CASIA2/Au/Au_ind_30104.jpg,test,-1,ind30104
CASIA2/Au/Au_ind_30105.jpg,test,-1,ind30105
CASIA2/Au/Au_ind_30106.jpg,train,4,ind30106
CASIA2/Au/Au_ind_30107.jpg,val,0,ind30107
CASIA2/Au/Au_ind_30108.jpg,test,-1,ind30108
CASIA2/Au/Au_ind_30109.jpg,train,4,ind30109
CASIA2/Au/Au_ind_30110.jpg,train,1,ind30110
CASIA2/Au/Au_ind_30111.jpg,test,-1,ind30111
CASIA2/Au/Au_ind_30112.jpg,val,3,ind30112
CASIA2/Au/Au_ind_30113.jpg,train,2,ind30113
CASIA2/Au/Au_ind_30114.jpg,test,-1,ind30114
CASIA2/Au/Au_ind_30115.jpg,train,4,ind30115
CASIA2/Au/Au_ind_30116.jpg,train,4,ind30116
CASIA2/Au/Au_ind_30117.jpg,test,-1,ind30117
CASIA2/Au/Au_ind_30118.jpg,train,0,ind30118
CASIA2/Au/Au_ind_30119.jpg,train,1,ind30119
CASIA2/Au/Au_ind_30120.jpg,val,1,ind30120
CASIA2/Au/Au_ind_30121.jpg,test,-1,ind30121
CASIA2/Au/Au_ind_30122.jpg,train,2,ind30122
CASIA2/Au/Au_ind_30123.jpg,train,4,ind30123
CASIA2/Au/Au_ind_30124.jpg,train,1,ind30124
CASIA2/Au/Au_ind_30125.jpg,val,2,ind30125
CASIA2/Au/Au_ind_30126.jpg,test,-1,ind30126
CASIA2/Au/Au_ind_30127.jpg,train,2,ind30127
CASIA2/Au/Au_ind_30128.jpg,train,3,ind30128
CASIA2/Au/Au_ind_30129.jpg,val,4,ind30129
CASIA2/Au/Au_ind_30130.jpg,train,2,ind30130
CASIA2/Au/Au_ind_30131.jpg,train,0,ind30131
CASIA2/Au/Au_ind_30132.jpg,train,1,ind30132
CASIA2/Au/Au_ind_30133.jpg,val,4,ind30133
CASIA2/Au/Au_ind_30134.jpg,train,1,ind30134
CASIA2/Au/Au_ind_30135.jpg,train,0,ind30135
CASIA2/Au/Au_ind_30136.jpg,train,2,ind30136
CASIA2/Au/Au_ind_30137.jpg,train,4,ind30137
CASIA2/Au/Au_ind_30138.jpg,train,3,ind30138
CASIA2/Au/Au_ind_30139.jpg,train,1,ind30139
CASIA2/Au/Au_ind_30140.jpg,train,0,ind30140
CASIA2/Au/Au_ind_30141.jpg,train,1,ind30141
CASIA2/Au/Au_ind_30142.jpg,train,0,ind30142
CASIA2/Au/Au_ind_30143.jpg,train,0,ind30143
CASIA2/Au/Au_ind_30144.jpg,val,0,ind30144
CASIA2/Au/Au_ind_30145.jpg,train,3,ind30145
CASIA2/Au/Au_ind_30146.jpg,train,4,ind30146
CASIA2/Au/Au_ind_30147.jpg,train,0,ind30147
CASIA2/Au/Au_ind_30148.jpg,val,2,ind30148
CASIA2/Au/Au_ind_30149.jpg,train,0,ind30149
CASIA2/Au/Au_ind_30150.jpg,train,4,ind00040
CASIA2/Au/Au_ind_30151.jpg,train,0,ind30151
CASIA2/Au/Au_ind_30152.jpg,val,2,ind30152
CASIA2/Au/Au_ind_30153.jpg,train,0,ind30153
CASIA2/Au/Au_ind_30154.jpg,train,4,ind30154
CASIA2/Au/Au_ind_30155.jpg,train,0,ind30155
CASIA2/Au/Au_ind_30156.jpg,train,0,ind30156
CASIA2/Au/Au_ind_30157.jpg,test,-1,ind30157
CASIA2/Au/Au_ind_30158.jpg,train,4,ind30158
CASIA2/Au/Au_ind_30159.jpg,test,-1,ind30159
CASIA2/Au/Au_ind_30160.jpg,test,-1,ind30160
CASIA2/Au/Au_ind_30161.jpg,train,3,ind30161
CASIA2/Au/Au_ind_30162.jpg,train,1,ind30162
CASIA2/Au/Au_ind_30163.jpg,train,4,ind30163
CASIA2/Au/Au_ind_30164.jpg,train,0,ind30164
CASIA2/Au/Au_ind_30165.jpg,train,2,ind30165
CASIA2/Au/Au_ind_30166.jpg,train,0,ind30166
CASIA2/Au/Au_ind_30167.jpg,train,4,ind30167
CASIA2/Au/Au_ind_30168.jpg,train,4,ind30168
CASIA2/Au/Au_ind_30169.jpg,train,0,ind30169
CASIA2/Au/Au_ind_30170.jpg,train,4,ind30170
CASIA2/Au/Au_ind_30171.jpg,val,2,ind30171
CASIA2/Au/Au_ind_30172.jpg,train,2,ind30172
CASIA2/Au/Au_ind_30173.jpg,train,3,ind00100
CASIA2/Au/Au_ind_30174.jpg,test,-1,ind30174
CASIA2/Au/Au_ind_30175.jpg,val,4,ind00057
CASIA2/Au/Au_nat_00001.jpg,test,-1,nat00001
CASIA2/Au/Au_nat_00002.jpg,train,0,ani00010
CASIA2/Au/Au_nat_00003.jpg,train,1,nat00003
CASIA2/Au/Au_nat_00004.jpg,train,3,nat00004
CASIA2/Au/Au_nat_00005.jpg,train,1,nat00005
CASIA2/Au/Au_nat_00006.jpg,test,-1,nat00006
CASIA2/Au/Au_nat_00007.jpg,val,1,nat00007
CASIA2/Au/Au_nat_00008.jpg,train,2,nat00008
CASIA2/Au/Au_nat_00009.jpg,train,4,nat00009
CASIA2/Au/Au_nat_00010.jpg,train,0,nat00010
CASIA2/Au/Au_nat_00011.jpg,train,1,nat00011
CASIA2/Au/Au_nat_00012.jpg,train,4,nat00012
CASIA2/Au/Au_nat_00013.jpg,train,4,nat00013
CASIA2/Au/Au_nat_00014.jpg,train,1,nat00014
CASIA2/Au/Au_nat_00015.jpg,train,2,nat00015
CASIA2/Au/Au_nat_00016.jpg,train,1,nat00016
CASIA2/Au/Au_nat_00017.jpg,val,2,nat00017
CASIA2/Au/Au_nat_00018.jpg,train,0,nat00018
CASIA2/Au/Au_nat_00019.jpg,train,4,nat00019
CASIA2/Au/Au_nat_00020.jpg,val,1,nat00020
CASIA2/Au/Au_nat_00021.jpg,train,4,nat00021
CASIA2/Au/Au_nat_00022.jpg,train,0,nat00022
CASIA2/Au/Au_nat_00023.jpg,train,1,nat00023
CASIA2/Au/Au_nat_00024.jpg,train,2,nat00024
CASIA2/Au/Au_nat_00025.jpg,test,-1,nat00025
CASIA2/Au/Au_nat_00026.jpg,train,4,nat00026
CASIA2/Au/Au_nat_00027.jpg,train,3,nat00027
CASIA2/Au/Au_nat_00028.jpg,train,3,nat00028
CASIA2/Au/Au_nat_00029.jpg,train,0,nat00029
CASIA2/Au/Au_nat_00030.jpg,train,2,nat00030
CASIA2/Au/Au_nat_00031.jpg,train,1,nat00031
CASIA2/Au/Au_nat_00032.jpg,train,2,nat00032
CASIA2/Au/Au_nat_00033.jpg,train,1,nat00033
CASIA2/Au/Au_nat_00034.jpg,test,-1,nat00034
CASIA2/Au/Au_nat_00035.jpg,train,4,nat00035
CASIA2/Au/Au_nat_00036.jpg,train,3,nat00036
CASIA2/Au/Au_nat_00037.jpg,train,1,ani00001
CASIA2/Au/Au_nat_00038.jpg,train,3,nat00038
CASIA2/Au/Au_nat_00039.jpg,train,4,nat00039
CASIA2/Au/Au_nat_00040.jpg,val,2,nat00040
CASIA2/Au/Au_nat_00041.jpg,train,2,nat00041
CASIA2/Au/Au_nat_00042.jpg,train,2,nat00042
CASIA2/Au/Au_nat_00043.jpg,train,1,nat00043
CASIA2/Au/Au_nat_00044.jpg,train,4,nat00044
CASIA2/Au/Au_nat_00045.jpg,train,0,nat00045
CASIA2/Au/Au_nat_00046.jpg,val,4,nat00046
CASIA2/Au/Au_nat_00047.jpg,test,-1,nat00047
CASIA2/Au/Au_nat_00048.jpg,val,4,nat00048
CASIA2/Au/Au_nat_00049.jpg,train,0,nat00049
CASIA2/Au/Au_nat_00050.jpg,train,1,nat00050
CASIA2/Au/Au_nat_00051.jpg,train,2,nat00051
CASIA2/Au/Au_nat_00052.jpg,val,0,nat00052
CASIA2/Au/Au_nat_00053.jpg,train,4,nat00053
CASIA2/Au/Au_nat_00054.jpg,train,3,nat00054
CASIA2/Au/Au_nat_00055.jpg,train,3,nat00055
CASIA2/Au/Au_nat_00056.jpg,val,1,nat00056
CASIA2/Au/Au_nat_00057.jpg,test,-1,nat00057
CASIA2/Au/Au_nat_00058.jpg,train,1,nat00058
CASIA2/Au/Au_nat_00059.jpg,train,0,ani00010
CASIA2/Au/Au_nat_00060.jpg,train,0,ani00010
CASIA2/Au/Au_nat_00061.jpg,train,3,nat00061
CASIA2/Au/Au_nat_00062.jpg,train,0,ani00010
CASIA2/Au/Au_nat_00063.jpg,train,4,nat00063
CASIA2/Au/Au_nat_00064.jpg,test,-1,nat00064
CASIA2/Au/Au_nat_00065.jpg,val,3,nat00065
CASIA2/Au/Au_nat_00066.jpg,train,2,nat00066
CASIA2/Au/Au_nat_00067.jpg,test,-1,nat00067
CASIA2/Au/Au_nat_00068.jpg,train,2,nat00068
CASIA2/Au/Au_nat_00069.jpg,train,2,nat00069
CASIA2/Au/Au_nat_00070.jpg,train,1,nat00070
CASIA2/Au/Au_nat_00071.jpg,test,-1,nat00064
CASIA2/Au/Au_nat_00072.jpg,train,1,nat00072
CASIA2/Au/Au_nat_00073.jpg,train,1,nat00073
CASIA2/Au/Au_nat_00074.jpg,train,2,nat00074
CASIA2/Au/Au_nat_00075.jpg,train,4,nat00075
CASIA2/Au/Au_nat_00076.jpg,train,1,nat00076
CASIA2/Au/Au_nat_00077.jpg,test,-1,nat00077
CASIA2/Au/Au_nat_00078.jpg,train,4,nat00078
CASIA2/Au/Au_nat_00079.jpg,val,0,nat00079
CASIA2/Au/Au_nat_00080.jpg,train,3,nat00080
CASIA2/Au/Au_nat_00081.jpg,train,0,nat00081
CASIA2/Au/Au_nat_00082.jpg,train,0,nat00082
CASIA2/Au/Au_nat_00083.jpg,test,-1,nat00083
CASIA2/Au/Au_nat_00084.jpg,train,2,nat00084
CASIA2/Au/Au_nat_00085.jpg,train,1,nat00085
CASIA2/Au/Au_nat_00086.jpg,test,-1,nat00086
CASIA2/Au/Au_nat_00087.jpg,test,-1,nat00087
CASIA2/Au/Au_nat_00088.jpg,train,1,nat00088
CASIA2/Au/Au_nat_00089.jpg,val,0,nat00089
CASIA2/Au/Au_nat_00090.jpg,test,-1,nat00090
CASIA2/Au/Au_nat_00091.jpg,train,4,nat00091
CASIA2/Au/Au_nat_00092.jpg,train,1,nat00092
CASIA2/Au/Au_nat_00093.jpg,train,3,nat00093
CASIA2/Au/Au_nat_00094.jpg,train,4,nat00094
CASIA2/Au/Au_nat_00095.jpg,train,0,ani00010
CASIA2/Au/Au_nat_00096.jpg,train,0,nat00096
CASIA2/Au/Au_nat_00097.jpg,train,0,ani00010
CASIA2/Au/Au_nat_00098.jpg,val,1,nat00098
CASIA2/Au/Au_nat_00099.jpg,train,0,ani00010
CASIA2/Au/Au_nat_00100.jpg,train,4,nat00100
CASIA2/Au/Au_nat_10001.jpg,train,1,nat10001
CASIA2/Au/Au_nat_10002.jpg,test,-1,nat10002
CASIA2/Au/Au_nat_10003.jpg,train,2,nat10003
CASIA2/Au/Au_nat_10101.jpg,train,2,nat10101
CASIA2/Au/Au_nat_10102.jpg,train,4,nat10102
CASIA2/Au/Au_nat_10103.jpg,train,1,cha00057
CASIA2/Au/Au_nat_10104.jpg,train,3,nat10104
CASIA2/Au/Au_nat_10105.jpg,train,2,nat10105
CASIA2/Au/Au_nat_10106.jpg,train,0,nat10106
CASIA2/Au/Au_nat_10107.jpg,test,-1,nat10107
CASIA2/Au/Au_nat_10108.jpg,train,0,nat10108
CASIA2/Au/Au_nat_10109.jpg,train,1,nat10109
CASIA2/Au/Au_nat_10110.jpg,train,4,nat10110
CASIA2/Au/Au_nat_10111.jpg,val,0,nat10111
CASIA2/Au/Au_nat_10112.jpg,test,-1,nat10112
CASIA2/Au/Au_nat_10113.jpg,train,3,nat10113
CASIA2/Au/Au_nat_10114.jpg,test,-1,nat10114
CASIA2/Au/Au_nat_10115.jpg,train,2,nat10115
CASIA2/Au/Au_nat_10116.jpg,test,-1,nat10116
CASIA2/Au/Au_nat_10117.jpg,val,3,nat10117
CASIA2/Au/Au_nat_10118.jpg,train,3,nat10118
CASIA2/Au/Au_nat_10119.jpg,train,1,nat10119
CASIA2/Au/Au_nat_10120.jpg,train,3,nat10120
CASIA2/Au/Au_nat_10121.jpg,train,0,nat10121
CASIA2/Au/Au_nat_10122.jpg,train,0,ani00010
CASIA2/Au/Au_nat_10123.jpg,val,1,nat10123
CASIA2/Au/Au_nat_10124.jpg,train,0,ani00010
CASIA2/Au/Au_nat_10125.jpg,train,4,nat10125
CASIA2/Au/Au_nat_10126.jpg,val,1,nat10126
CASIA2/Au/Au_nat_10127.jpg,train,2,nat10127
CASIA2/Au/Au_nat_10128.jpg,train,4,nat10128
CASIA2/Au/Au_nat_10129.jpg,val,3,nat10129
CASIA2/Au/Au_nat_10130.jpg,train,1,nat10130
CASIA2/Au/Au_nat_10131.bmp,train,4,nat10131
CASIA2/Au/Au_nat_10132.bmp,val,4,nat10132
CASIA2/Au/Au_nat_10133.bmp,val,3,nat10133
CASIA2/Au/Au_nat_10134.bmp,train,3,nat10134
CASIA2/Au/Au_nat_10135.bmp,val,4,nat10135
CASIA2/Au/Au_nat_10136.bmp,train,4,nat10136
CASIA2/Au/Au_nat_10137.bmp,train,2,nat10137
CASIA2/Au/Au_nat_10138.bmp,test,-1,nat10138
CASIA2/Au/Au_nat_10139.bmp,val,3,nat10139
CASIA2/Au/Au_nat_10140.bmp,train,1,nat10140
CASIA2/Au/Au_nat_10141.bmp,test,-1,nat10141
CASIA2/Au/Au_nat_10142.bmp,train,2,nat10142
CASIA2/Au/Au_nat_10143.bmp,val,2,nat10143
CASIA2/Au/Au_nat_10144.bmp,val,2,nat10144
CASIA2/Au/Au_nat_10145.bmp,train,1,nat10145
CASIA2/Au/Au_nat_10146.bmp,train,4,nat10146
CASIA2/Au/Au_nat_10147.bmp,train,3,nat10147
CASIA2/Au/Au_nat_10148.bmp,train,0,nat10148
CASIA2/Au/Au_nat_10149.bmp,train,3,nat10149
CASIA2/Au/Au_nat_10150.bmp,train,2,nat10150
CASIA2/Au/Au_nat_10151.bmp,train,3,nat10151
CASIA2/Au/Au_nat_10152.bmp,train,0,nat10152
CASIA2/Au/Au_nat_10153.bmp,train,0,nat10153
CASIA2/Au/Au_nat_10154.bmp,test,-1,nat10154
CASIA2/Au/Au_nat_10155.bmp,train,0,nat10155
CASIA2/Au/Au_nat_10156.bmp,test,-1,nat10156
CASIA2/Au/Au_nat_10157.bmp,train,0,nat10157
CASIA2/Au/Au_nat_10158.bmp,train,1,nat10158
CASIA2/Au/Au_nat_10159.bmp,test,-1,nat10159
CASIA2/Au/Au_nat_10160.bmp,train,4,nat10160
CASIA2/Au/Au_nat_10161.bmp,train,2,nat10161
CASIA2/Au/Au_nat_10162.bmp,train,0,nat10162
CASIA2/Au/Au_nat_10163.bmp,train,2,nat10163
CASIA2/Au/Au_nat_10164.bmp,val,1,nat10164
CASIA2/Au/Au_nat_10165.bmp,val,0,nat10165
CASIA2/Au/Au_nat_10166.bmp,test,-1,nat10166
CASIA2/Au/Au_nat_10167.bmp,train,0,nat10167
CASIA2/Au/Au_nat_10168.bmp,train,3,nat10168
CASIA2/Au/Au_nat_10169.bmp,val,1,nat10169
CASIA2/Au/Au_nat_20001.jpg,train,2,nat20001
CASIA2/Au/Au_nat_20002.jpg,train,1,nat20002
CASIA2/Au/Au_nat_20003.jpg,train,0,nat20003
CASIA2/Au/Au_nat_20004.jpg,train,2,nat20004
CASIA2/Au/Au_nat_20005.jpg,val,1,nat20005
CASIA2/Au/Au_nat_20006.jpg,train,4,nat20006
CASIA2/Au/Au_nat_20007.jpg,train,1,nat20007
CASIA2/Au/Au_nat_20008.jpg,train,0,nat20008
CASIA2/Au/Au_nat_20009.jpg,train,4,nat20009
CASIA2/Au/Au_nat_20010.jpg,train,1,nat20010
CASIA2/Au/Au_nat_20011.jpg,train,3,nat20011
CASIA2/Au/Au_nat_20012.jpg,test,-1,nat20012
CASIA2/Au/Au_nat_20013.jpg,train,2,nat20013
CASIA2/Au/Au_nat_20014.jpg,train,1,nat20014
CASIA2/Au/Au_nat_20015.jpg,train,3,nat20015
CASIA2/Au/Au_nat_20016.jpg,test,-1,nat20016
CASIA2/Au/Au_nat_20017.jpg,val,2,nat20017
CASIA2/Au/Au_nat_20018.jpg,train,4,nat20018
CASIA2/Au/Au_nat_20019.jpg,train,2,nat20019
CASIA2/Au/Au_nat_20020.jpg,train,3,nat20020
CASIA2/Au/Au_nat_20021.jpg,train,2,nat20021
CASIA2/Au/Au_nat_20022.jpg,train,4,nat20022
CASIA2/Au/Au_nat_20023.jpg,train,0,nat20023
CASIA2/Au/Au_nat_20024.jpg,train,4,nat20024
CASIA2/Au/Au_nat_20025.jpg,train,0,nat20025
CASIA2/Au/Au_nat_20026.jpg,train,4,nat20026
CASIA2/Au/Au_nat_20027.jpg,train,0,nat20027
CASIA2/Au/Au_nat_20028.jpg,train,1,nat20028
CASIA2/Au/Au_nat_20029.jpg,train,0,nat20029
CASIA2/Au/Au_nat_20030.jpg,train,4,nat20030
CASIA2/Au/Au_nat_20031.jpg,train,0,nat20031
CASIA2/Au/Au_nat_20032.jpg,train,2,nat20032
CASIA2/Au/Au_nat_20033.jpg,train,3,nat20033
CASIA2/Au/Au_nat_20034.jpg,train,1,nat20034
CASIA2/Au/Au_nat_20035.jpg,train,1,nat20035
CASIA2/Au/Au_nat_20036.jpg,train,4,nat20036
CASIA2/Au/Au_nat_20037.jpg,train,4,nat20037
CASIA2/Au/Au_nat_20038.jpg,train,4,nat20038
CASIA2/Au/Au_nat_20039.jpg,test,-1,nat20039
CASIA2/Au/Au_nat_20040.jpg,val,3,nat20040
CASIA2/Au/Au_nat_20041.jpg,train,4,nat20041
CASIA2/Au/Au_nat_20042.jpg,train,3,nat20042
CASIA2/Au/Au_nat_20043.jpg,test,-1,nat20043
CASIA2/Au/Au_nat_20044.jpg,train,1,nat20044
CASIA2/Au/Au_nat_20045.jpg,train,3,nat20045
CASIA2/Au/Au_nat_20046.jpg,train,2,nat20046
CASIA2/Au/Au_nat_20047.jpg,val,1,nat20047
CASIA2/Au/Au_nat_20048.jpg,train,1,nat20048
CASIA2/Au/Au_nat_20049.jpg,test,-1,nat20049
CASIA2/Au/Au_nat_20050.jpg,val,4,nat20050
CASIA2/Au/Au_nat_20051.jpg,train,0,nat20051
CASIA2/Au/Au_nat_20052.jpg,train,4,nat20052
CASIA2/Au/Au_nat_20053.jpg,train,4,nat20053
CASIA2/Au/Au_nat_20054.jpg,test,-1,nat20054
CASIA2/Au/Au_nat_20055.jpg,val,2,nat20055
CASIA2/Au/Au_nat_20056.jpg,test,-1,nat20056
CASIA2/Au/Au_nat_20057.jpg,train,0,nat20057
CASIA2/Au/Au_nat_20058.jpg,train,2,nat20058
CASIA2/Au/Au_nat_20059.jpg,train,3,nat20059
CASIA2/Au/Au_nat_20060.jpg,train,2,nat20060
CASIA2/Au/Au_nat_20061.jpg,train,2,nat20061
CASIA2/Au/Au_nat_20062.jpg,train,3,nat20062
CASIA2/Au/Au_nat_20063.jpg,train,2,nat20063
CASIA2/Au/Au_nat_20064.jpg,train,3,nat20064
CASIA2/Au/Au_nat_20065.jpg,train,2,nat20065
CASIA2/Au/Au_nat_20066.jpg,train,2,nat20066
CASIA2/Au/Au_nat_20067.jpg,test,-1,nat20067
CASIA2/Au/Au_nat_20068.jpg,train,0,nat20068
CASIA2/Au/Au_nat_20069.jpg,test,-1,nat20069
CASIA2/Au/Au_nat_20070.jpg,val,2,nat20070
CASIA2/Au/Au_nat_20071.jpg,train,0,nat20071
CASIA2/Au/Au_nat_20072.jpg,test,-1,nat20072
CASIA2/Au/Au_nat_20073.jpg,train,4,nat20073
CASIA2/Au/Au_nat_20074.jpg,train,4,nat20074
CASIA2/Au/Au_nat_20075.jpg,val,3,nat20075
CASIA2/Au/Au_nat_20076.jpg,train,0,nat20076
CASIA2/Au/Au_nat_20077.jpg,test,-1,nat20077
CASIA2/Au/Au_nat_20078.jpg,train,3,nat20078
CASIA2/Au/Au_nat_20079.jpg,train,4,nat20079
CASIA2/Au/Au_nat_20080.jpg,train,4,nat20080
CASIA2/Au/Au_nat_20081.jpg,val,1,nat20081
CASIA2/Au/Au_nat_20082.jpg,val,3,nat20082
CASIA2/Au/Au_nat_20083.jpg,train,3,nat20083
CASIA2/Au/Au_nat_20084.jpg,test,-1,nat20084
CASIA2/Au/Au_nat_20085.jpg,train,1,nat20085
CASIA2/Au/Au_nat_20086.jpg,train,4,nat20086
CASIA2/Au/Au_nat_20087.jpg,val,0,nat20087
CASIA2/Au/Au_nat_20088.jpg,val,3,nat20088
CASIA2/Au/Au_nat_20089.jpg,train,3,nat20089
CASIA2/Au/Au_nat_20090.jpg,test,-1,nat20090
CASIA2/Au/Au_nat_20091.jpg,test,-1,nat20091
CASIA2/Au/Au_nat_20092.jpg,train,0,nat20092
CASIA2/Au/Au_nat_20093.jpg,train,1,nat20093
CASIA2/Au/Au_nat_20094.jpg,train,2,nat20094
CASIA2/Au/Au_nat_20095.jpg,test,-1,nat20095
CASIA2/Au/Au_nat_20096.jpg,train,2,nat20096
CASIA2/Au/Au_nat_20097.jpg,train,2,nat20097
CASIA2/Au/Au_nat_20098.jpg,train,0,nat20098
CASIA2/Au/Au_nat_20099.jpg,train,0,nat20099
CASIA2/Au/Au_nat_20100.jpg,train,3,nat20100
CASIA2/Au/Au_nat_30001.jpg,train,4,nat30001
CASIA2/Au/Au_nat_30002.jpg,train,0,nat30002
CASIA2/Au/Au_nat_30003.jpg,train,3,nat30003
CASIA2/Au/Au_nat_30004.jpg,val,3,nat30004
CASIA2/Au/Au_nat_30005.jpg,train,1,nat30005
CASIA2/Au/Au_nat_30006.jpg,val,3,nat30006
CASIA2/Au/Au_nat_30007.jpg,train,0,nat30007
CASIA2/Au/Au_nat_30008.jpg,val,4,nat30008
CASIA2/Au/Au_nat_30009.jpg,train,1,nat30009
CASIA2/Au/Au_nat_30010.jpg,train,2,nat30010
CASIA2/Au/Au_nat_30011.jpg,train,2,nat30011
CASIA2/Au/Au_nat_30012.jpg,train,3,nat30012
CASIA2/Au/Au_nat_30013.jpg,test,-1,nat30013
CASIA2/Au/Au_nat_30014.jpg,train,3,nat30014
CASIA2/Au/Au_nat_30015.jpg,train,1,nat30015
CASIA2/Au/Au_nat_30016.jpg,train,1,nat30016
CASIA2/Au/Au_nat_30017.jpg,train,1,nat30017
CASIA2/Au/Au_nat_30018.jpg,train,3,nat30018
CASIA2/Au/Au_nat_30019.jpg,train,1,nat30019
CASIA2/Au/Au_nat_30020.jpg,train,0,nat30020
CASIA2/Au/Au_nat_30021.jpg,train,4,nat30021
CASIA2/Au/Au_nat_30022.jpg,test,-1,nat30022
CASIA2/Au/Au_nat_30023.jpg,test,-1,nat30023
CASIA2/Au/Au_nat_30024.jpg,train,0,nat30024
CASIA2/Au/Au_nat_30025.jpg,val,0,nat30025
CASIA2/Au/Au_nat_30026.jpg,test,-1,nat00001
CASIA2/Au/Au_nat_30027.jpg,train,0,ani00010
CASIA2/Au/Au_nat_30028.jpg,test,-1,nat30028
CASIA2/Au/Au_nat_30029.jpg,train,1,nat30029
CASIA2/Au/Au_nat_30030.jpg,train,1,nat00003
CASIA2/Au/Au_nat_30031.jpg,val,3,nat30031
CASIA2/Au/Au_nat_30032.jpg,train,2,nat30032
CASIA2/Au/Au_nat_30033.jpg,train,3,nat00004
CASIA2/Au/Au_nat_30034.jpg,train,1,nat00005
CASIA2/Au/Au_nat_30035.jpg,test,-1,nat00006
CASIA2/Au/Au_nat_30036.jpg,val,1,nat00007
CASIA2/Au/Au_nat_30037.jpg,train,2,nat00008
CASIA2/Au/Au_nat_30038.jpg,train,0,nat30038
CASIA2/Au/Au_nat_30039.jpg,train,4,nat30039
CASIA2/Au/Au_nat_30040.jpg,train,4,nat00009
CASIA2/Au/Au_nat_30041.jpg,train,3,nat30041
CASIA2/Au/Au_nat_30042.jpg,train,0,nat30042
CASIA2/Au/Au_nat_30043.jpg,train,0,nat00010
CASIA2/Au/Au_nat_30044.jpg,test,-1,nat30044
CASIA2/Au/Au_nat_30045.jpg,train,1,nat30045
CASIA2/Au/Au_nat_30046.jpg,train,1,nat00011
CASIA2/Au/Au_nat_30047.jpg,train,4,nat00012
CASIA2/Au/Au_nat_30048.jpg,val,2,nat30048
CASIA2/Au/Au_nat_30049.jpg,train,1,nat30049
CASIA2/Au/Au_nat_30050.jpg,train,3,nat30050
CASIA2/Au/Au_nat_30051.jpg,train,4,nat30051
CASIA2/Au/Au_nat_30052.jpg,train,3,nat30052
CASIA2/Au/Au_nat_30053.jpg,train,0,nat30053
CASIA2/Au/Au_nat_30054.jpg,train,0,nat30054
CASIA2/Au/Au_nat_30055.jpg,val,1,nat30055
CASIA2/Au/Au_nat_30056.jpg,train,2,nat30056
CASIA2/Au/Au_nat_30057.jpg,test,-1,nat30057
CASIA2/Au/Au_nat_30058.jpg,train,2,nat30058
CASIA2/Au/Au_nat_30059.jpg,train,4,nat30059
CASIA2/Au/Au_nat_30060.jpg,train,2,nat30060
CASIA2/Au/Au_nat_30061.jpg,val,0,nat30061
CASIA2/Au/Au_nat_30062.jpg,val,0,nat30062
CASIA2/Au/Au_nat_30063.jpg,train,1,nat30063
CASIA2/Au/Au_nat_30064.jpg,train,2,nat30064
CASIA2/Au/Au_nat_30065.jpg,train,2,nat30065
CASIA2/Au/Au_nat_30066.jpg,train,4,nat30066
CASIA2/Au/Au_nat_30067.jpg,train,0,nat30067
CASIA2/Au/Au_nat_30068.jpg,val,0,nat30068
CASIA2/Au/Au_nat_30069.jpg,train,0,nat30069
CASIA2/Au/Au_nat_30070.jpg,train,2,nat30070
CASIA2/Au/Au_nat_30071.jpg,train,3,nat30071
CASIA2/Au/Au_nat_30072.jpg,test,-1,nat30072
CASIA2/Au/Au_nat_30073.jpg,train,0,nat30073
CASIA2/Au/Au_nat_30074.jpg,train,3,nat30074
CASIA2/Au/Au_nat_30075.jpg,train,3,nat30075
CASIA2/Au/Au_nat_30076.jpg,train,2,nat30076
CASIA2/Au/Au_nat_30077.jpg,train,1,nat30077
CASIA2/Au/Au_nat_30078.jpg,test,-1,nat30078
CASIA2/Au/Au_nat_30079.jpg,train,1,nat30079
CASIA2/Au/Au_nat_30080.jpg,train,0,nat30080
CASIA2/Au/Au_nat_30081.jpg,val,4,nat30081
CASIA2/Au/Au_nat_30082.jpg,train,1,nat30082
CASIA2/Au/Au_nat_30083.jpg,val,3,nat30083
CASIA2/Au/Au_nat_30084.jpg,test,-1,nat30084
CASIA2/Au/Au_nat_30085.jpg,train,3,nat30085
CASIA2/Au/Au_nat_30086.jpg,train,1,nat30086
CASIA2/Au/Au_nat_30087.jpg,val,3,nat30087
CASIA2/Au/Au_nat_30088.jpg,train,1,nat30088
CASIA2/Au/Au_nat_30089.jpg,train,1,nat30089
CASIA2/Au/Au_nat_30090.jpg,val,4,nat30090
CASIA2/Au/Au_nat_30091.jpg,train,0,nat30091
CASIA2/Au/Au_nat_30092.jpg,train,1,nat30092
CASIA2/Au/Au_nat_30093.jpg,train,1,nat30093
CASIA2/Au/Au_nat_30094.jpg,val,4,nat30094
CASIA2/Au/Au_nat_30095.jpg,val,3,nat30095
CASIA2/Au/Au_nat_30096.jpg,train,4,nat30096
CASIA2/Au/Au_nat_30097.jpg,test,-1,nat30097
CASIA2/Au/Au_nat_30098.jpg,train,0,nat30098
CASIA2/Au/Au_nat_30099.jpg,train,0,nat30099
CASIA2/Au/Au_nat_30100.jpg,train,4,nat30100
CASIA2/Au/Au_nat_30101.jpg,train,2,nat30101
CASIA2/Au/Au_nat_30102.jpg,val,2,nat30102
CASIA2/Au/Au_nat_30103.jpg,train,2,nat30103
CASIA2/Au/Au_nat_30104.jpg,train,1,nat30104
CASIA2/Au/Au_nat_30105.jpg,train,1,nat30105
CASIA2/Au/Au_nat_30106.jpg,test,-1,nat30106
CASIA2/Au/Au_nat_30107.jpg,train,2,nat30107
CASIA2/Au/Au_nat_30108.jpg,train,2,nat30108
CASIA2/Au/Au_nat_30109.jpg,train,0,nat30109
CASIA2/Au/Au_nat_30110.jpg,train,2,nat30110
CASIA2/Au/Au_nat_30111.jpg,train,4,nat30111
CASIA2/Au/Au_nat_30112.jpg,train,0,nat30112
CASIA2/Au/Au_nat_30113.jpg,train,1,nat30113
CASIA2/Au/Au_nat_30114.jpg,val,4,nat30114
CASIA2/Au/Au_nat_30115.jpg,train,1,nat30115
CASIA2/Au/Au_nat_30116.jpg,train,2,nat30116
CASIA2/Au/Au_nat_30117.jpg,train,1,nat30117
CASIA2/Au/Au_nat_30118.jpg,train,2,nat30118
CASIA2/Au/Au_nat_30119.jpg,val,2,nat30119
CASIA2/Au/Au_nat_30120.jpg,train,3,nat30120
CASIA2/Au/Au_nat_30121.jpg,train,1,nat30121
CASIA2/Au/Au_nat_30122.jpg,test,-1,nat30122
CASIA2/Au/Au_nat_30123.jpg,val,4,nat30123
CASIA2/Au/Au_nat_30124.jpg,train,3,nat30124
CASIA2/Au/Au_nat_30125.jpg,train,2,nat30125
CASIA2/Au/Au_nat_30126.jpg,test,-1,nat30126
CASIA2/Au/Au_nat_30127.jpg,val,4,nat30127
CASIA2/Au/Au_nat_30128.jpg,val,4,nat30128
CASIA2/Au/Au_nat_30129.jpg,train,1,nat30129
CASIA2/Au/Au_nat_30130.jpg,train,4,nat30130
CASIA2/Au/Au_nat_30131.jpg,train,3,nat30131
CASIA2/Au/Au_nat_30132.jpg,val,4,nat30132
CASIA2/Au/Au_nat_30133.jpg,test,-1,nat30133
CASIA2/Au/Au_nat_30134.jpg,train,3,nat30134
CASIA2/Au/Au_nat_30135.jpg,val,4,nat30135
CASIA2/Au/Au_nat_30136.jpg,train,0,nat30136
CASIA2/Au/Au_nat_30137.jpg,train,4,nat30137
CASIA2/Au/Au_nat_30138.jpg,train,3,nat30138
CASIA2/Au/Au_nat_30139.jpg,val,1,nat30139
CASIA2/Au/Au_nat_30140.jpg,val,2,nat30140
CASIA2/Au/Au_nat_30141.jpg,train,4,nat30141
CASIA2/Au/Au_nat_30142.jpg,val,3,nat30142
CASIA2/Au/Au_nat_30143.jpg,train,3,nat30143
CASIA2/Au/Au_nat_30144.jpg,train,3,nat30144
CASIA2/Au/Au_nat_30145.jpg,train,2,nat30145
CASIA2/Au/Au_nat_30146.jpg,train,1,nat30146
CASIA2/Au/Au_nat_30147.jpg,val,0,nat30147
CASIA2/Au/Au_nat_30148.jpg,train,3,nat30148
CASIA2/Au/Au_nat_30149.jpg,val,4,nat30149
CASIA2/Au/Au_nat_30150.jpg,train,2,nat30150
CASIA2/Au/Au_nat_30151.jpg,train,3,nat30151
CASIA2/Au/Au_nat_30152.jpg,test,-1,nat30152
CASIA2/Au/Au_nat_30153.jpg,train,1,nat30153
CASIA2/Au/Au_nat_30154.jpg,train,1,nat30154
CASIA2/Au/Au_nat_30155.jpg,train,2,nat30155
CASIA2/Au/Au_nat_30156.jpg,train,0,nat30156
CASIA2/Au/Au_nat_30157.jpg,test,-1,nat30157
CASIA2/Au/Au_nat_30158.jpg,train,1,nat30158
CASIA2/Au/Au_nat_30159.jpg,train,0,nat30159
CASIA2/Au/Au_nat_30160.jpg,train,3,nat30160
CASIA2/Au/Au_nat_30161.jpg,train,4,nat30161
CASIA2/Au/Au_nat_30162.jpg,val,1,nat30162
CASIA2/Au/Au_nat_30163.jpg,test,-1,nat30163
CASIA2/Au/Au_nat_30164.jpg,val,3,nat30164
CASIA2/Au/Au_nat_30165.jpg,val,2,nat30165
CASIA2/Au/Au_nat_30166.jpg,train,1,nat30166
CASIA2/Au/Au_nat_30167.jpg,train,1,nat30167
CASIA2/Au/Au_nat_30168.jpg,train,2,nat30168
CASIA2/Au/Au_nat_30169.jpg,train,2,nat30169
CASIA2/Au/Au_nat_30170.jpg,train,0,nat30170
CASIA2/Au/Au_nat_30171.jpg,val,0,nat30171
CASIA2/Au/Au_nat_30172.jpg,train,1,nat30172
CASIA2/Au/Au_nat_30173.jpg,train,2,nat30173
CASIA2/Au/Au_nat_30174.jpg,train,1,nat30174
CASIA2/Au/Au_nat_30175.jpg,train,1,nat30175
CASIA2/Au/Au_nat_30176.jpg,val,3,nat30176
CASIA2/Au/Au_nat_30177.jpg,train,3,nat30177
CASIA2/Au/Au_nat_30178.jpg,train,0,nat30178
CASIA2/Au/Au_nat_30179.jpg,train,4,nat30179
CASIA2/Au/Au_nat_30180.jpg,train,0,nat30180
CASIA2/Au/Au_nat_30181.jpg,train,2,nat30181
CASIA2/Au/Au_nat_30182.jpg,test,-1,nat30182
CASIA2/Au/Au_nat_30183.jpg,train,4,nat30183
CASIA2/Au/Au_nat_30184.jpg,train,3,nat30184
CASIA2/Au/Au_nat_30185.jpg,train,4,nat30185
CASIA2/Au/Au_nat_30186.jpg,train,2,nat30186
CASIA2/Au/Au_nat_30187.jpg,test,-1,nat30187
CASIA2/Au/Au_nat_30188.jpg,train,0,nat30188
CASIA2/Au/Au_nat_30189.jpg,train,0,nat30189
CASIA2/Au/Au_nat_30190.jpg,train,2,nat30190
CASIA2/Au/Au_nat_30191.jpg,train,3,nat30191
CASIA2/Au/Au_nat_30192.jpg,train,2,nat30192
CASIA2/Au/Au_nat_30193.jpg,test,-1,nat30193
CASIA2/Au/Au_nat_30194.jpg,train,1,nat30194
CASIA2/Au/Au_nat_30195.jpg,train,4,nat30195
CASIA2/Au/Au_nat_30196.jpg,train,4,nat30196
CASIA2/Au/Au_nat_30197.jpg,train,3,nat30197
CASIA2/Au/Au_nat_30198.jpg,train,3,nat30198
CASIA2/Au/Au_nat_30199.jpg,train,0,nat30199
CASIA2/Au/Au_nat_30200.jpg,train,1,nat30200
CASIA2/Au/Au_nat_30201.jpg,train,0,nat30201
CASIA2/Au/Au_nat_30202.jpg,test,-1,nat30202
CASIA2/Au/Au_nat_30203.jpg,train,3,nat30203
CASIA2/Au/Au_nat_30204.jpg,train,2,nat30204
CASIA2/Au/Au_nat_30205.jpg,train,2,nat30205
CASIA2/Au/Au_nat_30206.jpg,train,4,nat30206
CASIA2/Au/Au_nat_30207.jpg,train,3,nat30207
CASIA2/Au/Au_nat_30208.jpg,train,3,nat30208
CASIA2/Au/Au_nat_30209.jpg,test,-1,nat30209
CASIA2/Au/Au_nat_30210.jpg,train,0,nat30210
CASIA2/Au/Au_nat_30211.jpg,train,0,nat30211
CASIA2/Au/Au_nat_30212.jpg,train,0,nat30212
CASIA2/Au/Au_nat_30213.jpg,train,3,nat30213
CASIA2/Au/Au_nat_30214.jpg,train,3,nat30214
CASIA2/Au/Au_nat_30215.jpg,train,1,nat30215
CASIA2/Au/Au_nat_30216.jpg,val,3,nat30216
CASIA2/Au/Au_nat_30217.jpg,train,3,nat30217
CASIA2/Au/Au_nat_30218.jpg,train,2,nat30218
CASIA2/Au/Au_nat_30219.jpg,val,1,nat30219
CASIA2/Au/Au_nat_30220.jpg,train,2,nat30220
CASIA2/Au/Au_nat_30221.jpg,test,-1,nat30221
CASIA2/Au/Au_nat_30222.jpg,train,2,nat30222
CASIA2/Au/Au_nat_30223.jpg,train,3,nat30223
CASIA2/Au/Au_nat_30224.jpg,train,2,nat30224
CASIA2/Au/Au_nat_30225.jpg,train,3,nat30225
CASIA2/Au/Au_nat_30226.jpg,train,1,nat30226
CASIA2/Au/Au_nat_30227.jpg,train,3,nat30227
CASIA2/Au/Au_nat_30228.jpg,train,2,nat30228
CASIA2/Au/Au_nat_30229.jpg,val,4,nat30229
CASIA2/Au/Au_nat_30230.jpg,train,2,nat30230
CASIA2/Au/Au_nat_30231.jpg,train,0,nat30231
CASIA2/Au/Au_nat_30232.jpg,train,1,nat30232
CASIA2/Au/Au_nat_30233.jpg,train,0,nat30233
CASIA2/Au/Au_nat_30234.jpg,train,3,nat30234
CASIA2/Au/Au_nat_30235.jpg,train,1,nat30235
CASIA2/Au/Au_nat_30236.jpg,train,1,nat30236
CASIA2/Au/Au_nat_30237.jpg,train,4,nat30237
CASIA2/Au/Au_nat_30238.jpg,train,1,nat30238
CASIA2/Au/Au_nat_30239.jpg,train,0,nat30239
CASIA2/Au/Au_nat_30240.jpg,train,4,nat30240
CASIA2/Au/Au_nat_30241.jpg,train,1,nat30241
CASIA2/Au/Au_nat_30242.jpg,train,4,nat30242
CASIA2/Au/Au_nat_30243.jpg,train,0,nat30243
CASIA2/Au/Au_nat_30244.jpg,train,3,nat30244
CASIA2/Au/Au_nat_30245.jpg,train,2,nat30245
CASIA2/Au/Au_nat_30246.jpg,test,-1,nat30246
CASIA2/Au/Au_nat_30247.jpg,train,0,nat30247
CASIA2/Au/Au_nat_30248.jpg,val,1,nat30248
CASIA2/Au/Au_nat_30249.jpg,test,-1,nat30249
CASIA2/Au/Au_nat_30250.jpg,train,3,nat30250
CASIA2/Au/Au_nat_30251.jpg,train,0,nat30251
CASIA2/Au/Au_nat_30252.jpg,train,3,nat30252
CASIA2/Au/Au_nat_30253.jpg,train,0,nat30253
CASIA2/Au/Au_nat_30254.jpg,train,0,nat30254
CASIA2/Au/Au_nat_30255.jpg,test,-1,nat30255
CASIA2/Au/Au_nat_30256.jpg,train,2,nat30256
CASIA2/Au/Au_nat_30257.jpg,train,3,nat30257
CASIA2/Au/Au_nat_30258.jpg,val,0,nat30258
CASIA2/Au/Au_nat_30259.jpg,test,-1,nat30259
CASIA2/Au/Au_nat_30260.jpg,train,3,nat30260
CASIA2/Au/Au_nat_30261.jpg,train,1,nat30261
CASIA2/Au/Au_nat_30262.jpg,val,3,nat30262
CASIA2/Au/Au_nat_30263.jpg,val,2,nat30263
CASIA2/Au/Au_nat_30264.jpg,train,0,nat30264
CASIA2/Au/Au_nat_30265.jpg,val,3,nat30265
CASIA2/Au/Au_nat_30266.jpg,train,0,nat30266
CASIA2/Au/Au_nat_30267.jpg,train,3,nat30267
CASIA2/Au/Au_nat_30268.jpg,train,4,nat30268
CASIA2/Au/Au_nat_30269.jpg,train,4,nat30269
CASIA2/Au/Au_nat_30270.jpg,train,1,nat30270
CASIA2/Au/Au_nat_30271.jpg,train,0,nat30271
CASIA2/Au/Au_nat_30272.jpg,train,2,nat30272
CASIA2/Au/Au_nat_30273.jpg,train,3,nat30273
CASIA2/Au/Au_nat_30274.jpg,train,1,nat30274
CASIA2/Au/Au_nat_30275.jpg,train,0,nat30275
CASIA2/Au/Au_nat_30276.jpg,train,0,nat30276
CASIA2/Au/Au_nat_30277.jpg,train,0,nat30277
CASIA2/Au/Au_nat_30278.jpg,train,1,nat30278
CASIA2/Au/Au_nat_30279.jpg,test,-1,nat30279
CASIA2/Au/Au_nat_30280.jpg,train,3,nat30280
CASIA2/Au/Au_nat_30281.jpg,train,3,nat30281
CASIA2/Au/Au_nat_30282.jpg,train,4,nat30282
CASIA2/Au/Au_nat_30283.jpg,train,0,nat30283
CASIA2/Au/Au_nat_30284.jpg,val,0,nat30284
CASIA2/Au/Au_nat_30285.jpg,train,1,nat30285
CASIA2/Au/Au_nat_30286.jpg,train,1,nat30286
CASIA2/Au/Au_nat_30287.jpg,train,1,nat30287
CASIA2/Au/Au_nat_30288.jpg,val,2,nat00017
CASIA2/Au/Au_nat_30289.jpg,train,3,nat30289
CASIA2/Au/Au_nat_30290.jpg,train,0,nat00018
CASIA2/Au/Au_nat_30291.jpg,train,4,nat00019
CASIA2/Au/Au_nat_30292.jpg,train,3,nat30292
CASIA2/Au/Au_nat_30293.jpg,train,4,nat30293
CASIA2/Au/Au_nat_30294.jpg,train,0,nat30294
CASIA2/Au/Au_nat_30295.jpg,val,1,nat00020
CASIA2/Au/Au_nat_30296.jpg,val,4,nat30296
CASIA2/Au/Au_nat_30297.jpg,train,3,nat30297
CASIA2/Au/Au_nat_30298.jpg,train,2,nat30298
CASIA2/Au/Au_nat_30299.jpg,test,-1,nat30299
CASIA2/Au/Au_nat_30300.jpg,test,-1,nat30300
CASIA2/Au/Au_nat_30301.jpg,val,1,nat30301
CASIA2/Au/Au_nat_30302.jpg,train,0,nat30302
CASIA2/Au/Au_nat_30303.jpg,train,3,nat00028
CASIA2/Au/Au_nat_30304.jpg,train,4,nat30304
CASIA2/Au/Au_nat_30305.jpg,val,3,nat30305
CASIA2/Au/Au_nat_30306.jpg,train,0,nat00029
CASIA2/Au/Au_nat_30307.jpg,train,2,nat00030
CASIA2/Au/Au_nat_30308.jpg,train,3,nat30308
CASIA2/Au/Au_nat_30309.jpg,train,1,nat30309
CASIA2/Au/Au_nat_30310.jpg,train,1,nat30310
CASIA2/Au/Au_nat_30311.jpg,train,1,nat00031
CASIA2/Au/Au_nat_30312.jpg,train,2,nat30312
CASIA2/Au/Au_nat_30313.jpg,test,-1,nat30313
CASIA2/Au/Au_nat_30314.jpg,train,4,nat30314
CASIA2/Au/Au_nat_30315.jpg,train,2,nat30315
CASIA2/Au/Au_nat_30316.jpg,train,1,nat30316
CASIA2/Au/Au_nat_30317.jpg,train,3,nat30317
CASIA2/Au/Au_nat_30318.jpg,train,4,nat30318
CASIA2/Au/Au_nat_30319.jpg,val,0,nat30319
CASIA2/Au/Au_nat_30320.jpg,test,-1,nat30320
CASIA2/Au/Au_nat_30321.jpg,train,2,nat30321
CASIA2/Au/Au_nat_30322.jpg,val,2,nat30322
CASIA2/Au/Au_nat_30323.jpg,train,3,nat30323
CASIA2/Au/Au_nat_30324.jpg,train,0,nat30324
CASIA2/Au/Au_nat_30325.jpg,test,-1,nat30325
CASIA2/Au/Au_nat_30326.jpg,test,-1,nat30326
CASIA2/Au/Au_nat_30327.jpg,train,1,nat30327
CASIA2/Au/Au_nat_30328.jpg,train,0,nat30328
CASIA2/Au/Au_nat_30329.jpg,val,2,nat30329
CASIA2/Au/Au_nat_30330.jpg,train,4,nat30330
CASIA2/Au/Au_nat_30331.jpg,train,0,nat30331
CASIA2/Au/Au_nat_30332.jpg,train,4,nat30332
CASIA2/Au/Au_nat_30333.jpg,train,4,nat30333
CASIA2/Au/Au_nat_30334.jpg,train,4,nat30334
CASIA2/Au/Au_nat_30335.jpg,val,2,nat30335
CASIA2/Au/Au_nat_30336.jpg,val,2,nat30336
CASIA2/Au/Au_nat_30337.jpg,train,3,nat30337
CASIA2/Au/Au_nat_30338.jpg,train,1,nat30338
CASIA2/Au/Au_nat_30339.jpg,test,-1,nat30339
CASIA2/Au/Au_nat_30340.jpg,val,4,nat30340
CASIA2/Au/Au_nat_30341.jpg,train,1,nat30341
CASIA2/Au/Au_nat_30342.jpg,train,3,nat30342
CASIA2/Au/Au_nat_30343.jpg,test,-1,nat30343
CASIA2/Au/Au_nat_30344.jpg,train,4,nat30344
CASIA2/Au/Au_nat_30345.jpg,test,-1,nat30345
CASIA2/Au/Au_nat_30346.jpg,train,1,nat30346
CASIA2/Au/Au_nat_30347.jpg,train,3,nat30347
CASIA2/Au/Au_nat_30348.jpg,train,2,nat30348
CASIA2/Au/Au_nat_30349.jpg,train,2,nat30349
CASIA2/Au/Au_nat_30350.jpg,train,3,nat30350
CASIA2/Au/Au_nat_30351.jpg,train,3,nat30351
CASIA2/Au/Au_nat_30352.jpg,train,1,nat30352
CASIA2/Au/Au_nat_30353.jpg,train,0,nat30353
CASIA2/Au/Au_nat_30354.jpg,train,0,nat30354
CASIA2/Au/Au_nat_30355.jpg,train,2,nat30355
CASIA2/Au/Au_nat_30356.jpg,train,1,nat30356
CASIA2/Au/Au_nat_30357.jpg,train,4,nat30357
CASIA2/Au/Au_nat_30358.jpg,val,0,nat30358
CASIA2/Au/Au_nat_30359.jpg,test,-1,nat30359
CASIA2/Au/Au_nat_30360.jpg,train,1,nat30360
CASIA2/Au/Au_nat_30361.jpg,test,-1,nat30361
CASIA2/Au/Au_nat_30362.jpg,train,2,nat30362
CASIA2/Au/Au_nat_30363.jpg,train,2,nat30363
CASIA2/Au/Au_nat_30364.jpg,train,0,nat30364
CASIA2/Au/Au_nat_30365.jpg,val,0,nat30365
CASIA2/Au/Au_nat_30366.jpg,train,0,nat30366
CASIA2/Au/Au_nat_30367.jpg,train,3,nat30367
CASIA2/Au/Au_nat_30368.jpg,train,2,nat00032
CASIA2/Au/Au_nat_30369.jpg,train,3,nat30369
CASIA2/Au/Au_nat_30370.jpg,test,-1,nat30370
CASIA2/Au/Au_nat_30371.jpg,train,1,nat00033
CASIA2/Au/Au_nat_30372.jpg,test,-1,nat30372
CASIA2/Au/Au_nat_30373.jpg,test,-1,nat00034
CASIA2/Au/Au_nat_30374.jpg,train,4,nat30374
CASIA2/Au/Au_nat_30375.jpg,val,4,nat30375
CASIA2/Au/Au_nat_30376.jpg,val,2,nat30376
CASIA2/Au/Au_nat_30377.jpg,test,-1,nat30377
CASIA2/Au/Au_nat_30378.jpg,train,4,nat30378
CASIA2/Au/Au_nat_30379.jpg,train,3,nat30379
CASIA2/Au/Au_nat_30380.jpg,train,2,nat30380
CASIA2/Au/Au_nat_30381.jpg,train,4,nat30381
CASIA2/Au/Au_nat_30382.jpg,val,1,nat30382
CASIA2/Au/Au_nat_30383.jpg,val,3,nat30383
CASIA2/Au/Au_nat_30384.jpg,val,0,nat30384
CASIA2/Au/Au_nat_30385.jpg,train,4,nat30385
CASIA2/Au/Au_nat_30386.jpg,train,4,nat00035
CASIA2/Au/Au_nat_30387.jpg,train,3,nat00036
CASIA2/Au/Au_nat_30388.jpg,test,-1,nat30388
CASIA2/Au/Au_nat_30389.jpg,test,-1,nat30389
CASIA2/Au/Au_nat_30390.jpg,train,4,nat30390
CASIA2/Au/Au_nat_30391.jpg,test,-1,nat30391
CASIA2/Au/Au_nat_30392.jpg,train,2,nat30392
CASIA2/Au/Au_nat_30393.jpg,train,0,nat30393
CASIA2/Au/Au_nat_30394.jpg,train,3,nat30394
CASIA2/Au/Au_nat_30395.jpg,train,4,nat30395
CASIA2/Au/Au_nat_30396.jpg,train,0,nat30396
CASIA2/Au/Au_nat_30397.jpg,train,1,ani00001
CASIA2/Au/Au_nat_30398.jpg,train,3,nat30398
CASIA2/Au/Au_nat_30399.jpg,train,1,nat30399
CASIA2/Au/Au_nat_30400.jpg,train,4,nat30400
CASIA2/Au/Au_nat_30401.jpg,test,-1,nat30401
CASIA2/Au/Au_nat_30402.jpg,val,1,nat30402
CASIA2/Au/Au_nat_30403.jpg,train,0,nat30403
CASIA2/Au/Au_nat_30404.jpg,val,4,nat30404
CASIA2/Au/Au_nat_30405.jpg,train,4,nat30405
CASIA2/Au/Au_nat_30406.jpg,val,4,nat30406
CASIA2/Au/Au_nat_30407.jpg,train,3,nat30407
CASIA2/Au/Au_nat_30408.jpg,train,1,nat30408
CASIA2/Au/Au_nat_30409.jpg,train,4,nat30409
CASIA2/Au/Au_nat_30410.jpg,train,1,nat30410
CASIA2/Au/Au_nat_30411.jpg,train,2,nat30411
CASIA2/Au/Au_nat_30412.jpg,train,0,nat30412
CASIA2/Au/Au_nat_30413.jpg,train,2,nat30413
CASIA2/Au/Au_nat_30414.jpg,train,3,nat30414
CASIA2/Au/Au_nat_30415.jpg,test,-1,nat30415
CASIA2/Au/Au_nat_30416.jpg,val,1,nat30416
CASIA2/Au/Au_nat_30417.jpg,train,2,nat30417
CASIA2/Au/Au_nat_30418.jpg,train,3,nat00038
CASIA2/Au/Au_nat_30419.jpg,train,1,nat30419
CASIA2/Au/Au_nat_30420.jpg,train,4,nat00039
CASIA2/Au/Au_nat_30421.jpg,train,0,nat30421
CASIA2/Au/Au_nat_30422.jpg,test,-1,nat30422
CASIA2/Au/Au_nat_30423.jpg,train,4,nat30423
CASIA2/Au/Au_nat_30424.jpg,val,2,nat00040
CASIA2/Au/Au_nat_30425.jpg,val,4,nat30425
CASIA2/Au/Au_nat_30426.jpg,train,3,nat30426
CASIA2/Au/Au_nat_30427.jpg,train,3,nat30427
CASIA2/Au/Au_nat_30428.jpg,train,2,nat30428
CASIA2/Au/Au_nat_30429.jpg,train,2,nat00041
CASIA2/Au/Au_nat_30430.jpg,train,2,nat30430
CASIA2/Au/Au_nat_30431.jpg,test,-1,nat30431
CASIA2/Au/Au_nat_30432.jpg,train,3,nat30432
CASIA2/Au/Au_nat_30433.jpg,train,4,nat30433
CASIA2/Au/Au_nat_30434.jpg,train,0,nat30434
CASIA2/Au/Au_nat_30435.jpg,train,1,nat30435
CASIA2/Au/Au_nat_30436.jpg,train,0,nat30436
CASIA2/Au/Au_nat_30437.jpg,train,1,nat30437
CASIA2/Au/Au_nat_30438.jpg,train,2,nat00042
CASIA2/Au/Au_nat_30439.jpg,train,2,nat30439
CASIA2/Au/Au_nat_30440.jpg,train,4,nat30440
CASIA2/Au/Au_nat_30441.jpg,train,1,nat00043
CASIA2/Au/Au_nat_30442.jpg,train,2,nat30442
CASIA2/Au/Au_nat_30443.jpg,train,1,nat30443
CASIA2/Au/Au_nat_30444.jpg,test,-1,nat30444
CASIA2/Au/Au_nat_30445.jpg,train,4,nat30445
CASIA2/Au/Au_nat_30446.jpg,train,2,nat30446
CASIA2/Au/Au_nat_30447.jpg,train,4,nat00044
CASIA2/Au/Au_nat_30448.jpg,train,0,nat00045
CASIA2/Au/Au_nat_30449.jpg,test,-1,nat30449
CASIA2/Au/Au_nat_30450.jpg,test,-1,nat30450
CASIA2/Au/Au_nat_30451.jpg,train,1,nat30451
CASIA2/Au/Au_nat_30452.jpg,train,3,nat30452
CASIA2/Au/Au_nat_30453.jpg,train,4,nat30453
CASIA2/Au/Au_nat_30454.jpg,train,1,nat30454
CASIA2/Au/Au_nat_30455.jpg,test,-1,nat30455
CASIA2/Au/Au_nat_30456.jpg,train,2,nat30456
CASIA2/Au/Au_nat_30457.jpg,val,2,nat30457
CASIA2/Au/Au_nat_30458.jpg,train,0,nat30458
CASIA2/Au/Au_nat_30459.jpg,test,-1,nat30459
CASIA2/Au/Au_nat_30460.jpg,test,-1,nat30460
CASIA2/Au/Au_nat_30461.jpg,train,3,nat30461
CASIA2/Au/Au_nat_30462.jpg,train,4,nat30462
CASIA2/Au/Au_nat_30463.jpg,train,0,nat30463
CASIA2/Au/Au_nat_30464.jpg,train,3,nat30464
CASIA2/Au/Au_nat_30465.jpg,val,2,nat30465
CASIA2/Au/Au_nat_30466.jpg,train,1,nat30466
CASIA2/Au/Au_nat_30467.jpg,train,0,nat30467
CASIA2/Au/Au_nat_30468.jpg,train,4,nat30468
CASIA2/Au/Au_nat_30469.jpg,train,4,nat30469
CASIA2/Au/Au_nat_30470.jpg,train,3,nat30470
CASIA2/Au/Au_nat_30471.jpg,val,0,nat30471
CASIA2/Au/Au_nat_30472.jpg,train,3,nat30472
CASIA2/Au/Au_nat_30473.jpg,val,3,nat30473
CASIA2/Au/Au_nat_30474.jpg,val,4,nat30474
CASIA2/Au/Au_nat_30475.jpg,train,4,nat30475
CASIA2/Au/Au_nat_30476.jpg,train,1,nat30476
CASIA2/Au/Au_nat_30477.jpg,train,1,nat30477
CASIA2/Au/Au_nat_30478.jpg,train,1,nat30478
CASIA2/Au/Au_nat_30479.jpg,train,4,nat30479
CASIA2/Au/Au_nat_30480.jpg,test,-1,nat30480
CASIA2/Au/Au_nat_30481.jpg,train,2,nat30481
CASIA2/Au/Au_nat_30482.jpg,train,2,nat30482
CASIA2/Au/Au_nat_30483.jpg,train,0,nat30483
CASIA2/Au/Au_nat_30484.jpg,val,0,nat30484
CASIA2/Au/Au_nat_30485.jpg,train,0,nat30485
CASIA2/Au/Au_nat_30486.jpg,train,4,nat30486
CASIA2/Au/Au_nat_30487.jpg,train,2,nat30487
CASIA2/Au/Au_nat_30488.jpg,val,0,nat30488
CASIA2/Au/Au_nat_30489.jpg,test,-1,nat30489
CASIA2/Au/Au_nat_30490.jpg,train,0,nat30490
CASIA2/Au/Au_nat_30491.jpg,train,0,nat30491
CASIA2/Au/Au_nat_30492.jpg,val,0,nat30492
CASIA2/Au/Au_nat_30493.jpg,train,0,nat30493
CASIA2/Au/Au_nat_30494.jpg,val,2,nat30494
CASIA2/Au/Au_nat_30495.jpg,train,4,nat30495
CASIA2/Au/Au_nat_30496.jpg,train,2,nat30496
CASIA2/Au/Au_nat_30497.jpg,train,4,nat30497
CASIA2/Au/Au_nat_30498.jpg,test,-1,nat30498
CASIA2/Au/Au_nat_30499.jpg,test,-1,nat30499
CASIA2/Au/Au_nat_30500.jpg,train,0,nat30500
CASIA2/Au/Au_nat_30501.jpg,train,1,nat30501
CASIA2/Au/Au_nat_30502.jpg,train,1,nat30502
CASIA2/Au/Au_nat_30503.jpg,train,0,nat30503
CASIA2/Au/Au_nat_30504.jpg,val,1,nat30504
CASIA2/Au/Au_nat_30505.jpg,train,3,nat30505
CASIA2/Au/Au_nat_30506.jpg,train,4,nat30506
CASIA2/Au/Au_nat_30507.jpg,val,2,nat30507
CASIA2/Au/Au_nat_30508.jpg,val,2,nat30508
CASIA2/Au/Au_nat_30509.jpg,test,-1,nat30509
CASIA2/Au/Au_nat_30510.jpg,test,-1,nat30510
CASIA2/Au/Au_nat_30511.jpg,train,2,nat30511
CASIA2/Au/Au_nat_30512.jpg,train,3,nat30512
CASIA2/Au/Au_nat_30513.jpg,train,0,nat30513
CASIA2/Au/Au_nat_30514.jpg,train,1,nat30514
CASIA2/Au/Au_nat_30515.jpg,val,1,nat30515
CASIA2/Au/Au_nat_30516.jpg,train,0,nat30516
CASIA2/Au/Au_nat_30517.jpg,train,0,nat30517
CASIA2/Au/Au_nat_30518.jpg,test,-1,nat30518
CASIA2/Au/Au_nat_30519.jpg,train,3,nat30519
CASIA2/Au/Au_nat_30520.jpg,train,0,nat30520
CASIA2/Au/Au_nat_30521.jpg,val,2,nat30521
CASIA2/Au/Au_nat_30522.jpg,train,3,nat30522
CASIA2/Au/Au_nat_30523.jpg,train,1,nat30523
CASIA2/Au/Au_nat_30524.jpg,train,2,nat30524
CASIA2/Au/Au_nat_30525.jpg,train,1,nat30525
CASIA2/Au/Au_nat_30526.jpg,train,0,nat30526
CASIA2/Au/Au_nat_30527.jpg,train,0,nat30527
CASIA2/Au/Au_nat_30528.jpg,train,3,nat30528
CASIA2/Au/Au_nat_30529.jpg,train,0,nat30529
CASIA2/Au/Au_nat_30530.jpg,train,3,nat30530
CASIA2/Au/Au_nat_30531.jpg,train,0,nat30531
CASIA2/Au/Au_nat_30532.jpg,train,1,nat30532
CASIA2/Au/Au_nat_30533.jpg,train,3,nat30533
CASIA2/Au/Au_nat_30534.jpg,train,2,nat30534
CASIA2/Au/Au_nat_30535.jpg,val,2,nat30535
CASIA2/Au/Au_nat_30536.jpg,test,-1,nat30536
CASIA2/Au/Au_nat_30537.jpg,train,1,nat30537
CASIA2/Au/Au_nat_30538.jpg,test,-1,nat30538
CASIA2/Au/Au_nat_30539.jpg,val,1,nat30539
CASIA2/Au/Au_nat_30540.jpg,train,2,nat30540
CASIA2/Au/Au_nat_30541.jpg,train,1,nat30541
CASIA2/Au/Au_nat_30542.jpg,val,3,nat30542
CASIA2/Au/Au_nat_30543.jpg,val,3,nat30543
CASIA2/Au/Au_nat_30544.jpg,train,4,nat30544
CASIA2/Au/Au_nat_30545.jpg,train,1,nat30545
CASIA2/Au/Au_nat_30546.jpg,val,3,nat30546
CASIA2/Au/Au_nat_30547.jpg,train,0,nat30547
CASIA2/Au/Au_nat_30548.jpg,train,4,nat30548
CASIA2/Au/Au_nat_30549.jpg,train,0,nat30549
CASIA2/Au/Au_nat_30550.jpg,test,-1,nat30550
CASIA2/Au/Au_nat_30551.jpg,train,2,nat30551
CASIA2/Au/Au_nat_30552.jpg,train,0,nat30552
CASIA2/Au/Au_nat_30553.jpg,train,4,nat30553
CASIA2/Au/Au_nat_30554.jpg,train,0,nat30554
CASIA2/Au/Au_nat_30555.jpg,train,2,nat30555
CASIA2/Au/Au_nat_30556.jpg,val,1,nat30556
CASIA2/Au/Au_nat_30557.jpg,train,0,nat30557
CASIA2/Au/Au_nat_30558.jpg,test,-1,nat30558
CASIA2/Au/Au_nat_30559.jpg,test,-1,nat30559
CASIA2/Au/Au_nat_30560.jpg,train,3,nat30560
CASIA2/Au/Au_nat_30561.jpg,train,1,nat30561
CASIA2/Au/Au_nat_30562.jpg,test,-1,nat30562
CASIA2/Au/Au_nat_30563.jpg,val,1,nat30563
CASIA2/Au/Au_nat_30564.jpg,train,4,nat30564
CASIA2/Au/Au_nat_30565.jpg,train,3,nat30565
CASIA2/Au/Au_nat_30566.jpg,val,3,nat30566
CASIA2/Au/Au_nat_30567.jpg,train,1,nat30567
CASIA2/Au/Au_nat_30568.jpg,test,-1,nat30568
CASIA2/Au/Au_nat_30569.jpg,train,2,nat30569
CASIA2/Au/Au_nat_30570.jpg,train,0,nat30570
CASIA2/Au/Au_nat_30571.jpg,val,3,nat30571
CASIA2/Au/Au_nat_30572.jpg,test,-1,nat30572
CASIA2/Au/Au_nat_30573.jpg,train,2,nat30573
CASIA2/Au/Au_nat_30574.jpg,train,1,nat30574
CASIA2/Au/Au_nat_30575.jpg,test,-1,nat30575
CASIA2/Au/Au_nat_30576.jpg,train,0,nat30576
CASIA2/Au/Au_nat_30577.jpg,train,3,nat30577
CASIA2/Au/Au_nat_30578.jpg,train,2,nat30578
CASIA2/Au/Au_nat_30579.jpg,test,-1,nat30579
CASIA2/Au/Au_nat_30580.jpg,train,0,nat30580
CASIA2/Au/Au_nat_30581.jpg,val,0,nat30581
CASIA2/Au/Au_nat_30582.jpg,test,-1,nat30582
CASIA2/Au/Au_nat_30583.jpg,train,0,nat30583
CASIA2/Au/Au_nat_30584.jpg,val,0,nat30584
CASIA2/Au/Au_nat_30585.jpg,test,-1,nat30585
CASIA2/Au/Au_nat_30586.jpg,test,-1,nat30586
CASIA2/Au/Au_nat_30587.jpg,test,-1,nat30587
CASIA2/Au/Au_nat_30588.jpg,train,4,nat30588
CASIA2/Au/Au_nat_30589.jpg,test,-1,nat30589
CASIA2/Au/Au_nat_30590.jpg,train,1,nat30590
CASIA2/Au/Au_nat_30591.jpg,test,-1,nat30591
CASIA2/Au/Au_nat_30592.jpg,train,4,nat30592
CASIA2/Au/Au_nat_30593.jpg,train,1,nat30593
CASIA2/Au/Au_nat_30594.jpg,train,3,nat30594
CASIA2/Au/Au_nat_30595.jpg,train,1,nat30595
CASIA2/Au/Au_nat_30596.jpg,train,0,nat30596
CASIA2/Au/Au_nat_30597.jpg,train,1,nat30597
CASIA2/Au/Au_nat_30598.jpg,train,3,nat30598
CASIA2/Au/Au_nat_30599.jpg,test,-1,nat30599
CASIA2/Au/Au_nat_30600.jpg,train,4,nat30600
CASIA2/Au/Au_nat_30601.jpg,train,4,nat30601
CASIA2/Au/Au_nat_30602.jpg,train,2,nat30602
CASIA2/Au/Au_nat_30603.jpg,train,3,nat30603
CASIA2/Au/Au_nat_30604.jpg,test,-1,nat30604
CASIA2/Au/Au_nat_30605.jpg,train,3,nat30605
CASIA2/Au/Au_nat_30606.jpg,train,3,nat30606
CASIA2/Au/Au_nat_30607.jpg,val,4,nat30607
CASIA2/Au/Au_nat_30608.jpg,test,-1,nat30608
CASIA2/Au/Au_nat_30609.jpg,train,1,nat30609
CASIA2/Au/Au_nat_30610.jpg,train,2,nat30610
CASIA2/Au/Au_nat_30611.jpg,test,-1,nat30611
CASIA2/Au/Au_nat_30612.jpg,train,2,nat30612
CASIA2/Au/Au_nat_30613.jpg,train,0,nat30613
CASIA2/Au/Au_nat_30614.jpg,train,2,nat30614
CASIA2/Au/Au_nat_30615.jpg,val,0,nat30615
CASIA2/Au/Au_nat_30616.jpg,val,1,nat30616
CASIA2/Au/Au_nat_30617.jpg,train,2,nat30617
CASIA2/Au/Au_nat_30618.jpg,train,1,nat30618
CASIA2/Au/Au_nat_30619.jpg,train,2,nat30619
CASIA2/Au/Au_nat_30620.jpg,train,2,nat30620
CASIA2/Au/Au_nat_30621.jpg,val,4,nat30621
CASIA2/Au/Au_nat_30622.jpg,train,1,nat30622
CASIA2/Au/Au_nat_30623.jpg,train,2,nat30623
CASIA2/Au/Au_nat_30624.jpg,test,-1,nat30624
CASIA2/Au/Au_nat_30625.jpg,train,2,nat30625
CASIA2/Au/Au_nat_30626.jpg,train,1,nat30626
CASIA2/Au/Au_nat_30627.jpg,train,4,nat30627
CASIA2/Au/Au_nat_30628.jpg,train,0,nat30628
CASIA2/Au/Au_nat_30629.jpg,train,3,nat30629
CASIA2/Au/Au_nat_30630.jpg,val,1,nat30630
CASIA2/Au/Au_nat_30631.jpg,train,0,nat30631
CASIA2/Au/Au_nat_30632.jpg,train,2,nat30632
CASIA2/Au/Au_nat_30633.jpg,train,4,nat30633
CASIA2/Au/Au_nat_30634.jpg,train,4,nat30634
CASIA2/Au/Au_nat_30635.jpg,test,-1,nat30635
CASIA2/Au/Au_nat_30636.jpg,train,1,nat30636
CASIA2/Au/Au_nat_30637.jpg,train,0,nat30637
CASIA2/Au/Au_nat_30638.jpg,val,2,nat30638
CASIA2/Au/Au_nat_30639.jpg,train,3,nat30639
CASIA2/Au/Au_nat_30640.jpg,test,-1,nat30640
CASIA2/Au/Au_nat_30641.jpg,train,0,nat30641
CASIA2/Au/Au_nat_30642.jpg,train,4,nat30642
CASIA2/Au/Au_nat_30643.jpg,train,2,nat30643
CASIA2/Au/Au_nat_30644.jpg,test,-1,nat30644
CASIA2/Au/Au_nat_30645.jpg,train,3,nat30645
CASIA2/Au/Au_nat_30646.jpg,test,-1,nat30646
CASIA2/Au/Au_nat_30647.jpg,train,4,nat30647
CASIA2/Au/Au_nat_30648.jpg,train,0,nat30648
CASIA2/Au/Au_nat_30649.jpg,test,-1,nat30649
CASIA2/Au/Au_nat_30650.jpg,train,0,nat30650
CASIA2/Au/Au_nat_30651.jpg,train,0,nat30651
CASIA2/Au/Au_nat_30652.jpg,train,2,nat30652
CASIA2/Au/Au_nat_30653.jpg,val,2,nat30653
CASIA2/Au/Au_nat_30654.jpg,train,3,nat30654
CASIA2/Au/Au_nat_30655.jpg,train,4,nat30655
CASIA2/Au/Au_nat_30656.jpg,train,0,nat30656
CASIA2/Au/Au_nat_30657.jpg,train,3,nat30657
CASIA2/Au/Au_nat_30658.jpg,train,4,nat30658
CASIA2/Au/Au_nat_30659.jpg,train,4,nat30659
CASIA2/Au/Au_nat_30660.jpg,train,2,nat30660
CASIA2/Au/Au_nat_30661.jpg,val,2,nat30661
CASIA2/Au/Au_nat_30662.jpg,train,2,nat30662
CASIA2/Au/Au_nat_30663.jpg,test,-1,nat30663
CASIA2/Au/Au_nat_30664.jpg,train,3,nat30664
CASIA2/Au/Au_nat_30665.jpg,train,0,nat30665
CASIA2/Au/Au_nat_30666.jpg,train,0,nat30666
CASIA2/Au/Au_nat_30667.jpg,train,0,nat30667
CASIA2/Au/Au_nat_30668.jpg,train,2,nat30668
CASIA2/Au/Au_nat_30669.jpg,train,1,nat30669
CASIA2/Au/Au_nat_30670.jpg,test,-1,nat30670
CASIA2/Au/Au_nat_30671.jpg,train,3,nat30671
CASIA2/Au/Au_nat_30672.jpg,val,1,nat30672
CASIA2/Au/Au_nat_30673.jpg,train,2,nat30673
CASIA2/Au/Au_nat_30674.jpg,train,1,nat30674
CASIA2/Au/Au_nat_30675.jpg,train,3,nat30675
CASIA2/Au/Au_nat_30676.jpg,train,1,nat30676
CASIA2/Au/Au_nat_30677.jpg,val,4,nat30677
CASIA2/Au/Au_nat_30678.jpg,train,0,nat30678
CASIA2/Au/Au_nat_30679.jpg,train,3,nat30679
CASIA2/Au/Au_nat_30680.jpg,train,0,nat30680
CASIA2/Au/Au_nat_30681.jpg,test,-1,nat30681
CASIA2/Au/Au_nat_30682.jpg,train,1,nat30682
CASIA2/Au/Au_nat_30683.jpg,val,4,nat30683
CASIA2/Au/Au_nat_30684.jpg,train,0,nat30684
CASIA2/Au/Au_nat_30685.jpg,train,1,nat30685
CASIA2/Au/Au_nat_30686.jpg,test,-1,nat30686
CASIA2/Au/Au_nat_30687.jpg,train,2,nat30687
CASIA2/Au/Au_nat_30688.jpg,train,2,nat30688
CASIA2/Au/Au_nat_30689.jpg,val,4,nat30689
CASIA2/Au/Au_nat_30690.jpg,train,1,nat30690
CASIA2/Au/Au_nat_30691.jpg,train,1,nat30691
CASIA2/Au/Au_nat_30692.jpg,train,2,nat30692
CASIA2/Au/Au_nat_30693.jpg,train,4,nat30693
CASIA2/Au/Au_nat_30694.jpg,test,-1,nat30694
CASIA2/Au/Au_nat_30695.jpg,train,1,nat30695
CASIA2/Au/Au_nat_30696.jpg,train,4,nat30696
CASIA2/Au/Au_nat_30697.jpg,train,1,nat30697
CASIA2/Au/Au_nat_30698.jpg,val,1,nat30698
CASIA2/Au/Au_nat_30699.jpg,train,0,nat30699
CASIA2/Au/Au_nat_30700.jpg,train,0,nat30700
CASIA2/Au/Au_nat_30701.jpg,train,1,nat30701
CASIA2/Au/Au_nat_30702.jpg,val,1,nat30702
CASIA2/Au/Au_nat_30703.jpg,test,-1,nat30703
CASIA2/Au/Au_nat_30704.jpg,test,-1,nat30704
CASIA2/Au/Au_nat_30705.jpg,train,2,nat30705
CASIA2/Au/Au_nat_30706.jpg,val,1,nat30706
CASIA2/Au/Au_nat_30707.jpg,train,4,nat30707
CASIA2/Au/Au_nat_30708.jpg,train,0,nat30708
CASIA2/Au/Au_nat_30709.jpg,train,3,nat30709
CASIA2/Au/Au_nat_30710.jpg,train,4,nat30710
CASIA2/Au/Au_nat_30711.jpg,test,-1,nat30711
CASIA2/Au/Au_nat_30712.jpg,train,4,nat30712
CASIA2/Au/Au_nat_30713.jpg,train,3,nat30713
CASIA2/Au/Au_nat_30714.jpg,train,0,nat30714
CASIA2/Au/Au_nat_30715.jpg,train,0,nat30715
CASIA2/Au/Au_nat_30716.jpg,train,2,nat30716
CASIA2/Au/Au_nat_30717.jpg,train,1,nat30717
CASIA2/Au/Au_nat_30718.jpg,train,0,nat30718
CASIA2/Au/Au_nat_30719.jpg,train,1,nat30719
CASIA2/Au/Au_nat_30720.jpg,train,2,nat30720
CASIA2/Au/Au_nat_30721.jpg,train,0,nat30721
CASIA2/Au/Au_nat_30722.jpg,test,-1,nat30722
CASIA2/Au/Au_nat_30723.jpg,train,2,nat30723
CASIA2/Au/Au_nat_30724.jpg,test,-1,nat30724
CASIA2/Au/Au_nat_30725.jpg,train,0,nat30725
CASIA2/Au/Au_nat_30726.jpg,train,0,nat30726
CASIA2/Au/Au_nat_30727.jpg,train,4,nat30727
CASIA2/Au/Au_nat_30728.jpg,train,1,nat30728
CASIA2/Au/Au_nat_30729.jpg,train,1,nat30729
CASIA2/Au/Au_nat_30730.jpg,train,2,nat30730
CASIA2/Au/Au_nat_30731.jpg,val,0,nat30731
CASIA2/Au/Au_nat_30732.jpg,train,0,nat30732
CASIA2/Au/Au_nat_30733.jpg,train,4,nat30733
CASIA2/Au/Au_nat_30734.jpg,train,1,nat30734
CASIA2/Au/Au_nat_30735.jpg,val,2,nat30735
CASIA2/Au/Au_nat_30736.jpg,train,1,nat30736
CASIA2/Au/Au_pla_00001.jpg,train,0,pla00001
CASIA2/Au/Au_pla_00002.jpg,train,4,pla00002
CASIA2/Au/Au_pla_00003.jpg,train,4,pla00003
CASIA2/Au/Au_pla_00004.jpg,val,0,pla00004
CASIA2/Au/Au_pla_00005.jpg,train,2,pla00005
CASIA2/Au/Au_pla_00006.jpg,train,4,pla00006
CASIA2/Au/Au_pla_00007.jpg,train,4,pla00007
CASIA2/Au/Au_pla_00008.jpg,train,3,pla00008
CASIA2/Au/Au_pla_00009.jpg,train,3,pla00009
CASIA2/Au/Au_pla_00010.jpg,train,0,pla00010
CASIA2/Au/Au_pla_00011.jpg,train,2,pla00011
CASIA2/Au/Au_pla_00012.jpg,train,2,pla00012
CASIA2/Au/Au_pla_00013.jpg,train,2,pla00013
CASIA2/Au/Au_pla_00014.jpg,train,4,pla00014
CASIA2/Au/Au_pla_00015.jpg,train,4,pla00015
CASIA2/Au/Au_pla_00016.jpg,test,-1,pla00016
CASIA2/Au/Au_pla_00017.jpg,test,-1,pla00017
CASIA2/Au/Au_pla_00018.jpg,val,0,pla00018
CASIA2/Au/Au_pla_00019.jpg,test,-1,pla00019
CASIA2/Au/Au_pla_00020.jpg,train,3,pla00020
CASIA2/Au/Au_pla_00021.jpg,train,1,pla00021
CASIA2/Au/Au_pla_00022.jpg,test,-1,pla00022
CASIA2/Au/Au_pla_00023.jpg,train,2,pla00023
CASIA2/Au/Au_pla_00024.jpg,train,4,pla00024
CASIA2/Au/Au_pla_00025.jpg,train,4,pla00025
CASIA2/Au/Au_pla_00026.jpg,train,2,pla00026
CASIA2/Au/Au_pla_00027.jpg,test,-1,pla00027
CASIA2/Au/Au_pla_00028.jpg,val,4,pla00028
CASIA2/Au/Au_pla_00029.jpg,train,1,pla00029
CASIA2/Au/Au_pla_00030.jpg,train,0,pla00030
CASIA2/Au/Au_pla_00031.jpg,train,4,pla00031
CASIA2/Au/Au_pla_00032.jpg,train,3,pla00032
CASIA2/Au/Au_pla_00033.jpg,train,3,pla00033
CASIA2/Au/Au_pla_00034.jpg,train,3,pla00034
CASIA2/Au/Au_pla_00035.jpg,val,2,pla00035
CASIA2/Au/Au_pla_00036.jpg,train,2,pla00036
CASIA2/Au/Au_pla_00037.jpg,train,0,pla00037
CASIA2/Au/Au_pla_00038.jpg,val,3,pla00038
CASIA2/Au/Au_pla_00039.jpg,val,1,pla00039
CASIA2/Au/Au_pla_00040.jpg,train,1,pla00040
CASIA2/Au/Au_pla_00041.jpg,test,-1,pla00041
CASIA2/Au/Au_pla_00042.jpg,test,-1,pla00042
CASIA2/Au/Au_pla_00043.jpg,train,1,pla00043
CASIA2/Au/Au_pla_00044.jpg,train,4,pla00044
CASIA2/Au/Au_pla_00045.jpg,val,2,pla00045
CASIA2/Au/Au_pla_00046.jpg,test,-1,pla00046
CASIA2/Au/Au_pla_00047.jpg,train,3,pla00047
CASIA2/Au/Au_pla_00048.jpg,train,3,pla00048
CASIA2/Au/Au_pla_00049.jpg,train,1,pla00049
CASIA2/Au/Au_pla_00050.jpg,train,1,pla00050
CASIA2/Au/Au_pla_00051.jpg,val,4,pla00051
CASIA2/Au/Au_pla_00052.jpg,val,4,pla00052
CASIA2/Au/Au_pla_00053.jpg,train,2,pla00053
CASIA2/Au/Au_pla_00054.jpg,train,1,pla00054
CASIA2/Au/Au_pla_00055.jpg,train,1,pla00055
CASIA2/Au/Au_pla_00056.jpg,test,-1,pla00056
CASIA2/Au/Au_pla_00057.jpg,train,3,pla00057
CASIA2/Au/Au_pla_00058.jpg,test,-1,pla00058
CASIA2/Au/Au_pla_00059.jpg,train,0,pla00059
CASIA2/Au/Au_pla_00060.jpg,train,0,pla00060
CASIA2/Au/Au_pla_00061.jpg,train,1,pla00061
CASIA2/Au/Au_pla_00062.jpg,train,1,pla00062
CASIA2/Au/Au_pla_00063.jpg,train,3,pla00063
CASIA2/Au/Au_pla_00064.jpg,train,2,pla00064
CASIA2/Au/Au_pla_00065.jpg,train,1,pla00065
CASIA2/Au/Au_pla_00066.jpg,train,4,pla00066
CASIA2/Au/Au_pla_00067.jpg,test,-1,pla00067
CASIA2/Au/Au_pla_00068.jpg,train,3,pla00068
CASIA2/Au/Au_pla_00069.jpg,train,0,pla00069
CASIA2/Au/Au_pla_00070.jpg,train,0,pla00070
CASIA2/Au/Au_pla_00071.jpg,val,2,pla00071
CASIA2/Au/Au_pla_00072.jpg,train,4,pla00072
CASIA2/Au/Au_pla_00073.jpg,train,4,pla00073
CASIA2/Au/Au_pla_00074.jpg,train,4,pla00074
CASIA2/Au/Au_pla_00075.jpg,train,1,pla00075
CASIA2/Au/Au_pla_00076.jpg,train,2,pla00076
CASIA2/Au/Au_pla_00077.jpg,train,0,pla00077
CASIA2/Au/Au_pla_00078.jpg,train,0,pla00078
CASIA2/Au/Au_pla_00079.jpg,test,-1,pla00079
CASIA2/Au/Au_pla_00080.jpg,test,-1,pla00080
CASIA2/Au/Au_pla_00081.jpg,val,1,pla00081
CASIA2/Au/Au_pla_00082.jpg,val,3,pla00082
CASIA2/Au/Au_pla_00083.jpg,train,2,pla00083
CASIA2/Au/Au_pla_00084.jpg,train,1,pla00084
CASIA2/Au/Au_pla_00085.jpg,train,1,pla00085
CASIA2/Au/Au_pla_00086.jpg,train,0,pla00086
CASIA2/Au/Au_pla_00087.jpg,train,1,pla00087
CASIA2/Au/Au_pla_00088.jpg,train,4,pla00088
CASIA2/Au/Au_pla_00089.jpg,train,0,pla00089
CASIA2/Au/Au_pla_00090.jpg,train,3,pla00090
CASIA2/Au/Au_pla_00091.jpg,test,-1,pla00091
CASIA2/Au/Au_pla_00092.jpg,test,-1,pla00092
CASIA2/Au/Au_pla_00093.jpg,train,4,pla00093
CASIA2/Au/Au_pla_00094.jpg,train,2,pla00094
CASIA2/Au/Au_pla_00095.jpg,train,2,pla00095
CASIA2/Au/Au_pla_00096.jpg,test,-1,pla00096
CASIA2/Au/Au_pla_00097.jpg,test,-1,pla00097
CASIA2/Au/Au_pla_00098.jpg,train,0,pla00098
CASIA2/Au/Au_pla_00099.jpg,train,4,pla00099
CASIA2/Au/Au_pla_00100.jpg,train,1,pla00100
CASIA2/Au/Au_pla_10001.jpg,train,0,pla10001
CASIA2/Au/Au_pla_10002.jpg,test,-1,pla10002
CASIA2/Au/Au_pla_10003.jpg,train,4,pla10003
CASIA2/Au/Au_pla_10101.jpg,train,1,pla10101
CASIA2/Au/Au_pla_10102.jpg,train,0,pla10102
CASIA2/Au/Au_pla_10103.jpg,train,0,pla10103
CASIA2/Au/Au_pla_10104.jpg,test,-1,pla10104
CASIA2/Au/Au_pla_10105.jpg,test,-1,pla10105
CASIA2/Au/Au_pla_10106.jpg,train,0,pla10106
CASIA2/Au/Au_pla_10107.jpg,train,0,pla10107
CASIA2/Au/Au_pla_10108.jpg,train,4,pla10108
CASIA2/Au/Au_pla_10109.jpg,train,4,pla10109
CASIA2/Au/Au_pla_10110.jpg,val,2,pla10110
CASIA2/Au/Au_pla_10111.jpg,train,4,pla10111
CASIA2/Au/Au_pla_10112.jpg,train,0,pla10112
CASIA2/Au/Au_pla_10113.jpg,train,4,pla10113
CASIA2/Au/Au_pla_10114.jpg,test,-1,pla10114
CASIA2/Au/Au_pla_10115.jpg,train,3,pla10115
CASIA2/Au/Au_pla_10116.jpg,train,4,pla10116
CASIA2/Au/Au_pla_10117.jpg,train,3,pla10117
CASIA2/Au/Au_pla_10118.jpg,train,3,pla10118
CASIA2/Au/Au_pla_10119.jpg,train,4,pla10119
CASIA2/Au/Au_pla_10120.jpg,train,4,pla10120
CASIA2/Au/Au_pla_10121.jpg,train,4,pla10121
CASIA2/Au/Au_pla_10122.jpg,test,-1,pla10122
CASIA2/Au/Au_pla_10123.jpg,train,1,pla10123
CASIA2/Au/Au_pla_10124.jpg,train,3,pla10124
CASIA2/Au/Au_pla_10125.jpg,val,0,pla10125
CASIA2/Au/Au_pla_10126.bmp,train,4,pla10126
CASIA2/Au/Au_pla_10127.bmp,train,3,pla10127
CASIA2/Au/Au_pla_10128.bmp,train,1,pla10128
CASIA2/Au/Au_pla_20001.jpg,val,4,pla20001
CASIA2/Au/Au_pla_20002.jpg,train,4,pla20002
CASIA2/Au/Au_pla_20003.jpg,train,3,pla20003
CASIA2/Au/Au_pla_20004.jpg,val,0,pla20004
CASIA2/Au/Au_pla_20005.jpg,val,0,pla20005
CASIA2/Au/Au_pla_20006.jpg,train,2,pla20006
CASIA2/Au/Au_pla_20007.jpg,val,0,pla20007
CASIA2/Au/Au_pla_20008.jpg,train,0,pla20008
CASIA2/Au/Au_pla_20009.jpg,train,0,pla20009
CASIA2/Au/Au_pla_20010.jpg,test,-1,pla20010
CASIA2/Au/Au_pla_20011.jpg,train,2,pla20011
CASIA2/Au/Au_pla_20012.jpg,test,-1,pla20012
CASIA2/Au/Au_pla_20013.jpg,train,1,pla20013
CASIA2/Au/Au_pla_20014.jpg,train,2,pla20014
CASIA2/Au/Au_pla_20015.jpg,train,2,pla20015
CASIA2/Au/Au_pla_20016.jpg,test,-1,pla20016
CASIA2/Au/Au_pla_20017.jpg,train,4,pla20017
CASIA2/Au/Au_pla_20018.jpg,train,2,pla20018
CASIA2/Au/Au_pla_20019.jpg,train,3,pla20019
CASIA2/Au/Au_pla_20020.jpg,train,4,pla20020
CASIA2/Au/Au_pla_20021.jpg,train,4,pla20021
CASIA2/Au/Au_pla_20022.jpg,train,4,pla20022
CASIA2/Au/Au_pla_20023.jpg,train,1,pla20023
CASIA2/Au/Au_pla_20024.jpg,train,2,pla20024
CASIA2/Au/Au_pla_20025.jpg,train,3,pla20025
CASIA2/Au/Au_pla_20026.jpg,train,1,pla20026
CASIA2/Au/Au_pla_20027.jpg,train,4,pla20017
CASIA2/Au/Au_pla_20028.jpg,train,3,pla20028
CASIA2/Au/Au_pla_20029.jpg,val,0,pla20029
CASIA2/Au/Au_pla_20030.jpg,train,0,pla20030
CASIA2/Au/Au_pla_20031.jpg,train,2,pla20031
CASIA2/Au/Au_pla_20032.jpg,train,2,pla20032
CASIA2/Au/Au_pla_20033.jpg,val,1,pla20033
CASIA2/Au/Au_pla_20034.jpg,train,1,pla20034
CASIA2/Au/Au_pla_20035.jpg,train,1,pla20035
CASIA2/Au/Au_pla_20036.jpg,train,2,pla20036
CASIA2/Au/Au_pla_20037.jpg,train,1,pla20037
CASIA2/Au/Au_pla_20038.jpg,train,1,pla20038
CASIA2/Au/Au_pla_20039.jpg,train,0,pla20039
CASIA2/Au/Au_pla_20040.jpg,train,4,pla20040
CASIA2/Au/Au_pla_20041.jpg,train,0,pla20041
CASIA2/Au/Au_pla_20042.jpg,train,1,pla20042
CASIA2/Au/Au_pla_20043.jpg,train,0,pla20043
CASIA2/Au/Au_pla_20044.jpg,val,2,pla20044
CASIA2/Au/Au_pla_20045.jpg,val,0,pla20045
CASIA2/Au/Au_pla_20046.jpg,train,0,pla20046
CASIA2/Au/Au_pla_20047.jpg,train,3,pla20047
CASIA2/Au/Au_pla_20048.jpg,train,2,pla20048
CASIA2/Au/Au_pla_20049.jpg,test,-1,pla20049
CASIA2/Au/Au_pla_20050.jpg,train,1,pla20050
CASIA2/Au/Au_pla_20051.jpg,train,3,pla20051
CASIA2/Au/Au_pla_20052.jpg,train,1,pla20052
CASIA2/Au/Au_pla_20053.jpg,train,4,pla20053
CASIA2/Au/Au_pla_20054.jpg,train,0,pla20054
CASIA2/Au/Au_pla_20055.jpg,train,1,pla20055
CASIA2/Au/Au_pla_20056.jpg,train,3,pla20056
CASIA2/Au/Au_pla_20057.jpg,train,1,pla20057
CASIA2/Au/Au_pla_20058.jpg,train,1,pla20058
CASIA2/Au/Au_pla_20059.jpg,train,4,pla20059
CASIA2/Au/Au_pla_20060.jpg,train,4,pla20060
CASIA2/Au/Au_pla_20061.jpg,train,4,pla20061
CASIA2/Au/Au_pla_20062.jpg,val,2,pla20062
CASIA2/Au/Au_pla_20063.jpg,train,0,pla20063
CASIA2/Au/Au_pla_20064.jpg,test,-1,pla20064
CASIA2/Au/Au_pla_20065.jpg,train,0,pla20065
CASIA2/Au/Au_pla_20066.jpg,train,1,pla20066
CASIA2/Au/Au_pla_20067.jpg,train,3,pla20067
CASIA2/Au/Au_pla_20068.jpg,train,1,pla20068
CASIA2/Au/Au_pla_20069.jpg,test,-1,pla20069
CASIA2/Au/Au_pla_20070.jpg,train,1,pla20070
CASIA2/Au/Au_pla_20071.jpg,train,2,pla20071
CASIA2/Au/Au_pla_20072.jpg,test,-1,pla20072
CASIA2/Au/Au_pla_20073.jpg,train,3,pla20073
CASIA2/Au/Au_pla_20074.jpg,train,2,pla20074
CASIA2/Au/Au_pla_20075.jpg,train,3,pla20075
CASIA2/Au/Au_pla_20076.jpg,train,1,pla20076
CASIA2/Au/Au_pla_20077.jpg,train,0,pla20077
CASIA2/Au/Au_pla_20078.jpg,train,4,pla20078
CASIA2/Au/Au_pla_20079.jpg,val,3,pla20079
CASIA2/Au/Au_pla_20080.jpg,train,4,pla20080
CASIA2/Au/Au_pla_20081.jpg,train,2,pla20081
CASIA2/Au/Au_pla_20082.jpg,val,2,pla20082
CASIA2/Au/Au_pla_20083.jpg,train,1,pla20083
CASIA2/Au/Au_pla_20084.jpg,train,0,pla20084
CASIA2/Au/Au_pla_20085.jpg,train,3,pla20085
CASIA2/Au/Au_pla_20086.jpg,train,2,pla20086
CASIA2/Au/Au_pla_20087.jpg,train,2,pla20087
CASIA2/Au/Au_pla_20088.jpg,train,3,pla20088
CASIA2/Au/Au_pla_20089.jpg,train,4,pla20089
CASIA2/Au/Au_pla_20090.jpg,train,3,pla20090
CASIA2/Au/Au_pla_20091.jpg,train,1,pla20091
CASIA2/Au/Au_pla_20092.jpg,val,0,pla20092
CASIA2/Au/Au_pla_20093.jpg,val,4,pla20093
CASIA2/Au/Au_pla_20094.jpg,train,4,pla20094
CASIA2/Au/Au_pla_20095.jpg,test,-1,pla20095
CASIA2/Au/Au_pla_20096.jpg,train,2,pla20096
CASIA2/Au/Au_pla_20097.jpg,train,4,pla20097
CASIA2/Au/Au_pla_20098.jpg,train,4,pla20098
CASIA2/Au/Au_pla_20099.jpg,train,4,pla20099
CASIA2/Au/Au_pla_20100.jpg,train,1,pla20100
CASIA2/Au/Au_pla_30001.jpg,val,3,pla30001
CASIA2/Au/Au_pla_30002.jpg,test,-1,pla30002
CASIA2/Au/Au_pla_30003.jpg,val,4,pla30003
CASIA2/Au/Au_pla_30004.jpg,train,3,pla30004
CASIA2/Au/Au_pla_30005.jpg,train,4,pla30005
CASIA2/Au/Au_pla_30006.jpg,train,1,pla30006
CASIA2/Au/Au_pla_30007.jpg,train,4,pla30007
CASIA2/Au/Au_pla_30008.jpg,test,-1,pla30008
CASIA2/Au/Au_pla_30009.jpg,val,3,pla30009
CASIA2/Au/Au_pla_30010.jpg,train,2,pla30010
CASIA2/Au/Au_pla_30011.jpg,test,-1,pla30011
CASIA2/Au/Au_pla_30012.jpg,train,1,pla30012
CASIA2/Au/Au_pla_30013.jpg,train,4,pla30013
CASIA2/Au/Au_pla_30014.jpg,train,2,pla30014
CASIA2/Au/Au_pla_30015.jpg,test,-1,pla30015
CASIA2/Au/Au_pla_30016.jpg,test,-1,pla30016
CASIA2/Au/Au_pla_30017.jpg,train,1,pla30017
CASIA2/Au/Au_pla_30018.jpg,test,-1,pla30018
CASIA2/Au/Au_pla_30019.jpg,train,3,pla30019
CASIA2/Au/Au_pla_30020.jpg,train,1,pla30020
CASIA2/Au/Au_pla_30021.jpg,train,2,pla30021
CASIA2/Au/Au_pla_30022.jpg,test,-1,pla30022
CASIA2/Au/Au_pla_30023.jpg,train,0,pla30023
CASIA2/Au/Au_pla_30024.jpg,train,3,pla30024
CASIA2/Au/Au_pla_30025.jpg,test,-1,pla30025
CASIA2/Au/Au_pla_30026.jpg,val,4,pla30026
CASIA2/Au/Au_pla_30027.jpg,test,-1,pla30027
CASIA2/Au/Au_pla_30028.jpg,test,-1,pla30028
CASIA2/Au/Au_pla_30029.jpg,train,4,pla30029
CASIA2/Au/Au_pla_30030.jpg,train,2,pla30030
CASIA2/Au/Au_pla_30031.jpg,train,0,pla30031
CASIA2/Au/Au_pla_30032.jpg,train,0,pla30032
CASIA2/Au/Au_pla_30033.jpg,val,4,pla30033
CASIA2/Au/Au_pla_30034.jpg,val,0,pla30034
CASIA2/Au/Au_pla_30035.jpg,train,3,pla30035
CASIA2/Au/Au_pla_30036.jpg,train,1,pla30036
CASIA2/Au/Au_pla_30037.jpg,test,-1,pla30037
CASIA2/Au/Au_pla_30038.jpg,train,3,pla30038
CASIA2/Au/Au_pla_30039.jpg,train,3,pla30039
CASIA2/Au/Au_pla_30040.jpg,train,4,pla30040
CASIA2/Au/Au_pla_30041.jpg,test,-1,pla30041
CASIA2/Au/Au_pla_30042.jpg,train,1,pla30042
CASIA2/Au/Au_pla_30043.jpg,train,4,pla30043
CASIA2/Au/Au_pla_30044.jpg,train,2,pla30044
CASIA2/Au/Au_pla_30045.jpg,train,2,pla30045
CASIA2/Au/Au_pla_30046.jpg,test,-1,pla30046
CASIA2/Au/Au_pla_30047.jpg,val,1,pla30047
CASIA2/Au/Au_pla_30048.jpg,test,-1,pla30048
CASIA2/Au/Au_pla_30049.jpg,train,4,pla30049
CASIA2/Au/Au_pla_30050.jpg,train,2,pla30050
CASIA2/Au/Au_pla_30051.jpg,train,4,pla30051
CASIA2/Au/Au_pla_30052.jpg,test,-1,pla30052
CASIA2/Au/Au_pla_30053.jpg,test,-1,pla30053
CASIA2/Au/Au_pla_30054.jpg,train,4,pla30054
CASIA2/Au/Au_pla_30055.jpg,train,2,pla30055
CASIA2/Au/Au_pla_30056.jpg,train,4,pla30056
CASIA2/Au/Au_pla_30057.jpg,train,0,pla30057
CASIA2/Au/Au_pla_30058.jpg,train,2,pla30058
CASIA2/Au/Au_pla_30059.jpg,val,1,pla30059
CASIA2/Au/Au_pla_30060.jpg,train,0,pla30060
CASIA2/Au/Au_pla_30061.jpg,train,3,pla30061
CASIA2/Au/Au_pla_30062.jpg,test,-1,pla30062
CASIA2/Au/Au_pla_30063.jpg,train,0,pla30063
CASIA2/Au/Au_pla_30064.jpg,val,4,pla30064
CASIA2/Au/Au_pla_30065.jpg,train,3,pla30065
CASIA2/Au/Au_pla_30066.jpg,train,2,pla30066
CASIA2/Au/Au_pla_30067.jpg,train,2,pla30067
CASIA2/Au/Au_pla_30068.jpg,train,3,pla30068
CASIA2/Au/Au_pla_30069.jpg,train,3,pla30069
CASIA2/Au/Au_pla_30070.jpg,train,0,pla30070
CASIA2/Au/Au_pla_30071.jpg,train,2,pla30071
CASIA2/Au/Au_pla_30072.jpg,train,4,pla30072
CASIA2/Au/Au_pla_30073.jpg,train,1,pla30073
CASIA2/Au/Au_pla_30074.jpg,train,0,pla30074
CASIA2/Au/Au_pla_30075.jpg,train,0,pla30075
CASIA2/Au/Au_pla_30076.jpg,train,2,pla30076
CASIA2/Au/Au_pla_30077.jpg,train,3,pla30077
CASIA2/Au/Au_pla_30078.jpg,train,2,pla30078
CASIA2/Au/Au_pla_30079.jpg,val,4,pla30079
CASIA2/Au/Au_pla_30080.jpg,train,4,pla30080
CASIA2/Au/Au_pla_30081.jpg,val,4,pla30081
CASIA2/Au/Au_pla_30082.jpg,val,4,pla30082
CASIA2/Au/Au_pla_30083.jpg,test,-1,pla30083
CASIA2/Au/Au_pla_30084.jpg,test,-1,pla30084
CASIA2/Au/Au_pla_30085.jpg,train,3,pla30085
CASIA2/Au/Au_pla_30086.jpg,train,0,pla30086
CASIA2/Au/Au_pla_30087.jpg,val,2,pla30087
CASIA2/Au/Au_pla_30088.jpg,val,0,pla30088
CASIA2/Au/Au_pla_30089.jpg,train,1,pla30089
CASIA2/Au/Au_pla_30090.jpg,test,-1,pla30090
CASIA2/Au/Au_pla_30091.jpg,train,2,pla30091
CASIA2/Au/Au_pla_30092.jpg,test,-1,pla30092
CASIA2/Au/Au_pla_30093.jpg,train,4,pla30093
CASIA2/Au/Au_pla_30094.jpg,test,-1,pla30094
CASIA2/Au/Au_pla_30095.jpg,train,4,pla30095
CASIA2/Au/Au_pla_30096.jpg,train,3,pla30096
CASIA2/Au/Au_pla_30097.jpg,train,4,pla30097
CASIA2/Au/Au_pla_30098.jpg,test,-1,pla30098
CASIA2/Au/Au_pla_30099.jpg,train,3,pla30099
CASIA2/Au/Au_pla_30100.jpg,val,0,pla30100
CASIA2/Au/Au_pla_30101.jpg,val,0,pla30101
CASIA2/Au/Au_pla_30102.jpg,val,2,pla30102
CASIA2/Au/Au_pla_30103.jpg,train,0,pla30103
CASIA2/Au/Au_pla_30104.jpg,val,1,pla30104
CASIA2/Au/Au_pla_30105.jpg,train,0,pla30105
CASIA2/Au/Au_pla_30106.jpg,test,-1,pla30106
CASIA2/Au/Au_pla_30107.jpg,train,0,pla30107
CASIA2/Au/Au_pla_30108.jpg,train,2,pla30108
CASIA2/Au/Au_pla_30109.jpg,test,-1,pla30109
CASIA2/Au/Au_pla_30110.jpg,val,1,pla30110
CASIA2/Au/Au_pla_30111.jpg,train,1,pla30111
CASIA2/Au/Au_pla_30112.jpg,train,0,pla30112
CASIA2/Au/Au_pla_30113.jpg,train,0,pla30113
CASIA2/Au/Au_pla_30114.jpg,train,4,pla30114
CASIA2/Au/Au_pla_30115.jpg,test,-1,pla30115
CASIA2/Au/Au_pla_30116.jpg,train,4,pla30116
CASIA2/Au/Au_pla_30117.jpg,train,0,pla30117
CASIA2/Au/Au_pla_30118.jpg,train,1,pla30118
CASIA2/Au/Au_pla_30119.jpg,train,1,pla30119
CASIA2/Au/Au_pla_30120.jpg,test,-1,pla30120
CASIA2/Au/Au_pla_30121.jpg,train,1,pla30121
CASIA2/Au/Au_pla_30122.jpg,train,1,pla30122
CASIA2/Au/Au_pla_30123.jpg,train,2,pla30123
CASIA2/Au/Au_pla_30124.jpg,train,1,pla30124
CASIA2/Au/Au_pla_30125.jpg,train,4,pla30125
CASIA2/Au/Au_pla_30126.jpg,train,1,pla30126
CASIA2/Au/Au_pla_30127.jpg,train,0,pla30127
CASIA2/Au/Au_pla_30128.jpg,train,2,pla30128
CASIA2/Au/Au_pla_30129.jpg,train,4,pla30129
CASIA2/Au/Au_pla_30130.jpg,train,2,pla30130
CASIA2/Au/Au_pla_30131.jpg,train,4,pla30131
CASIA2/Au/Au_pla_30132.jpg,train,1,pla30132
CASIA2/Au/Au_pla_30133.jpg,test,-1,pla30133
CASIA2/Au/Au_pla_30134.jpg,train,0,pla30134
CASIA2/Au/Au_pla_30135.jpg,train,1,pla30135
CASIA2/Au/Au_pla_30136.jpg,train,2,pla30136
CASIA2/Au/Au_pla_30137.jpg,train,3,pla30137
CASIA2/Au/Au_pla_30138.jpg,train,1,pla30138
CASIA2/Au/Au_pla_30139.jpg,test,-1,pla30139
CASIA2/Au/Au_pla_30140.jpg,train,1,pla30140
CASIA2/Au/Au_pla_30141.jpg,train,4,pla30141
CASIA2/Au/Au_pla_30142.jpg,train,2,pla30142
CASIA2/Au/Au_pla_30143.jpg,val,3,pla30143
CASIA2/Au/Au_pla_30144.jpg,test,-1,pla30144
CASIA2/Au/Au_pla_30145.jpg,val,1,pla30145
CASIA2/Au/Au_pla_30146.jpg,train,3,pla30146
CASIA2/Au/Au_pla_30147.jpg,train,2,pla30147
CASIA2/Au/Au_pla_30148.jpg,train,4,pla30148
CASIA2/Au/Au_pla_30149.jpg,train,4,pla30149
CASIA2/Au/Au_pla_30150.jpg,test,-1,pla30150
CASIA2/Au/Au_pla_30151.jpg,train,3,pla30151
CASIA2/Au/Au_pla_30152.jpg,train,2,pla30152
CASIA2/Au/Au_pla_30153.jpg,train,3,pla30153
CASIA2/Au/Au_pla_30154.jpg,train,0,pla30154
CASIA2/Au/Au_pla_30155.jpg,train,4,pla30155
CASIA2/Au/Au_pla_30156.jpg,train,2,pla30156
CASIA2/Au/Au_pla_30157.jpg,train,0,pla30157
CASIA2/Au/Au_pla_30158.jpg,val,0,pla30158
CASIA2/Au/Au_pla_30159.jpg,train,4,pla30159
CASIA2/Au/Au_pla_30160.jpg,train,2,pla30160
CASIA2/Au/Au_pla_30161.jpg,train,4,pla30161
CASIA2/Au/Au_pla_30162.jpg,train,0,pla30162
CASIA2/Au/Au_pla_30163.jpg,train,3,pla30163
CASIA2/Au/Au_pla_30164.jpg,train,4,pla30164
CASIA2/Au/Au_pla_30165.jpg,train,3,pla30165
CASIA2/Au/Au_pla_30166.jpg,test,-1,pla30166
CASIA2/Au/Au_pla_30167.jpg,val,2,pla30167
CASIA2/Au/Au_pla_30168.jpg,train,3,pla30168
CASIA2/Au/Au_pla_30169.jpg,train,3,pla30169
CASIA2/Au/Au_pla_30170.jpg,train,2,pla30170
CASIA2/Au/Au_pla_30171.jpg,train,1,pla30171
CASIA2/Au/Au_pla_30172.jpg,train,1,pla30172
CASIA2/Au/Au_pla_30173.jpg,train,4,pla30173
CASIA2/Au/Au_pla_30174.jpg,train,2,pla30174
CASIA2/Au/Au_pla_30175.jpg,train,3,pla30175
CASIA2/Au/Au_pla_30176.jpg,train,0,pla30176
CASIA2/Au/Au_pla_30177.jpg,test,-1,pla30177
CASIA2/Au/Au_pla_30178.jpg,train,3,pla30178
CASIA2/Au/Au_pla_30179.jpg,train,1,pla30179
CASIA2/Au/Au_pla_30180.jpg,val,2,pla30180
CASIA2/Au/Au_pla_30181.jpg,train,1,pla30181
CASIA2/Au/Au_pla_30182.jpg,train,2,pla30182
CASIA2/Au/Au_pla_30183.jpg,val,2,pla30183
CASIA2/Au/Au_pla_30184.jpg,train,1,pla30184
CASIA2/Au/Au_pla_30185.jpg,train,4,pla30185
CASIA2/Au/Au_pla_30186.jpg,train,2,pla30186
CASIA2/Au/Au_pla_30187.jpg,train,0,pla30187
CASIA2/Au/Au_pla_30188.jpg,train,0,pla30188
CASIA2/Au/Au_pla_30189.jpg,train,4,pla30189
CASIA2/Au/Au_pla_30190.jpg,train,1,pla30190
CASIA2/Au/Au_pla_30191.jpg,train,2,pla30191
CASIA2/Au/Au_pla_30192.jpg,train,1,pla30192
CASIA2/Au/Au_pla_30193.jpg,train,3,pla30193
CASIA2/Au/Au_pla_30194.jpg,train,1,pla30194
CASIA2/Au/Au_pla_30195.jpg,train,1,pla30195
CASIA2/Au/Au_pla_30196.jpg,train,4,pla30196
CASIA2/Au/Au_pla_30197.jpg,val,4,pla30197
CASIA2/Au/Au_pla_30198.jpg,test,-1,pla30198
CASIA2/Au/Au_pla_30199.jpg,train,3,pla30199
CASIA2/Au/Au_pla_30200.jpg,train,4,pla30200
CASIA2/Au/Au_pla_30201.jpg,train,0,pla30201
CASIA2/Au/Au_pla_30202.jpg,train,4,pla30202
CASIA2/Au/Au_pla_30203.jpg,train,2,pla30203
CASIA2/Au/Au_pla_30204.jpg,train,3,pla30204
CASIA2/Au/Au_pla_30205.jpg,train,1,pla30205
CASIA2/Au/Au_pla_30206.jpg,test,-1,pla30206
CASIA2/Au/Au_pla_30207.jpg,train,1,pla30207
CASIA2/Au/Au_pla_30208.jpg,train,3,pla30208
CASIA2/Au/Au_pla_30209.jpg,train,0,pla30209
CASIA2/Au/Au_pla_30210.jpg,train,4,pla30210
CASIA2/Au/Au_pla_30211.jpg,train,0,pla30211
CASIA2/Au/Au_pla_30212.jpg,train,1,pla30212
CASIA2/Au/Au_pla_30213.jpg,train,3,pla30213
CASIA2/Au/Au_pla_30214.jpg,train,2,pla30214
CASIA2/Au/Au_pla_30215.jpg,train,0,pla30215
CASIA2/Au/Au_pla_30216.jpg,train,2,pla30216
CASIA2/Au/Au_pla_30217.jpg,train,3,pla30217
CASIA2/Au/Au_pla_30218.jpg,test,-1,pla30218
CASIA2/Au/Au_pla_30219.jpg,test,-1,pla30219
CASIA2/Au/Au_pla_30220.jpg,test,-1,pla30220
CASIA2/Au/Au_pla_30221.jpg,test,-1,pla30221
CASIA2/Au/Au_pla_30222.jpg,train,0,pla30222
CASIA2/Au/Au_pla_30223.jpg,train,0,pla30223
CASIA2/Au/Au_pla_30224.jpg,val,0,pla30224
CASIA2/Au/Au_pla_30225.jpg,train,4,pla30225
CASIA2/Au/Au_pla_30226.jpg,train,3,pla30226
CASIA2/Au/Au_pla_30227.jpg,train,3,pla30227
CASIA2/Au/Au_pla_30228.jpg,val,0,pla30228
CASIA2/Au/Au_pla_30229.jpg,train,0,pla30229
CASIA2/Au/Au_pla_30230.jpg,test,-1,pla30230
CASIA2/Au/Au_pla_30231.jpg,train,3,pla30231
CASIA2/Au/Au_pla_30232.jpg,train,3,pla30232
CASIA2/Au/Au_pla_30233.jpg,train,0,pla30233
CASIA2/Au/Au_pla_30234.jpg,train,4,pla30234
CASIA2/Au/Au_pla_30235.jpg,train,0,pla30235
CASIA2/Au/Au_pla_30236.jpg,train,4,pla30236
CASIA2/Au/Au_pla_30237.jpg,val,0,pla30237
CASIA2/Au/Au_pla_30238.jpg,test,-1,pla30238
CASIA2/Au/Au_pla_30239.jpg,train,1,pla30239
CASIA2/Au/Au_pla_30240.jpg,test,-1,pla30240
CASIA2/Au/Au_pla_30241.jpg,train,2,pla30241
CASIA2/Au/Au_pla_30242.jpg,val,3,pla30242
CASIA2/Au/Au_pla_30243.jpg,train,4,pla30243
CASIA2/Au/Au_pla_30244.jpg,train,0,pla30244
CASIA2/Au/Au_pla_30245.jpg,test,-1,pla30245
CASIA2/Au/Au_pla_30246.jpg,train,4,pla30246
CASIA2/Au/Au_pla_30247.jpg,train,3,pla30247
CASIA2/Au/Au_pla_30248.jpg,train,3,pla30248
CASIA2/Au/Au_pla_30249.jpg,val,3,pla30249
CASIA2/Au/Au_pla_30250.jpg,train,4,pla30250
CASIA2/Au/Au_pla_30251.jpg,train,3,pla30251
CASIA2/Au/Au_pla_30252.jpg,train,2,pla30252
CASIA2/Au/Au_pla_30253.jpg,train,4,pla30253
CASIA2/Au/Au_pla_30254.jpg,train,3,pla30254
CASIA2/Au/Au_pla_30255.jpg,train,4,pla30255
CASIA2/Au/Au_pla_30256.jpg,train,4,pla30256
CASIA2/Au/Au_pla_30257.jpg,train,3,pla30257
CASIA2/Au/Au_pla_30258.jpg,train,0,pla30258
CASIA2/Au/Au_pla_30259.jpg,train,1,pla30259
CASIA2/Au/Au_pla_30260.jpg,train,4,pla30260
CASIA2/Au/Au_pla_30261.jpg,val,2,pla30261
CASIA2/Au/Au_pla_30262.jpg,test,-1,pla30262
CASIA2/Au/Au_pla_30263.jpg,test,-1,pla30263
CASIA2/Au/Au_pla_30264.jpg,test,-1,pla00019
CASIA2/Au/Au_pla_30265.jpg,train,3,pla00020
CASIA2/Au/Au_pla_30266.jpg,train,4,pla30266
CASIA2/Au/Au_pla_30267.jpg,train,1,pla30267
CASIA2/Au/Au_pla_30268.jpg,train,4,pla30268
CASIA2/Au/Au_pla_30269.jpg,train,3,pla30269
CASIA2/Au/Au_pla_30270.jpg,train,0,pla30270
CASIA2/Au/Au_pla_30271.jpg,train,3,pla30271
CASIA2/Au/Au_pla_30272.jpg,train,1,pla30272
CASIA2/Au/Au_pla_30273.jpg,train,4,pla30273
CASIA2/Au/Au_pla_30274.jpg,val,4,pla30274
CASIA2/Au/Au_pla_30275.jpg,train,0,pla30275
CASIA2/Au/Au_pla_30276.jpg,train,0,pla30276
CASIA2/Au/Au_pla_30277.jpg,test,-1,pla30277
CASIA2/Au/Au_pla_30278.jpg,val,1,pla30278
CASIA2/Au/Au_pla_30279.jpg,train,2,pla30279
CASIA2/Au/Au_pla_30280.jpg,train,4,pla30280
CASIA2/Au/Au_pla_30281.jpg,train,1,pla00021
CASIA2/Au/Au_pla_30282.jpg,test,-1,pla00022
CASIA2/Au/Au_pla_30283.jpg,val,4,pla30283
CASIA2/Au/Au_pla_30284.jpg,train,3,pla30284
CASIA2/Au/Au_pla_30285.jpg,test,-1,pla30285
CASIA2/Au/Au_pla_30286.jpg,val,3,pla30286
CASIA2/Au/Au_pla_30287.jpg,train,3,pla30287
CASIA2/Au/Au_pla_30288.jpg,train,1,pla30288
CASIA2/Au/Au_pla_30289.jpg,test,-1,pla30289
CASIA2/Au/Au_pla_30290.jpg,train,0,pla30290
CASIA2/Au/Au_pla_30291.jpg,test,-1,pla30291
CASIA2/Au/Au_pla_30292.jpg,val,0,pla30292
CASIA2/Au/Au_pla_30293.jpg,train,2,pla30293
CASIA2/Au/Au_pla_30294.jpg,train,3,pla30294
CASIA2/Au/Au_pla_30295.jpg,test,-1,pla30295
CASIA2/Au/Au_pla_30296.jpg,train,3,pla30296
CASIA2/Au/Au_pla_30297.jpg,train,1,pla30297
CASIA2/Au/Au_pla_30298.jpg,train,2,pla30298
CASIA2/Au/Au_pla_30299.jpg,val,1,pla30299
CASIA2/Au/Au_pla_30300.jpg,test,-1,pla30300
CASIA2/Au/Au_pla_30301.jpg,train,1,pla30301
CASIA2/Au/Au_pla_30302.jpg,val,1,pla30302
CASIA2/Au/Au_pla_30303.jpg,train,1,pla30303
CASIA2/Au/Au_pla_30304.jpg,train,3,pla30304
CASIA2/Au/Au_pla_30305.jpg,train,4,pla30305
CASIA2/Au/Au_pla_30306.jpg,train,0,pla30306
CASIA2/Au/Au_pla_30307.jpg,train,2,pla30307
CASIA2/Au/Au_pla_30308.jpg,val,2,pla30308
CASIA2/Au/Au_pla_30309.jpg,train,1,pla30309
CASIA2/Au/Au_pla_30310.jpg,train,1,pla30310
CASIA2/Au/Au_pla_30311.jpg,test,-1,pla30311
CASIA2/Au/Au_pla_30312.jpg,train,2,pla30312
CASIA2/Au/Au_pla_30313.jpg,train,0,pla30313
CASIA2/Au/Au_pla_30314.jpg,train,2,pla30314
CASIA2/Au/Au_pla_30315.jpg,train,3,pla30315
CASIA2/Au/Au_pla_30316.jpg,train,1,pla30316
CASIA2/Au/Au_pla_30317.jpg,train,3,pla30317
CASIA2/Au/Au_pla_30318.jpg,train,2,pla30318
CASIA2/Au/Au_pla_30319.jpg,train,1,pla30319
CASIA2/Au/Au_pla_30320.jpg,train,2,pla30320
CASIA2/Au/Au_pla_30321.jpg,test,-1,pla30321
CASIA2/Au/Au_pla_30322.jpg,test,-1,pla30322
CASIA2/Au/Au_pla_30323.jpg,train,4,pla30323
CASIA2/Au/Au_pla_30324.jpg,test,-1,pla30324
CASIA2/Au/Au_pla_30325.jpg,train,2,pla30325
CASIA2/Au/Au_pla_30326.jpg,train,3,pla30326
CASIA2/Au/Au_pla_30327.jpg,train,1,pla30327
CASIA2/Au/Au_pla_30328.jpg,train,2,pla30328
CASIA2/Au/Au_pla_30329.jpg,train,3,pla30329
CASIA2/Au/Au_pla_30330.jpg,val,3,pla30330
CASIA2/Au/Au_pla_30331.jpg,train,0,pla30331
CASIA2/Au/Au_pla_30332.jpg,train,1,pla30332
CASIA2/Au/Au_pla_30333.jpg,train,0,pla30333
CASIA2/Au/Au_pla_30334.jpg,train,3,pla30334
CASIA2/Au/Au_pla_30335.jpg,train,1,pla30335
CASIA2/Au/Au_pla_30336.jpg,train,2,pla30336
CASIA2/Au/Au_pla_30337.jpg,train,3,pla30337
CASIA2/Au/Au_pla_30338.jpg,test,-1,pla30338
CASIA2/Au/Au_pla_30339.jpg,val,3,pla30339
CASIA2/Au/Au_pla_30340.jpg,test,-1,pla30340
CASIA2/Au/Au_pla_30341.jpg,train,4,pla30341
CASIA2/Au/Au_pla_30342.jpg,train,4,pla30342
CASIA2/Au/Au_pla_30343.jpg,train,0,pla30343
CASIA2/Au/Au_pla_30344.jpg,train,3,pla30344
CASIA2/Au/Au_pla_30345.jpg,test,-1,pla30345
CASIA2/Au/Au_pla_30346.jpg,train,2,pla30346
CASIA2/Au/Au_pla_30347.jpg,train,3,pla30347
CASIA2/Au/Au_pla_30348.jpg,test,-1,pla30348
CASIA2/Au/Au_pla_30349.jpg,train,0,pla30349
CASIA2/Au/Au_pla_30350.jpg,train,0,pla30350
CASIA2/Au/Au_pla_30351.jpg,test,-1,pla30351
CASIA2/Au/Au_pla_30352.jpg,train,1,pla30352
CASIA2/Au/Au_pla_30353.jpg,train,0,pla30353
CASIA2/Au/Au_pla_30354.jpg,train,2,pla30354
CASIA2/Au/Au_pla_30355.jpg,train,4,pla30355
CASIA2/Au/Au_pla_30356.jpg,val,3,pla30356
CASIA2/Au/Au_pla_30357.jpg,train,0,pla30357
CASIA2/Au/Au_pla_30358.jpg,train,4,pla30358
CASIA2/Au/Au_pla_30359.jpg,train,2,pla30359
CASIA2/Au/Au_pla_30360.jpg,val,3,pla30360
CASIA2/Au/Au_pla_30361.jpg,train,4,pla30361
CASIA2/Au/Au_pla_30362.jpg,train,4,pla30362
CASIA2/Au/Au_pla_30363.jpg,val,0,pla30363
CASIA2/Au/Au_pla_30364.jpg,train,4,pla30364
CASIA2/Au/Au_pla_30365.jpg,test,-1,pla30365
CASIA2/Au/Au_pla_30366.jpg,train,4,pla00044
CASIA2/Au/Au_pla_30367.jpg,train,4,pla30367
CASIA2/Au/Au_pla_30368.jpg,val,1,pla30368
CASIA2/Au/Au_pla_30369.jpg,train,3,pla30369
CASIA2/Au/Au_pla_30370.jpg,val,1,pla30370
CASIA2/Au/Au_pla_30371.jpg,val,1,pla30371
CASIA2/Au/Au_pla_30372.jpg,train,1,pla30372
CASIA2/Au/Au_pla_30373.jpg,val,1,pla30373
CASIA2/Au/Au_pla_30374.jpg,val,0,pla30374
CASIA2/Au/Au_pla_30375.jpg,train,4,pla30375
CASIA2/Au/Au_pla_30376.jpg,train,0,pla30376
CASIA2/Au/Au_pla_30377.jpg,train,3,pla30377
CASIA2/Au/Au_pla_30378.jpg,test,-1,pla30378
CASIA2/Au/Au_pla_30379.jpg,train,4,pla30379
CASIA2/Au/Au_pla_30380.jpg,train,0,pla30380
CASIA2/Au/Au_pla_30381.jpg,train,1,pla30381
CASIA2/Au/Au_pla_30382.jpg,train,4,pla30382
CASIA2/Au/Au_pla_30383.jpg,train,2,pla30383
CASIA2/Au/Au_pla_30384.jpg,train,3,pla30384
CASIA2/Au/Au_pla_30385.jpg,test,-1,pla30385
CASIA2/Au/Au_pla_30386.jpg,train,2,pla30386
CASIA2/Au/Au_pla_30387.jpg,test,-1,pla30387
CASIA2/Au/Au_pla_30388.jpg,train,2,pla30388
CASIA2/Au/Au_pla_30389.jpg,test,-1,pla30389
CASIA2/Au/Au_pla_30390.jpg,train,0,pla30390
CASIA2/Au/Au_pla_30391.jpg,train,3,pla30391
CASIA2/Au/Au_pla_30392.jpg,train,0,pla30392
CASIA2/Au/Au_pla_30393.jpg,val,1,pla30393
CASIA2/Au/Au_pla_30394.jpg,test,-1,pla30394
CASIA2/Au/Au_pla_30395.jpg,train,0,pla30395
CASIA2/Au/Au_pla_30396.jpg,train,3,pla30396
CASIA2/Au/Au_pla_30397.jpg,train,0,pla30397
CASIA2/Au/Au_pla_30398.jpg,train,2,pla30398
CASIA2/Au/Au_pla_30399.jpg,train,3,pla30399
CASIA2/Au/Au_pla_30400.jpg,train,0,pla30400
CASIA2/Au/Au_pla_30401.jpg,val,1,pla30401
CASIA2/Au/Au_pla_30402.jpg,train,2,pla30402
CASIA2/Au/Au_pla_30403.jpg,val,1,pla30403
CASIA2/Au/Au_pla_30404.jpg,train,3,pla30404
CASIA2/Au/Au_pla_30405.jpg,train,4,pla30405
CASIA2/Au/Au_pla_30406.jpg,train,3,pla30406
CASIA2/Au/Au_pla_30407.jpg,val,0,pla30407
CASIA2/Au/Au_pla_30408.jpg,train,1,pla30408
CASIA2/Au/Au_pla_30409.jpg,test,-1,pla30409
CASIA2/Au/Au_pla_30410.jpg,train,0,pla30410
CASIA2/Au/Au_pla_30411.jpg,train,3,pla30411
CASIA2/Au/Au_pla_30412.jpg,train,0,pla30412
CASIA2/Au/Au_pla_30413.jpg,train,3,pla30413
CASIA2/Au/Au_pla_30414.jpg,val,1,pla30414
CASIA2/Au/Au_pla_30415.jpg,train,4,pla30415
CASIA2/Au/Au_pla_30416.jpg,val,1,pla30416
CASIA2/Au/Au_pla_30417.jpg,test,-1,pla30417
CASIA2/Au/Au_pla_30418.jpg,test,-1,pla30418
CASIA2/Au/Au_pla_30419.jpg,train,1,pla30419
CASIA2/Au/Au_pla_30420.jpg,train,2,pla30420
CASIA2/Au/Au_pla_30421.jpg,test,-1,pla30421
CASIA2/Au/Au_pla_30422.jpg,train,3,pla30422
CASIA2/Au/Au_pla_30423.jpg,train,4,pla30423
CASIA2/Au/Au_pla_30424.jpg,test,-1,pla30424
CASIA2/Au/Au_pla_30425.jpg,train,3,pla30425
CASIA2/Au/Au_pla_30426.jpg,train,3,pla30426
CASIA2/Au/Au_pla_30427.jpg,train,4,pla30427
CASIA2/Au/Au_pla_30428.jpg,train,4,pla30428
CASIA2/Au/Au_pla_30429.jpg,train,1,pla30429
CASIA2/Au/Au_pla_30430.jpg,val,1,pla30430
CASIA2/Au/Au_pla_30431.jpg,train,0,pla30431
CASIA2/Au/Au_pla_30432.jpg,train,2,pla30432
CASIA2/Au/Au_pla_30433.jpg,test,-1,pla30433
CASIA2/Au/Au_pla_30434.jpg,test,-1,pla30434
CASIA2/Au/Au_pla_30435.jpg,train,0,pla30435
CASIA2/Au/Au_pla_30436.jpg,train,0,pla30436
CASIA2/Au/Au_pla_30437.jpg,train,4,pla30437
CASIA2/Au/Au_pla_30438.jpg,train,3,pla30438
CASIA2/Au/Au_pla_30439.jpg,train,4,pla30439
CASIA2/Au/Au_pla_30440.jpg,test,-1,pla30440
CASIA2/Au/Au_pla_30441.jpg,val,3,pla30441
CASIA2/Au/Au_pla_30442.jpg,test,-1,pla30442
CASIA2/Au/Au_pla_30443.jpg,train,1,pla30443
CASIA2/Au/Au_pla_30444.jpg,train,3,pla30444
CASIA2/Au/Au_pla_30445.jpg,train,1,pla30445
CASIA2/Au/Au_pla_30446.jpg,train,4,pla30446
CASIA2/Au/Au_pla_30447.jpg,train,2,pla30447
CASIA2/Au/Au_pla_30448.jpg,train,0,pla30448
CASIA2/Au/Au_pla_30449.jpg,val,4,pla30449
CASIA2/Au/Au_pla_30450.jpg,train,3,pla30450
CASIA2/Au/Au_pla_30451.jpg,train,2,pla30451
CASIA2/Au/Au_pla_30452.jpg,val,0,pla30452
CASIA2/Au/Au_pla_30453.jpg,test,-1,pla30453
CASIA2/Au/Au_pla_30454.jpg,val,0,pla30454
CASIA2/Au/Au_pla_30455.jpg,train,3,pla30455
CASIA2/Au/Au_pla_30456.jpg,val,1,pla30456
CASIA2/Au/Au_pla_30457.jpg,test,-1,pla30457
CASIA2/Au/Au_pla_30458.jpg,train,4,pla30458
CASIA2/Au/Au_pla_30459.jpg,val,1,pla30459
CASIA2/Au/Au_pla_30460.jpg,train,3,pla30460
CASIA2/Au/Au_pla_30461.jpg,train,0,pla30461
CASIA2/Au/Au_pla_30462.jpg,test,-1,pla30462
CASIA2/Au/Au_pla_30463.jpg,train,3,pla30463
CASIA2/Au/Au_pla_30464.jpg,train,1,pla30464
CASIA2/Au/Au_pla_30465.jpg,train,2,pla30465
CASIA2/Au/Au_pla_30466.jpg,train,4,pla30466
CASIA2/Au/Au_pla_30467.jpg,test,-1,pla30467
CASIA2/Au/Au_pla_30468.jpg,train,2,pla30468
CASIA2/Au/Au_pla_30469.jpg,train,3,pla30469
CASIA2/Au/Au_pla_30470.jpg,train,3,pla30470
CASIA2/Au/Au_pla_30471.jpg,val,2,pla30471
CASIA2/Au/Au_pla_30472.jpg,test,-1,pla30472
CASIA2/Au/Au_pla_30473.jpg,train,1,pla30473
CASIA2/Au/Au_pla_30474.jpg,train,2,pla30474
CASIA2/Au/Au_pla_30475.jpg,train,3,pla30475
CASIA2/Au/Au_pla_30476.jpg,test,-1,pla30476
CASIA2/Au/Au_pla_30477.jpg,test,-1,pla30477
CASIA2/Au/Au_pla_30478.jpg,train,3,pla30478
CASIA2/Au/Au_pla_30479.jpg,train,0,pla30479
CASIA2/Au/Au_pla_30480.jpg,train,2,pla30480
CASIA2/Au/Au_pla_30481.jpg,val,0,pla30481
CASIA2/Au/Au_pla_30482.jpg,train,4,pla30482
CASIA2/Au/Au_pla_30483.jpg,train,4,pla30483
CASIA2/Au/Au_pla_30484.jpg,test,-1,pla30484
CASIA2/Au/Au_pla_30485.jpg,val,3,pla30485
CASIA2/Au/Au_pla_30486.jpg,val,1,pla30486
CASIA2/Au/Au_pla_30487.jpg,train,3,pla30487
CASIA2/Au/Au_pla_30488.jpg,train,4,pla30488
CASIA2/Au/Au_pla_30489.jpg,train,0,pla30489
CASIA2/Au/Au_pla_30490.jpg,test,-1,pla30490
CASIA2/Au/Au_pla_30491.jpg,val,1,pla30491
CASIA2/Au/Au_pla_30492.jpg,test,-1,pla30492
CASIA2/Au/Au_pla_30493.jpg,train,1,pla30493
CASIA2/Au/Au_pla_30494.jpg,train,0,pla30494
CASIA2/Au/Au_pla_30495.jpg,train,3,pla30495
CASIA2/Au/Au_pla_30496.jpg,train,2,pla30496
CASIA2/Au/Au_pla_30497.jpg,train,3,pla30497
CASIA2/Au/Au_pla_30498.jpg,train,4,pla30498
CASIA2/Au/Au_pla_30499.jpg,train,2,pla30499
CASIA2/Au/Au_pla_30500.jpg,train,2,pla30500
CASIA2/Au/Au_pla_30501.jpg,train,2,pla30501
CASIA2/Au/Au_pla_30502.jpg,val,0,pla30502
CASIA2/Au/Au_pla_30503.jpg,val,3,pla30503
CASIA2/Au/Au_pla_30504.jpg,train,0,pla30504
CASIA2/Au/Au_pla_30505.jpg,train,4,pla30505
CASIA2/Au/Au_pla_30506.jpg,val,4,pla30506
CASIA2/Au/Au_pla_30507.jpg,test,-1,pla30507
CASIA2/Au/Au_pla_30508.jpg,train,1,pla30508
CASIA2/Au/Au_pla_30509.jpg,test,-1,pla30509
CASIA2/Au/Au_pla_30510.jpg,train,3,pla30510
CASIA2/Au/Au_pla_30511.jpg,train,0,pla30511
CASIA2/Au/Au_pla_30512.jpg,train,1,pla30512
CASIA2/Au/Au_pla_30513.jpg,train,2,pla30513
CASIA2/Au/Au_pla_30514.jpg,train,4,pla30514
CASIA2/Au/Au_pla_30515.jpg,train,4,pla30515
CASIA2/Au/Au_pla_30516.jpg,train,2,pla30516
CASIA2/Au/Au_pla_30517.jpg,train,3,pla30517
CASIA2/Au/Au_pla_30518.jpg,train,0,pla30518
CASIA2/Au/Au_pla_30519.jpg,val,3,pla30519
CASIA2/Au/Au_pla_30520.jpg,train,3,pla30520
CASIA2/Au/Au_pla_30521.jpg,test,-1,pla30521
CASIA2/Au/Au_pla_30522.jpg,train,2,pla30522
CASIA2/Au/Au_pla_30523.jpg,train,0,pla30523
CASIA2/Au/Au_pla_30524.jpg,train,2,pla30524
CASIA2/Au/Au_pla_30525.jpg,train,4,pla30525
CASIA2/Au/Au_pla_30526.jpg,train,3,pla30526
CASIA2/Au/Au_pla_30527.jpg,test,-1,pla30527
CASIA2/Au/Au_pla_30528.jpg,train,1,pla30528
CASIA2/Au/Au_pla_30529.jpg,test,-1,pla30529
CASIA2/Au/Au_pla_30530.jpg,train,4,pla30530
CASIA2/Au/Au_pla_30531.jpg,test,-1,pla30531
CASIA2/Au/Au_pla_30532.jpg,val,3,pla30532
CASIA2/Au/Au_pla_30533.jpg,val,1,pla30533
CASIA2/Au/Au_pla_30534.jpg,train,0,pla30534
CASIA2/Au/Au_pla_30535.jpg,train,0,pla30535
CASIA2/Au/Au_pla_30536.jpg,test,-1,pla30536
CASIA2/Au/Au_pla_30537.jpg,train,2,pla30537
CASIA2/Au/Au_pla_30538.jpg,train,1,pla30538
CASIA2/Au/Au_pla_30539.jpg,test,-1,pla30539
CASIA2/Au/Au_pla_30540.jpg,train,4,pla30540
CASIA2/Au/Au_pla_30541.jpg,test,-1,pla30541
CASIA2/Au/Au_pla_30542.jpg,val,4,pla30542
CASIA2/Au/Au_pla_30543.jpg,train,4,pla30543
CASIA2/Au/Au_pla_30544.jpg,train,3,pla30544
CASIA2/Au/Au_pla_30545.jpg,train,3,pla30545
CASIA2/Au/Au_pla_30546.jpg,train,1,pla30546
CASIA2/Au/Au_pla_30547.jpg,train,4,pla30547
CASIA2/Au/Au_pla_30548.jpg,train,4,pla30548
CASIA2/Au/Au_pla_30549.jpg,train,4,pla30549
CASIA2/Au/Au_pla_30550.jpg,train,2,pla30550
CASIA2/Au/Au_pla_30551.jpg,train,1,pla30551
CASIA2/Au/Au_pla_30552.jpg,test,-1,pla30552
CASIA2/Au/Au_pla_30553.jpg,train,1,pla30553
CASIA2/Au/Au_pla_30554.jpg,train,2,pla30554
CASIA2/Au/Au_pla_30555.jpg,train,3,pla30555
CASIA2/Au/Au_pla_30556.jpg,train,1,pla30556
CASIA2/Au/Au_pla_30557.jpg,val,0,pla30557
CASIA2/Au/Au_pla_30558.jpg,train,0,pla30558
CASIA2/Au/Au_pla_30559.jpg,val,2,pla30559
CASIA2/Au/Au_pla_30560.jpg,val,3,pla30560
CASIA2/Au/Au_pla_30561.jpg,val,0,pla30561
CASIA2/Au/Au_pla_30562.jpg,test,-1,pla30562
CASIA2/Au/Au_pla_30563.jpg,train,4,pla30563
CASIA2/Au/Au_pla_30564.jpg,val,1,pla30564
CASIA2/Au/Au_pla_30565.jpg,train,0,pla30565
CASIA2/Au/Au_pla_30566.jpg,train,1,pla30566
CASIA2/Au/Au_pla_30567.jpg,test,-1,pla30567
CASIA2/Au/Au_pla_30568.jpg,train,3,pla30568
CASIA2/Au/Au_pla_30569.jpg,train,3,pla30569
CASIA2/Au/Au_pla_30570.jpg,train,1,pla30570
CASIA2/Au/Au_pla_30571.jpg,train,0,pla30571
CASIA2/Au/Au_pla_30572.jpg,train,3,pla30572
CASIA2/Au/Au_pla_30573.jpg,train,1,pla30573
CASIA2/Au/Au_pla_30574.jpg,train,4,pla30574
CASIA2/Au/Au_pla_30575.jpg,train,0,pla30575
CASIA2/Au/Au_pla_30576.jpg,train,2,pla30576
CASIA2/Au/Au_pla_30577.jpg,train,3,pla30577
CASIA2/Au/Au_pla_30578.jpg,train,0,pla30578
CASIA2/Au/Au_pla_30579.jpg,train,3,pla30579
CASIA2/Au/Au_pla_30580.jpg,train,3,pla30580
CASIA2/Au/Au_pla_30581.jpg,train,4,pla30581
CASIA2/Au/Au_pla_30582.jpg,train,3,pla30582
CASIA2/Au/Au_pla_30583.jpg,train,1,pla30583
CASIA2/Au/Au_pla_30584.jpg,train,1,pla30584
CASIA2/Au/Au_pla_30585.jpg,test,-1,pla30585
CASIA2/Au/Au_pla_30586.jpg,val,2,pla30586
CASIA2/Au/Au_pla_30587.jpg,train,3,pla30587
CASIA2/Au/Au_pla_30588.jpg,train,2,pla30588
CASIA2/Au/Au_pla_30589.jpg,train,0,pla30589
CASIA2/Au/Au_pla_30590.jpg,train,3,pla30590
CASIA2/Au/Au_pla_30591.jpg,val,1,pla30591
CASIA2/Au/Au_pla_30592.jpg,test,-1,pla30592
CASIA2/Au/Au_pla_30593.jpg,val,0,pla30593
CASIA2/Au/Au_pla_30594.jpg,train,3,pla30594
CASIA2/Au/Au_pla_30595.jpg,train,1,pla30595
CASIA2/Au/Au_pla_30596.jpg,train,2,pla30596
CASIA2/Au/Au_pla_30597.jpg,val,0,pla30597
CASIA2/Au/Au_pla_30598.jpg,train,1,pla30598
CASIA2/Au/Au_pla_30599.jpg,test,-1,pla30599
CASIA2/Au/Au_pla_30600.jpg,train,0,pla30600
CASIA2/Au/Au_pla_30601.jpg,train,3,pla30601
CASIA2/Au/Au_pla_30602.jpg,train,0,pla30602
CASIA2/Au/Au_pla_30603.jpg,train,0,pla30603
CASIA2/Au/Au_pla_30604.jpg,train,1,pla30604
CASIA2/Au/Au_pla_30605.jpg,train,2,pla30605
CASIA2/Au/Au_pla_30606.jpg,train,1,pla30606
CASIA2/Au/Au_pla_30607.jpg,train,1,pla30607
CASIA2/Au/Au_pla_30608.jpg,train,4,pla30608
CASIA2/Au/Au_pla_30609.jpg,train,1,pla30609
CASIA2/Au/Au_pla_30610.jpg,train,2,pla30610
CASIA2/Au/Au_pla_30611.jpg,train,2,pla30611
CASIA2/Au/Au_pla_30612.jpg,test,-1,pla30612
CASIA2/Au/Au_pla_30613.jpg,train,0,pla30613
CASIA2/Au/Au_pla_30614.jpg,train,0,pla30614
CASIA2/Au/Au_pla_30615.jpg,train,4,pla30615
CASIA2/Au/Au_pla_30616.jpg,train,3,pla30616
CASIA2/Au/Au_pla_30617.jpg,test,-1,pla30617
CASIA2/Au/Au_pla_30618.jpg,train,0,pla30618
CASIA2/Au/Au_pla_30619.jpg,train,4,pla30619
CASIA2/Au/Au_pla_30620.jpg,train,3,pla30620
CASIA2/Au/Au_pla_30621.jpg,val,0,pla30621
CASIA2/Au/Au_pla_30622.jpg,val,4,pla30622
CASIA2/Au/Au_pla_30623.jpg,train,3,pla30623
CASIA2/Au/Au_pla_30624.jpg,test,-1,pla30624
CASIA2/Au/Au_pla_30625.jpg,train,0,pla30625
CASIA2/Au/Au_pla_30626.jpg,train,0,pla30626
CASIA2/Au/Au_pla_30627.jpg,train,4,pla30627
CASIA2/Au/Au_pla_30628.jpg,train,2,pla30628
CASIA2/Au/Au_pla_30629.jpg,train,2,pla30629
CASIA2/Au/Au_pla_30630.jpg,train,0,pla30630
CASIA2/Au/Au_pla_30631.jpg,test,-1,pla30631
CASIA2/Au/Au_pla_30632.jpg,val,1,pla30632
CASIA2/Au/Au_pla_30633.jpg,train,0,pla30633
CASIA2/Au/Au_pla_30634.jpg,val,4,pla30634
CASIA2/Au/Au_pla_30635.jpg,train,3,pla30635
CASIA2/Au/Au_pla_30636.jpg,train,0,pla30636
CASIA2/Au/Au_pla_30637.jpg,val,2,pla00071
CASIA2/Au/Au_pla_30638.jpg,train,2,pla30638
CASIA2/Au/Au_pla_30639.jpg,train,0,pla30639
CASIA2/Au/Au_pla_30640.jpg,test,-1,pla30640
CASIA2/Au/Au_pla_30641.jpg,train,4,pla30641
CASIA2/Au/Au_pla_30642.jpg,val,1,pla30642
CASIA2/Au/Au_pla_30643.jpg,train,2,pla30643
CASIA2/Au/Au_pla_30644.jpg,train,2,pla30644
CASIA2/Au/Au_pla_30645.jpg,test,-1,pla30645
CASIA2/Au/Au_pla_30646.jpg,train,4,pla30646
CASIA2/Au/Au_pla_30647.jpg,val,1,pla30647
CASIA2/Au/Au_pla_30648.jpg,val,0,pla30648
CASIA2/Au/Au_pla_30649.jpg,train,2,pla30649
CASIA2/Au/Au_pla_30650.jpg,val,2,pla30650
CASIA2/Au/Au_pla_30651.jpg,train,0,pla30651
CASIA2/Au/Au_pla_30652.jpg,train,4,pla30652
CASIA2/Au/Au_pla_30653.jpg,test,-1,pla30653
CASIA2/Au/Au_pla_30654.jpg,train,2,pla30654
CASIA2/Au/Au_pla_30655.jpg,train,4,pla30655
CASIA2/Au/Au_pla_30656.jpg,train,4,pla30656
CASIA2/Au/Au_pla_30657.jpg,train,3,pla30657
CASIA2/Au/Au_pla_30658.jpg,train,0,pla30658
CASIA2/Au/Au_pla_30659.jpg,test,-1,pla30659
CASIA2/Au/Au_pla_30660.jpg,train,2,pla30660
CASIA2/Au/Au_pla_30661.jpg,test,-1,pla30661
CASIA2/Au/Au_pla_30662.jpg,train,2,pla30662
CASIA2/Au/Au_pla_30663.jpg,train,4,pla30663
CASIA2/Au/Au_pla_30664.jpg,train,1,pla30664
CASIA2/Au/Au_pla_30665.jpg,train,0,pla30665
CASIA2/Au/Au_pla_30666.jpg,train,1,pla30666
CASIA2/Au/Au_pla_30667.jpg,train,1,pla30667
CASIA2/Au/Au_pla_30668.jpg,train,3,pla30668
CASIA2/Au/Au_pla_30669.jpg,train,2,pla30669
CASIA2/Au/Au_pla_30670.jpg,train,3,pla30670
CASIA2/Au/Au_pla_30671.jpg,val,1,pla30671
CASIA2/Au/Au_pla_30672.jpg,train,4,pla30672
CASIA2/Au/Au_pla_30673.jpg,train,1,pla30673
CASIA2/Au/Au_pla_30674.jpg,test,-1,pla30674
CASIA2/Au/Au_pla_30675.jpg,val,1,pla30675
CASIA2/Au/Au_pla_30676.jpg,test,-1,pla30676
CASIA2/Au/Au_pla_30677.jpg,train,2,pla30677
CASIA2/Au/Au_pla_30678.jpg,train,0,pla30678
CASIA2/Au/Au_pla_30679.jpg,train,2,pla30679
CASIA2/Au/Au_pla_30680.jpg,val,3,pla30680
CASIA2/Au/Au_pla_30681.jpg,train,0,pla30681
CASIA2/Au/Au_pla_30682.jpg,train,3,pla30682
CASIA2/Au/Au_pla_30683.jpg,train,2,pla30683
CASIA2/Au/Au_pla_30684.jpg,train,1,pla30684
CASIA2/Au/Au_pla_30685.jpg,train,4,pla30685
CASIA2/Au/Au_pla_30686.jpg,train,0,pla30686
CASIA2/Au/Au_pla_30687.jpg,train,1,pla30687
CASIA2/Au/Au_pla_30688.jpg,val,4,pla30688
CASIA2/Au/Au_pla_30689.jpg,val,4,pla30689
CASIA2/Au/Au_pla_30690.jpg,test,-1,pla30690
CASIA2/Au/Au_pla_30691.jpg,train,2,pla30691
CASIA2/Au/Au_pla_30692.jpg,train,4,pla30692
CASIA2/Au/Au_pla_30693.jpg,train,2,pla30693
CASIA2/Au/Au_pla_30694.jpg,train,3,pla30694
CASIA2/Au/Au_pla_30695.jpg,train,1,pla30695
CASIA2/Au/Au_pla_30696.jpg,val,4,pla30696
CASIA2/Au/Au_pla_30697.jpg,test,-1,pla30697
CASIA2/Au/Au_pla_30698.jpg,train,3,pla30698
CASIA2/Au/Au_pla_30699.jpg,train,4,pla30699
CASIA2/Au/Au_pla_30700.jpg,train,4,pla30700
CASIA2/Au/Au_pla_30701.jpg,train,2,pla30701
CASIA2/Au/Au_pla_30702.jpg,train,0,pla30702
CASIA2/Au/Au_pla_30703.jpg,val,1,pla30703
CASIA2/Au/Au_pla_30704.jpg,train,0,pla30704
CASIA2/Au/Au_pla_30705.jpg,test,-1,pla30705
CASIA2/Au/Au_pla_30706.jpg,train,3,pla30706
CASIA2/Au/Au_pla_30707.jpg,test,-1,pla30707
CASIA2/Au/Au_pla_30708.jpg,train,2,pla30708
CASIA2/Au/Au_pla_30709.jpg,train,3,pla30709
CASIA2/Au/Au_pla_30710.jpg,val,1,pla30710
CASIA2/Au/Au_pla_30711.jpg,train,2,pla30711
CASIA2/Au/Au_pla_30712.jpg,train,0,pla30712
CASIA2/Au/Au_pla_30713.jpg,train,3,pla30713
CASIA2/Au/Au_pla_30714.jpg,test,-1,pla30714
CASIA2/Au/Au_pla_30715.jpg,test,-1,pla30715
CASIA2/Au/Au_pla_30716.jpg,val,2,pla30716
CASIA2/Au/Au_pla_30717.jpg,train,2,pla30717
CASIA2/Au/Au_pla_30718.jpg,train,4,pla30718
CASIA2/Au/Au_pla_30719.jpg,train,2,pla30719
CASIA2/Au/Au_pla_30720.jpg,train,1,pla30720
CASIA2/Au/Au_pla_30721.jpg,train,0,pla30721
CASIA2/Au/Au_pla_30722.jpg,train,2,pla30722
CASIA2/Au/Au_pla_30723.jpg,test,-1,pla30723
CASIA2/Au/Au_pla_30724.jpg,train,2,pla30724
CASIA2/Au/Au_pla_30725.jpg,train,2,pla30725
CASIA2/Au/Au_pla_30726.jpg,test,-1,pla30726
CASIA2/Au/Au_pla_30727.jpg,train,4,pla30727
CASIA2/Au/Au_pla_30728.jpg,train,4,pla30728
CASIA2/Au/Au_pla_30729.jpg,train,4,pla30729
CASIA2/Au/Au_pla_30730.jpg,train,2,pla30730
CASIA2/Au/Au_pla_30731.jpg,val,3,pla30731
CASIA2/Au/Au_pla_30732.jpg,test,-1,pla30732
CASIA2/Au/Au_pla_30733.jpg,train,3,pla30733
CASIA2/Au/Au_pla_30734.jpg,train,2,pla30734
CASIA2/Au/Au_pla_30735.jpg,train,0,pla30735
CASIA2/Au/Au_pla_30736.jpg,val,2,pla30736
CASIA2/Au/Au_pla_30737.jpg,train,2,pla30737
CASIA2/Au/Au_pla_30738.jpg,train,0,pla30738
CASIA2/Au/Au_pla_30739.jpg,train,0,pla30739
CASIA2/Au/Au_pla_30740.jpg,test,-1,pla30740
CASIA2/Au/Au_pla_30741.jpg,train,1,pla30741
CASIA2/Au/Au_pla_30742.jpg,train,0,pla30742
CASIA2/Au/Au_pla_30743.jpg,train,0,pla30743
CASIA2/Au/Au_pla_30744.jpg,train,3,pla30744
CASIA2/Au/Au_pla_30745.jpg,test,-1,pla30745
CASIA2/Au/Au_sec_00001.jpg,test,-1,sec00001
CASIA2/Au/Au_sec_00002.jpg,test,-1,sec00002
CASIA2/Au/Au_sec_00003.jpg,train,1,sec00003
CASIA2/Au/Au_sec_00004.jpg,val,3,sec00004
CASIA2/Au/Au_sec_00005.jpg,train,2,sec00005
CASIA2/Au/Au_sec_00006.jpg,val,1,sec00006
CASIA2/Au/Au_sec_00007.jpg,train,2,sec00007
CASIA2/Au/Au_sec_00008.jpg,test,-1,sec00008
CASIA2/Au/Au_sec_00009.jpg,train,2,sec00009
CASIA2/Au/Au_sec_00010.jpg,test,-1,sec00010
CASIA2/Au/Au_sec_00011.jpg,val,1,sec00011
CASIA2/Au/Au_sec_00012.jpg,train,2,sec00012
CASIA2/Au/Au_sec_00013.jpg,train,3,sec00013
CASIA2/Au/Au_sec_00014.jpg,test,-1,sec00014
CASIA2/Au/Au_sec_00015.jpg,train,2,sec00015
CASIA2/Au/Au_sec_00016.jpg,train,2,sec00016
CASIA2/Au/Au_sec_00017.jpg,train,0,sec00017
CASIA2/Au/Au_sec_00018.jpg,train,3,sec00018
CASIA2/Au/Au_sec_00019.jpg,train,4,sec00019
CASIA2/Au/Au_sec_00020.jpg,train,3,sec00020
CASIA2/Au/Au_sec_00021.jpg,train,3,sec00021
CASIA2/Au/Au_sec_00022.jpg,val,1,ind00014
CASIA2/Au/Au_sec_00023.jpg,train,4,ind00015
CASIA2/Au/Au_sec_00024.jpg,test,-1,sec00024
CASIA2/Au/Au_sec_00025.jpg,train,0,sec00025
CASIA2/Au/Au_sec_00026.jpg,train,3,sec00026
CASIA2/Au/Au_sec_00027.jpg,train,0,sec00027
CASIA2/Au/Au_sec_00028.jpg,train,4,sec00028
CASIA2/Au/Au_sec_00029.jpg,train,0,nat00029
CASIA2/Au/Au_sec_00030.jpg,train,3,sec00030
CASIA2/Au/Au_sec_00031.jpg,train,4,sec00031
CASIA2/Au/Au_sec_00032.jpg,train,4,sec00032
CASIA2/Au/Au_sec_00033.jpg,test,-1,sec00033
CASIA2/Au/Au_sec_00034.jpg,train,1,sec00034
CASIA2/Au/Au_sec_00035.jpg,train,0,sec00035
CASIA2/Au/Au_sec_00036.jpg,train,0,sec00036
CASIA2/Au/Au_sec_00037.jpg,train,3,sec00037
CASIA2/Au/Au_sec_00038.jpg,val,3,sec00038
CASIA2/Au/Au_sec_00039.jpg,train,3,sec00039
CASIA2/Au/Au_sec_00040.jpg,train,3,sec00040
CASIA2/Au/Au_sec_00041.jpg,train,0,sec00041
CASIA2/Au/Au_sec_00042.jpg,train,1,sec00042
CASIA2/Au/Au_sec_00043.jpg,test,-1,cha30686
CASIA2/Au/Au_sec_00044.jpg,train,3,ind00095
CASIA2/Au/Au_sec_00045.jpg,test,-1,sec00045
CASIA2/Au/Au_sec_00046.jpg,train,3,sec00046
CASIA2/Au/Au_sec_00047.jpg,val,0,sec00047
CASIA2/Au/Au_sec_00048.jpg,train,0,sec00048
CASIA2/Au/Au_sec_00049.jpg,train,1,sec00049
CASIA2/Au/Au_sec_00050.jpg,val,1,sec00050
CASIA2/Au/Au_sec_00051.jpg,val,1,sec00051
CASIA2/Au/Au_sec_00052.jpg,train,1,sec00052
CASIA2/Au/Au_sec_00053.jpg,train,4,sec00053
CASIA2/Au/Au_sec_00054.jpg,train,1,sec00054
CASIA2/Au/Au_sec_00055.jpg,test,-1,sec00055
CASIA2/Au/Au_sec_00056.jpg,test,-1,sec00056
CASIA2/Au/Au_sec_00057.jpg,train,3,sec00057
CASIA2/Au/Au_sec_00058.jpg,train,2,sec00058
CASIA2/Au/Au_sec_00059.jpg,val,1,sec00059
CASIA2/Au/Au_sec_00060.jpg,val,0,sec00060
CASIA2/Au/Au_sec_00061.jpg,train,1,sec00061
CASIA2/Au/Au_sec_00062.jpg,test,-1,nat00083
CASIA2/Au/Au_sec_00063.jpg,train,2,sec00063
CASIA2/Au/Au_sec_00064.jpg,train,1,sec00064
CASIA2/Au/Au_sec_00065.jpg,val,3,sec00065
CASIA2/Au/Au_sec_00066.jpg,train,0,sec00066
CASIA2/Au/Au_sec_00067.jpg,test,-1,sec00067
CASIA2/Au/Au_sec_00068.jpg,train,2,sec00068
CASIA2/Au/Au_sec_00069.jpg,train,1,sec00069
CASIA2/Au/Au_sec_00070.jpg,val,0,sec00070
CASIA2/Au/Au_sec_00071.jpg,train,2,sec00071
CASIA2/Au/Au_sec_00072.jpg,train,0,sec00072
CASIA2/Au/Au_sec_00073.jpg,train,0,sec00073
CASIA2/Au/Au_sec_00074.jpg,test,-1,sec00074
CASIA2/Au/Au_sec_00075.jpg,val,0,sec00075
CASIA2/Au/Au_sec_00076.jpg,test,-1,sec00076
CASIA2/Au/Au_sec_00077.jpg,train,4,sec00077
CASIA2/Au/Au_sec_00078.jpg,train,4,sec00078
CASIA2/Au/Au_sec_00079.jpg,train,2,sec00079
CASIA2/Au/Au_sec_00080.jpg,val,0,sec00080
CASIA2/Au/Au_sec_00081.jpg,test,-1,sec00081
CASIA2/Au/Au_sec_00082.jpg,test,-1,arc00082
CASIA2/Au/Au_sec_00083.jpg,train,0,sec00083
CASIA2/Au/Au_sec_00084.jpg,train,1,sec00084
CASIA2/Au/Au_sec_00085.jpg,test,-1,ani00085
CASIA2/Au/Au_sec_00086.jpg,train,0,sec00086
CASIA2/Au/Au_sec_00087.jpg,val,2,sec00087
CASIA2/Au/Au_sec_00088.jpg,val,4,sec00088
CASIA2/Au/Au_sec_00089.jpg,val,4,sec00089
CASIA2/Au/Au_sec_00090.jpg,train,3,sec00090
CASIA2/Au/Au_sec_00091.jpg,train,2,sec00091
CASIA2/Au/Au_sec_00092.jpg,test,-1,sec00092
CASIA2/Au/Au_sec_00093.jpg,train,3,sec00093
CASIA2/Au/Au_sec_00094.jpg,train,3,sec00094
CASIA2/Au/Au_sec_00095.jpg,train,4,sec00095
CASIA2/Au/Au_sec_00096.jpg,train,1,sec00096
CASIA2/Au/Au_sec_00097.jpg,train,4,sec00097
CASIA2/Au/Au_sec_00098.jpg,train,4,sec00098
CASIA2/Au/Au_sec_00099.jpg,train,3,sec00099
CASIA2/Au/Au_sec_00100.jpg,train,3,sec00100
CASIA2/Au/Au_sec_10001.jpg,train,0,sec10001
CASIA2/Au/Au_sec_10002.jpg,val,0,sec10002
CASIA2/Au/Au_sec_10003.jpg,val,2,sec10003
CASIA2/Au/Au_sec_10101.jpg,train,3,sec10101
CASIA2/Au/Au_sec_10102.jpg,train,2,sec10102
CASIA2/Au/Au_sec_10103.jpg,train,3,sec10103
CASIA2/Au/Au_sec_10104.jpg,train,0,sec10104
CASIA2/Au/Au_sec_10105.jpg,val,0,sec10105
CASIA2/Au/Au_sec_10106.jpg,train,2,sec10106
CASIA2/Au/Au_sec_10107.jpg,train,3,sec10107
CASIA2/Au/Au_sec_10108.jpg,train,1,sec10108
CASIA2/Au/Au_sec_10109.jpg,train,0,sec10109
CASIA2/Au/Au_sec_10110.jpg,test,-1,sec10110
CASIA2/Au/Au_sec_10111.jpg,test,-1,sec10111
CASIA2/Au/Au_sec_10112.jpg,val,4,sec10112
CASIA2/Au/Au_sec_10113.jpg,train,0,sec10113
CASIA2/Au/Au_sec_10114.jpg,val,0,sec10114
CASIA2/Au/Au_sec_10115.jpg,train,2,sec10115
CASIA2/Au/Au_sec_10116.bmp,train,0,sec10116
CASIA2/Au/Au_sec_20001.jpg,val,1,sec20001
CASIA2/Au/Au_sec_20002.jpg,train,2,sec20002
CASIA2/Au/Au_sec_20003.jpg,train,3,sec20003
CASIA2/Au/Au_sec_20004.jpg,val,0,sec20004
CASIA2/Au/Au_sec_20005.jpg,train,0,sec20005
CASIA2/Au/Au_sec_20006.jpg,train,4,sec20006
CASIA2/Au/Au_sec_20007.jpg,train,3,sec20007
CASIA2/Au/Au_sec_20008.jpg,test,-1,sec20008
CASIA2/Au/Au_sec_20009.jpg,train,0,sec20009
CASIA2/Au/Au_sec_20010.jpg,train,1,sec20010
CASIA2/Au/Au_sec_20011.jpg,train,1,sec20011
CASIA2/Au/Au_sec_20012.jpg,train,3,sec20012
CASIA2/Au/Au_sec_20013.jpg,train,4,sec20013
CASIA2/Au/Au_sec_20014.jpg,train,1,sec20014
CASIA2/Au/Au_sec_20015.jpg,test,-1,sec20015
CASIA2/Au/Au_sec_20016.jpg,train,2,sec20016
CASIA2/Au/Au_sec_20017.jpg,train,0,sec20017
CASIA2/Au/Au_sec_20018.jpg,train,3,sec20018
CASIA2/Au/Au_sec_20019.jpg,train,3,sec20019
CASIA2/Au/Au_sec_20020.jpg,train,4,sec20020
CASIA2/Au/Au_sec_20021.jpg,train,3,sec20021
CASIA2/Au/Au_sec_20022.jpg,train,3,sec20022
CASIA2/Au/Au_sec_20023.jpg,train,1,sec20023
CASIA2/Au/Au_sec_20024.jpg,val,2,sec20024
CASIA2/Au/Au_sec_20025.jpg,train,0,sec20025
CASIA2/Au/Au_sec_20026.jpg,test,-1,sec20026
CASIA2/Au/Au_sec_20027.jpg,train,2,sec20027
CASIA2/Au/Au_sec_20028.jpg,train,4,sec20028
CASIA2/Au/Au_sec_20029.jpg,test,-1,sec20029
CASIA2/Au/Au_sec_20030.jpg,test,-1,sec20030
CASIA2/Au/Au_sec_20031.jpg,train,2,sec20031
CASIA2/Au/Au_sec_20032.jpg,test,-1,sec20032
CASIA2/Au/Au_sec_20033.jpg,val,3,sec20033
CASIA2/Au/Au_sec_20034.jpg,train,1,sec20034
CASIA2/Au/Au_sec_20035.jpg,test,-1,sec20035
CASIA2/Au/Au_sec_20036.jpg,train,2,sec20036
CASIA2/Au/Au_sec_20037.jpg,train,0,sec20037
CASIA2/Au/Au_sec_20038.jpg,test,-1,sec20038
CASIA2/Au/Au_sec_20039.jpg,train,3,sec20039
CASIA2/Au/Au_sec_20040.jpg,val,3,sec20040
CASIA2/Au/Au_sec_20041.jpg,val,0,sec20041
CASIA2/Au/Au_sec_20042.jpg,train,0,sec20042
CASIA2/Au/Au_sec_20043.jpg,val,4,sec20043
CASIA2/Au/Au_sec_20044.jpg,train,1,sec20044
CASIA2/Au/Au_sec_20045.jpg,test,-1,sec20045
CASIA2/Au/Au_sec_20046.jpg,train,0,sec20046
CASIA2/Au/Au_sec_20047.jpg,train,3,sec20047
CASIA2/Au/Au_sec_20048.jpg,train,0,sec20048
CASIA2/Au/Au_sec_20049.jpg,train,0,sec20049
CASIA2/Au/Au_sec_20050.jpg,train,1,sec20050
CASIA2/Au/Au_sec_20051.jpg,val,2,sec20051
CASIA2/Au/Au_sec_20052.jpg,train,4,sec20052
CASIA2/Au/Au_sec_20053.jpg,val,3,sec20053
CASIA2/Au/Au_sec_20054.jpg,train,0,sec20054
CASIA2/Au/Au_sec_20055.jpg,train,3,sec20055
CASIA2/Au/Au_sec_20056.jpg,train,4,sec20056
CASIA2/Au/Au_sec_20057.jpg,val,3,sec20057
CASIA2/Au/Au_sec_20058.jpg,val,2,sec20058
CASIA2/Au/Au_sec_20059.jpg,val,0,sec20059
CASIA2/Au/Au_sec_20060.jpg,train,3,sec20060
CASIA2/Au/Au_sec_20061.jpg,test,-1,sec20061
CASIA2/Au/Au_sec_20062.jpg,test,-1,sec20062
CASIA2/Au/Au_sec_20063.jpg,train,1,sec20063
CASIA2/Au/Au_sec_20064.jpg,train,3,sec20064
CASIA2/Au/Au_sec_20065.jpg,train,4,sec20065
CASIA2/Au/Au_sec_20066.jpg,train,0,sec20066
CASIA2/Au/Au_sec_20067.jpg,train,2,sec20067
CASIA2/Au/Au_sec_20068.jpg,train,1,sec20068
CASIA2/Au/Au_sec_20069.jpg,train,4,sec20069
CASIA2/Au/Au_sec_20070.jpg,val,1,sec20070
CASIA2/Au/Au_sec_20071.jpg,test,-1,sec20071
CASIA2/Au/Au_sec_20072.jpg,train,0,sec20072
CASIA2/Au/Au_sec_20073.jpg,train,4,sec20073
CASIA2/Au/Au_sec_20074.jpg,val,2,sec20074
CASIA2/Au/Au_sec_20075.jpg,train,2,sec20075
CASIA2/Au/Au_sec_20076.jpg,train,1,sec20076
CASIA2/Au/Au_sec_20077.jpg,test,-1,sec20077
CASIA2/Au/Au_sec_20078.jpg,val,2,sec20078
CASIA2/Au/Au_sec_20079.jpg,test,-1,sec20079
CASIA2/Au/Au_sec_20080.jpg,train,0,sec20080
CASIA2/Au/Au_sec_20081.jpg,train,2,sec20081
CASIA2/Au/Au_sec_20082.jpg,train,3,sec20082
CASIA2/Au/Au_sec_20083.jpg,train,2,sec20083
CASIA2/Au/Au_sec_20084.jpg,train,4,sec20084
CASIA2/Au/Au_sec_20085.jpg,val,4,sec20085
CASIA2/Au/Au_sec_20086.jpg,train,1,arc20067
CASIA2/Au/Au_sec_20087.jpg,train,0,sec20087
CASIA2/Au/Au_sec_20088.jpg,train,0,sec20088
CASIA2/Au/Au_sec_20089.jpg,val,4,sec20089
CASIA2/Au/Au_sec_20090.jpg,train,3,sec20090
CASIA2/Au/Au_sec_20091.jpg,train,1,sec20091
CASIA2/Au/Au_sec_20092.jpg,train,3,sec20092
CASIA2/Au/Au_sec_20093.jpg,val,2,sec20093
CASIA2/Au/Au_sec_20094.jpg,train,1,sec20094
CASIA2/Au/Au_sec_20095.jpg,train,3,sec20095
CASIA2/Au/Au_sec_20096.jpg,train,1,sec20096
CASIA2/Au/Au_sec_20097.jpg,train,4,sec20097
CASIA2/Au/Au_sec_20098.jpg,test,-1,sec20098
CASIA2/Au/Au_sec_20099.jpg,train,0,sec20099
CASIA2/Au/Au_sec_20100.jpg,val,0,sec20100
CASIA2/Au/Au_sec_30001.jpg,val,1,sec30001
CASIA2/Au/Au_sec_30002.jpg,train,0,sec30002
CASIA2/Au/Au_sec_30003.jpg,train,0,sec30003
CASIA2/Au/Au_sec_30004.jpg,train,0,sec30004
CASIA2/Au/Au_sec_30005.jpg,train,3,sec30005
CASIA2/Au/Au_sec_30006.jpg,train,3,sec30006
CASIA2/Au/Au_sec_30007.jpg,train,1,sec30007
CASIA2/Au/Au_sec_30008.jpg,train,1,sec30008
CASIA2/Au/Au_sec_30009.jpg,val,4,sec30009
CASIA2/Au/Au_sec_30010.jpg,train,2,sec30010
CASIA2/Au/Au_sec_30011.jpg,train,3,sec30011
CASIA2/Au/Au_sec_30012.jpg,train,2,sec30012
CASIA2/Au/Au_sec_30013.jpg,val,3,sec30013
CASIA2/Au/Au_sec_30014.jpg,train,2,sec30014
CASIA2/Au/Au_sec_30015.jpg,train,2,sec30015
CASIA2/Au/Au_sec_30016.jpg,test,-1,sec30016
CASIA2/Au/Au_sec_30017.jpg,test,-1,sec30017
CASIA2/Au/Au_sec_30018.jpg,train,3,sec30018
CASIA2/Au/Au_sec_30019.jpg,train,0,sec30019
CASIA2/Au/Au_sec_30020.jpg,test,-1,sec30020
CASIA2/Au/Au_sec_30021.jpg,test,-1,sec30021
CASIA2/Au/Au_sec_30022.jpg,train,3,sec30022
CASIA2/Au/Au_sec_30023.jpg,test,-1,sec30023
CASIA2/Au/Au_sec_30024.jpg,train,0,sec30024
CASIA2/Au/Au_sec_30025.jpg,train,3,sec30025
CASIA2/Au/Au_sec_30026.jpg,val,0,sec30026
CASIA2/Au/Au_sec_30027.jpg,test,-1,sec30027
CASIA2/Au/Au_sec_30028.jpg,train,3,sec30028
CASIA2/Au/Au_sec_30029.jpg,train,1,sec30029
CASIA2/Au/Au_sec_30030.jpg,test,-1,sec30030
CASIA2/Au/Au_sec_30031.jpg,train,4,sec30031
CASIA2/Au/Au_sec_30032.jpg,test,-1,sec30032
CASIA2/Au/Au_sec_30033.jpg,train,4,sec30033
CASIA2/Au/Au_sec_30034.jpg,train,4,sec30034
CASIA2/Au/Au_sec_30035.jpg,train,2,sec30035
CASIA2/Au/Au_sec_30036.jpg,train,3,sec30036
CASIA2/Au/Au_sec_30037.jpg,test,-1,sec30037
CASIA2/Au/Au_sec_30038.jpg,train,4,sec30038
CASIA2/Au/Au_sec_30039.jpg,train,4,sec30039
CASIA2/Au/Au_sec_30040.jpg,train,1,sec30040
CASIA2/Au/Au_sec_30041.jpg,train,3,sec30041
CASIA2/Au/Au_sec_30042.jpg,train,2,sec30042
CASIA2/Au/Au_sec_30043.jpg,train,1,sec30043
CASIA2/Au/Au_sec_30044.jpg,train,2,sec30044
CASIA2/Au/Au_sec_30045.jpg,train,4,sec30045
CASIA2/Au/Au_sec_30046.jpg,train,0,sec30046
CASIA2/Au/Au_sec_30047.jpg,val,1,sec30047
CASIA2/Au/Au_sec_30048.jpg,train,4,sec30048
CASIA2/Au/Au_sec_30049.jpg,train,3,sec30049
CASIA2/Au/Au_sec_30050.jpg,test,-1,sec30050
CASIA2/Au/Au_sec_30051.jpg,train,0,sec30051
CASIA2/Au/Au_sec_30052.jpg,train,2,sec30052
CASIA2/Au/Au_sec_30053.jpg,train,4,sec30053
CASIA2/Au/Au_sec_30054.jpg,train,0,sec30054
CASIA2/Au/Au_sec_30055.jpg,test,-1,sec30055
CASIA2/Au/Au_sec_30056.jpg,val,3,sec30056
CASIA2/Au/Au_sec_30057.jpg,val,3,sec30057
CASIA2/Au/Au_sec_30058.jpg,train,4,sec30058
CASIA2/Au/Au_sec_30059.jpg,test,-1,sec30059
CASIA2/Au/Au_sec_30060.jpg,val,0,sec30060
CASIA2/Au/Au_sec_30061.jpg,test,-1,sec30061
CASIA2/Au/Au_sec_30062.jpg,test,-1,sec30062
CASIA2/Au/Au_sec_30063.jpg,val,4,sec30063
CASIA2/Au/Au_sec_30064.jpg,train,1,sec30064
CASIA2/Au/Au_sec_30065.jpg,train,1,sec30065
CASIA2/Au/Au_sec_30066.jpg,train,2,sec30066
CASIA2/Au/Au_sec_30067.jpg,train,0,sec30067
CASIA2/Au/Au_sec_30068.jpg,val,2,sec30068
CASIA2/Au/Au_sec_30069.jpg,val,3,sec30069
CASIA2/Au/Au_sec_30070.jpg,val,1,sec30070
CASIA2/Au/Au_sec_30071.jpg,test,-1,sec30071
CASIA2/Au/Au_sec_30072.jpg,train,0,sec30072
CASIA2/Au/Au_sec_30073.jpg,test,-1,sec30073
CASIA2/Au/Au_sec_30074.jpg,train,0,sec30074
CASIA2/Au/Au_sec_30075.jpg,train,3,sec30075
CASIA2/Au/Au_sec_30076.jpg,train,3,sec30076
CASIA2/Au/Au_sec_30077.jpg,train,3,sec30077
CASIA2/Au/Au_sec_30078.jpg,train,1,sec30078
CASIA2/Au/Au_sec_30079.jpg,train,3,sec30079
CASIA2/Au/Au_sec_30080.jpg,train,0,sec30080
CASIA2/Au/Au_sec_30081.jpg,train,3,sec30081
CASIA2/Au/Au_sec_30082.jpg,train,0,sec30082
CASIA2/Au/Au_sec_30083.jpg,train,1,sec30083
CASIA2/Au/Au_sec_30084.jpg,train,2,sec30084
CASIA2/Au/Au_sec_30085.jpg,val,0,sec30085
CASIA2/Au/Au_sec_30086.jpg,train,3,sec30086
CASIA2/Au/Au_sec_30087.jpg,train,2,sec30087
CASIA2/Au/Au_sec_30088.jpg,train,0,sec30088
CASIA2/Au/Au_sec_30089.jpg,val,4,sec30089
CASIA2/Au/Au_sec_30090.jpg,train,3,sec30090
CASIA2/Au/Au_sec_30091.jpg,train,4,sec30091
CASIA2/Au/Au_sec_30092.jpg,train,2,sec30092
CASIA2/Au/Au_sec_30093.jpg,train,4,sec30093
CASIA2/Au/Au_sec_30094.jpg,train,0,sec30094
CASIA2/Au/Au_sec_30095.jpg,train,4,sec30095
CASIA2/Au/Au_sec_30096.jpg,train,1,sec30096
CASIA2/Au/Au_sec_30097.jpg,val,0,sec30097
CASIA2/Au/Au_sec_30098.jpg,train,0,sec30098
CASIA2/Au/Au_sec_30099.jpg,train,1,sec30099
CASIA2/Au/Au_sec_30100.jpg,train,3,sec30100
CASIA2/Au/Au_sec_30101.jpg,train,3,sec30101
CASIA2/Au/Au_sec_30102.jpg,train,4,sec30102
CASIA2/Au/Au_sec_30103.jpg,train,4,sec30103
CASIA2/Au/Au_sec_30104.jpg,train,0,sec30104
CASIA2/Au/Au_sec_30105.jpg,train,2,sec30105
CASIA2/Au/Au_sec_30106.jpg,train,0,sec30106
CASIA2/Au/Au_sec_30107.jpg,train,3,sec30107
CASIA2/Au/Au_sec_30108.jpg,test,-1,sec30108
CASIA2/Au/Au_sec_30109.jpg,val,4,sec30109
CASIA2/Au/Au_sec_30110.jpg,train,2,sec30110
CASIA2/Au/Au_sec_30111.jpg,test,-1,sec30111
CASIA2/Au/Au_sec_30112.jpg,train,2,sec30112
CASIA2/Au/Au_sec_30113.jpg,train,2,sec30113
CASIA2/Au/Au_sec_30114.jpg,train,1,sec30114
CASIA2/Au/Au_sec_30115.jpg,val,4,sec30115
CASIA2/Au/Au_sec_30116.jpg,train,3,sec30116
CASIA2/Au/Au_sec_30117.jpg,test,-1,sec30117
CASIA2/Au/Au_sec_30118.jpg,train,3,sec30118
CASIA2/Au/Au_sec_30119.jpg,train,1,sec30119
CASIA2/Au/Au_sec_30120.jpg,train,0,sec30120
CASIA2/Au/Au_sec_30121.jpg,train,2,sec30121
CASIA2/Au/Au_sec_30122.jpg,train,3,sec30122
CASIA2/Au/Au_sec_30123.jpg,train,1,sec30123
CASIA2/Au/Au_sec_30124.jpg,train,3,sec30124
CASIA2/Au/Au_sec_30125.jpg,train,3,sec30125
CASIA2/Au/Au_sec_30126.jpg,val,0,sec30126
CASIA2/Au/Au_sec_30127.jpg,train,4,sec30127
CASIA2/Au/Au_sec_30128.jpg,test,-1,sec30128
CASIA2/Au/Au_sec_30129.jpg,train,0,sec30129
CASIA2/Au/Au_sec_30130.jpg,train,2,sec30130
CASIA2/Au/Au_sec_30131.jpg,train,3,sec30131
CASIA2/Au/Au_sec_30132.jpg,train,3,sec30132
CASIA2/Au/Au_sec_30133.jpg,train,1,sec30133
CASIA2/Au/Au_sec_30134.jpg,train,3,sec30134
CASIA2/Au/Au_sec_30135.jpg,train,3,sec30135
CASIA2/Au/Au_sec_30136.jpg,train,1,sec30136
CASIA2/Au/Au_sec_30137.jpg,train,0,sec30137
CASIA2/Au/Au_sec_30138.jpg,train,4,sec30138
CASIA2/Au/Au_sec_30139.jpg,test,-1,sec30139
CASIA2/Au/Au_sec_30140.jpg,train,0,sec30140
CASIA2/Au/Au_sec_30141.jpg,train,4,sec30141
CASIA2/Au/Au_sec_30142.jpg,train,4,sec30142
CASIA2/Au/Au_sec_30143.jpg,train,0,sec30143
CASIA2/Au/Au_sec_30144.jpg,train,0,sec30144
CASIA2/Au/Au_sec_30145.jpg,train,1,sec30145
CASIA2/Au/Au_sec_30146.jpg,test,-1,sec30146
CASIA2/Au/Au_sec_30147.jpg,val,0,sec30147
CASIA2/Au/Au_sec_30148.jpg,train,0,sec30148
CASIA2/Au/Au_sec_30149.jpg,train,3,sec30149
CASIA2/Au/Au_sec_30150.jpg,test,-1,sec30150
CASIA2/Au/Au_sec_30151.jpg,train,0,sec30151
CASIA2/Au/Au_sec_30152.jpg,train,1,sec30152
CASIA2/Au/Au_sec_30153.jpg,train,0,sec30153
CASIA2/Au/Au_sec_30154.jpg,test,-1,sec30154
CASIA2/Au/Au_sec_30155.jpg,test,-1,sec30155
CASIA2/Au/Au_sec_30156.jpg,train,1,sec30156
CASIA2/Au/Au_sec_30157.jpg,train,4,sec30157
CASIA2/Au/Au_sec_30158.jpg,train,2,sec30158
CASIA2/Au/Au_sec_30159.jpg,test,-1,sec30159
CASIA2/Au/Au_sec_30160.jpg,train,1,sec30160
CASIA2/Au/Au_sec_30161.jpg,test,-1,sec30161
CASIA2/Au/Au_sec_30162.jpg,train,3,sec30162
CASIA2/Au/Au_sec_30163.jpg,train,4,sec30163
CASIA2/Au/Au_sec_30164.jpg,train,4,sec30164
CASIA2/Au/Au_sec_30165.jpg,test,-1,sec30165
CASIA2/Au/Au_sec_30166.jpg,val,0,sec30166
CASIA2/Au/Au_sec_30167.jpg,test,-1,sec30167
CASIA2/Au/Au_sec_30168.jpg,train,2,sec30168
CASIA2/Au/Au_sec_30169.jpg,train,3,sec30169
CASIA2/Au/Au_sec_30170.jpg,train,1,sec30170
CASIA2/Au/Au_sec_30171.jpg,train,0,sec30171
CASIA2/Au/Au_sec_30172.jpg,train,4,sec30172
CASIA2/Au/Au_sec_30173.jpg,val,2,sec30173
CASIA2/Au/Au_sec_30174.jpg,train,1,sec30174
CASIA2/Au/Au_sec_30175.jpg,train,0,sec30175
CASIA2/Au/Au_sec_30176.jpg,train,0,sec30176
CASIA2/Au/Au_sec_30177.jpg,val,1,sec30177
CASIA2/Au/Au_sec_30178.jpg,test,-1,sec30178
CASIA2/Au/Au_sec_30179.jpg,train,2,sec30179
CASIA2/Au/Au_sec_30180.jpg,train,0,sec30180
CASIA2/Au/Au_sec_30181.jpg,train,1,sec30181
CASIA2/Au/Au_sec_30182.jpg,train,2,sec30182
CASIA2/Au/Au_sec_30183.jpg,train,4,sec30183
CASIA2/Au/Au_sec_30184.jpg,train,1,sec30184
CASIA2/Au/Au_sec_30185.jpg,train,2,sec30185
CASIA2/Au/Au_sec_30186.jpg,train,2,sec30186
CASIA2/Au/Au_sec_30187.jpg,train,4,sec30187
CASIA2/Au/Au_sec_30188.jpg,train,0,sec30188
CASIA2/Au/Au_sec_30189.jpg,train,3,sec30189
CASIA2/Au/Au_sec_30190.jpg,val,3,sec30190
CASIA2/Au/Au_sec_30191.jpg,train,3,sec30191
CASIA2/Au/Au_sec_30192.jpg,test,-1,sec30192
CASIA2/Au/Au_sec_30193.jpg,val,1,sec30193
CASIA2/Au/Au_sec_30194.jpg,test,-1,sec30194
CASIA2/Au/Au_sec_30195.jpg,train,2,sec30195
CASIA2/Au/Au_sec_30196.jpg,train,2,sec30196
CASIA2/Au/Au_sec_30197.jpg,test,-1,sec30197
CASIA2/Au/Au_sec_30198.jpg,train,2,sec30198
CASIA2/Au/Au_sec_30199.jpg,train,0,sec30199
CASIA2/Au/Au_sec_30200.jpg,val,1,sec30200
CASIA2/Au/Au_sec_30201.jpg,train,0,sec30201
CASIA2/Au/Au_sec_30202.jpg,train,3,sec30202
CASIA2/Au/Au_sec_30203.jpg,test,-1,sec30203
CASIA2/Au/Au_sec_30204.jpg,train,4,sec30204
CASIA2/Au/Au_sec_30205.jpg,test,-1,sec30205
CASIA2/Au/Au_sec_30206.jpg,train,2,sec30206
CASIA2/Au/Au_sec_30207.jpg,train,0,sec30207
CASIA2/Au/Au_sec_30208.jpg,test,-1,sec30208
CASIA2/Au/Au_sec_30209.jpg,val,4,sec30209
CASIA2/Au/Au_sec_30210.jpg,test,-1,sec30210
CASIA2/Au/Au_sec_30211.jpg,train,4,sec30211
CASIA2/Au/Au_sec_30212.jpg,test,-1,sec30212
CASIA2/Au/Au_sec_30213.jpg,train,1,sec30213
CASIA2/Au/Au_sec_30214.jpg,train,1,sec30214
CASIA2/Au/Au_sec_30215.jpg,val,2,sec30215
CASIA2/Au/Au_sec_30216.jpg,train,0,sec30216
CASIA2/Au/Au_sec_30217.jpg,train,3,sec30217
CASIA2/Au/Au_sec_30218.jpg,train,1,sec30218
CASIA2/Au/Au_sec_30219.jpg,train,3,sec30219
CASIA2/Au/Au_sec_30220.jpg,train,1,sec30220
CASIA2/Au/Au_sec_30221.jpg,train,1,sec30221
CASIA2/Au/Au_sec_30222.jpg,val,3,sec30222
CASIA2/Au/Au_sec_30223.jpg,val,4,sec30223
CASIA2/Au/Au_sec_30224.jpg,val,1,sec30224
CASIA2/Au/Au_sec_30225.jpg,train,2,sec30225
CASIA2/Au/Au_sec_30226.jpg,val,4,sec30226
CASIA2/Au/Au_sec_30227.jpg,test,-1,sec30227
CASIA2/Au/Au_sec_30228.jpg,train,1,sec30228
CASIA2/Au/Au_sec_30229.jpg,val,3,sec30229
CASIA2/Au/Au_sec_30230.jpg,train,3,sec30230
CASIA2/Au/Au_sec_30231.jpg,train,1,sec30231
CASIA2/Au/Au_sec_30232.jpg,test,-1,sec30232
CASIA2/Au/Au_sec_30233.jpg,train,2,sec30233
CASIA2/Au/Au_sec_30234.jpg,train,3,sec30234
CASIA2/Au/Au_sec_30235.jpg,train,0,sec30235
CASIA2/Au/Au_sec_30236.jpg,train,2,sec30236
CASIA2/Au/Au_sec_30237.jpg,train,2,sec30237
CASIA2/Au/Au_sec_30238.jpg,train,4,sec30238
CASIA2/Au/Au_sec_30239.jpg,train,0,sec30239
CASIA2/Au/Au_sec_30240.jpg,train,2,sec30240
CASIA2/Au/Au_sec_30241.jpg,train,1,sec30241
CASIA2/Au/Au_sec_30242.jpg,train,1,sec30242
CASIA2/Au/Au_sec_30243.jpg,train,0,sec30243
CASIA2/Au/Au_sec_30244.jpg,train,1,sec30244
CASIA2/Au/Au_sec_30245.jpg,train,4,sec30245
CASIA2/Au/Au_sec_30246.jpg,train,1,sec30246
CASIA2/Au/Au_sec_30247.jpg,test,-1,sec30247
CASIA2/Au/Au_sec_30248.jpg,train,2,sec30248
CASIA2/Au/Au_sec_30249.jpg,val,0,sec30249
CASIA2/Au/Au_sec_30250.jpg,train,3,sec30250
CASIA2/Au/Au_sec_30251.jpg,train,1,sec30251
CASIA2/Au/Au_sec_30252.jpg,train,4,sec30252
CASIA2/Au/Au_sec_30253.jpg,train,4,sec30253
CASIA2/Au/Au_sec_30254.jpg,test,-1,sec30254
CASIA2/Au/Au_sec_30255.jpg,test,-1,sec30255
CASIA2/Au/Au_sec_30256.jpg,train,0,sec30256
CASIA2/Au/Au_sec_30257.jpg,train,0,sec30257
CASIA2/Au/Au_sec_30258.jpg,test,-1,sec30258
CASIA2/Au/Au_sec_30259.jpg,train,2,sec30259
CASIA2/Au/Au_sec_30260.jpg,train,3,sec30260
CASIA2/Au/Au_sec_30261.jpg,test,-1,sec30261
CASIA2/Au/Au_sec_30262.jpg,train,3,sec30262
CASIA2/Au/Au_sec_30263.jpg,train,0,sec30263
CASIA2/Au/Au_sec_30264.jpg,train,0,sec30264
CASIA2/Au/Au_sec_30265.jpg,train,4,sec30265
CASIA2/Au/Au_sec_30266.jpg,train,3,sec30266
CASIA2/Au/Au_sec_30267.jpg,train,0,sec30267
CASIA2/Au/Au_sec_30268.jpg,train,3,ind00013
CASIA2/Au/Au_sec_30269.jpg,train,1,sec30269
CASIA2/Au/Au_sec_30270.jpg,train,1,sec30270
CASIA2/Au/Au_sec_30271.jpg,train,4,sec30271
CASIA2/Au/Au_sec_30272.jpg,train,3,sec30272
CASIA2/Au/Au_sec_30273.jpg,train,0,sec30273
CASIA2/Au/Au_sec_30274.jpg,val,1,sec30274
CASIA2/Au/Au_sec_30275.jpg,train,3,sec30275
CASIA2/Au/Au_sec_30276.jpg,test,-1,sec30276
CASIA2/Au/Au_sec_30277.jpg,train,3,sec30277
CASIA2/Au/Au_sec_30278.jpg,val,2,sec30278
CASIA2/Au/Au_sec_30279.jpg,train,0,sec30279
CASIA2/Au/Au_sec_30280.jpg,test,-1,sec30280
CASIA2/Au/Au_sec_30281.jpg,train,2,sec30281
CASIA2/Au/Au_sec_30282.jpg,train,2,sec30282
CASIA2/Au/Au_sec_30283.jpg,test,-1,sec30283
CASIA2/Au/Au_sec_30284.jpg,train,2,sec30284
CASIA2/Au/Au_sec_30285.jpg,train,1,sec30285
CASIA2/Au/Au_sec_30286.jpg,train,1,sec30286
CASIA2/Au/Au_sec_30287.jpg,train,4,sec30287
CASIA2/Au/Au_sec_30288.jpg,train,0,sec30288
CASIA2/Au/Au_sec_30289.jpg,val,1,sec30289
CASIA2/Au/Au_sec_30290.jpg,train,4,sec30290
CASIA2/Au/Au_sec_30291.jpg,train,0,sec30291
CASIA2/Au/Au_sec_30292.jpg,train,2,sec30292
CASIA2/Au/Au_sec_30293.jpg,train,1,sec30293
CASIA2/Au/Au_sec_30294.jpg,train,4,sec30294
CASIA2/Au/Au_sec_30295.jpg,test,-1,sec30295
CASIA2/Au/Au_sec_30296.jpg,train,0,sec30296
CASIA2/Au/Au_sec_30297.jpg,train,3,sec30297
CASIA2/Au/Au_sec_30298.jpg,test,-1,sec30298
CASIA2/Au/Au_sec_30299.jpg,test,-1,sec30299
CASIA2/Au/Au_sec_30300.jpg,train,0,sec30300
CASIA2/Au/Au_sec_30301.jpg,train,1,sec30301
CASIA2/Au/Au_sec_30302.jpg,train,1,ind00018
CASIA2/Au/Au_sec_30303.jpg,val,2,sec30303
CASIA2/Au/Au_sec_30304.jpg,train,0,sec30304
CASIA2/Au/Au_sec_30305.jpg,test,-1,sec30305
CASIA2/Au/Au_sec_30306.jpg,test,-1,sec30306
CASIA2/Au/Au_sec_30307.jpg,val,4,sec30307
CASIA2/Au/Au_sec_30308.jpg,train,1,sec30308
CASIA2/Au/Au_sec_30309.jpg,train,2,sec30309
CASIA2/Au/Au_sec_30310.jpg,val,1,sec30310
CASIA2/Au/Au_sec_30311.jpg,test,-1,sec30311
CASIA2/Au/Au_sec_30312.jpg,train,0,sec30312
CASIA2/Au/Au_sec_30313.jpg,val,2,sec30313
CASIA2/Au/Au_sec_30314.jpg,train,3,sec30314
CASIA2/Au/Au_sec_30315.jpg,val,3,sec30315
CASIA2/Au/Au_sec_30316.jpg,train,2,sec30316
CASIA2/Au/Au_sec_30317.jpg,train,4,sec00028
CASIA2/Au/Au_sec_30318.jpg,train,0,nat00029
CASIA2/Au/Au_sec_30319.jpg,train,3,sec00030
CASIA2/Au/Au_sec_30320.jpg,train,0,sec30320
CASIA2/Au/Au_sec_30321.jpg,train,2,sec30321
CASIA2/Au/Au_sec_30322.jpg,train,2,sec30322
CASIA2/Au/Au_sec_30323.jpg,train,4,sec30323
CASIA2/Au/Au_sec_30324.jpg,train,4,sec30324
CASIA2/Au/Au_sec_30325.jpg,train,3,sec30325
CASIA2/Au/Au_sec_30326.jpg,train,1,sec30326
CASIA2/Au/Au_sec_30327.jpg,train,1,sec30327
CASIA2/Au/Au_sec_30328.jpg,train,2,sec30328
CASIA2/Au/Au_sec_30329.jpg,val,2,sec30329
CASIA2/Au/Au_sec_30330.jpg,val,4,sec30330
CASIA2/Au/Au_sec_30331.jpg,train,3,sec30331
CASIA2/Au/Au_sec_30332.jpg,train,0,sec30332
CASIA2/Au/Au_sec_30333.jpg,train,2,sec30333
CASIA2/Au/Au_sec_30334.jpg,val,3,sec30334
CASIA2/Au/Au_sec_30335.jpg,train,3,sec30335
CASIA2/Au/Au_sec_30336.jpg,test,-1,sec30336
CASIA2/Au/Au_sec_30337.jpg,train,2,sec30337
CASIA2/Au/Au_sec_30338.jpg,train,4,sec30338
CASIA2/Au/Au_sec_30339.jpg,train,4,sec30339
CASIA2/Au/Au_sec_30340.jpg,train,2,sec30340
CASIA2/Au/Au_sec_30341.jpg,train,2,sec30341
CASIA2/Au/Au_sec_30342.jpg,train,0,sec30342
CASIA2/Au/Au_sec_30343.jpg,train,2,sec30343
CASIA2/Au/Au_sec_30344.jpg,train,3,sec30344
CASIA2/Au/Au_sec_30345.jpg,train,3,sec30345
CASIA2/Au/Au_sec_30346.jpg,train,2,sec30346
CASIA2/Au/Au_sec_30347.jpg,val,2,sec30347
CASIA2/Au/Au_sec_30348.jpg,train,1,sec30348
CASIA2/Au/Au_sec_30349.jpg,train,3,sec30349
CASIA2/Au/Au_sec_30350.jpg,val,1,sec30350
CASIA2/Au/Au_sec_30351.jpg,train,4,sec30351
CASIA2/Au/Au_sec_30352.jpg,train,2,sec30352
CASIA2/Au/Au_sec_30353.jpg,train,2,sec30353
CASIA2/Au/Au_sec_30354.jpg,train,1,sec30354
CASIA2/Au/Au_sec_30355.jpg,train,0,sec30355
CASIA2/Au/Au_sec_30356.jpg,val,4,sec30356
CASIA2/Au/Au_sec_30357.jpg,train,2,sec30357
CASIA2/Au/Au_sec_30358.jpg,train,4,sec30358
CASIA2/Au/Au_sec_30359.jpg,train,1,sec30359
CASIA2/Au/Au_sec_30360.jpg,train,4,sec30360
CASIA2/Au/Au_sec_30361.jpg,train,0,sec30361
CASIA2/Au/Au_sec_30362.jpg,train,4,sec30362
CASIA2/Au/Au_sec_30363.jpg,train,1,sec30363
CASIA2/Au/Au_sec_30364.jpg,train,4,sec30364
CASIA2/Au/Au_sec_30365.jpg,train,1,sec30365
CASIA2/Au/Au_sec_30366.jpg,train,4,sec30366
CASIA2/Au/Au_sec_30367.jpg,train,4,sec30367
CASIA2/Au/Au_sec_30368.jpg,val,2,sec30368
CASIA2/Au/Au_sec_30369.jpg,train,0,sec30369
CASIA2/Au/Au_sec_30370.jpg,train,4,sec30370
CASIA2/Au/Au_sec_30371.jpg,test,-1,sec30371
CASIA2/Au/Au_sec_30372.jpg,train,3,sec30372
CASIA2/Au/Au_sec_30373.jpg,test,-1,sec30373
CASIA2/Au/Au_sec_30374.jpg,train,0,sec30374
CASIA2/Au/Au_sec_30375.jpg,train,0,sec30375
CASIA2/Au/Au_sec_30376.jpg,train,3,sec30376
CASIA2/Au/Au_sec_30377.jpg,train,3,sec30377
CASIA2/Au/Au_sec_30378.jpg,train,0,sec30378
CASIA2/Au/Au_sec_30379.jpg,train,2,sec30379
CASIA2/Au/Au_sec_30380.jpg,train,0,sec30380
CASIA2/Au/Au_sec_30381.jpg,train,4,sec30381
CASIA2/Au/Au_sec_30382.jpg,train,0,sec30382
CASIA2/Au/Au_sec_30383.jpg,train,2,sec30383
CASIA2/Au/Au_sec_30384.jpg,train,2,sec30384
CASIA2/Au/Au_sec_30385.jpg,test,-1,sec30385
CASIA2/Au/Au_sec_30386.jpg,val,4,sec30386
CASIA2/Au/Au_sec_30387.jpg,train,4,sec30387
CASIA2/Au/Au_sec_30388.jpg,train,0,sec30388
CASIA2/Au/Au_sec_30389.jpg,val,1,sec30389
CASIA2/Au/Au_sec_30390.jpg,train,4,sec30390
CASIA2/Au/Au_sec_30391.jpg,val,0,sec30391
CASIA2/Au/Au_sec_30392.jpg,train,1,sec30392
CASIA2/Au/Au_sec_30393.jpg,train,1,sec30393
CASIA2/Au/Au_sec_30394.jpg,train,3,sec30394
CASIA2/Au/Au_sec_30395.jpg,train,2,sec30395
CASIA2/Au/Au_sec_30396.jpg,train,4,sec30396
CASIA2/Au/Au_sec_30397.jpg,train,3,sec30397
CASIA2/Au/Au_sec_30398.jpg,train,0,sec30398
CASIA2/Au/Au_sec_30399.jpg,train,0,sec30399
CASIA2/Au/Au_sec_30400.jpg,train,0,sec30400
CASIA2/Au/Au_sec_30401.jpg,test,-1,sec30401
CASIA2/Au/Au_sec_30402.jpg,train,0,sec30402
CASIA2/Au/Au_sec_30403.jpg,train,1,sec30403
CASIA2/Au/Au_sec_30404.jpg,train,1,sec30404
CASIA2/Au/Au_sec_30405.jpg,train,1,sec30405
CASIA2/Au/Au_sec_30406.jpg,val,2,sec30406
CASIA2/Au/Au_sec_30407.jpg,train,3,sec30407
CASIA2/Au/Au_sec_30408.jpg,train,4,sec30408
CASIA2/Au/Au_sec_30409.jpg,train,4,sec30409
CASIA2/Au/Au_sec_30410.jpg,train,0,sec30410
CASIA2/Au/Au_sec_30411.jpg,train,0,sec30411
CASIA2/Au/Au_sec_30412.jpg,train,0,sec30412
CASIA2/Au/Au_sec_30413.jpg,train,1,sec30413
CASIA2/Au/Au_sec_30414.jpg,train,4,sec30414
CASIA2/Au/Au_sec_30415.jpg,train,4,sec30415
CASIA2/Au/Au_sec_30416.jpg,train,4,sec30416
CASIA2/Au/Au_sec_30417.jpg,train,4,sec30417
CASIA2/Au/Au_sec_30418.jpg,train,4,sec30418
CASIA2/Au/Au_sec_30419.jpg,test,-1,sec30419
CASIA2/Au/Au_sec_30420.jpg,train,3,sec30420
CASIA2/Au/Au_sec_30421.jpg,test,-1,sec30421
CASIA2/Au/Au_sec_30422.jpg,train,1,sec30422
CASIA2/Au/Au_sec_30423.jpg,train,1,sec30423
CASIA2/Au/Au_sec_30424.jpg,val,1,sec30424
CASIA2/Au/Au_sec_30425.jpg,train,1,sec30425
CASIA2/Au/Au_sec_30426.jpg,train,4,sec30426
CASIA2/Au/Au_sec_30427.jpg,val,0,sec30427
CASIA2/Au/Au_sec_30428.jpg,train,0,sec30428
CASIA2/Au/Au_sec_30429.jpg,test,-1,sec30429
CASIA2/Au/Au_sec_30430.jpg,test,-1,sec30430
CASIA2/Au/Au_sec_30431.jpg,train,2,sec30431
CASIA2/Au/Au_sec_30432.jpg,train,1,sec30432
CASIA2/Au/Au_sec_30433.jpg,train,1,sec30433
CASIA2/Au/Au_sec_30434.jpg,train,4,sec30434
CASIA2/Au/Au_sec_30435.jpg,train,0,sec30435
CASIA2/Au/Au_sec_30436.jpg,train,4,sec30436
CASIA2/Au/Au_sec_30437.jpg,test,-1,sec30437
CASIA2/Au/Au_sec_30438.jpg,train,1,sec30438
CASIA2/Au/Au_sec_30439.jpg,val,3,sec30439
CASIA2/Au/Au_sec_30440.jpg,train,3,sec30440
CASIA2/Au/Au_sec_30441.jpg,val,3,sec30441
CASIA2/Au/Au_sec_30442.jpg,train,2,sec30442
CASIA2/Au/Au_sec_30443.jpg,train,2,sec30443
CASIA2/Au/Au_sec_30444.jpg,train,4,sec30444
CASIA2/Au/Au_sec_30445.jpg,train,1,sec30445
CASIA2/Au/Au_sec_30446.jpg,train,0,sec30446
CASIA2/Au/Au_sec_30447.jpg,train,3,sec30447
CASIA2/Au/Au_sec_30448.jpg,train,0,sec30448
CASIA2/Au/Au_sec_30449.jpg,train,3,sec30449
CASIA2/Au/Au_sec_30450.jpg,train,0,sec30450
CASIA2/Au/Au_sec_30451.jpg,train,2,sec30451
CASIA2/Au/Au_sec_30452.jpg,train,1,sec30452
CASIA2/Au/Au_sec_30453.jpg,train,4,sec30453
CASIA2/Au/Au_sec_30454.jpg,train,4,sec30454
CASIA2/Au/Au_sec_30455.jpg,test,-1,sec30455
CASIA2/Au/Au_sec_30456.jpg,train,2,sec30456
CASIA2/Au/Au_sec_30457.jpg,train,4,sec30457
CASIA2/Au/Au_sec_30458.jpg,train,2,sec30458
CASIA2/Au/Au_sec_30459.jpg,val,1,sec30459
CASIA2/Au/Au_sec_30460.jpg,train,3,sec30460
CASIA2/Au/Au_sec_30461.jpg,train,2,sec30461
CASIA2/Au/Au_sec_30462.jpg,train,0,sec30462
CASIA2/Au/Au_sec_30463.jpg,train,3,sec30463
CASIA2/Au/Au_sec_30464.jpg,train,2,sec30464
CASIA2/Au/Au_sec_30465.jpg,train,3,sec30465
CASIA2/Au/Au_sec_30466.jpg,val,3,sec30466
CASIA2/Au/Au_sec_30467.jpg,train,3,sec30467
CASIA2/Au/Au_sec_30468.jpg,val,1,sec30468
CASIA2/Au/Au_sec_30469.jpg,train,3,sec30469
CASIA2/Au/Au_sec_30470.jpg,test,-1,sec30470
CASIA2/Au/Au_sec_30471.jpg,val,2,sec30471
CASIA2/Au/Au_sec_30472.jpg,train,2,sec30472
CASIA2/Au/Au_sec_30473.jpg,test,-1,sec30473
CASIA2/Au/Au_sec_30474.jpg,train,3,sec30474
CASIA2/Au/Au_sec_30475.jpg,test,-1,sec30475
CASIA2/Au/Au_sec_30476.jpg,test,-1,sec30476
CASIA2/Au/Au_sec_30477.jpg,val,2,sec30477
CASIA2/Au/Au_sec_30478.jpg,train,0,sec30478
CASIA2/Au/Au_sec_30479.jpg,train,1,sec30479
CASIA2/Au/Au_sec_30480.jpg,train,4,sec30480
CASIA2/Au/Au_sec_30481.jpg,train,1,sec30481
CASIA2/Au/Au_sec_30482.jpg,train,1,sec30482
CASIA2/Au/Au_sec_30483.jpg,test,-1,sec30483
CASIA2/Au/Au_sec_30484.jpg,train,3,sec30484
CASIA2/Au/Au_sec_30485.jpg,train,2,sec30485
CASIA2/Au/Au_sec_30486.jpg,val,2,sec30486
CASIA2/Au/Au_sec_30487.jpg,train,1,sec30487
CASIA2/Au/Au_sec_30488.jpg,train,4,sec30488
CASIA2/Au/Au_sec_30489.jpg,train,4,sec30489
CASIA2/Au/Au_sec_30490.jpg,train,1,sec30490
CASIA2/Au/Au_sec_30491.jpg,val,4,sec30491
CASIA2/Au/Au_sec_30492.jpg,test,-1,sec30492
CASIA2/Au/Au_sec_30493.jpg,train,4,sec30493
CASIA2/Au/Au_sec_30494.jpg,train,0,sec30494
CASIA2/Au/Au_sec_30495.jpg,train,0,sec30495
CASIA2/Au/Au_sec_30496.jpg,val,0,sec30496
CASIA2/Au/Au_sec_30497.jpg,train,2,sec30497
CASIA2/Au/Au_sec_30498.jpg,train,3,sec30498
CASIA2/Au/Au_sec_30499.jpg,train,2,sec30499
CASIA2/Au/Au_sec_30500.jpg,val,3,sec30500
CASIA2/Au/Au_sec_30501.jpg,train,2,sec30501
CASIA2/Au/Au_sec_30502.jpg,val,2,sec30502
CASIA2/Au/Au_sec_30503.jpg,train,4,sec30503
CASIA2/Au/Au_sec_30504.jpg,val,0,sec30504
CASIA2/Au/Au_sec_30505.jpg,train,2,sec30505
CASIA2/Au/Au_sec_30506.jpg,train,4,sec30506
CASIA2/Au/Au_sec_30507.jpg,train,1,sec30507
CASIA2/Au/Au_sec_30508.jpg,train,1,sec30508
CASIA2/Au/Au_sec_30509.jpg,val,2,sec30509
CASIA2/Au/Au_sec_30510.jpg,train,3,sec30510
CASIA2/Au/Au_sec_30511.jpg,train,4,sec30511
CASIA2/Au/Au_sec_30512.jpg,train,3,sec30512
CASIA2/Au/Au_sec_30513.jpg,train,4,sec30513
CASIA2/Au/Au_sec_30514.jpg,train,0,sec30514
CASIA2/Au/Au_sec_30515.jpg,test,-1,sec30515
CASIA2/Au/Au_sec_30516.jpg,train,2,sec30516
CASIA2/Au/Au_sec_30517.jpg,train,0,sec30517
CASIA2/Au/Au_sec_30518.jpg,train,0,sec30518
CASIA2/Au/Au_sec_30519.jpg,train,3,sec30519
CASIA2/Au/Au_sec_30520.jpg,train,3,sec30520
CASIA2/Au/Au_sec_30521.jpg,train,0,sec30521
CASIA2/Au/Au_sec_30522.jpg,val,4,sec30522
CASIA2/Au/Au_sec_30523.jpg,train,3,sec30523
CASIA2/Au/Au_sec_30524.jpg,val,0,sec30524
CASIA2/Au/Au_sec_30525.jpg,train,1,sec30525
CASIA2/Au/Au_sec_30526.jpg,train,2,sec30526
CASIA2/Au/Au_sec_30527.jpg,val,3,sec30527
CASIA2/Au/Au_sec_30528.jpg,train,2,sec30528
CASIA2/Au/Au_sec_30529.jpg,train,4,sec30529
CASIA2/Au/Au_sec_30530.jpg,test,-1,sec30530
CASIA2/Au/Au_sec_30531.jpg,train,3,sec30531
CASIA2/Au/Au_sec_30532.jpg,train,0,sec30532
CASIA2/Au/Au_sec_30533.jpg,train,2,sec30533
CASIA2/Au/Au_sec_30534.jpg,train,4,sec30534
CASIA2/Au/Au_sec_30535.jpg,train,3,sec30535
CASIA2/Au/Au_sec_30536.jpg,train,0,sec30536
CASIA2/Au/Au_sec_30537.jpg,test,-1,sec30537
CASIA2/Au/Au_sec_30538.jpg,val,0,sec30538
CASIA2/Au/Au_sec_30539.jpg,train,1,sec30539
CASIA2/Au/Au_sec_30540.jpg,train,0,sec30540
CASIA2/Au/Au_sec_30541.jpg,test,-1,sec30541
CASIA2/Au/Au_sec_30542.jpg,train,2,sec30542
CASIA2/Au/Au_sec_30543.jpg,test,-1,sec30543
CASIA2/Au/Au_sec_30544.jpg,val,0,sec30544
CASIA2/Au/Au_sec_30545.jpg,train,0,sec30545
CASIA2/Au/Au_sec_30546.jpg,train,2,sec30546
CASIA2/Au/Au_sec_30547.jpg,train,0,sec30547
CASIA2/Au/Au_sec_30548.jpg,train,1,sec30548
CASIA2/Au/Au_sec_30549.jpg,train,3,sec30549
CASIA2/Au/Au_sec_30550.jpg,test,-1,sec30550
CASIA2/Au/Au_sec_30551.jpg,train,0,sec30551
CASIA2/Au/Au_sec_30552.jpg,train,3,sec30552
CASIA2/Au/Au_sec_30553.jpg,train,4,sec30553
CASIA2/Au/Au_sec_30554.jpg,train,0,sec30554
CASIA2/Au/Au_sec_30555.jpg,val,4,sec30555
CASIA2/Au/Au_sec_30556.jpg,train,3,sec30556
CASIA2/Au/Au_sec_30557.jpg,train,1,sec30557
CASIA2/Au/Au_sec_30558.jpg,train,3,sec30558
CASIA2/Au/Au_sec_30559.jpg,train,2,sec30559
CASIA2/Au/Au_sec_30560.jpg,test,-1,sec30560
CASIA2/Au/Au_sec_30561.jpg,train,0,sec30561
CASIA2/Au/Au_sec_30562.jpg,train,1,sec30562
CASIA2/Au/Au_sec_30563.jpg,train,4,sec30563
CASIA2/Au/Au_sec_30564.jpg,train,0,sec30564
CASIA2/Au/Au_sec_30565.jpg,train,2,sec30565
CASIA2/Au/Au_sec_30566.jpg,val,4,sec30566
CASIA2/Au/Au_sec_30567.jpg,train,3,sec30567
CASIA2/Au/Au_sec_30568.jpg,train,4,sec30568
CASIA2/Au/Au_sec_30569.jpg,test,-1,sec30569
CASIA2/Au/Au_sec_30570.jpg,test,-1,sec30570
CASIA2/Au/Au_sec_30571.jpg,test,-1,sec30571
CASIA2/Au/Au_sec_30572.jpg,train,4,ind00032
CASIA2/Au/Au_sec_30573.jpg,train,2,sec30573
CASIA2/Au/Au_sec_30574.jpg,train,4,sec30574
CASIA2/Au/Au_sec_30575.jpg,test,-1,sec30575
CASIA2/Au/Au_sec_30576.jpg,train,3,sec30576
CASIA2/Au/Au_sec_30577.jpg,train,2,sec30577
CASIA2/Au/Au_sec_30578.jpg,train,3,sec30578
CASIA2/Au/Au_sec_30579.jpg,val,3,sec30579
CASIA2/Au/Au_sec_30580.jpg,val,4,sec30580
CASIA2/Au/Au_sec_30581.jpg,train,1,sec30581
CASIA2/Au/Au_sec_30582.jpg,test,-1,sec30582
CASIA2/Au/Au_sec_30583.jpg,train,4,sec30583
CASIA2/Au/Au_sec_30584.jpg,val,2,sec30584
CASIA2/Au/Au_sec_30585.jpg,train,3,sec30585
CASIA2/Au/Au_sec_30586.jpg,val,2,sec30586
CASIA2/Au/Au_sec_30587.jpg,val,4,sec30587
CASIA2/Au/Au_sec_30588.jpg,train,3,sec30588
CASIA2/Au/Au_sec_30589.jpg,train,4,sec30589
CASIA2/Au/Au_sec_30590.jpg,train,4,sec30590
CASIA2/Au/Au_sec_30591.jpg,val,2,sec30591
CASIA2/Au/Au_sec_30592.jpg,train,3,sec30592
CASIA2/Au/Au_sec_30593.jpg,train,2,sec30593
CASIA2/Au/Au_sec_30594.jpg,test,-1,sec30594
CASIA2/Au/Au_sec_30595.jpg,train,0,sec30595
CASIA2/Au/Au_sec_30596.jpg,train,1,sec30596
CASIA2/Au/Au_sec_30597.jpg,test,-1,sec30597
CASIA2/Au/Au_sec_30598.jpg,train,2,sec30598
CASIA2/Au/Au_sec_30599.jpg,train,4,sec30599
CASIA2/Au/Au_sec_30600.jpg,val,2,sec30600
CASIA2/Au/Au_sec_30601.jpg,train,4,sec30601
CASIA2/Au/Au_sec_30602.jpg,train,1,sec30602
CASIA2/Au/Au_sec_30603.jpg,train,0,sec30603
CASIA2/Au/Au_sec_30604.jpg,train,3,sec30604
CASIA2/Au/Au_sec_30605.jpg,train,1,sec30605
CASIA2/Au/Au_sec_30606.jpg,train,2,sec30606
CASIA2/Au/Au_sec_30607.jpg,train,2,sec30607
CASIA2/Au/Au_sec_30608.jpg,train,0,sec30608
CASIA2/Au/Au_sec_30609.jpg,train,3,sec30609
CASIA2/Au/Au_sec_30610.jpg,train,4,sec30610
CASIA2/Au/Au_sec_30611.jpg,test,-1,sec30611
CASIA2/Au/Au_sec_30612.jpg,train,4,sec30612
CASIA2/Au/Au_sec_30613.jpg,train,4,sec30613
CASIA2/Au/Au_sec_30614.jpg,val,1,sec30614
CASIA2/Au/Au_sec_30615.jpg,train,2,sec30615
CASIA2/Au/Au_sec_30616.jpg,train,2,sec30616
CASIA2/Au/Au_sec_30617.jpg,train,2,sec30617
CASIA2/Au/Au_sec_30618.jpg,test,-1,sec30618
CASIA2/Au/Au_sec_30619.jpg,train,0,sec30619
CASIA2/Au/Au_sec_30620.jpg,train,4,sec30620
CASIA2/Au/Au_sec_30621.jpg,train,3,sec30621
CASIA2/Au/Au_sec_30622.jpg,val,3,sec30622
CASIA2/Au/Au_sec_30623.jpg,train,2,sec30623
CASIA2/Au/Au_sec_30624.jpg,val,0,sec30624
CASIA2/Au/Au_sec_30625.jpg,train,2,sec30625
CASIA2/Au/Au_sec_30626.jpg,train,0,sec30626
CASIA2/Au/Au_sec_30627.jpg,train,0,sec30627
CASIA2/Au/Au_sec_30628.jpg,train,0,sec30628
CASIA2/Au/Au_sec_30629.jpg,train,0,sec30629
CASIA2/Au/Au_sec_30630.jpg,test,-1,sec30630
CASIA2/Au/Au_sec_30631.jpg,train,3,sec30631
CASIA2/Au/Au_sec_30632.jpg,train,2,sec30632
CASIA2/Au/Au_sec_30633.jpg,test,-1,sec30633
CASIA2/Au/Au_sec_30634.jpg,train,0,sec30634
CASIA2/Au/Au_sec_30635.jpg,train,1,sec30635
CASIA2/Au/Au_sec_30636.jpg,test,-1,sec30636
CASIA2/Au/Au_sec_30637.jpg,train,1,sec30637
CASIA2/Au/Au_sec_30638.jpg,train,0,sec30638
CASIA2/Au/Au_sec_30639.jpg,train,0,sec30639
CASIA2/Au/Au_sec_30640.jpg,test,-1,sec30640
CASIA2/Au/Au_sec_30641.jpg,train,2,sec30641
CASIA2/Au/Au_sec_30642.jpg,train,0,sec30642
CASIA2/Au/Au_sec_30643.jpg,train,1,sec30643
CASIA2/Au/Au_sec_30644.jpg,test,-1,sec30644
CASIA2/Au/Au_sec_30645.jpg,val,3,sec30645
CASIA2/Au/Au_sec_30646.jpg,val,1,sec30646
CASIA2/Au/Au_sec_30647.jpg,train,2,sec30647
CASIA2/Au/Au_sec_30648.jpg,train,3,sec30648
CASIA2/Au/Au_sec_30649.jpg,test,-1,sec30649
CASIA2/Au/Au_sec_30650.jpg,train,3,sec30650
CASIA2/Au/Au_sec_30651.jpg,test,-1,sec30651
CASIA2/Au/Au_sec_30652.jpg,train,2,sec30652
CASIA2/Au/Au_sec_30653.jpg,val,3,sec30653
CASIA2/Au/Au_sec_30654.jpg,train,0,sec30654
CASIA2/Au/Au_sec_30655.jpg,train,2,sec30655
CASIA2/Au/Au_sec_30656.jpg,train,1,sec30656
CASIA2/Au/Au_sec_30657.jpg,train,0,sec30657
CASIA2/Au/Au_sec_30658.jpg,train,1,sec30658
CASIA2/Au/Au_sec_30659.jpg,test,-1,sec30659
CASIA2/Au/Au_sec_30660.jpg,val,0,sec30660
CASIA2/Au/Au_sec_30661.jpg,train,3,sec30661
CASIA2/Au/Au_sec_30662.jpg,test,-1,sec30662
CASIA2/Au/Au_sec_30663.jpg,train,1,sec30663
CASIA2/Au/Au_sec_30664.jpg,train,1,sec30664
CASIA2/Au/Au_sec_30665.jpg,train,4,sec30665
CASIA2/Au/Au_sec_30666.jpg,val,3,sec30666
CASIA2/Au/Au_sec_30667.jpg,train,0,sec30667
CASIA2/Au/Au_sec_30668.jpg,val,0,sec30668
CASIA2/Au/Au_sec_30669.jpg,train,3,sec30669
CASIA2/Au/Au_sec_30670.jpg,train,2,sec30670
CASIA2/Au/Au_sec_30671.jpg,train,2,sec30671
CASIA2/Au/Au_sec_30672.jpg,train,4,sec30672
CASIA2/Au/Au_sec_30673.jpg,val,4,sec30673
CASIA2/Au/Au_sec_30674.jpg,test,-1,sec30674
CASIA2/Au/Au_sec_30675.jpg,train,4,sec30675
CASIA2/Au/Au_sec_30676.jpg,train,1,sec30676
CASIA2/Au/Au_sec_30677.jpg,train,3,sec30677
CASIA2/Au/Au_sec_30678.jpg,test,-1,sec30678
CASIA2/Au/Au_sec_30679.jpg,train,0,sec30679
CASIA2/Au/Au_sec_30680.jpg,train,4,sec30680
CASIA2/Au/Au_sec_30681.jpg,train,4,sec30681
CASIA2/Au/Au_sec_30682.jpg,train,2,sec30682
CASIA2/Au/Au_sec_30683.jpg,train,1,sec30683
CASIA2/Au/Au_sec_30684.jpg,train,4,sec30684
CASIA2/Au/Au_sec_30685.jpg,train,3,sec30685
CASIA2/Au/Au_sec_30686.jpg,train,1,sec30686
CASIA2/Au/Au_sec_30687.jpg,train,4,sec30687
CASIA2/Au/Au_sec_30688.jpg,train,2,sec30688
CASIA2/Au/Au_sec_30689.jpg,train,2,sec30689
CASIA2/Au/Au_sec_30690.jpg,train,4,sec30690
CASIA2/Au/Au_sec_30691.jpg,val,3,sec30691
CASIA2/Au/Au_sec_30692.jpg,train,3,sec30692
CASIA2/Au/Au_sec_30693.jpg,train,0,sec30693
CASIA2/Au/Au_sec_30694.jpg,test,-1,sec30694
CASIA2/Au/Au_sec_30695.jpg,train,3,sec30695
CASIA2/Au/Au_sec_30696.jpg,val,0,sec30696
CASIA2/Au/Au_sec_30697.jpg,val,0,sec30697
CASIA2/Au/Au_sec_30698.jpg,val,2,sec30698
CASIA2/Au/Au_sec_30699.jpg,val,3,sec30699
CASIA2/Au/Au_sec_30700.jpg,test,-1,sec30700
CASIA2/Au/Au_sec_30701.jpg,train,3,sec30701
CASIA2/Au/Au_sec_30702.jpg,train,4,sec30702
CASIA2/Au/Au_sec_30703.jpg,test,-1,sec30703
CASIA2/Au/Au_sec_30704.jpg,train,1,sec30704
CASIA2/Au/Au_sec_30705.jpg,val,3,sec30705
CASIA2/Au/Au_sec_30706.jpg,train,0,sec30706
CASIA2/Au/Au_sec_30707.jpg,test,-1,sec30707
CASIA2/Au/Au_sec_30708.jpg,train,1,sec30708
CASIA2/Au/Au_sec_30709.jpg,test,-1,sec30709
CASIA2/Au/Au_sec_30710.jpg,train,4,sec30710
CASIA2/Au/Au_sec_30711.jpg,train,4,sec30711
CASIA2/Au/Au_sec_30712.jpg,val,3,sec30712
CASIA2/Au/Au_sec_30713.jpg,test,-1,sec30713
CASIA2/Au/Au_sec_30714.jpg,train,3,ind00092
CASIA2/Au/Au_sec_30715.jpg,train,1,sec30715
CASIA2/Au/Au_sec_30716.jpg,train,2,sec30716
CASIA2/Au/Au_sec_30717.jpg,train,4,sec30717
CASIA2/Au/Au_sec_30718.jpg,train,1,sec30718
CASIA2/Au/Au_sec_30719.jpg,train,1,sec30719
CASIA2/Au/Au_sec_30720.jpg,val,4,sec30720
CASIA2/Au/Au_sec_30721.jpg,test,-1,sec30721
CASIA2/Au/Au_sec_30722.jpg,train,4,sec30722
CASIA2/Au/Au_sec_30723.jpg,train,4,sec30723
CASIA2/Au/Au_sec_30724.jpg,train,3,sec30724
CASIA2/Au/Au_sec_30725.jpg,train,4,sec30725
CASIA2/Au/Au_sec_30726.jpg,test,-1,sec30726
CASIA2/Au/Au_sec_30727.jpg,val,1,sec30727
CASIA2/Au/Au_sec_30728.jpg,train,4,sec30728
CASIA2/Au/Au_sec_30729.jpg,train,1,sec30729
CASIA2/Au/Au_sec_30730.jpg,train,4,sec30730
CASIA2/Au/Au_sec_30731.jpg,train,2,sec30731
CASIA2/Au/Au_sec_30732.jpg,train,0,sec30732
CASIA2/Au/Au_sec_30733.jpg,train,1,sec30733
CASIA2/Au/Au_sec_30734.jpg,train,2,sec30734
CASIA2/Au/Au_txt_00001.jpg,train,2,txt00001
CASIA2/Au/Au_txt_00002.jpg,train,1,txt00002
CASIA2/Au/Au_txt_00003.jpg,train,1,txt00003
CASIA2/Au/Au_txt_00004.jpg,train,1,txt00004
CASIA2/Au/Au_txt_00005.jpg,test,-1,txt00005
CASIA2/Au/Au_txt_00006.jpg,test,-1,txt00006
CASIA2/Au/Au_txt_00007.jpg,train,2,txt00007
CASIA2/Au/Au_txt_00008.jpg,train,3,txt00008
CASIA2/Au/Au_txt_00009.jpg,val,4,txt00009
CASIA2/Au/Au_txt_00010.jpg,train,4,txt00010
CASIA2/Au/Au_txt_00011.jpg,train,1,txt00011
CASIA2/Au/Au_txt_00012.jpg,train,3,txt00012
CASIA2/Au/Au_txt_00013.jpg,val,2,txt00013
CASIA2/Au/Au_txt_00014.jpg,test,-1,txt00014
CASIA2/Au/Au_txt_00015.jpg,train,3,txt00015
CASIA2/Au/Au_txt_00016.jpg,val,2,txt00016
CASIA2/Au/Au_txt_00017.jpg,train,2,txt00017
CASIA2/Au/Au_txt_00018.jpg,train,4,txt00018
CASIA2/Au/Au_txt_00019.jpg,val,2,txt00013
CASIA2/Au/Au_txt_00020.jpg,train,2,txt00020
CASIA2/Au/Au_txt_00021.jpg,train,3,txt00021
CASIA2/Au/Au_txt_00022.jpg,train,2,ind00024
CASIA2/Au/Au_txt_00023.jpg,test,-1,txt00023
CASIA2/Au/Au_txt_00024.jpg,train,3,txt00024
CASIA2/Au/Au_txt_00025.jpg,train,0,txt00025
CASIA2/Au/Au_txt_00026.jpg,train,3,txt00026
CASIA2/Au/Au_txt_00027.jpg,train,2,txt00027
CASIA2/Au/Au_txt_00028.jpg,train,2,txt00028
CASIA2/Au/Au_txt_00029.jpg,train,3,txt00029
CASIA2/Au/Au_txt_00030.jpg,test,-1,txt00030
CASIA2/Au/Au_txt_00031.jpg,train,3,txt00031
CASIA2/Au/Au_txt_00032.jpg,test,-1,txt00032
CASIA2/Au/Au_txt_00033.jpg,train,0,txt00033
CASIA2/Au/Au_txt_00034.jpg,val,0,txt00034
CASIA2/Au/Au_txt_00035.jpg,train,2,txt00035
CASIA2/Au/Au_txt_00036.jpg,train,4,txt00036
CASIA2/Au/Au_txt_00037.jpg,train,4,txt00037
CASIA2/Au/Au_txt_00038.jpg,train,3,txt00038
CASIA2/Au/Au_txt_00039.jpg,val,0,txt00039
CASIA2/Au/Au_txt_00040.jpg,val,3,txt00040
CASIA2/Au/Au_txt_00041.jpg,train,3,txt00041
CASIA2/Au/Au_txt_00042.jpg,train,1,txt00042
CASIA2/Au/Au_txt_00043.jpg,train,1,txt00043
CASIA2/Au/Au_txt_00044.jpg,train,2,txt00044
CASIA2/Au/Au_txt_00045.jpg,train,3,txt00045
CASIA2/Au/Au_txt_00046.jpg,train,2,txt00046
CASIA2/Au/Au_txt_00047.jpg,train,0,txt00047
CASIA2/Au/Au_txt_00048.jpg,train,0,txt00048
CASIA2/Au/Au_txt_00049.jpg,train,1,txt00049
CASIA2/Au/Au_txt_00050.jpg,val,2,txt00050
CASIA2/Au/Au_txt_00051.jpg,val,4,txt00051
CASIA2/Au/Au_txt_00052.jpg,test,-1,txt00052
CASIA2/Au/Au_txt_00053.jpg,val,3,txt00053
CASIA2/Au/Au_txt_00054.jpg,train,1,txt00054
CASIA2/Au/Au_txt_00055.jpg,val,2,txt00055
CASIA2/Au/Au_txt_00056.jpg,train,1,txt00056
CASIA2/Au/Au_txt_00057.jpg,train,0,txt00057
CASIA2/Au/Au_txt_00058.jpg,val,0,txt00058
CASIA2/Au/Au_txt_00059.jpg,train,4,txt00059
CASIA2/Au/Au_txt_00060.jpg,train,0,txt00060
CASIA2/Au/Au_txt_00061.jpg,train,1,txt00061
CASIA2/Au/Au_txt_00062.jpg,train,0,txt00062
CASIA2/Au/Au_txt_00063.jpg,train,1,txt00063
CASIA2/Au/Au_txt_00064.jpg,val,3,txt00064
CASIA2/Au/Au_txt_00065.jpg,val,4,cha00088
CASIA2/Au/Au_txt_00066.jpg,train,0,txt00066
CASIA2/Au/Au_txt_00067.jpg,train,4,txt00067
CASIA2/Au/Au_txt_00068.jpg,val,4,cha00088
CASIA2/Au/Au_txt_00069.jpg,train,3,txt00069
CASIA2/Au/Au_txt_00070.jpg,val,4,txt00070
CASIA2/Au/Au_txt_00071.jpg,test,-1,txt00071
CASIA2/Au/Au_txt_00072.jpg,test,-1,txt00072
CASIA2/Au/Au_txt_00073.jpg,train,0,txt00073
CASIA2/Au/Au_txt_00074.jpg,val,2,txt00074
CASIA2/Au/Au_txt_00075.jpg,train,2,txt00075
CASIA2/Au/Au_txt_00076.jpg,val,0,txt00076
CASIA2/Au/Au_txt_00077.jpg,train,2,txt00077
CASIA2/Au/Au_txt_00078.jpg,train,2,txt00078
CASIA2/Au/Au_txt_00079.jpg,test,-1,txt00079
CASIA2/Au/Au_txt_00080.jpg,val,0,txt00080
CASIA2/Au/Au_txt_00081.jpg,train,3,txt00081
CASIA2/Au/Au_txt_00082.jpg,train,2,txt00082
CASIA2/Au/Au_txt_00083.jpg,train,4,txt00083
CASIA2/Au/Au_txt_00084.jpg,train,4,txt00084
CASIA2/Au/Au_txt_00085.jpg,test,-1,txt00085
CASIA2/Au/Au_txt_00086.jpg,train,0,txt00086
CASIA2/Au/Au_txt_00087.jpg,train,2,txt00087
CASIA2/Au/Au_txt_00088.jpg,val,2,txt00088
CASIA2/Au/Au_txt_00089.jpg,train,0,txt00089
CASIA2/Au/Au_txt_00090.jpg,val,4,txt00090
CASIA2/Au/Au_txt_00091.jpg,train,2,txt00091
CASIA2/Au/Au_txt_00092.jpg,train,3,txt00092
CASIA2/Au/Au_txt_00093.jpg,test,-1,txt00093
CASIA2/Au/Au_txt_00094.jpg,train,2,txt00094
CASIA2/Au/Au_txt_00095.jpg,val,0,txt00095
CASIA2/Au/Au_txt_00096.jpg,train,1,txt00096
CASIA2/Au/Au_txt_00097.jpg,train,1,txt00097
CASIA2/Au/Au_txt_00098.jpg,train,2,txt00098
CASIA2/Au/Au_txt_00099.jpg,train,0,ani00010
CASIA2/Au/Au_txt_00100.jpg,train,2,txt00100
CASIA2/Au/Au_txt_10101.jpg,test,-1,txt10101
CASIA2/Au/Au_txt_10102.jpg,train,1,txt10102
CASIA2/Au/Au_txt_10103.jpg,train,3,txt10103
CASIA2/Au/Au_txt_10104.jpg,train,3,txt10104
CASIA2/Au/Au_txt_10105.jpg,val,4,txt10105
CASIA2/Au/Au_txt_10106.jpg,train,2,txt10106
CASIA2/Au/Au_txt_10107.jpg,train,0,txt10107
CASIA2/Au/Au_txt_10108.jpg,val,1,txt10108
CASIA2/Au/Au_txt_10109.jpg,train,4,txt10109
CASIA2/Au/Au_txt_10110.jpg,train,0,txt10110
CASIA2/Au/Au_txt_10111.jpg,train,1,txt10111
CASIA2/Au/Au_txt_10112.jpg,train,3,txt10112
CASIA2/Au/Au_txt_10113.jpg,train,3,txt10113
CASIA2/Au/Au_txt_10114.jpg,train,4,txt10114
CASIA2/Au/Au_txt_10115.jpg,train,1,txt10115
CASIA2/Au/Au_txt_10116.jpg,train,3,txt10116
CASIA2/Au/Au_txt_10117.jpg,train,1,txt10117
CASIA2/Au/Au_txt_30001.jpg,test,-1,txt30001
CASIA2/Au/Au_txt_30002.jpg,test,-1,txt30002
CASIA2/Au/Au_txt_30003.jpg,train,0,txt30003
CASIA2/Au/Au_txt_30004.jpg,train,0,txt30004
CASIA2/Au/Au_txt_30005.jpg,test,-1,txt30005
CASIA2/Au/Au_txt_30006.jpg,test,-1,txt30006
CASIA2/Au/Au_txt_30007.jpg,train,1,txt30007
CASIA2/Au/Au_txt_30008.jpg,train,4,txt30008
CASIA2/Au/Au_txt_30009.jpg,val,0,txt30009
CASIA2/Au/Au_txt_30010.jpg,train,2,txt30010
CASIA2/Au/Au_txt_30011.jpg,val,3,txt30011
CASIA2/Au/Au_txt_30012.jpg,train,1,txt30012
CASIA2/Au/Au_txt_30013.jpg,train,3,txt30013
CASIA2/Au/Au_txt_30014.jpg,train,0,txt30014
CASIA2/Au/Au_txt_30015.jpg,train,0,txt30015
CASIA2/Au/Au_txt_30016.jpg,train,1,txt30016
CASIA2/Au/Au_txt_30017.jpg,test,-1,txt30017
CASIA2/Au/Au_txt_30018.jpg,train,4,txt30018
CASIA2/Au/Au_txt_30019.jpg,val,0,txt30019
CASIA2/Au/Au_txt_30020.jpg,test,-1,txt30020
CASIA2/Au/Au_txt_30021.jpg,train,4,txt30021
CASIA2/Au/Au_txt_30022.jpg,train,0,txt30022
CASIA2/Au/Au_txt_30023.jpg,train,3,txt30023
CASIA2/Au/Au_txt_30024.jpg,train,2,txt30024
CASIA2/Au/Au_txt_30025.jpg,train,2,txt30025
CASIA2/Au/Au_txt_30026.jpg,test,-1,txt30026
CASIA2/Au/Au_txt_30027.jpg,train,2,txt30027
CASIA2/Au/Au_txt_30028.jpg,train,2,txt30028
CASIA2/Au/Au_txt_30029.jpg,train,4,txt30029
CASIA2/Tp/Tp_D_CND_M_N_ani00018_sec00096_00138.tif,train,3,ani00018
CASIA2/Tp/Tp_D_CND_M_N_art00076_art00077_10289.tif,train,3,art00076
CASIA2/Tp/Tp_D_CND_M_N_art00077_art00076_10290.tif,train,1,art00077
CASIA2/Tp/Tp_D_CND_S_N_ani00073_ani00068_00193.tif,train,2,ani00073
CASIA2/Tp/Tp_D_CND_S_N_ind00078_ind00077_00476.tif,train,4,ind00078
CASIA2/Tp/Tp_D_CND_S_N_txt00028_txt00006_10848.jpg,train,2,txt00028
CASIA2/Tp/Tp_D_CNN_M_B_nat00056_nat00099_11105.jpg,val,1,nat00056
CASIA2/Tp/Tp_D_CNN_M_B_nat10139_nat00059_11949.jpg,val,3,nat10139
CASIA2/Tp/Tp_D_CNN_M_B_nat10139_nat00097_11948.jpg,val,3,nat10139
CASIA2/Tp/Tp_D_CNN_M_N_ani00023_ani00024_10205.tif,train,0,ani00023
CASIA2/Tp/Tp_D_CNN_M_N_ani00052_ani00054_11130.jpg,test,-1,ani00052
CASIA2/Tp/Tp_D_CNN_M_N_ani00057_ani00055_11149.jpg,train,0,ani00057
CASIA2/Tp/Tp_D_CNN_M_N_arc00086_arc00086_00306.tif,val,1,arc00086
CASIA2/Tp/Tp_D_CNN_M_N_art00052_arc00030_11853.jpg,train,2,art00052
CASIA2/Tp/Tp_D_CNN_M_N_cha00026_cha00028_11784.jpg,train,3,cha00026
CASIA2/Tp/Tp_D_CNN_M_N_ind00091_ind00091_10647.jpg,test,-1,ind00091
CASIA2/Tp/Tp_D_CNN_M_N_ind00091_ind00091_10648.jpg,test,-1,ind00091
CASIA2/Tp/Tp_D_CNN_M_N_nat00013_cha00042_11093.jpg,train,4,nat00013
CASIA2/Tp/Tp_D_CNN_M_N_nat00041_nat10123_11439.jpg,train,2,nat00041
CASIA2/Tp/Tp_D_CNN_M_N_nat00077_nat00077_10574.jpg,test,-1,nat00077
CASIA2/Tp/Tp_D_CNN_M_N_nat00089_nat00062_10577.jpg,val,0,nat00089
CASIA2/Tp/Tp_D_CNN_M_N_nat00089_nat00089_10576.jpg,val,0,nat00089
CASIA2/Tp/Tp_D_CNN_M_N_nat00090_nat00090_10575.jpg,test,-1,nat00090
CASIA2/Tp/Tp_D_CNN_M_N_nat10139_nat00095_11947.jpg,val,3,nat10139
CASIA2/Tp/Tp_D_CNN_M_N_nat10156_ani00024_12016.jpg,test,-1,nat10156
CASIA2/Tp/Tp_D_CNN_M_N_pla00042_pla00042_10976.jpg,test,-1,pla00042
CASIA2/Tp/Tp_D_CNN_M_N_sec00011_cha00085_11227.jpg,val,1,sec00011
CASIA2/Tp/Tp_D_CNN_M_N_sec10107_sec10101_10299.tif,train,3,sec10107
CASIA2/Tp/Tp_D_CNN_M_N_sec10110_sec10101_10298.tif,test,-1,sec10110
CASIA2/Tp/Tp_D_CNN_M_N_txt00049_txt00050_10374.tif,train,1,txt00049
CASIA2/Tp/Tp_D_CNN_M_N_txt00054_txt00050_10375.tif,train,1,txt00054
CASIA2/Tp/Tp_D_CNN_M_N_txt10109_txt10110_10816.jpg,train,4,txt10109
CASIA2/Tp/Tp_D_CNN_S_B_art10110_cha10110_11564.jpg,train,2,art10110
CASIA2/Tp/Tp_D_CNN_S_B_cha00025_cha00025_00345.tif,val,4,cha00025
CASIA2/Tp/Tp_D_CNN_S_B_ind00018_ind00089_00007.tif,train,1,ind00018
CASIA2/Tp/Tp_D_CNN_S_B_sec00023_sec00022_00044.tif,train,4,ind00015
CASIA2/Tp/Tp_D_CNN_S_B_txt00055_txt00047_11328.jpg,val,2,txt00055
CASIA2/Tp/Tp_D_CNN_S_N_ani00053_ani00051_11148.jpg,train,2,ani00053
CASIA2/Tp/Tp_D_CNN_S_N_ani00087_ani00088_10102.tif,train,3,ani00087
CASIA2/Tp/Tp_D_CNN_S_N_ani10198_ani10197_12407.jpg,test,-1,ani10198
CASIA2/Tp/Tp_D_CNN_S_N_arc00020_arc00020_00240.tif,test,-1,arc00020
CASIA2/Tp/Tp_D_CNN_S_N_art00001_ani00074_10442.tif,test,-1,art00001
CASIA2/Tp/Tp_D_CNN_S_N_art00007_art00008_01197.tif,train,1,art00007
CASIA2/Tp/Tp_D_CNN_S_N_art00011_art00014_11841.jpg,train,4,art00011
CASIA2/Tp/Tp_D_CNN_S_N_art00096_cha00063_10305.tif,train,0,art00096
CASIA2/Tp/Tp_D_CNN_S_N_cha00044_cha00043_00364.tif,val,3,cha00044
CASIA2/Tp/Tp_D_CNN_S_N_cha10122_nat00059_12169.jpg,train,3,cha10117
CASIA2/Tp/Tp_D_CNN_S_N_cha10122_nat10124_12167.jpg,train,3,cha10117
CASIA2/Tp/Tp_D_CNN_S_N_cha10122_nat10139_12166.jpg,train,3,cha10117
CASIA2/Tp/Tp_D_CNN_S_N_cha10172_cha10171_12283.jpg,train,4,cha10172
CASIA2/Tp/Tp_D_CNN_S_N_cha10194_cha10192_12323.jpg,train,3,cha10194
CASIA2/Tp/Tp_D_CNN_S_N_ind00005_ind00014_00424.tif,train,0,ind00005
CASIA2/Tp/Tp_D_CNN_S_N_nat00035_nat00035_00649.tif,train,4,nat00035
CASIA2/Tp/Tp_D_CNN_S_N_nat00060_nat00060_00667.tif,train,0,ani00010
CASIA2/Tp/Tp_D_CNN_S_N_nat00094_nat00067_10612.jpg,train,4,nat00094
CASIA2/Tp/Tp_D_CNN_S_N_nat00095_ani00017_10219.tif,train,0,ani00010
CASIA2/Tp/Tp_D_CNN_S_N_nat10156_ani00097_12022.jpg,test,-1,nat10156
CASIA2/Tp/Tp_D_CNN_S_N_pla10114_ani00081_10429.tif,test,-1,pla10114
CASIA2/Tp/Tp_D_CNN_S_N_sec00042_ani00070_10541.tif,train,1,sec00042
CASIA2/Tp/Tp_D_CNN_S_N_sec00042_ani00078_10495.tif,train,1,sec00042
CASIA2/Tp/Tp_D_CNN_S_N_txt00043_txt00051_10378.tif,train,1,txt00043
CASIA2/Tp/Tp_D_CNN_S_N_txt00051_txt00051_10376.tif,val,4,txt00051
CASIA2/Tp/Tp_D_CNN_S_N_txt00052_txt00051_10377.tif,test,-1,txt00052
CASIA2/Tp/Tp_D_CNN_S_N_txt00054_txt00049_10371.tif,train,1,txt00054
CASIA2/Tp/Tp_D_CNN_S_O_nat10153_ani00097_12135.jpg,train,0,nat10153
CASIA2/Tp/Tp_D_CRD_M_B_arc10113_arc10112_10030.tif,test,-1,arc10113
CASIA2/Tp/Tp_D_CRD_M_B_nat00032_nat00033_10077.tif,train,2,nat00032
CASIA2/Tp/Tp_D_CRD_M_B_sec00001_sec00003_10031.tif,test,-1,sec00001
CASIA2/Tp/Tp_D_CRD_M_N_arc00037_ani00005_10142.tif,train,0,arc00037
CASIA2/Tp/Tp_D_CRD_M_N_arc10116_arc10116_10762.jpg,train,0,arc10116
CASIA2/Tp/Tp_D_CRD_M_N_art00058_art00051_10534.tif,train,3,art00058
CASIA2/Tp/Tp_D_CRD_M_N_ind00091_ind00091_10645.jpg,test,-1,ind00091
CASIA2/Tp/Tp_D_CRD_M_N_ind00091_ind00091_10646.jpg,test,-1,ind00091
CASIA2/Tp/Tp_D_CRD_M_N_nat00048_nat00049_11067.jpg,val,4,nat00048
CASIA2/Tp/Tp_D_CRD_M_N_txt00068_txt00065_10135.tif,val,4,cha00088
CASIA2/Tp/Tp_D_CRD_M_N_txt00068_txt00065_10136.tif,val,4,cha00088
CASIA2/Tp/Tp_D_CRD_S_B_ani00071_ani00064_00191.tif,test,-1,ani00071
CASIA2/Tp/Tp_D_CRD_S_B_cha00086_cha00065_00015.tif,train,0,cha00086
CASIA2/Tp/Tp_D_CRD_S_B_cha00098_sec00082_00418.tif,val,3,cha00098
CASIA2/Tp/Tp_D_CRD_S_B_sec00049_ani00047_00070.tif,train,1,sec00049
CASIA2/Tp/Tp_D_CRD_S_B_sec20007_sec20007_01442.tif,train,3,sec20007
CASIA2/Tp/Tp_D_CRD_S_N_ani00028_ani00058_00148.tif,test,-1,ani00028
CASIA2/Tp/Tp_D_CRD_S_N_ani00075_art00012_00195.tif,train,0,ani00075
CASIA2/Tp/Tp_D_CRD_S_N_cha00059_cha00057_00379.tif,test,-1,cha00059
CASIA2/Tp/Tp_D_CRD_S_N_cha10211_cha10159_12333.jpg,test,-1,cha10211
CASIA2/Tp/Tp_D_CRD_S_N_ind00005_ind00084_11751.jpg,train,0,ind00005
CASIA2/Tp/Tp_D_CRD_S_N_ind00029_ind00088_00444.tif,train,4,cha30181
CASIA2/Tp/Tp_D_CRD_S_N_ind00074_cha00049_00474.tif,test,-1,ind00074
CASIA2/Tp/Tp_D_CRD_S_N_ind00084_ind00024_00481.tif,train,1,ind00084
CASIA2/Tp/Tp_D_CRD_S_N_sec00003_sec00007_00023.tif,train,1,sec00003
CASIA2/Tp/Tp_D_CRD_S_N_sec00005_sec00003_00025.tif,train,2,sec00005
CASIA2/Tp/Tp_D_CRD_S_N_sec00037_art00028_00058.tif,train,3,sec00037
CASIA2/Tp/Tp_D_CRD_S_O_ani10103_ani10111_10637.jpg,train,3,ani10103
CASIA2/Tp/Tp_D_CRD_S_O_ani10111_ani10103_10635.jpg,val,4,ani10111
CASIA2/Tp/Tp_D_CRN_L_N_art00028_art00028_11282.jpg,train,0,art00028
CASIA2/Tp/Tp_D_CRN_L_N_nat00085_nat00086_10069.tif,train,1,nat00085
CASIA2/Tp/Tp_D_CRN_M_B_ani00019_nat00013_11868.jpg,train,3,ani00019
CASIA2/Tp/Tp_D_CRN_M_B_ani00046_ani00001_10100.tif,train,3,ani00046
CASIA2/Tp/Tp_D_CRN_M_B_nat10143_nat00013_12037.jpg,val,2,nat10143
CASIA2/Tp/Tp_D_CRN_M_B_nat10165_nat10164_12100.jpg,val,0,nat10165
CASIA2/Tp/Tp_D_CRN_M_B_sec00085_arc00065_11450.jpg,test,-1,ani00085
CASIA2/Tp/Tp_D_CRN_M_N_ani00069_ani00041_10035.tif,val,3,ani00069
CASIA2/Tp/Tp_D_CRN_M_N_ani00087_ani00081_10104.tif,train,3,ani00087
CASIA2/Tp/Tp_D_CRN_M_N_ani00087_ani10101_10103.tif,train,3,ani00087
CASIA2/Tp/Tp_D_CRN_M_N_ani00097_ani00001_10099.tif,test,-1,ani00097
CASIA2/Tp/Tp_D_CRN_M_N_ani00097_ani10101_10090.tif,test,-1,ani00097
CASIA2/Tp/Tp_D_CRN_M_N_ani00100_ani10101_10089.tif,train,4,ani00100
CASIA2/Tp/Tp_D_CRN_M_N_ani10101_ani00081_10139.tif,train,2,ani10101
CASIA2/Tp/Tp_D_CRN_M_N_ani10102_ani00097_10091.tif,test,-1,ani10102
CASIA2/Tp/Tp_D_CRN_M_N_ani10104_ani00097_10092.tif,test,-1,ani10104
CASIA2/Tp/Tp_D_CRN_M_N_ani10104_ani00100_10093.tif,test,-1,ani10104
CASIA2/Tp/Tp_D_CRN_M_N_ani10105_ani00100_10086.tif,val,4,ani10105
CASIA2/Tp/Tp_D_CRN_M_N_ani10112_ani00100_11648.jpg,train,4,ani10112
CASIA2/Tp/Tp_D_CRN_M_N_ani10112_ani10119_11624.jpg,train,4,ani10112
CASIA2/Tp/Tp_D_CRN_M_N_ani10113_ani10119_11623.jpg,train,2,ani10113
CASIA2/Tp/Tp_D_CRN_M_N_ani10116_ani00100_11643.jpg,train,3,ani10116
CASIA2/Tp/Tp_D_CRN_M_N_ani10117_ani00100_11642.jpg,train,4,ani10117
CASIA2/Tp/Tp_D_CRN_M_N_ani10118_ani00100_11638.jpg,train,1,ani10118
CASIA2/Tp/Tp_D_CRN_M_N_ani10118_sec00098_11619.jpg,train,1,ani10118
CASIA2/Tp/Tp_D_CRN_M_N_ani10119_ani00100_11641.jpg,train,2,ani10119
CASIA2/Tp/Tp_D_CRN_M_N_ani10120_ani00100_11639.jpg,train,0,ani10120
CASIA2/Tp/Tp_D_CRN_M_N_ani10120_sec00098_11632.jpg,train,0,ani10120
CASIA2/Tp/Tp_D_CRN_M_N_ani10144_nat10139_12474.jpg,test,-1,ani10144
CASIA2/Tp/Tp_D_CRN_M_N_arc00008_nat10122_11773.jpg,train,4,arc00008
CASIA2/Tp/Tp_D_CRN_M_N_arc00045_arc00046_10084.tif,test,-1,arc00045
CASIA2/Tp/Tp_D_CRN_M_N_arc00045_arc00071_10087.tif,test,-1,arc00045
CASIA2/Tp/Tp_D_CRN_M_N_arc00046_arc00045_10083.tif,test,-1,arc00046
CASIA2/Tp/Tp_D_CRN_M_N_arc00054_cha00085_11922.jpg,train,3,arc00054
CASIA2/Tp/Tp_D_CRN_M_N_arc00071_arc00045_10085.tif,train,0,arc00071
CASIA2/Tp/Tp_D_CRN_M_N_arc00073_arc00072_10267.tif,train,3,arc00073
CASIA2/Tp/Tp_D_CRN_M_N_arc00088_arc00064_10394.tif,train,2,arc00088
CASIA2/Tp/Tp_D_CRN_M_N_art00012_art00013_11812.jpg,train,2,art00012
CASIA2/Tp/Tp_D_CRN_M_N_art00014_art00013_11836.jpg,test,-1,art00014
CASIA2/Tp/Tp_D_CRN_M_N_art00058_art00049_10529.tif,train,3,art00058
CASIA2/Tp/Tp_D_CRN_M_N_art00067_ani00093_11801.jpg,train,1,art00067
CASIA2/Tp/Tp_D_CRN_M_N_art00067_ani00095_11803.jpg,train,1,art00067
CASIA2/Tp/Tp_D_CRN_M_N_art00067_ani00096_11802.jpg,train,1,art00067
CASIA2/Tp/Tp_D_CRN_M_N_art00067_nat00013_11804.jpg,train,1,art00067
CASIA2/Tp/Tp_D_CRN_M_N_art00067_nat00059_11805.jpg,train,1,art00067
CASIA2/Tp/Tp_D_CRN_M_N_art00067_nat00095_11807.jpg,train,1,art00067
CASIA2/Tp/Tp_D_CRN_M_N_art00067_nat10122_11806.jpg,train,1,art00067
CASIA2/Tp/Tp_D_CRN_M_N_art00097_art00049_11758.jpg,train,3,art00097
CASIA2/Tp/Tp_D_CRN_M_N_art10107_cha10112_11582.jpg,train,4,art10107
CASIA2/Tp/Tp_D_CRN_M_N_art10112_cha00086_11672.jpg,train,1,art10112
CASIA2/Tp/Tp_D_CRN_M_N_art10113_cha00067_11650.jpg,train,3,art10113
CASIA2/Tp/Tp_D_CRN_M_N_art10115_cha00086_11526.jpg,val,1,art10115
CASIA2/Tp/Tp_D_CRN_M_N_cha00035_cha00040_11732.jpg,val,4,cha00035
CASIA2/Tp/Tp_D_CRN_M_N_cha00050_cha00026_11787.jpg,train,1,cha00050
CASIA2/Tp/Tp_D_CRN_M_N_cha00060_cha00040_11678.jpg,train,3,cha00060
CASIA2/Tp/Tp_D_CRN_M_N_cha00062_cha00040_11020.jpg,train,3,cha00062
CASIA2/Tp/Tp_D_CRN_M_N_cha00094_cha00086_11501.jpg,train,0,cha00094
CASIA2/Tp/Tp_D_CRN_M_N_cha10108_cha00027_11666.jpg,train,3,cha10108
CASIA2/Tp/Tp_D_CRN_M_N_cha10108_cha00040_11665.jpg,train,3,cha10108
CASIA2/Tp/Tp_D_CRN_M_N_cha10137_art00021_12210.jpg,train,1,cha10137
CASIA2/Tp/Tp_D_CRN_M_N_cha10162_nat10123_12253.jpg,train,2,cha10162
CASIA2/Tp/Tp_D_CRN_M_N_cha10164_cha00026_12247.jpg,val,3,cha10164
CASIA2/Tp/Tp_D_CRN_M_N_cha10166_nat10123_12273.jpg,train,0,cha10166
CASIA2/Tp/Tp_D_CRN_M_N_cha10198_nat10123_12362.jpg,train,3,cha10198
CASIA2/Tp/Tp_D_CRN_M_N_cha10198_nat10160_12365.jpg,train,3,cha10198
CASIA2/Tp/Tp_D_CRN_M_N_ind00008_pla00050_10422.tif,train,1,ind00008
CASIA2/Tp/Tp_D_CRN_M_N_ind00010_pla00050_10424.tif,val,0,ind00010
CASIA2/Tp/Tp_D_CRN_M_N_nat00002_nat10124_11514.jpg,train,0,ani00010
CASIA2/Tp/Tp_D_CRN_M_N_nat00008_art00025_11425.jpg,train,2,nat00008
CASIA2/Tp/Tp_D_CRN_M_N_nat00019_nat00024_11047.jpg,train,4,nat00019
CASIA2/Tp/Tp_D_CRN_M_N_nat00019_nat00028_11048.jpg,train,4,nat00019
CASIA2/Tp/Tp_D_CRN_M_N_nat00032_art00025_11427.jpg,train,2,nat00032
CASIA2/Tp/Tp_D_CRN_M_N_nat00038_art00021_11428.jpg,train,3,nat00038
CASIA2/Tp/Tp_D_CRN_M_N_nat00041_nat00061_11438.jpg,train,2,nat00041
CASIA2/Tp/Tp_D_CRN_M_N_nat00083_ani00001_10097.tif,test,-1,nat00083
CASIA2/Tp/Tp_D_CRN_M_N_nat00083_ani10101_10096.tif,test,-1,nat00083
CASIA2/Tp/Tp_D_CRN_M_N_nat00084_nat00033_10072.tif,train,2,nat00084
CASIA2/Tp/Tp_D_CRN_M_N_nat00084_nat00086_10073.tif,train,2,nat00084
CASIA2/Tp/Tp_D_CRN_M_N_nat00084_nat00095_10070.tif,train,2,nat00084
CASIA2/Tp/Tp_D_CRN_M_N_nat00084_nat00099_10071.tif,train,2,nat00084
CASIA2/Tp/Tp_D_CRN_M_N_nat00085_nat00073_10591.jpg,train,1,nat00085
CASIA2/Tp/Tp_D_CRN_M_N_nat00086_nat00085_10068.tif,test,-1,nat00086
CASIA2/Tp/Tp_D_CRN_M_N_nat10116_cha00026_11674.jpg,test,-1,nat10116
CASIA2/Tp/Tp_D_CRN_M_N_nat10129_cha00086_11522.jpg,val,3,nat10129
CASIA2/Tp/Tp_D_CRN_M_N_nat10130_cha00086_11523.jpg,train,1,nat10130
CASIA2/Tp/Tp_D_CRN_M_N_nat10131_nat00059_11908.jpg,train,4,nat10131
CASIA2/Tp/Tp_D_CRN_M_N_nat10131_nat00095_11907.jpg,train,4,nat10131
CASIA2/Tp/Tp_D_CRN_M_N_nat10131_nat10124_11906.jpg,train,4,nat10131
CASIA2/Tp/Tp_D_CRN_M_N_nat10139_nat10124_11946.jpg,val,3,nat10139
CASIA2/Tp/Tp_D_CRN_M_N_nat10144_nat10125_11968.jpg,val,2,nat10144
CASIA2/Tp/Tp_D_CRN_M_N_nat10149_nat00013_12004.jpg,train,3,nat10149
CASIA2/Tp/Tp_D_CRN_M_N_nat10154_nat10138_12076.jpg,test,-1,nat10154
CASIA2/Tp/Tp_D_CRN_M_N_nat10154_nat10140_12075.jpg,test,-1,nat10154
CASIA2/Tp/Tp_D_CRN_M_N_nat10156_ani00001_12021.jpg,test,-1,nat10156
CASIA2/Tp/Tp_D_CRN_M_N_nat10157_nat00013_12048.jpg,train,0,nat10157
CASIA2/Tp/Tp_D_CRN_M_N_nat10159_ani00021_12058.jpg,test,-1,nat10159
CASIA2/Tp/Tp_D_CRN_M_N_nat10160_nat10123_12068.jpg,train,4,nat10160
CASIA2/Tp/Tp_D_CRN_M_N_nat10161_nat10157_12081.jpg,train,2,nat10161
CASIA2/Tp/Tp_D_CRN_M_N_nat10165_nat10164_12099.jpg,val,0,nat10165
CASIA2/Tp/Tp_D_CRN_M_N_pla00010_pla00020_10001.tif,train,0,pla00010
CASIA2/Tp/Tp_D_CRN_M_N_pla00026_pla00038_10147.tif,train,2,pla00026
CASIA2/Tp/Tp_D_CRN_M_N_pla00035_pla00033_10997.jpg,val,2,pla00035
CASIA2/Tp/Tp_D_CRN_M_N_pla00046_pla00025_10994.jpg,test,-1,pla00046
CASIA2/Tp/Tp_D_CRN_M_N_pla10110_ani00005_10118.tif,val,2,pla10110
CASIA2/Tp/Tp_D_CRN_M_N_pla10110_sec00046_10119.tif,val,2,pla10110
CASIA2/Tp/Tp_D_CRN_M_N_sec00015_cha00086_11400.jpg,train,2,sec00015
CASIA2/Tp/Tp_D_CRN_M_N_txt00002_txt00032_10300.tif,train,1,txt00002
CASIA2/Tp/Tp_D_CRN_M_N_txt00017_txt00063_10836.jpg,train,2,txt00017
CASIA2/Tp/Tp_D_CRN_M_N_txt00050_txt00049_10368.tif,val,2,txt00050
CASIA2/Tp/Tp_D_CRN_M_N_txt00063_txt00017_10835.jpg,train,1,txt00063
CASIA2/Tp/Tp_D_CRN_M_O_ani00030_ani00079_10003.tif,val,4,ani00030
CASIA2/Tp/Tp_D_CRN_M_O_ani00065_ani00041_10036.tif,train,3,ani00065
CASIA2/Tp/Tp_D_CRN_M_O_ani00071_ani00013_10002.tif,test,-1,ani00071
CASIA2/Tp/Tp_D_CRN_M_O_arc00025_ani00039_10004.tif,train,2,arc00025
CASIA2/Tp/Tp_D_CRN_M_O_arc00027_ani00030_10005.tif,train,1,arc00027
CASIA2/Tp/Tp_D_CRN_M_O_art00010_art00009_10166.tif,train,0,art00010
CASIA2/Tp/Tp_D_CRN_M_O_art10113_art10112_11560.jpg,train,3,art10113
CASIA2/Tp/Tp_D_CRN_M_O_nat00013_ani00070_11413.jpg,train,4,nat00013
CASIA2/Tp/Tp_D_CRN_M_O_nat10159_ani00001_12057.jpg,test,-1,nat10159
CASIA2/Tp/Tp_D_CRN_M_O_pla10102_ani10104_10028.tif,train,0,pla10102
CASIA2/Tp/Tp_D_CRN_S_B_ani00014_ani00015_00134.tif,train,0,ani00014
CASIA2/Tp/Tp_D_CRN_S_B_art00098_ani00070_01383.tif,test,-1,art00098
CASIA2/Tp/Tp_D_CRN_S_B_art20030_art20032_02494.tif,train,1,art20030
CASIA2/Tp/Tp_D_CRN_S_B_cha00056_ani00070_00376.tif,val,3,cha00056
CASIA2/Tp/Tp_D_CRN_S_B_cha00082_cha00050_00402.tif,train,2,cha00082
CASIA2/Tp/Tp_D_CRN_S_B_cha00083_cha00065_00403.tif,train,3,cha00083
CASIA2/Tp/Tp_D_CRN_S_B_cha00085_ani00064_00405.tif,train,4,cha00085
CASIA2/Tp/Tp_D_CRN_S_B_cha00093_ani00061_00413.tif,train,2,cha00093
CASIA2/Tp/Tp_D_CRN_S_B_ind00029_art00030_20103.jpg,train,4,cha30181
CASIA2/Tp/Tp_D_CRN_S_B_nat00030_arc00029_20104.jpg,train,2,nat00030
CASIA2/Tp/Tp_D_CRN_S_B_nat10153_ani00001_12136.jpg,train,0,nat10153
CASIA2/Tp/Tp_D_CRN_S_B_pla00041_pla00040_10978.jpg,test,-1,pla00041
CASIA2/Tp/Tp_D_CRN_S_B_pla00071_pla00070_11214.jpg,val,2,pla00071
CASIA2/Tp/Tp_D_CRN_S_B_sec00004_ind00069_00024.tif,val,3,sec00004
CASIA2/Tp/Tp_D_CRN_S_B_sec00050_sec00055_11246.jpg,val,1,sec00050
CASIA2/Tp/Tp_D_CRN_S_B_sec00093_sec00098_00113.tif,train,3,sec00093
CASIA2/Tp/Tp_D_CRN_S_N_ani00008_ani00011_10221.tif,train,3,ani00008
CASIA2/Tp/Tp_D_CRN_S_N_ani00019_ani00055_11862.jpg,train,3,ani00019
CASIA2/Tp/Tp_D_CRN_S_N_ani00050_ani00019_11856.jpg,train,3,ani00050
CASIA2/Tp/Tp_D_CRN_S_N_ani00054_ani00019_11859.jpg,test,-1,ani00054
CASIA2/Tp/Tp_D_CRN_S_N_ani00055_ani00019_11860.jpg,val,3,ani00055
CASIA2/Tp/Tp_D_CRN_S_N_ani10116_sec00098_11616.jpg,train,3,ani10116
CASIA2/Tp/Tp_D_CRN_S_N_ani10120_ani00100_11618.jpg,train,0,ani10120
CASIA2/Tp/Tp_D_CRN_S_N_ani10120_sec00098_11614.jpg,train,0,ani10120
CASIA2/Tp/Tp_D_CRN_S_N_ani10121_sec00098_11615.jpg,train,3,ani10121
CASIA2/Tp/Tp_D_CRN_S_N_ani10151_ani10206_12489.jpg,test,-1,ani10151
CASIA2/Tp/Tp_D_CRN_S_N_ani10158_ani10136_12481.jpg,train,2,ani10158
CASIA2/Tp/Tp_D_CRN_S_N_ani10181_ani10206_12426.jpg,train,4,ani10181
CASIA2/Tp/Tp_D_CRN_S_N_ani10182_ani10206_12423.jpg,train,1,ani10182
CASIA2/Tp/Tp_D_CRN_S_N_ani10184_ani10206_12421.jpg,train,0,ani10184
CASIA2/Tp/Tp_D_CRN_S_N_ani10189_ani00058_12432.jpg,train,3,ani10189
CASIA2/Tp/Tp_D_CRN_S_N_ani10191_ani10190_12437.jpg,test,-1,ani10191
CASIA2/Tp/Tp_D_CRN_S_N_ani10205_ani10206_12417.jpg,train,1,ani10205
CASIA2/Tp/Tp_D_CRN_S_N_arc00008_ani00070_11774.jpg,train,4,arc00008
CASIA2/Tp/Tp_D_CRN_S_N_arc00030_pla00026_10066.tif,train,4,arc00030
CASIA2/Tp/Tp_D_CRN_S_N_arc00059_art00049_11823.jpg,train,1,arc00059
CASIA2/Tp/Tp_D_CRN_S_N_art00005_art00005_00497.tif,train,4,art00005
CASIA2/Tp/Tp_D_CRN_S_N_art00011_art00092_11840.jpg,train,4,art00011
CASIA2/Tp/Tp_D_CRN_S_N_art00027_art00013_00695.tif,test,-1,art00027
CASIA2/Tp/Tp_D_CRN_S_N_art00067_art00092_11808.jpg,train,1,art00067
CASIA2/Tp/Tp_D_CRN_S_N_art00081_ani00098_00491.tif,val,0,art00081
CASIA2/Tp/Tp_D_CRN_S_N_art10111_art10112_11563.jpg,test,-1,art10111
CASIA2/Tp/Tp_D_CRN_S_N_art20026_art20025_01832.tif,test,-1,art20026
CASIA2/Tp/Tp_D_CRN_S_N_cha00026_art00013_00500.tif,train,3,cha00026
CASIA2/Tp/Tp_D_CRN_S_N_cha00028_art00013_00499.tif,test,-1,cha00028
CASIA2/Tp/Tp_D_CRN_S_N_cha00029_art00013_00501.tif,test,-1,cha00029
CASIA2/Tp/Tp_D_CRN_S_N_cha00036_art00053_11741.jpg,test,-1,cha00036
CASIA2/Tp/Tp_D_CRN_S_N_cha00036_art00076_11740.jpg,test,-1,cha00036
CASIA2/Tp/Tp_D_CRN_S_N_cha00053_art00014_11817.jpg,train,0,cha00053
CASIA2/Tp/Tp_D_CRN_S_N_cha00055_ani00013_00375.tif,train,1,cha00055
CASIA2/Tp/Tp_D_CRN_S_N_cha00063_art00014_11818.jpg,val,4,cha00063
CASIA2/Tp/Tp_D_CRN_S_N_cha00067_art00014_11821.jpg,train,2,cha00067
CASIA2/Tp/Tp_D_CRN_S_N_cha00071_art00014_11819.jpg,train,2,cha00071
CASIA2/Tp/Tp_D_CRN_S_N_cha00071_art00092_11783.jpg,train,2,cha00071
CASIA2/Tp/Tp_D_CRN_S_N_cha00075_cha00086_10868.jpg,train,0,cha00075
CASIA2/Tp/Tp_D_CRN_S_N_cha00078_ani00013_00398.tif,train,3,cha00078
CASIA2/Tp/Tp_D_CRN_S_N_cha00093_ani00081_10408.tif,train,2,cha00093
CASIA2/Tp/Tp_D_CRN_S_N_cha10122_nat10123_12168.jpg,train,3,cha10117
CASIA2/Tp/Tp_D_CRN_S_N_cha10130_art00092_12187.jpg,val,2,cha10130
CASIA2/Tp/Tp_D_CRN_S_N_cha10141_cha00086_12234.jpg,train,3,cha10141
CASIA2/Tp/Tp_D_CRN_S_N_cha10142_cha00086_12235.jpg,test,-1,cha10142
CASIA2/Tp/Tp_D_CRN_S_N_cha10149_cha10148_12225.jpg,train,2,cha10149
CASIA2/Tp/Tp_D_CRN_S_N_cha10150_cha00040_12221.jpg,train,1,cha10150
CASIA2/Tp/Tp_D_CRN_S_N_cha10159_cha00086_12329.jpg,train,3,cha10159
CASIA2/Tp/Tp_D_CRN_S_N_cha10168_cha10166_12300.jpg,test,-1,cha10168
CASIA2/Tp/Tp_D_CRN_S_N_cha10169_cha10171_12290.jpg,train,3,cha10169
CASIA2/Tp/Tp_D_CRN_S_N_cha10186_cha00086_12312.jpg,train,1,cha10186
CASIA2/Tp/Tp_D_CRN_S_N_cha10188_cha00086_12306.jpg,train,4,cha10188
CASIA2/Tp/Tp_D_CRN_S_N_cha10208_cha10207_12342.jpg,train,4,cha10208
CASIA2/Tp/Tp_D_CRN_S_N_ind00006_art00076_11745.jpg,train,3,ind00006
CASIA2/Tp/Tp_D_CRN_S_N_ind00060_ind00062_10700.jpg,test,-1,ind00060
CASIA2/Tp/Tp_D_CRN_S_N_ind00087_ind00084_11750.jpg,train,0,ind00087
CASIA2/Tp/Tp_D_CRN_S_N_ind00089_ind00088_00484.tif,train,1,ind00089
CASIA2/Tp/Tp_D_CRN_S_N_ind00100_cha00026_00489.tif,train,3,ind00100
CASIA2/Tp/Tp_D_CRN_S_N_nat00004_art00025_11426.jpg,train,3,nat00004
CASIA2/Tp/Tp_D_CRN_S_N_nat00033_cha00086_11502.jpg,train,1,nat00033
CASIA2/Tp/Tp_D_CRN_S_N_nat00099_ani00017_10220.tif,train,0,ani00010
CASIA2/Tp/Tp_D_CRN_S_N_nat00099_nat00061_10074.tif,train,0,ani00010
CASIA2/Tp/Tp_D_CRN_S_N_nat00099_nat00061_10075.tif,train,0,ani00010
CASIA2/Tp/Tp_D_CRN_S_N_nat10108_sec00097_11696.jpg,train,0,nat10108
CASIA2/Tp/Tp_D_CRN_S_N_nat10113_ani00070_11482.jpg,train,3,nat10113
CASIA2/Tp/Tp_D_CRN_S_N_nat10128_ani00070_11539.jpg,train,4,nat10128
CASIA2/Tp/Tp_D_CRN_S_N_nat10129_ani00100_11644.jpg,val,3,nat10129
CASIA2/Tp/Tp_D_CRN_S_N_nat10130_pla00049_11524.jpg,train,1,nat10130
CASIA2/Tp/Tp_D_CRN_S_N_nat10145_ani00022_11986.jpg,train,1,nat10145
CASIA2/Tp/Tp_D_CRN_S_N_nat10145_ani00037_11983.jpg,train,1,nat10145
CASIA2/Tp/Tp_D_CRN_S_N_nat10145_ani00099_11990.jpg,train,1,nat10145
CASIA2/Tp/Tp_D_CRN_S_N_nat10156_ani00037_12017.jpg,test,-1,nat10156
CASIA2/Tp/Tp_D_CRN_S_N_nat10156_ani00099_12024.jpg,test,-1,nat10156
CASIA2/Tp/Tp_D_CRN_S_N_nat10159_ani00005_12053.jpg,test,-1,nat10159
CASIA2/Tp/Tp_D_CRN_S_N_nat10159_ani00037_12060.jpg,test,-1,nat10159
CASIA2/Tp/Tp_D_CRN_S_N_nat10159_ani00097_12063.jpg,test,-1,nat10159
CASIA2/Tp/Tp_D_CRN_S_N_nat10161_art00021_12084.jpg,train,2,nat10161
CASIA2/Tp/Tp_D_CRN_S_N_nat10163_sec00097_12089.jpg,train,2,nat10163
CASIA2/Tp/Tp_D_CRN_S_N_nat10164_ani00005_12093.jpg,val,1,nat10164
CASIA2/Tp/Tp_D_CRN_S_N_nat10169_ani00097_12111.jpg,val,1,nat10169
CASIA2/Tp/Tp_D_CRN_S_N_pla00006_pla00005_10943.jpg,train,4,pla00006
CASIA2/Tp/Tp_D_CRN_S_N_pla00006_pla00007_10942.jpg,train,4,pla00006
CASIA2/Tp/Tp_D_CRN_S_N_pla00019_pla00020_10954.jpg,test,-1,pla00019
CASIA2/Tp/Tp_D_CRN_S_N_pla00023_pla00024_10953.jpg,train,2,pla00023
CASIA2/Tp/Tp_D_CRN_S_N_pla00037_ani00013_00572.tif,train,0,pla00037
CASIA2/Tp/Tp_D_CRN_S_N_pla00037_pla00038_10064.tif,train,0,pla00037
CASIA2/Tp/Tp_D_CRN_S_N_pla00044_pla00044_10974.jpg,train,4,pla00044
CASIA2/Tp/Tp_D_CRN_S_N_pla00100_sec00097_11289.jpg,train,1,pla00100
CASIA2/Tp/Tp_D_CRN_S_N_pla10121_sec00097_11692.jpg,train,4,pla10121
CASIA2/Tp/Tp_D_CRN_S_N_sec00014_cha00086_11402.jpg,test,-1,sec00014
CASIA2/Tp/Tp_D_CRN_S_N_sec00022_art00076_11743.jpg,val,1,ind00014
CASIA2/Tp/Tp_D_CRN_S_N_sec00023_ind00043_10887.jpg,train,4,ind00015
CASIA2/Tp/Tp_D_CRN_S_N_sec00040_cha00086_11406.jpg,train,3,sec00040
CASIA2/Tp/Tp_D_CRN_S_N_sec00041_sec00034_11251.jpg,train,0,sec00041
CASIA2/Tp/Tp_D_CRN_S_N_sec00052_sec00055_11238.jpg,train,1,sec00052
CASIA2/Tp/Tp_D_CRN_S_N_sec00054_sec00055_11235.jpg,train,1,sec00054
CASIA2/Tp/Tp_D_CRN_S_N_sec00058_art00002_00079.tif,train,2,sec00058
CASIA2/Tp/Tp_D_CRN_S_N_sec00061_sec00097_11694.jpg,train,1,sec00061
CASIA2/Tp/Tp_D_CRN_S_N_sec00071_art00028_11281.jpg,train,2,sec00071
CASIA2/Tp/Tp_D_CRN_S_N_sec00072_cha00026_00093.tif,train,0,sec00072
CASIA2/Tp/Tp_D_CRN_S_N_sec00074_pla00084_00095.tif,test,-1,sec00074
CASIA2/Tp/Tp_D_CRN_S_N_sec00077_art00039_00098.tif,train,4,sec00077
CASIA2/Tp/Tp_D_CRN_S_N_sec00097_txt00070_11317.jpg,train,4,sec00097
CASIA2/Tp/Tp_D_CRN_S_N_txt00039_txt00041_10828.jpg,val,0,txt00039
CASIA2/Tp/Tp_D_CRN_S_N_txt00041_txt00039_10829.jpg,train,3,txt00041
CASIA2/Tp/Tp_D_CRN_S_N_txt00047_txt00048_11320.jpg,train,0,txt00047
CASIA2/Tp/Tp_D_CRN_S_N_txt00055_txt00048_11329.jpg,val,2,txt00055
CASIA2/Tp/Tp_D_CRN_S_N_txt00073_txt00071_11303.jpg,train,0,txt00073
CASIA2/Tp/Tp_D_CRN_S_N_txt00077_txt00082_11295.jpg,train,2,txt00077
CASIA2/Tp/Tp_D_CRN_S_O_ani10103_ani10111_10636.jpg,train,3,ani10103
CASIA2/Tp/Tp_D_CRN_S_O_ani10180_ani10206_12425.jpg,val,2,ani10180
CASIA2/Tp/Tp_D_CRN_S_O_cha00029_ani00068_10041.tif,test,-1,cha00029
CASIA2/Tp/Tp_D_CRN_S_O_cha00030_ani00068_10042.tif,train,4,cha00030
CASIA2/Tp/Tp_D_CRN_S_O_cha00099_ani00061_10045.tif,train,4,cha00099
CASIA2/Tp/Tp_D_CRN_S_O_nat10159_ani00024_12062.jpg,test,-1,nat10159
CASIA2/Tp/Tp_D_NND_L_B_arc00033_nat00095_00253.tif,train,3,arc00033
CASIA2/Tp/Tp_D_NND_L_B_arc00072_nat00097_00292.tif,train,0,arc00072
CASIA2/Tp/Tp_D_NND_L_N_ani00070_nat00099_10503.tif,train,0,ani00010
CASIA2/Tp/Tp_D_NND_M_B_arc00097_arc00086_00317.tif,train,4,arc00097
CASIA2/Tp/Tp_D_NND_M_B_cha00094_cha00095_11445.jpg,train,0,cha00094
CASIA2/Tp/Tp_D_NND_M_B_nat20098_nat20073_01602.tif,train,0,nat20098
CASIA2/Tp/Tp_D_NND_M_B_sec00077_txt00059_10387.tif,train,4,sec00077
CASIA2/Tp/Tp_D_NND_M_B_sec00077_txt00065_10388.tif,train,4,sec00077
CASIA2/Tp/Tp_D_NND_M_B_sec00098_nat00033_00118.tif,train,4,sec00098
CASIA2/Tp/Tp_D_NND_M_B_sec20062_arc20001_02136.tif,test,-1,sec20062
CASIA2/Tp/Tp_D_NND_M_N_arc00048_arc00086_00268.tif,val,2,arc00048
CASIA2/Tp/Tp_D_NND_M_N_arc00049_arc00092_00269.tif,val,0,arc00049
CASIA2/Tp/Tp_D_NND_M_N_arc00058_arc00086_00278.tif,train,4,arc00058
CASIA2/Tp/Tp_D_NND_M_N_nat20025_arc20001_02225.tif,train,0,nat20025
CASIA2/Tp/Tp_D_NND_M_N_pla00085_pla00086_00012.tif,train,1,pla00085
CASIA2/Tp/Tp_D_NND_M_N_txt00099_nat00059_11124.jpg,train,0,ani00010
CASIA2/Tp/Tp_D_NND_M_O_cha00097_txt00033_10171.tif,train,2,cha00097
CASIA2/Tp/Tp_D_NND_M_O_txt00033_cha00097_10172.tif,train,0,txt00033
CASIA2/Tp/Tp_D_NND_S_B_ind00003_cha00040_00423.tif,train,0,ind00003
CASIA2/Tp/Tp_D_NND_S_B_pla20083_pla20084_02358.tif,train,1,pla20083
CASIA2/Tp/Tp_D_NND_S_N_cha00010_arc00086_00330.tif,train,2,cha00004
CASIA2/Tp/Tp_D_NND_S_N_cha10144_cha10146_12230.jpg,train,4,cha10144
CASIA2/Tp/Tp_D_NND_S_N_ind00016_ind00017_00432.tif,train,3,ind00016
CASIA2/Tp/Tp_D_NND_S_N_nat00011_nat00007_00631.tif,train,1,nat00011
CASIA2/Tp/Tp_D_NND_S_N_nat00015_cha00096_00634.tif,train,2,nat00015
CASIA2/Tp/Tp_D_NND_S_N_sec00060_sec00059_11270.jpg,val,0,sec00060
CASIA2/Tp/Tp_D_NND_S_N_sec00071_ind00084_11275.jpg,train,2,sec00071
CASIA2/Tp/Tp_D_NND_S_N_txt00061_txt00083_10825.jpg,train,1,txt00061
CASIA2/Tp/Tp_D_NND_S_N_txt00062_txt00083_10824.jpg,train,0,txt00062
CASIA2/Tp/Tp_D_NNN_L_B_ani00070_nat00099_00190.tif,train,0,ani00010
CASIA2/Tp/Tp_D_NNN_L_B_arc00032_nat00095_00252.tif,val,3,arc00032
CASIA2/Tp/Tp_D_NNN_L_B_arc00038_nat00007_00258.tif,val,1,arc00038
CASIA2/Tp/Tp_D_NNN_L_N_ani00010_nat00095_10218.tif,train,0,ani00010
CASIA2/Tp/Tp_D_NNN_L_N_ani00010_nat00099_10217.tif,train,0,ani00010
CASIA2/Tp/Tp_D_NNN_L_N_arc00011_ani00058_00231.tif,train,1,arc00011
CASIA2/Tp/Tp_D_NNN_L_N_cha00074_txt00068_10193.tif,train,4,cha00074
CASIA2/Tp/Tp_D_NNN_L_N_txt00068_cha00074_10194.tif,val,4,cha00088
CASIA2/Tp/Tp_D_NNN_L_O_ani00001_nat00037_00121.tif,train,1,ani00001
CASIA2/Tp/Tp_D_NNN_L_O_sec00062_nat00083_00083.tif,test,-1,nat00083
CASIA2/Tp/Tp_D_NNN_M_B_arc00040_nat00070_00260.tif,train,0,arc00040
CASIA2/Tp/Tp_D_NNN_M_B_arc00054_nat10136_11920.jpg,train,3,arc00054
CASIA2/Tp/Tp_D_NNN_M_B_arc00073_nat00095_00293.tif,train,3,arc00073
CASIA2/Tp/Tp_D_NNN_M_B_arc00082_nat00099_00302.tif,test,-1,arc00082
CASIA2/Tp/Tp_D_NNN_M_B_arc10117_arc10115_10744.jpg,val,1,arc10117
CASIA2/Tp/Tp_D_NNN_M_B_arc20101_arc20001_02184.tif,test,-1,arc20101
CASIA2/Tp/Tp_D_NNN_M_B_art00023_nat00095_11877.jpg,val,3,art00023
CASIA2/Tp/Tp_D_NNN_M_B_art00037_txt10112_10108.tif,val,1,art00037
CASIA2/Tp/Tp_D_NNN_M_B_art00049_nat00013_11764.jpg,train,0,art00049
CASIA2/Tp/Tp_D_NNN_M_B_art00052_arc00023_11851.jpg,train,2,art00052
CASIA2/Tp/Tp_D_NNN_M_B_art00052_nat00059_11847.jpg,train,2,art00052
CASIA2/Tp/Tp_D_NNN_M_B_art00069_nat00013_11844.jpg,train,3,art00069
CASIA2/Tp/Tp_D_NNN_M_B_art00069_nat00095_11843.jpg,train,3,art00069
CASIA2/Tp/Tp_D_NNN_M_B_art10110_nat00097_11568.jpg,train,2,art10110
CASIA2/Tp/Tp_D_NNN_M_B_cha00089_cha00082_10198.tif,train,2,cha00089
CASIA2/Tp/Tp_D_NNN_M_B_cha10198_nat10160_12364.jpg,train,3,cha10198
CASIA2/Tp/Tp_D_NNN_M_B_nat00004_nat00059_11487.jpg,train,3,nat00004
CASIA2/Tp/Tp_D_NNN_M_B_nat00004_nat00095_11488.jpg,train,3,nat00004
CASIA2/Tp/Tp_D_NNN_M_B_nat00004_nat00097_11486.jpg,train,3,nat00004
CASIA2/Tp/Tp_D_NNN_M_B_nat00022_nat00031_00640.tif,train,0,nat00022
CASIA2/Tp/Tp_D_NNN_M_B_nat00060_nat00062_11106.jpg,train,0,ani00010
CASIA2/Tp/Tp_D_NNN_M_B_nat00085_nat00097_11285.jpg,train,1,nat00085
CASIA2/Tp/Tp_D_NNN_M_B_nat00086_nat00097_11284.jpg,test,-1,nat00086
CASIA2/Tp/Tp_D_NNN_M_B_nat10106_nat00097_11352.jpg,train,0,nat10106
CASIA2/Tp/Tp_D_NNN_M_B_nat10128_ani00058_11541.jpg,train,4,nat10128
CASIA2/Tp/Tp_D_NNN_M_B_nat10128_nat00086_11538.jpg,train,4,nat10128
CASIA2/Tp/Tp_D_NNN_M_B_nat10128_nat00099_11537.jpg,train,4,nat10128
CASIA2/Tp/Tp_D_NNN_M_B_nat10161_nat10159_12082.jpg,train,2,nat10161
CASIA2/Tp/Tp_D_NNN_M_B_sec00015_sec00082_00036.tif,train,2,sec00015
CASIA2/Tp/Tp_D_NNN_M_B_sec00028_nat00007_00049.tif,train,4,sec00028
CASIA2/Tp/Tp_D_NNN_M_B_sec00036_nat00035_20123.tif,train,0,sec00036
CASIA2/Tp/Tp_D_NNN_M_B_sec20045_arc20001_02127.tif,test,-1,sec20045
CASIA2/Tp/Tp_D_NNN_M_B_txt00052_txt00051_10380.tif,test,-1,txt00052
CASIA2/Tp/Tp_D_NNN_M_N_ani00019_nat00059_11864.jpg,train,3,ani00019
CASIA2/Tp/Tp_D_NNN_M_N_ani00019_nat00095_11863.jpg,train,3,ani00019
CASIA2/Tp/Tp_D_NNN_M_N_ani00019_nat10122_11865.jpg,train,3,ani00019
CASIA2/Tp/Tp_D_NNN_M_N_ani00051_ani00054_11131.jpg,train,0,ani00051
CASIA2/Tp/Tp_D_NNN_M_N_ani00086_nat00059_11126.jpg,test,-1,ani00086
CASIA2/Tp/Tp_D_NNN_M_N_ani10132_ani10123_12477.jpg,train,3,ani10132
CASIA2/Tp/Tp_D_NNN_M_N_arc00008_cha00050_11769.jpg,train,4,arc00008
CASIA2/Tp/Tp_D_NNN_M_N_arc00008_cha00063_11763.jpg,train,4,arc00008
CASIA2/Tp/Tp_D_NNN_M_N_arc00008_cha00070_11767.jpg,train,4,arc00008
CASIA2/Tp/Tp_D_NNN_M_N_arc00008_nat00059_11772.jpg,train,4,arc00008
CASIA2/Tp/Tp_D_NNN_M_N_arc00010_nat00002_00230.tif,train,0,arc00004
CASIA2/Tp/Tp_D_NNN_M_N_arc00050_arc00086_00270.tif,train,3,arc00050
CASIA2/Tp/Tp_D_NNN_M_N_arc00054_arc00005_10006.tif,train,3,arc00054
CASIA2/Tp/Tp_D_NNN_M_N_arc00054_nat00059_11934.jpg,train,3,arc00054
CASIA2/Tp/Tp_D_NNN_M_N_arc00061_nat00074_10448.tif,train,1,arc00061
CASIA2/Tp/Tp_D_NNN_M_N_arc00061_nat00099_10447.tif,train,1,arc00061
CASIA2/Tp/Tp_D_NNN_M_N_arc00065_nat00095_11455.jpg,train,0,arc00065
CASIA2/Tp/Tp_D_NNN_M_N_arc00065_nat00097_11453.jpg,train,0,arc00065
CASIA2/Tp/Tp_D_NNN_M_N_arc00065_nat10124_11454.jpg,train,0,arc00065
CASIA2/Tp/Tp_D_NNN_M_N_arc00068_arc00075_00288.tif,test,-1,arc00068
CASIA2/Tp/Tp_D_NNN_M_N_arc00069_nat00097_11207.jpg,train,3,arc00069
CASIA2/Tp/Tp_D_NNN_M_N_arc00070_arc00072_00290.tif,train,2,arc00070
CASIA2/Tp/Tp_D_NNN_M_N_arc00096_nat00059_11799.jpg,train,2,arc00096
CASIA2/Tp/Tp_D_NNN_M_N_arc10115_arc10117_10763.jpg,train,0,arc10115
CASIA2/Tp/Tp_D_NNN_M_N_arc10120_nat10156_12144.jpg,train,2,arc10120
CASIA2/Tp/Tp_D_NNN_M_N_art00023_nat00013_11876.jpg,val,3,art00023
CASIA2/Tp/Tp_D_NNN_M_N_art00023_nat00059_11875.jpg,val,3,art00023
CASIA2/Tp/Tp_D_NNN_M_N_art00023_nat10122_11873.jpg,val,3,art00023
CASIA2/Tp/Tp_D_NNN_M_N_art00034_nat00059_11871.jpg,train,0,art00034
CASIA2/Tp/Tp_D_NNN_M_N_art00037_nat10103_10107.tif,val,1,art00037
CASIA2/Tp/Tp_D_NNN_M_N_art00037_pla10110_10106.tif,val,1,art00037
CASIA2/Tp/Tp_D_NNN_M_N_art00049_cha00026_11789.jpg,train,0,art00049
CASIA2/Tp/Tp_D_NNN_M_N_art00049_cha00070_11790.jpg,train,0,art00049
CASIA2/Tp/Tp_D_NNN_M_N_art00049_nat00095_11766.jpg,train,0,art00049
CASIA2/Tp/Tp_D_NNN_M_N_art00049_nat10122_11765.jpg,train,0,art00049
CASIA2/Tp/Tp_D_NNN_M_N_art00052_arc00024_11852.jpg,train,2,art00052
CASIA2/Tp/Tp_D_NNN_M_N_art00052_nat00013_11848.jpg,train,2,art00052
CASIA2/Tp/Tp_D_NNN_M_N_art00052_nat00095_11850.jpg,train,2,art00052
CASIA2/Tp/Tp_D_NNN_M_N_art00069_nat00059_11846.jpg,train,3,art00069
CASIA2/Tp/Tp_D_NNN_M_N_art00069_nat10122_11845.jpg,train,3,art00069
CASIA2/Tp/Tp_D_NNN_M_N_art00088_txt00002_10327.tif,val,0,art00088
CASIA2/Tp/Tp_D_NNN_M_N_art00088_txt00098_10326.tif,val,0,art00088
CASIA2/Tp/Tp_D_NNN_M_N_art00099_cha00050_11760.jpg,train,2,art00099
CASIA2/Tp/Tp_D_NNN_M_N_art10110_nat00059_11569.jpg,train,2,art10110
CASIA2/Tp/Tp_D_NNN_M_N_art10115_cha00070_11525.jpg,val,1,art10115
CASIA2/Tp/Tp_D_NNN_M_N_cha00007_cha00006_11161.jpg,train,1,cha00007
CASIA2/Tp/Tp_D_NNN_M_N_cha00031_ani10101_10048.tif,train,4,cha00031
CASIA2/Tp/Tp_D_NNN_M_N_cha00067_cha00040_11670.jpg,train,2,cha00067
CASIA2/Tp/Tp_D_NNN_M_N_cha00074_txt00068_10192.tif,train,4,cha00074
CASIA2/Tp/Tp_D_NNN_M_N_cha00082_cha00089_10200.tif,train,2,cha00082
CASIA2/Tp/Tp_D_NNN_M_N_cha10123_cha10127_12191.jpg,train,2,cha10123
CASIA2/Tp/Tp_D_NNN_M_N_cha10166_nat10142_12271.jpg,train,0,cha10166
CASIA2/Tp/Tp_D_NNN_M_N_cha10166_nat10156_12272.jpg,train,0,cha10166
CASIA2/Tp/Tp_D_NNN_M_N_cha10168_cha10140_12301.jpg,test,-1,cha10168
CASIA2/Tp/Tp_D_NNN_M_N_cha10180_cha00070_12294.jpg,train,1,cha10180
CASIA2/Tp/Tp_D_NNN_M_N_nat00002_nat00097_11511.jpg,train,0,ani00010
CASIA2/Tp/Tp_D_NNN_M_N_nat00009_cha00062_11395.jpg,train,4,nat00009
CASIA2/Tp/Tp_D_NNN_M_N_nat00009_nat00013_11092.jpg,train,4,nat00009
CASIA2/Tp/Tp_D_NNN_M_N_nat00026_nat00028_11036.jpg,train,4,nat00026
CASIA2/Tp/Tp_D_NNN_M_N_nat00033_cha00062_11380.jpg,train,1,nat00033
CASIA2/Tp/Tp_D_NNN_M_N_nat00048_nat00053_11076.jpg,val,4,nat00048
CASIA2/Tp/Tp_D_NNN_M_N_nat00060_nat00099_10570.jpg,train,0,ani00010
CASIA2/Tp/Tp_D_NNN_M_N_nat00061_nat10123_11440.jpg,train,3,nat00061
CASIA2/Tp/Tp_D_NNN_M_N_nat00073_nat00097_11103.jpg,train,1,nat00073
CASIA2/Tp/Tp_D_NNN_M_N_nat00075_nat00097_11100.jpg,train,4,nat00075
CASIA2/Tp/Tp_D_NNN_M_N_nat00086_arc00076_11283.jpg,test,-1,nat00086
CASIA2/Tp/Tp_D_NNN_M_N_nat00095_nat00062_11358.jpg,train,0,ani00010
CASIA2/Tp/Tp_D_NNN_M_N_nat00096_nat00097_11096.jpg,train,0,nat00096
CASIA2/Tp/Tp_D_NNN_M_N_nat10103_pla10110_10115.tif,train,1,cha00057
CASIA2/Tp/Tp_D_NNN_M_N_nat10112_nat10122_11360.jpg,test,-1,nat10112
CASIA2/Tp/Tp_D_NNN_M_N_nat10116_cha00062_11376.jpg,test,-1,nat10116
CASIA2/Tp/Tp_D_NNN_M_N_nat10116_cha00063_11375.jpg,test,-1,nat10116
CASIA2/Tp/Tp_D_NNN_M_N_nat10118_nat00062_11392.jpg,train,3,nat10118
CASIA2/Tp/Tp_D_NNN_M_N_nat10124_nat00059_11345.jpg,train,0,ani00010
CASIA2/Tp/Tp_D_NNN_M_N_nat10124_nat00095_11350.jpg,train,0,ani00010
CASIA2/Tp/Tp_D_NNN_M_N_nat10124_nat00097_11346.jpg,train,0,ani00010
CASIA2/Tp/Tp_D_NNN_M_N_nat10124_nat10156_12148.jpg,train,0,ani00010
CASIA2/Tp/Tp_D_NNN_M_N_nat10149_nat10147_12002.jpg,train,3,nat10149
CASIA2/Tp/Tp_D_NNN_M_N_nat10149_nat10156_12001.jpg,train,3,nat10149
CASIA2/Tp/Tp_D_NNN_M_N_nat10156_ani00021_12020.jpg,test,-1,nat10156
CASIA2/Tp/Tp_D_NNN_M_N_nat10165_nat10169_12112.jpg,val,0,nat10165
CASIA2/Tp/Tp_D_NNN_M_N_nat10166_nat10169_12113.jpg,test,-1,nat10166
CASIA2/Tp/Tp_D_NNN_M_N_pla10110_nat10103_10116.tif,val,2,pla10110
CASIA2/Tp/Tp_D_NNN_M_N_pla10121_cha00027_11669.jpg,train,4,pla10121
CASIA2/Tp/Tp_D_NNN_M_N_pla10121_cha00028_11659.jpg,train,4,pla10121
CASIA2/Tp/Tp_D_NNN_M_N_sec00021_arc10118_10778.jpg,train,3,sec00021
CASIA2/Tp/Tp_D_NNN_M_N_sec00030_nat00097_00051.tif,train,3,sec00030
CASIA2/Tp/Tp_D_NNN_M_N_sec00036_nat00095_00057.tif,train,0,sec00036
CASIA2/Tp/Tp_D_NNN_M_N_sec00041_nat00097_11253.jpg,train,0,sec00041
CASIA2/Tp/Tp_D_NNN_M_N_sec00041_nat00099_10512.tif,train,0,sec00041
CASIA2/Tp/Tp_D_NNN_M_N_sec00046_nat00097_00067.tif,train,3,sec00046
CASIA2/Tp/Tp_D_NNN_M_N_sec00058_nat00097_11273.jpg,train,2,sec00058
CASIA2/Tp/Tp_D_NNN_M_N_sec00061_nat00095_00082.tif,train,1,sec00061
CASIA2/Tp/Tp_D_NNN_M_N_sec00061_nat00097_11264.jpg,train,1,sec00061
CASIA2/Tp/Tp_D_NNN_M_N_sec00064_nat00097_11260.jpg,train,1,sec00064
CASIA2/Tp/Tp_D_NNN_M_N_sec00087_cha00062_11470.jpg,val,2,sec00087
CASIA2/Tp/Tp_D_NNN_M_N_sec00089_cha00062_11491.jpg,val,4,sec00089
CASIA2/Tp/Tp_D_NNN_M_N_sec00089_nat00059_11120.jpg,val,4,sec00089
CASIA2/Tp/Tp_D_NNN_M_N_sec20011_nat20033_01446.tif,train,1,sec20011
CASIA2/Tp/Tp_D_NNN_M_N_sec20047_arc20001_02128.tif,train,3,sec20047
CASIA2/Tp/Tp_D_NNN_M_N_sec20059_arc20022_02134.tif,val,0,sec20059
CASIA2/Tp/Tp_D_NNN_M_N_txt00013_txt00019_10847.jpg,val,2,txt00013
CASIA2/Tp/Tp_D_NNN_M_N_txt00025_txt00098_10328.tif,train,0,txt00025
CASIA2/Tp/Tp_D_NNN_M_N_txt00040_txt00042_10007.tif,val,3,txt00040
CASIA2/Tp/Tp_D_NNN_M_N_txt00043_txt00051_10379.tif,train,1,txt00043
CASIA2/Tp/Tp_D_NNN_M_N_txt00049_txt00059_10367.tif,train,1,txt00049
CASIA2/Tp/Tp_D_NNN_M_N_txt00050_txt00059_10369.tif,val,2,txt00050
CASIA2/Tp/Tp_D_NNN_M_N_txt00054_txt00059_10370.tif,train,1,txt00054
CASIA2/Tp/Tp_D_NNN_M_N_txt00059_txt00050_10373.tif,train,4,txt00059
CASIA2/Tp/Tp_D_NNN_M_N_txt00060_txt00061_10186.tif,train,0,txt00060
CASIA2/Tp/Tp_D_NNN_M_N_txt00060_txt00062_10183.tif,train,0,txt00060
CASIA2/Tp/Tp_D_NNN_M_N_txt00061_txt00062_10184.tif,train,1,txt00061
CASIA2/Tp/Tp_D_NNN_M_N_txt00062_txt00061_10185.tif,train,0,txt00062
CASIA2/Tp/Tp_D_NNN_M_N_txt00065_txt00066_10008.tif,val,4,cha00088
CASIA2/Tp/Tp_D_NNN_M_N_txt00066_txt00065_10121.tif,train,0,txt00066
CASIA2/Tp/Tp_D_NNN_M_N_txt00066_txt00065_10122.tif,train,0,txt00066
CASIA2/Tp/Tp_D_NNN_M_N_txt00068_txt00065_10123.tif,val,4,cha00088
CASIA2/Tp/Tp_D_NNN_M_N_txt10109_txt00097_10815.jpg,train,4,txt10109
CASIA2/Tp/Tp_D_NNN_M_O_ani00036_nat00083_10054.tif,test,-1,ani00036
CASIA2/Tp/Tp_D_NNN_M_O_arc00041_nat00097_00261.tif,val,2,arc00041
CASIA2/Tp/Tp_D_NNN_M_O_art00052_nat10122_11849.jpg,train,2,art00052
CASIA2/Tp/Tp_D_NNN_M_O_nat00033_ani00031_10078.tif,train,1,nat00033
CASIA2/Tp/Tp_D_NNN_M_O_sec00017_cha00085_10785.jpg,train,0,sec00017
CASIA2/Tp/Tp_D_NNN_M_O_sec00031_nat00062_00052.tif,train,4,sec00031
CASIA2/Tp/Tp_D_NNN_M_O_sec00039_nat00001_00060.tif,train,3,sec00039
CASIA2/Tp/Tp_D_NNN_M_O_sec20056_sec20042_01646.tif,train,4,sec20056
CASIA2/Tp/Tp_D_NNN_S_B_ani00055_ani00089_11137.jpg,val,3,ani00055
CASIA2/Tp/Tp_D_NNN_S_B_ani20056_ani20057_02099.tif,val,2,ani10180
CASIA2/Tp/Tp_D_NNN_S_B_arc00023_cha00023_20092.jpg,train,4,arc00023
CASIA2/Tp/Tp_D_NNN_S_B_arc00059_nat00059_11829.jpg,train,1,arc00059
CASIA2/Tp/Tp_D_NNN_S_B_arc20098_arc20030_02198.tif,train,1,arc20098
CASIA2/Tp/Tp_D_NNN_S_B_art00003_cha00028_01427.tif,train,2,art00003
CASIA2/Tp/Tp_D_NNN_S_B_art00032_nat00003_00510.tif,train,4,art00032
CASIA2/Tp/Tp_D_NNN_S_B_art00097_cha00047_01384.tif,train,3,art00097
CASIA2/Tp/Tp_D_NNN_S_B_art20029_art20034_02336.tif,train,2,art20029
CASIA2/Tp/Tp_D_NNN_S_B_art20064_nat20042_02325.tif,val,1,art20064
CASIA2/Tp/Tp_D_NNN_S_B_cha00022_arc00097_00342.tif,train,0,cha00022
CASIA2/Tp/Tp_D_NNN_S_B_cha00023_cha00022_00343.tif,train,4,cha00023
CASIA2/Tp/Tp_D_NNN_S_B_cha00029_pla00030_20105.tif,test,-1,cha00029
CASIA2/Tp/Tp_D_NNN_S_B_cha00081_cha00065_00401.tif,train,1,cha00081
CASIA2/Tp/Tp_D_NNN_S_B_cha00088_cha00063_00408.tif,val,4,cha00088
CASIA2/Tp/Tp_D_NNN_S_B_cha00088_txt00068_10182.tif,val,4,cha00088
CASIA2/Tp/Tp_D_NNN_S_B_cha00100_cha00020_00420.tif,train,4,cha00100
CASIA2/Tp/Tp_D_NNN_S_B_ind00057_ind00066_01346.tif,val,4,ind00057
CASIA2/Tp/Tp_D_NNN_S_B_ind00070_cha00089_00471.tif,train,1,ind00070
CASIA2/Tp/Tp_D_NNN_S_B_ind00079_ind00080_00477.tif,val,2,ind00079
CASIA2/Tp/Tp_D_NNN_S_B_nat00012_ani00031_00632.tif,train,4,nat00012
CASIA2/Tp/Tp_D_NNN_S_B_nat00013_cha00015_20050.jpg,train,4,nat00013
CASIA2/Tp/Tp_D_NNN_S_B_nat00019_nat00007_00637.tif,train,4,nat00019
CASIA2/Tp/Tp_D_NNN_S_B_nat00021_cha00063_00639.tif,train,4,nat00021
CASIA2/Tp/Tp_D_NNN_S_B_nat00023_nat00007_00641.tif,train,1,nat00023
CASIA2/Tp/Tp_D_NNN_S_B_nat00027_nat00030_11094.jpg,train,3,nat00027
CASIA2/Tp/Tp_D_NNN_S_B_nat00034_cha00096_00648.tif,test,-1,nat00034
CASIA2/Tp/Tp_D_NNN_S_B_nat00036_cha00097_00650.tif,train,3,nat00036
CASIA2/Tp/Tp_D_NNN_S_B_nat00036_cha00097_00699.tif,train,3,nat00036
CASIA2/Tp/Tp_D_NNN_S_B_nat00036_nat00034_20124.tif,train,3,nat00036
CASIA2/Tp/Tp_D_NNN_S_B_nat00038_nat00002_00652.tif,train,3,nat00038
CASIA2/Tp/Tp_D_NNN_S_B_nat00061_art00020_11442.jpg,train,3,nat00061
CASIA2/Tp/Tp_D_NNN_S_B_nat00079_nat00040_00676.tif,val,0,nat00079
CASIA2/Tp/Tp_D_NNN_S_B_nat00082_cha00096_00678.tif,train,0,nat00082
CASIA2/Tp/Tp_D_NNN_S_B_nat00089_nat00065_00696.tif,val,0,nat00089
CASIA2/Tp/Tp_D_NNN_S_B_nat20007_nat20011_02213.tif,train,1,nat20007
CASIA2/Tp/Tp_D_NNN_S_B_nat20037_nat20042_02240.tif,train,4,nat20037
CASIA2/Tp/Tp_D_NNN_S_B_pla00090_cha00028_00348.tif,train,3,pla00090
CASIA2/Tp/Tp_D_NNN_S_B_sec00011_cha00051_00371.tif,val,1,sec00011
CASIA2/Tp/Tp_D_NNN_S_B_sec00020_ind00020_20013.jpg,train,3,sec00020
CASIA2/Tp/Tp_D_NNN_S_B_sec00062_cha00023_00701.tif,test,-1,nat00083
CASIA2/Tp/Tp_D_NNN_S_B_sec00064_nat00095_00742.tif,train,1,sec00064
CASIA2/Tp/Tp_D_NNN_S_B_sec00072_sec00072_00727.tif,train,0,sec00072
CASIA2/Tp/Tp_D_NNN_S_B_sec00091_cha00085_00111.tif,train,2,sec00091
CASIA2/Tp/Tp_D_NNN_S_B_sec10001_arc00020_20006.jpg,train,0,sec10001
CASIA2/Tp/Tp_D_NNN_S_B_txt00068_cha00065_10178.tif,val,4,cha00088
CASIA2/Tp/Tp_D_NNN_S_N_ani00010_ani00017_10215.tif,train,0,ani00010
CASIA2/Tp/Tp_D_NNN_S_N_ani00016_ani00013_00136.tif,train,4,ani00016
CASIA2/Tp/Tp_D_NNN_S_N_ani00017_ani00010_10216.tif,test,-1,ani00017
CASIA2/Tp/Tp_D_NNN_S_N_ani10113_ani10112_11625.jpg,train,2,ani10113
CASIA2/Tp/Tp_D_NNN_S_N_ani10113_ani10114_11631.jpg,train,2,ani10113
CASIA2/Tp/Tp_D_NNN_S_N_ani10114_ani10112_11627.jpg,train,4,ani10114
CASIA2/Tp/Tp_D_NNN_S_N_ani10166_ani00070_12444.jpg,train,4,ani10166
CASIA2/Tp/Tp_D_NNN_S_N_ani10168_ani10196_12449.jpg,train,1,ani10168
CASIA2/Tp/Tp_D_NNN_S_N_ani10174_ani10173_12454.jpg,train,4,ani10174
CASIA2/Tp/Tp_D_NNN_S_N_ani10176_ani10175_12460.jpg,train,4,ani10176
CASIA2/Tp/Tp_D_NNN_S_N_ani10177_ani10179_12488.jpg,train,0,ani10177
CASIA2/Tp/Tp_D_NNN_S_N_ani10179_ani10175_12487.jpg,test,-1,ani10179
CASIA2/Tp/Tp_D_NNN_S_N_ani10181_ani10180_12427.jpg,train,4,ani10181
CASIA2/Tp/Tp_D_NNN_S_N_ani10191_ani10200_12436.jpg,test,-1,ani10191
CASIA2/Tp/Tp_D_NNN_S_N_ani10193_ani10195_12442.jpg,val,3,ani10193
CASIA2/Tp/Tp_D_NNN_S_N_ani10199_ani10200_12411.jpg,train,4,ani10199
CASIA2/Tp/Tp_D_NNN_S_N_ani10200_ani10199_12409.jpg,train,2,ani10200
CASIA2/Tp/Tp_D_NNN_S_N_ani10201_ani10200_12412.jpg,train,0,ani10201
CASIA2/Tp/Tp_D_NNN_S_N_ani10218_ani10219_12386.jpg,train,0,ani10218
CASIA2/Tp/Tp_D_NNN_S_N_ani20005_ani20001_02048.tif,train,3,ani10129
CASIA2/Tp/Tp_D_NNN_S_N_ani20016_ani20017_02059.tif,train,2,ani10140
CASIA2/Tp/Tp_D_NNN_S_N_ani20069_ani20070_02111.tif,val,3,ani10193
CASIA2/Tp/Tp_D_NNN_S_N_arc00017_ani00058_00237.tif,val,1,arc00017
CASIA2/Tp/Tp_D_NNN_S_N_arc00030_cha00023_00250.tif,train,4,arc00030
CASIA2/Tp/Tp_D_NNN_S_N_arc00047_arc00086_00267.tif,val,3,arc00047
CASIA2/Tp/Tp_D_NNN_S_N_arc00059_nat10122_11828.jpg,train,1,arc00059
CASIA2/Tp/Tp_D_NNN_S_N_arc00060_arc00062_11493.jpg,train,0,arc00060
CASIA2/Tp/Tp_D_NNN_S_N_arc00066_cha00096_00416.tif,train,3,arc00066
CASIA2/Tp/Tp_D_NNN_S_N_arc00071_ind00001_00421.tif,train,0,arc00071
CASIA2/Tp/Tp_D_NNN_S_N_arc00087_arc00087_00307.tif,val,4,arc00087
CASIA2/Tp/Tp_D_NNN_S_N_arc00092_arc00092_00312.tif,train,1,arc00092
CASIA2/Tp/Tp_D_NNN_S_N_arc20040_arc20041_01493.tif,train,2,arc20040
CASIA2/Tp/Tp_D_NNN_S_N_arc20042_arc20039_01495.tif,train,0,arc20042
CASIA2/Tp/Tp_D_NNN_S_N_arc20043_arc20039_01496.tif,train,0,arc20043
CASIA2/Tp/Tp_D_NNN_S_N_arc20087_arc20087_01727.tif,train,0,arc20087
CASIA2/Tp/Tp_D_NNN_S_N_art00006_ind00030_00498.tif,test,-1,art00006
CASIA2/Tp/Tp_D_NNN_S_N_art00013_art00014_11813.jpg,train,3,art00013
CASIA2/Tp/Tp_D_NNN_S_N_art00025_cha00050_01423.tif,train,1,art00025
CASIA2/Tp/Tp_D_NNN_S_N_art00033_cha00063_01421.tif,train,0,art00033
CASIA2/Tp/Tp_D_NNN_S_N_art00037_cha00040_01417.tif,val,1,art00037
CASIA2/Tp/Tp_D_NNN_S_N_art00045_cha00023_01409.tif,test,-1,art00045
CASIA2/Tp/Tp_D_NNN_S_N_art00045_cha00096_00519.tif,test,-1,art00045
CASIA2/Tp/Tp_D_NNN_S_N_art00057_ind00018_01403.tif,train,4,art00057
CASIA2/Tp/Tp_D_NNN_S_N_art00058_ani00031_01402.tif,train,3,art00058
CASIA2/Tp/Tp_D_NNN_S_N_art00058_cha00063_00525.tif,train,3,art00058
CASIA2/Tp/Tp_D_NNN_S_N_art00084_cha00026_01390.tif,train,3,art00084
CASIA2/Tp/Tp_D_NNN_S_N_art10111_ani00100_11620.jpg,test,-1,art10111
CASIA2/Tp/Tp_D_NNN_S_N_cha00010_cha00007_10167.tif,train,2,cha00004
CASIA2/Tp/Tp_D_NNN_S_N_cha00013_cha00010_10168.tif,train,4,cha00013
CASIA2/Tp/Tp_D_NNN_S_N_cha00045_cha00045_00365.tif,train,0,cha00045
CASIA2/Tp/Tp_D_NNN_S_N_cha00046_cha00046_00366.tif,train,2,cha00046
CASIA2/Tp/Tp_D_NNN_S_N_cha00054_cha00029_00374.tif,train,4,cha00054
CASIA2/Tp/Tp_D_NNN_S_N_cha00068_cha00006_00388.tif,train,0,cha00068
CASIA2/Tp/Tp_D_NNN_S_N_cha00075_ani00079_00395.tif,train,0,cha00075
CASIA2/Tp/Tp_D_NNN_S_N_cha00084_cha00084_00700.tif,val,4,cha00084
CASIA2/Tp/Tp_D_NNN_S_N_cha00087_ani00069_00407.tif,train,3,cha00087
CASIA2/Tp/Tp_D_NNN_S_N_cha00099_cha00100_00419.tif,train,4,cha00099
CASIA2/Tp/Tp_D_NNN_S_N_cha10134_pla00049_12203.jpg,val,2,cha10134
CASIA2/Tp/Tp_D_NNN_S_N_cha10176_cha10172_12285.jpg,train,0,cha10176
CASIA2/Tp/Tp_D_NNN_S_N_cha10187_cha10188_12307.jpg,val,4,cha10187
CASIA2/Tp/Tp_D_NNN_S_N_cha10195_cha10188_12321.jpg,train,4,cha10195
CASIA2/Tp/Tp_D_NNN_S_N_ind00002_cha00040_00422.tif,train,4,ind00002
CASIA2/Tp/Tp_D_NNN_S_N_ind00012_cha00020_00430.tif,train,0,art30119
CASIA2/Tp/Tp_D_NNN_S_N_ind00019_ind00020_00435.tif,train,1,ind00019
CASIA2/Tp/Tp_D_NNN_S_N_ind00031_ind00030_00446.tif,train,2,ind00031
CASIA2/Tp/Tp_D_NNN_S_N_ind00032_cha00020_00447.tif,train,4,ind00032
CASIA2/Tp/Tp_D_NNN_S_N_ind00053_cha00023_00459.tif,val,2,ind00053
CASIA2/Tp/Tp_D_NNN_S_N_ind00053_ind00020_01342.tif,val,2,ind00053
CASIA2/Tp/Tp_D_NNN_S_N_ind00060_ind00058_01349.tif,test,-1,ind00060
CASIA2/Tp/Tp_D_NNN_S_N_ind00062_ind00060_10702.jpg,val,4,ind00062
CASIA2/Tp/Tp_D_NNN_S_N_ind00067_ind00066_00469.tif,test,-1,ind00067
CASIA2/Tp/Tp_D_NNN_S_N_ind00070_ind00074_10930.jpg,train,1,ind00070
CASIA2/Tp/Tp_D_NNN_S_N_ind00074_ind00074_01361.tif,test,-1,ind00074
CASIA2/Tp/Tp_D_NNN_S_N_ind00080_ind00080_00478.tif,train,0,ind00080
CASIA2/Tp/Tp_D_NNN_S_N_ind00088_ind00066_00483.tif,train,1,ind00088
CASIA2/Tp/Tp_D_NNN_S_N_ind00093_cha00023_00487.tif,train,0,ind00093
CASIA2/Tp/Tp_D_NNN_S_N_ind00097_ind00098_10661.jpg,val,2,ani30794
CASIA2/Tp/Tp_D_NNN_S_N_ind20047_ind20049_01788.tif,train,1,ind20047
CASIA2/Tp/Tp_D_NNN_S_N_nat00003_cha00096_00623.tif,train,1,nat00003
CASIA2/Tp/Tp_D_NNN_S_N_nat00007_ani00021_00627.tif,val,1,nat00007
CASIA2/Tp/Tp_D_NNN_S_N_nat00010_cha00063_00630.tif,train,0,nat00010
CASIA2/Tp/Tp_D_NNN_S_N_nat00011_nat00011_11057.jpg,train,1,nat00011
CASIA2/Tp/Tp_D_NNN_S_N_nat00012_nat00012_11055.jpg,train,4,nat00012
CASIA2/Tp/Tp_D_NNN_S_N_nat00023_cha00030_11086.jpg,train,1,nat00023
CASIA2/Tp/Tp_D_NNN_S_N_nat00024_nat00027_11039.jpg,train,2,nat00024
CASIA2/Tp/Tp_D_NNN_S_N_nat00031_cha00097_00946.tif,train,1,nat00031
CASIA2/Tp/Tp_D_NNN_S_N_nat00035_cha00030_11085.jpg,train,4,nat00035
CASIA2/Tp/Tp_D_NNN_S_N_nat00040_nat00061_11434.jpg,val,2,nat00040
CASIA2/Tp/Tp_D_NNN_S_N_nat00041_art00020_11441.jpg,train,2,nat00041
CASIA2/Tp/Tp_D_NNN_S_N_nat00041_nat00061_11433.jpg,train,2,nat00041
CASIA2/Tp/Tp_D_NNN_S_N_nat00042_nat00034_00961.tif,train,2,nat00042
CASIA2/Tp/Tp_D_NNN_S_N_nat00052_cha00042_11083.jpg,val,0,nat00052
CASIA2/Tp/Tp_D_NNN_S_N_nat00052_nat00053_11081.jpg,val,0,nat00052
CASIA2/Tp/Tp_D_NNN_S_N_nat00059_nat00059_00666.tif,train,0,ani00010
CASIA2/Tp/Tp_D_NNN_S_N_nat00061_nat00061_00668.tif,train,3,nat00061
CASIA2/Tp/Tp_D_NNN_S_N_nat00063_cha00042_11113.jpg,train,4,nat00063
CASIA2/Tp/Tp_D_NNN_S_N_nat00086_nat00086_00681.tif,test,-1,nat00086
CASIA2/Tp/Tp_D_NNN_S_N_nat00090_ani00079_00682.tif,test,-1,nat00090
CASIA2/Tp/Tp_D_NNN_S_N_nat00091_ani00081_10513.tif,train,4,nat00091
CASIA2/Tp/Tp_D_NNN_S_N_nat00092_nat00092_00684.tif,train,1,nat00092
CASIA2/Tp/Tp_D_NNN_S_N_nat00095_nat10157_12050.jpg,train,0,ani00010
CASIA2/Tp/Tp_D_NNN_S_N_nat10159_nat10157_12049.jpg,test,-1,nat10159
CASIA2/Tp/Tp_D_NNN_S_N_nat10163_sec00097_12090.jpg,train,2,nat10163
CASIA2/Tp/Tp_D_NNN_S_N_nat20015_nat20018_01519.tif,train,3,nat20015
CASIA2/Tp/Tp_D_NNN_S_N_nat20016_nat20015_01520.tif,test,-1,nat20016
CASIA2/Tp/Tp_D_NNN_S_N_nat20018_nat20015_01522.tif,train,4,nat20018
CASIA2/Tp/Tp_D_NNN_S_N_nat20019_nat20015_02219.tif,train,2,nat20019
CASIA2/Tp/Tp_D_NNN_S_N_nat20022_nat20015_01526.tif,train,4,nat20022
CASIA2/Tp/Tp_D_NNN_S_N_nat20023_nat20015_01527.tif,train,0,nat20023
CASIA2/Tp/Tp_D_NNN_S_N_nat20024_nat20015_01528.tif,train,4,nat20024
CASIA2/Tp/Tp_D_NNN_S_N_nat20055_nat20054_01559.tif,val,2,nat20055
CASIA2/Tp/Tp_D_NNN_S_N_nat20082_nat20090_01586.tif,val,3,nat20082
CASIA2/Tp/Tp_D_NNN_S_N_nat20085_nat20090_01589.tif,train,1,nat20085
CASIA2/Tp/Tp_D_NNN_S_N_nat20092_nat20089_01596.tif,train,0,nat20092
CASIA2/Tp/Tp_D_NNN_S_N_pla00006_pla00006_00546.tif,train,4,pla00006
CASIA2/Tp/Tp_D_NNN_S_N_pla00015_pla00015_00554.tif,train,4,pla00015
CASIA2/Tp/Tp_D_NNN_S_N_pla00030_pla00028_10948.jpg,train,0,pla00030
CASIA2/Tp/Tp_D_NNN_S_N_pla00042_pla00043_10975.jpg,test,-1,pla00042
CASIA2/Tp/Tp_D_NNN_S_N_pla00044_pla00022_10973.jpg,train,4,pla00044
CASIA2/Tp/Tp_D_NNN_S_N_pla00063_pla00064_11223.jpg,train,3,pla00063
CASIA2/Tp/Tp_D_NNN_S_N_pla00066_pla00066_11218.jpg,train,4,pla00066
CASIA2/Tp/Tp_D_NNN_S_N_pla00073_pla00055_01178.tif,train,4,pla00073
CASIA2/Tp/Tp_D_NNN_S_N_pla00088_ani00100_00610.tif,train,4,pla00088
CASIA2/Tp/Tp_D_NNN_S_N_pla00090_ani00023_00612.tif,train,3,pla00090
CASIA2/Tp/Tp_D_NNN_S_N_pla00096_ani00031_00617.tif,test,-1,pla00096
CASIA2/Tp/Tp_D_NNN_S_N_pla10124_nat10122_11707.jpg,train,3,pla10124
CASIA2/Tp/Tp_D_NNN_S_N_pla10126_pla00020_12129.jpg,train,4,pla10126
CASIA2/Tp/Tp_D_NNN_S_N_pla10126_pla00049_12130.jpg,train,4,pla10126
CASIA2/Tp/Tp_D_NNN_S_N_pla20032_pla20033_02386.tif,train,2,pla20032
CASIA2/Tp/Tp_D_NNN_S_N_pla20033_pla20032_01933.tif,val,1,pla20033
CASIA2/Tp/Tp_D_NNN_S_N_sec00003_cha00023_00703.tif,train,1,sec00003
CASIA2/Tp/Tp_D_NNN_S_N_sec00007_sec00025_10773.jpg,train,2,sec00007
CASIA2/Tp/Tp_D_NNN_S_N_sec00011_cha00050_00370.tif,val,1,sec00011
CASIA2/Tp/Tp_D_NNN_S_N_sec00021_cha00020_20014.jpg,train,3,sec00021
CASIA2/Tp/Tp_D_NNN_S_N_sec00023_sec00022_10805.jpg,train,4,ind00015
CASIA2/Tp/Tp_D_NNN_S_N_sec00025_sec00026_10768.jpg,train,0,sec00025
CASIA2/Tp/Tp_D_NNN_S_N_sec00027_sec00026_10771.jpg,train,0,sec00027
CASIA2/Tp/Tp_D_NNN_S_N_sec00051_sec00055_11240.jpg,val,1,sec00051
CASIA2/Tp/Tp_D_NNN_S_N_sec00054_sec00055_00075.tif,train,1,sec00054
CASIA2/Tp/Tp_D_NNN_S_N_sec00063_sec00063_00743.tif,train,2,sec00063
CASIA2/Tp/Tp_D_NNN_S_N_sec00085_sec00085_00816.tif,test,-1,ani00085
CASIA2/Tp/Tp_D_NNN_S_N_sec00086_cha00023_00705.tif,train,0,sec00086
CASIA2/Tp/Tp_D_NNN_S_N_sec00093_sec00093_00756.tif,train,3,sec00093
CASIA2/Tp/Tp_D_NNN_S_N_sec00097_ani00079_00710.tif,train,4,sec00097
CASIA2/Tp/Tp_D_NNN_S_N_sec00098_sec00082_10364.tif,train,4,sec00098
CASIA2/Tp/Tp_D_NNN_S_N_sec10113_sec10106_10330.tif,train,0,sec10113
CASIA2/Tp/Tp_D_NNN_S_N_sec10113_sec10106_10331.tif,train,0,sec10113
CASIA2/Tp/Tp_D_NNN_S_N_sec20060_arc20022_02135.tif,train,3,sec20060
CASIA2/Tp/Tp_D_NNN_S_N_txt00027_txt00021_10842.jpg,train,2,txt00027
CASIA2/Tp/Tp_D_NNN_S_N_txt00042_txt00041_10827.jpg,train,1,txt00042
CASIA2/Tp/Tp_D_NNN_S_N_txt00085_txt00086_10821.jpg,test,-1,txt00085
CASIA2/Tp/Tp_D_NNN_S_N_txt00086_txt00085_10820.jpg,train,0,txt00086
CASIA2/Tp/Tp_D_NNN_S_N_txt00093_txt00095_01299.tif,test,-1,txt00093
CASIA2/Tp/Tp_D_NNN_S_O_arc00012_ani00001_00232.tif,train,2,arc00012
CASIA2/Tp/Tp_D_NNN_S_O_arc00062_arc00060_11494.jpg,val,0,arc00062
CASIA2/Tp/Tp_D_NNN_S_O_nat10146_pla00049_11993.jpg,train,4,nat10146
CASIA2/Tp/Tp_D_NNN_S_O_nat10148_nat10161_12120.jpg,train,0,nat10148
CASIA2/Tp/Tp_D_NNN_S_O_pla00056_pla00065_11225.jpg,test,-1,pla00056
CASIA2/Tp/Tp_D_NNN_S_O_pla00068_pla00065_11224.jpg,train,3,pla00068
CASIA2/Tp/Tp_D_NNN_S_O_pla10121_sec00097_11693.jpg,train,4,pla10121
CASIA2/Tp/Tp_D_NNN_S_O_pla20082_arc20003_01982.tif,val,2,pla20082
CASIA2/Tp/Tp_D_NNN_S_O_pla20092_arc20009_01992.tif,val,0,pla20092
CASIA2/Tp/Tp_D_NNN_S_O_sec20018_sec20023_01608.tif,train,3,sec20018
CASIA2/Tp/Tp_D_NNN_S_O_sec20058_sec20053_01648.tif,val,2,sec20058
CASIA2/Tp/Tp_D_NNN_S_O_sec20092_sec20085_01682.tif,train,3,sec20092
CASIA2/Tp/Tp_D_NRD_L_B_arc00028_ani00001_00248.tif,val,4,arc00028
CASIA2/Tp/Tp_D_NRD_L_B_arc20049_arc20049_02480.tif,train,0,arc20049
CASIA2/Tp/Tp_D_NRD_L_B_arc20050_arc20001_02477.tif,train,4,arc20050
CASIA2/Tp/Tp_D_NRD_L_B_arc20051_arc20001_02479.tif,train,2,arc20051
CASIA2/Tp/Tp_D_NRD_L_N_ani10110_art10101_10228.tif,train,4,ani10110
CASIA2/Tp/Tp_D_NRD_L_N_ani10110_art10104_10229.tif,train,4,ani10110
CASIA2/Tp/Tp_D_NRD_L_N_arc00096_nat00002_00316.tif,train,2,arc00096
CASIA2/Tp/Tp_D_NRD_L_N_art10104_ani10110_10230.tif,train,1,art10104
CASIA2/Tp/Tp_D_NRD_L_N_art10104_txt00005_10231.tif,train,1,art10104
CASIA2/Tp/Tp_D_NRD_L_N_txt00002_art10104_10232.tif,train,1,txt00002
CASIA2/Tp/Tp_D_NRD_M_B_arc20061_arc20061_02481.tif,train,0,arc20061
CASIA2/Tp/Tp_D_NRD_M_B_arc20062_arc20062_02482.tif,train,1,arc20062
CASIA2/Tp/Tp_D_NRD_M_B_arc20063_arc20001_02483.tif,val,3,arc20063
CASIA2/Tp/Tp_D_NRD_M_B_art00094_ani00058_01387.tif,train,0,art00094
CASIA2/Tp/Tp_D_NRD_M_B_sec20073_sec20080_02137.tif,train,4,sec20073
CASIA2/Tp/Tp_D_NRD_M_N_ani10004_ani10005_20101.jpg,train,2,ani10004
CASIA2/Tp/Tp_D_NRD_M_N_arc00004_nat00062_11177.jpg,train,0,arc00004
CASIA2/Tp/Tp_D_NRD_M_N_arc20052_arc20052_02478.tif,train,2,arc20052
CASIA2/Tp/Tp_D_NRD_M_N_art00098_art00077_11711.jpg,test,-1,art00098
CASIA2/Tp/Tp_D_NRD_M_N_art10018_art10017_20102.jpg,train,2,art10018
CASIA2/Tp/Tp_D_NRD_M_N_sec00057_nat00001_00078.tif,train,3,sec00057
CASIA2/Tp/Tp_D_NRD_M_N_sec20052_sec20052_02130.tif,train,4,sec20052
CASIA2/Tp/Tp_D_NRD_M_O_arc20060_arc20059_01700.tif,train,1,arc20060
CASIA2/Tp/Tp_D_NRD_M_O_sec20032_sec20032_01622.tif,test,-1,sec20032
CASIA2/Tp/Tp_D_NRD_M_O_sec20087_sec20042_01677.tif,train,0,sec20087
CASIA2/Tp/Tp_D_NRD_M_O_sec20091_sec20085_01681.tif,train,1,sec20091
CASIA2/Tp/Tp_D_NRD_S_B_ani20002_nat20042_02437.tif,train,1,ani10126
CASIA2/Tp/Tp_D_NRD_S_B_ani20039_nat20042_02443.tif,train,2,ani10163
CASIA2/Tp/Tp_D_NRD_S_B_arc00031_cha00027_00251.tif,train,1,arc00031
CASIA2/Tp/Tp_D_NRD_S_B_arc00096_arc00045_11798.jpg,train,2,arc00096
CASIA2/Tp/Tp_D_NRD_S_B_arc20016_arc20016_02199.tif,val,1,arc20016
CASIA2/Tp/Tp_D_NRD_S_B_arc20047_nat20042_02476.tif,train,2,arc20047
CASIA2/Tp/Tp_D_NRD_S_B_arc20100_arc20100_02185.tif,test,-1,arc20100
CASIA2/Tp/Tp_D_NRD_S_B_art00091_ind00098_01389.tif,train,2,art00091
CASIA2/Tp/Tp_D_NRD_S_B_art20007_arc20009_01813.tif,train,4,art20007
CASIA2/Tp/Tp_D_NRD_S_B_ind00055_ind00055_01344.tif,train,1,ind00055
CASIA2/Tp/Tp_D_NRD_S_B_nat20029_nat20012_02229.tif,train,0,nat20029
CASIA2/Tp/Tp_D_NRD_S_B_nat20039_arc20055_02239.tif,test,-1,nat20039
CASIA2/Tp/Tp_D_NRD_S_B_sec00010_cha00071_00030.tif,test,-1,sec00010
CASIA2/Tp/Tp_D_NRD_S_B_sec00016_cha00055_00037.tif,train,2,sec00016
CASIA2/Tp/Tp_D_NRD_S_B_sec20094_arc20064_02444.tif,train,1,sec20094
CASIA2/Tp/Tp_D_NRD_S_N_ani00026_cha00047_00146.tif,test,-1,ani00026
CASIA2/Tp/Tp_D_NRD_S_N_ani00041_ani00040_00161.tif,train,1,ani00041
CASIA2/Tp/Tp_D_NRD_S_N_ani00078_ani00077_00198.tif,test,-1,ani00078
CASIA2/Tp/Tp_D_NRD_S_N_arc00015_arc00045_11756.jpg,val,0,arc00015
CASIA2/Tp/Tp_D_NRD_S_N_arc00020_sec00045_11701.jpg,test,-1,arc00020
CASIA2/Tp/Tp_D_NRD_S_N_arc00025_cha00001_00245.tif,train,2,arc00025
CASIA2/Tp/Tp_D_NRD_S_N_arc00071_ani00064_00291.tif,train,0,arc00071
CASIA2/Tp/Tp_D_NRD_S_N_art00005_art00076_11791.jpg,train,4,art00005
CASIA2/Tp/Tp_D_NRD_S_N_art00031_ani00058_00509.tif,train,3,art00031
CASIA2/Tp/Tp_D_NRD_S_N_art00054_cha00026_01405.tif,test,-1,art00054
CASIA2/Tp/Tp_D_NRD_S_N_art00070_art00092_11822.jpg,train,0,art00070
CASIA2/Tp/Tp_D_NRD_S_N_art00076_art00076_11709.jpg,train,3,art00076
CASIA2/Tp/Tp_D_NRD_S_N_art00082_ani00098_01392.tif,test,-1,art00082
CASIA2/Tp/Tp_D_NRD_S_N_art10014_art10011_20095.jpg,train,2,art10014
CASIA2/Tp/Tp_D_NRD_S_N_cha00006_cha00005_00326.tif,train,0,cha00006
CASIA2/Tp/Tp_D_NRD_S_N_cha00015_cha00015_11154.jpg,train,3,cha00015
CASIA2/Tp/Tp_D_NRD_S_N_cha00021_cha00020_00341.tif,val,2,cha00021
CASIA2/Tp/Tp_D_NRD_S_N_cha00091_ani00058_00411.tif,train,4,cha00091
CASIA2/Tp/Tp_D_NRD_S_N_cha00097_ani00077_00417.tif,train,2,cha00097
CASIA2/Tp/Tp_D_NRD_S_N_cha10002_cha10001_20094.jpg,train,0,cha10002
CASIA2/Tp/Tp_D_NRD_S_N_cha10107_cha10106_11119.jpg,train,1,cha10107
CASIA2/Tp/Tp_D_NRD_S_N_cha10107_ind10101_11187.jpg,train,1,cha10107
CASIA2/Tp/Tp_D_NRD_S_N_cha10146_cha10144_12232.jpg,train,3,cha10146
CASIA2/Tp/Tp_D_NRD_S_N_cha20017_ani20036_02016.tif,val,2,cha10130
CASIA2/Tp/Tp_D_NRD_S_N_ind00030_ind00031_01323.tif,train,1,ind00030
CASIA2/Tp/Tp_D_NRD_S_N_ind00050_ind00017_00457.tif,train,4,ind00050
CASIA2/Tp/Tp_D_NRD_S_N_ind00068_ind00084_10944.jpg,val,3,ind00068
CASIA2/Tp/Tp_D_NRD_S_N_nat00006_cha00096_00626.tif,test,-1,nat00006
CASIA2/Tp/Tp_D_NRD_S_N_pla00095_cha00029_00349.tif,train,2,pla00095
CASIA2/Tp/Tp_D_NRD_S_N_sec00001_cha00042_00001.tif,test,-1,sec00001
CASIA2/Tp/Tp_D_NRD_S_N_sec00007_art00002_00027.tif,train,2,sec00007
CASIA2/Tp/Tp_D_NRD_S_N_sec00011_sec00016_00031.tif,val,1,sec00011
CASIA2/Tp/Tp_D_NRD_S_N_sec00018_cha00063_00039.tif,train,3,sec00018
CASIA2/Tp/Tp_D_NRD_S_N_sec00025_sec00098_00046.tif,train,0,sec00025
CASIA2/Tp/Tp_D_NRD_S_N_sec00060_cha00028_00081.tif,val,0,sec00060
CASIA2/Tp/Tp_D_NRD_S_N_sec00067_cha00030_00088.tif,test,-1,sec00067
CASIA2/Tp/Tp_D_NRD_S_N_sec00078_sec00080_00099.tif,train,4,sec00078
CASIA2/Tp/Tp_D_NRD_S_O_nat20021_nat20001_01525.tif,train,2,nat20021
CASIA2/Tp/Tp_D_NRN_L_N_ani10108_ani10109_10227.tif,train,4,ani10108
CASIA2/Tp/Tp_D_NRN_L_N_ani10109_ani10108_10226.tif,train,1,ani10109
CASIA2/Tp/Tp_D_NRN_L_N_cha00097_cha00085_10173.tif,train,2,cha00097
CASIA2/Tp/Tp_D_NRN_L_N_nat00062_nat00059_11108.jpg,train,0,ani00010
CASIA2/Tp/Tp_D_NRN_L_O_sec00043_cha00097_00064.tif,test,-1,cha30686
CASIA2/Tp/Tp_D_NRN_M_B_ani00019_nat00013_11867.jpg,train,3,ani00019
CASIA2/Tp/Tp_D_NRN_M_B_ani10114_ani00100_11637.jpg,train,4,ani10114
CASIA2/Tp/Tp_D_NRN_M_B_arc00008_art00049_11770.jpg,train,4,arc00008
CASIA2/Tp/Tp_D_NRN_M_B_arc00022_arc00023_10060.tif,train,1,arc00022
CASIA2/Tp/Tp_D_NRN_M_B_arc00030_cha00028_20106.jpg,train,4,arc00030
CASIA2/Tp/Tp_D_NRN_M_B_arc00054_arc00023_11921.jpg,train,3,arc00054
CASIA2/Tp/Tp_D_NRN_M_B_arc00076_arc00069_11190.jpg,train,1,arc00076
CASIA2/Tp/Tp_D_NRN_M_B_arc00076_nat00086_11193.jpg,train,1,arc00076
CASIA2/Tp/Tp_D_NRN_M_B_arc00091_nat00097_11202.jpg,val,0,arc00091
CASIA2/Tp/Tp_D_NRN_M_B_arc00092_nat00097_11205.jpg,train,1,arc00092
CASIA2/Tp/Tp_D_NRN_M_B_arc00094_nat00097_11203.jpg,val,3,arc00094
CASIA2/Tp/Tp_D_NRN_M_B_art00012_art00011_11837.jpg,train,2,art00012
CASIA2/Tp/Tp_D_NRN_M_B_art00014_art00011_11835.jpg,test,-1,art00014
CASIA2/Tp/Tp_D_NRN_M_B_art00034_nat00013_11869.jpg,train,0,art00034
CASIA2/Tp/Tp_D_NRN_M_B_art00045_pla00078_10746.jpg,test,-1,art00045
CASIA2/Tp/Tp_D_NRN_M_B_art00045_pla00088_10745.jpg,test,-1,art00045
CASIA2/Tp/Tp_D_NRN_M_B_art10108_art10107_11580.jpg,train,4,art10108
CASIA2/Tp/Tp_D_NRN_M_B_art10114_pla00050_11598.jpg,train,1,art10114
CASIA2/Tp/Tp_D_NRN_M_B_cha00097_art00021_11420.jpg,train,2,cha00097
CASIA2/Tp/Tp_D_NRN_M_B_cha10111_cha10113_11545.jpg,train,0,cha10111
CASIA2/Tp/Tp_D_NRN_M_B_cha10142_nat00097_12239.jpg,test,-1,cha10142
CASIA2/Tp/Tp_D_NRN_M_B_cha10162_nat10142_12254.jpg,train,2,cha10162
CASIA2/Tp/Tp_D_NRN_M_B_cha10170_nat10140_12293.jpg,train,4,cha10170
CASIA2/Tp/Tp_D_NRN_M_B_ind00028_pla00029_20107.jpg,train,2,ind00028
CASIA2/Tp/Tp_D_NRN_M_B_ind00053_cha00062_11379.jpg,val,2,ind00053
CASIA2/Tp/Tp_D_NRN_M_B_ind00053_cha00063_11390.jpg,val,2,ind00053
CASIA2/Tp/Tp_D_NRN_M_B_ind00053_cha00070_11480.jpg,val,2,ind00053
CASIA2/Tp/Tp_D_NRN_M_B_nat00001_art00021_11421.jpg,test,-1,nat00001
CASIA2/Tp/Tp_D_NRN_M_B_nat00008_art00021_11424.jpg,train,2,nat00008
CASIA2/Tp/Tp_D_NRN_M_B_nat00038_cha00072_11459.jpg,train,3,nat00038
CASIA2/Tp/Tp_D_NRN_M_B_nat00041_arc00065_11444.jpg,train,2,nat00041
CASIA2/Tp/Tp_D_NRN_M_B_nat00041_art00096_11443.jpg,train,2,nat00041
CASIA2/Tp/Tp_D_NRN_M_B_nat00044_art00021_11431.jpg,train,4,nat00044
CASIA2/Tp/Tp_D_NRN_M_B_nat00063_arc00065_11446.jpg,train,4,nat00063
CASIA2/Tp/Tp_D_NRN_M_B_nat00088_nat00099_11111.jpg,train,1,nat00088
CASIA2/Tp/Tp_D_NRN_M_B_nat00098_arc00065_11449.jpg,val,1,nat00098
CASIA2/Tp/Tp_D_NRN_M_B_nat00098_nat00095_11464.jpg,val,1,nat00098
CASIA2/Tp/Tp_D_NRN_M_B_nat10122_nat00059_11334.jpg,train,0,ani00010
CASIA2/Tp/Tp_D_NRN_M_B_nat10122_nat00062_11335.jpg,train,0,ani00010
CASIA2/Tp/Tp_D_NRN_M_B_nat10123_nat00059_11333.jpg,val,1,nat10123
CASIA2/Tp/Tp_D_NRN_M_B_nat10123_nat00062_11332.jpg,val,1,nat10123
CASIA2/Tp/Tp_D_NRN_M_B_nat10128_nat00062_11540.jpg,train,4,nat10128
CASIA2/Tp/Tp_D_NRN_M_B_nat10128_nat00097_11542.jpg,train,4,nat10128
CASIA2/Tp/Tp_D_NRN_M_B_nat10136_arc00054_11919.jpg,train,4,nat10136
CASIA2/Tp/Tp_D_NRN_M_B_nat10139_nat10124_11945.jpg,val,3,nat10139
CASIA2/Tp/Tp_D_NRN_M_B_nat10148_nat10160_12123.jpg,train,0,nat10148
CASIA2/Tp/Tp_D_NRN_M_B_nat10154_nat10159_12077.jpg,test,-1,nat10154
CASIA2/Tp/Tp_D_NRN_M_B_nat10155_nat10164_12115.jpg,train,0,nat10155
CASIA2/Tp/Tp_D_NRN_M_B_pla00030_cha00029_20108.jpg,train,0,pla00030
CASIA2/Tp/Tp_D_NRN_M_B_sec00002_nat00062_11397.jpg,test,-1,sec00002
CASIA2/Tp/Tp_D_NRN_M_B_sec00002_nat10123_11396.jpg,test,-1,sec00002
CASIA2/Tp/Tp_D_NRN_M_B_sec00020_cha00095_00041.tif,train,3,sec00020
CASIA2/Tp/Tp_D_NRN_M_B_sec00030_pla00028_20109.jpg,train,3,sec00030
CASIA2/Tp/Tp_D_NRN_M_B_sec00085_art00025_11457.jpg,test,-1,ani00085
CASIA2/Tp/Tp_D_NRN_M_B_sec00085_cha00072_11458.jpg,test,-1,ani00085
CASIA2/Tp/Tp_D_NRN_M_B_sec00095_txt00068_10134.tif,train,4,sec00095
CASIA2/Tp/Tp_D_NRN_M_B_sec20053_arc20001_02131.tif,val,3,sec20053
CASIA2/Tp/Tp_D_NRN_M_B_txt00030_ani00030_20110.jpg,test,-1,txt00030
CASIA2/Tp/Tp_D_NRN_M_N_ani00019_nat10122_11866.jpg,train,3,ani00019
CASIA2/Tp/Tp_D_NRN_M_N_ani00021_ani00020_10212.tif,train,3,ani00021
CASIA2/Tp/Tp_D_NRN_M_N_ani00023_ani00020_10213.tif,train,0,ani00023
CASIA2/Tp/Tp_D_NRN_M_N_ani00038_ani00037_10037.tif,train,1,ani00038
CASIA2/Tp/Tp_D_NRN_M_N_ani00042_ani00043_11139.jpg,train,4,ani00042
CASIA2/Tp/Tp_D_NRN_M_N_ani00043_ani00044_11142.jpg,test,-1,ani00043
CASIA2/Tp/Tp_D_NRN_M_N_ani00044_ani00043_11141.jpg,train,4,ani00044
CASIA2/Tp/Tp_D_NRN_M_N_ani00045_ani00043_11140.jpg,val,3,ani00045
CASIA2/Tp/Tp_D_NRN_M_N_ani00046_ani00059_11143.jpg,train,3,ani00046
CASIA2/Tp/Tp_D_NRN_M_N_ani00046_ani00096_11136.jpg,train,3,ani00046
CASIA2/Tp/Tp_D_NRN_M_N_ani00048_ani00037_10038.tif,train,4,ani00048
CASIA2/Tp/Tp_D_NRN_M_N_ani00057_ani00019_11861.jpg,train,0,ani00057
CASIA2/Tp/Tp_D_NRN_M_N_ani00083_ani00083_10040.tif,train,3,ani00083
CASIA2/Tp/Tp_D_NRN_M_N_ani00095_ani00096_11135.jpg,train,3,ani00095
CASIA2/Tp/Tp_D_NRN_M_N_ani00099_ani00081_10140.tif,train,4,ani00099
CASIA2/Tp/Tp_D_NRN_M_N_ani00099_ani00100_10145.tif,train,4,ani00099
CASIA2/Tp/Tp_D_NRN_M_N_ani10112_ani00100_11628.jpg,train,4,ani10112
CASIA2/Tp/Tp_D_NRN_M_N_ani10113_ani00100_11626.jpg,train,2,ani10113
CASIA2/Tp/Tp_D_NRN_M_N_ani10118_ani10123_11621.jpg,train,1,ani10118
CASIA2/Tp/Tp_D_NRN_M_N_ani10144_nat10131_12473.jpg,test,-1,ani10144
CASIA2/Tp/Tp_D_NRN_M_N_ani10144_nat10156_12472.jpg,test,-1,ani10144
CASIA2/Tp/Tp_D_NRN_M_N_ani10216_ani10215_12387.jpg,train,0,ani10216
CASIA2/Tp/Tp_D_NRN_M_N_ani10219_ani10215_12384.jpg,test,-1,ani10219
CASIA2/Tp/Tp_D_NRN_M_N_arc00004_nat00062_11176.jpg,train,0,arc00004
CASIA2/Tp/Tp_D_NRN_M_N_arc00008_nat00095_11771.jpg,train,4,arc00008
CASIA2/Tp/Tp_D_NRN_M_N_arc00023_nat00099_10061.tif,train,4,arc00023
CASIA2/Tp/Tp_D_NRN_M_N_arc00037_ani00005_10141.tif,train,0,arc00037
CASIA2/Tp/Tp_D_NRN_M_N_arc00054_nat00013_11932.jpg,train,3,arc00054
CASIA2/Tp/Tp_D_NRN_M_N_arc00054_nat00095_11933.jpg,train,3,arc00054
CASIA2/Tp/Tp_D_NRN_M_N_arc00054_nat10124_11931.jpg,train,3,arc00054
CASIA2/Tp/Tp_D_NRN_M_N_arc00065_cha00072_11460.jpg,train,0,arc00065
CASIA2/Tp/Tp_D_NRN_M_N_arc00065_nat10123_11452.jpg,train,0,arc00065
CASIA2/Tp/Tp_D_NRN_M_N_arc00096_nat00013_11800.jpg,train,2,arc00096
CASIA2/Tp/Tp_D_NRN_M_N_arc10118_arc10117_10761.jpg,train,4,arc10118
CASIA2/Tp/Tp_D_NRN_M_N_arc10120_nat00060_12143.jpg,train,2,arc10120
CASIA2/Tp/Tp_D_NRN_M_N_arc10120_nat10132_12142.jpg,train,2,arc10120
CASIA2/Tp/Tp_D_NRN_M_N_arc10126_arc10125_11889.jpg,train,4,arc10126
CASIA2/Tp/Tp_D_NRN_M_N_arc10130_arc10125_11899.jpg,train,1,arc10130
CASIA2/Tp/Tp_D_NRN_M_N_art00010_art00011_11834.jpg,train,0,art00010
CASIA2/Tp/Tp_D_NRN_M_N_art00011_art00010_11831.jpg,train,4,art00011
CASIA2/Tp/Tp_D_NRN_M_N_art00012_art00010_11832.jpg,train,2,art00012
CASIA2/Tp/Tp_D_NRN_M_N_art00012_art00014_11815.jpg,train,2,art00012
CASIA2/Tp/Tp_D_NRN_M_N_art00013_art00010_11830.jpg,train,3,art00013
CASIA2/Tp/Tp_D_NRN_M_N_art00013_art00011_11838.jpg,train,3,art00013
CASIA2/Tp/Tp_D_NRN_M_N_art00013_art00014_10271.tif,train,3,art00013
CASIA2/Tp/Tp_D_NRN_M_N_art00014_art00010_11833.jpg,test,-1,art00014
CASIA2/Tp/Tp_D_NRN_M_N_art00014_art00013_10270.tif,test,-1,art00014
CASIA2/Tp/Tp_D_NRN_M_N_art00025_cha00027_11682.jpg,train,1,art00025
CASIA2/Tp/Tp_D_NRN_M_N_art00025_cha00028_11683.jpg,train,1,art00025
CASIA2/Tp/Tp_D_NRN_M_N_art00025_cha00029_11680.jpg,train,1,art00025
CASIA2/Tp/Tp_D_NRN_M_N_art00034_nat00095_11870.jpg,train,0,art00034
CASIA2/Tp/Tp_D_NRN_M_N_art00034_nat10122_11872.jpg,train,0,art00034
CASIA2/Tp/Tp_D_NRN_M_N_art00049_nat00059_11759.jpg,train,0,art00049
CASIA2/Tp/Tp_D_NRN_M_N_art00052_art00065_10020.tif,train,2,art00052
CASIA2/Tp/Tp_D_NRN_M_N_art00052_art00098_10181.tif,train,2,art00052
CASIA2/Tp/Tp_D_NRN_M_N_art00077_art00098_11710.jpg,train,1,art00077
CASIA2/Tp/Tp_D_NRN_M_N_art00098_art00062_10518.tif,test,-1,art00098
CASIA2/Tp/Tp_D_NRN_M_N_art00098_sec10101_10345.tif,test,-1,art00098
CASIA2/Tp/Tp_D_NRN_M_N_art00099_cha00026_11761.jpg,train,2,art00099
CASIA2/Tp/Tp_D_NRN_M_N_art00099_cha00028_11762.jpg,train,2,art00099
CASIA2/Tp/Tp_D_NRN_M_N_art00099_cha00062_11724.jpg,train,2,art00099
CASIA2/Tp/Tp_D_NRN_M_N_art00099_cha00070_11718.jpg,train,2,art00099
CASIA2/Tp/Tp_D_NRN_M_N_art10105_cha00062_11601.jpg,train,0,art10105
CASIA2/Tp/Tp_D_NRN_M_N_art10105_cha10110_11594.jpg,train,0,art10105
CASIA2/Tp/Tp_D_NRN_M_N_art10107_art10108_11579.jpg,train,4,art10107
CASIA2/Tp/Tp_D_NRN_M_N_art10107_cha00027_11667.jpg,train,4,art10107
CASIA2/Tp/Tp_D_NRN_M_N_art10107_cha00040_11664.jpg,train,4,art10107
CASIA2/Tp/Tp_D_NRN_M_N_art10107_cha00067_11583.jpg,train,4,art10107
CASIA2/Tp/Tp_D_NRN_M_N_art10107_cha00070_11581.jpg,train,4,art10107
CASIA2/Tp/Tp_D_NRN_M_N_art10108_cha00062_11576.jpg,train,4,art10108
CASIA2/Tp/Tp_D_NRN_M_N_art10108_cha00070_11578.jpg,train,4,art10108
CASIA2/Tp/Tp_D_NRN_M_N_art10108_cha10110_11575.jpg,train,4,art10108
CASIA2/Tp/Tp_D_NRN_M_N_art10110_cha00062_11645.jpg,train,2,art10110
CASIA2/Tp/Tp_D_NRN_M_N_art10110_cha00063_11646.jpg,train,2,art10110
CASIA2/Tp/Tp_D_NRN_M_N_art10110_cha00070_11567.jpg,train,2,art10110
CASIA2/Tp/Tp_D_NRN_M_N_art10110_cha10110_11566.jpg,train,2,art10110
CASIA2/Tp/Tp_D_NRN_M_N_art10113_cha10110_11561.jpg,train,3,art10113
CASIA2/Tp/Tp_D_NRN_M_N_art10115_cha00063_11528.jpg,val,1,art10115
CASIA2/Tp/Tp_D_NRN_M_N_art10115_cha00067_11527.jpg,val,1,art10115
CASIA2/Tp/Tp_D_NRN_M_N_art10115_cha10110_11536.jpg,val,1,art10115
CASIA2/Tp/Tp_D_NRN_M_N_cha00001_cha00031_11384.jpg,train,3,cha00001
CASIA2/Tp/Tp_D_NRN_M_N_cha00001_cha00062_11377.jpg,train,3,cha00001
CASIA2/Tp/Tp_D_NRN_M_N_cha00001_cha00070_11466.jpg,train,3,cha00001
CASIA2/Tp/Tp_D_NRN_M_N_cha00016_cha00014_11155.jpg,train,0,cha00016
CASIA2/Tp/Tp_D_NRN_M_N_cha00024_cha00085_10322.tif,train,3,cha00024
CASIA2/Tp/Tp_D_NRN_M_N_cha00024_nat00099_10323.tif,train,3,cha00024
CASIA2/Tp/Tp_D_NRN_M_N_cha00024_txt00098_10324.tif,train,3,cha00024
CASIA2/Tp/Tp_D_NRN_M_N_cha00027_cha00028_11785.jpg,val,2,cha00027
CASIA2/Tp/Tp_D_NRN_M_N_cha00028_cha00026_11788.jpg,test,-1,cha00028
CASIA2/Tp/Tp_D_NRN_M_N_cha00031_pla00050_11388.jpg,train,4,cha00031
CASIA2/Tp/Tp_D_NRN_M_N_cha00033_cha00033_11015.jpg,train,4,cha00033
CASIA2/Tp/Tp_D_NRN_M_N_cha00048_cha00063_10302.tif,val,3,cha00048
CASIA2/Tp/Tp_D_NRN_M_N_cha00050_cha00028_11786.jpg,train,1,cha00050
CASIA2/Tp/Tp_D_NRN_M_N_cha00050_cha00063_10301.tif,train,1,cha00050
CASIA2/Tp/Tp_D_NRN_M_N_cha00054_cha00067_11723.jpg,train,4,cha00054
CASIA2/Tp/Tp_D_NRN_M_N_cha00071_cha00086_11729.jpg,train,2,cha00071
CASIA2/Tp/Tp_D_NRN_M_N_cha00094_ani10101_10047.tif,train,0,cha00094
CASIA2/Tp/Tp_D_NRN_M_N_cha00094_cha00070_11508.jpg,train,0,cha00094
CASIA2/Tp/Tp_D_NRN_M_N_cha00100_ind00002_10051.tif,train,4,cha00100
CASIA2/Tp/Tp_D_NRN_M_N_cha10112_cha00063_11653.jpg,train,1,cha10112
CASIA2/Tp/Tp_D_NRN_M_N_cha10112_cha00067_11654.jpg,train,1,cha10112
CASIA2/Tp/Tp_D_NRN_M_N_cha10112_cha10110_11546.jpg,train,1,cha10112
CASIA2/Tp/Tp_D_NRN_M_N_cha10122_nat10124_12156.jpg,train,3,cha10117
CASIA2/Tp/Tp_D_NRN_M_N_cha10122_nat10139_12158.jpg,train,3,cha10117
CASIA2/Tp/Tp_D_NRN_M_N_cha10122_nat10144_12155.jpg,train,3,cha10117
CASIA2/Tp/Tp_D_NRN_M_N_cha10123_nat10124_12192.jpg,train,2,cha10123
CASIA2/Tp/Tp_D_NRN_M_N_cha10123_nat10139_12193.jpg,train,2,cha10123
CASIA2/Tp/Tp_D_NRN_M_N_cha10130_cha00067_12188.jpg,val,2,cha10130
CASIA2/Tp/Tp_D_NRN_M_N_cha10133_cha00062_12214.jpg,train,1,cha10133
CASIA2/Tp/Tp_D_NRN_M_N_cha10133_cha00070_12213.jpg,train,1,cha10133
CASIA2/Tp/Tp_D_NRN_M_N_cha10136_cha00086_12207.jpg,train,4,cha10136
CASIA2/Tp/Tp_D_NRN_M_N_cha10138_cha00067_12204.jpg,train,0,cha10138
CASIA2/Tp/Tp_D_NRN_M_N_cha10141_cha10142_12236.jpg,train,3,cha10141
CASIA2/Tp/Tp_D_NRN_M_N_cha10142_cha10141_12233.jpg,test,-1,cha10142
CASIA2/Tp/Tp_D_NRN_M_N_cha10142_nat10123_12237.jpg,test,-1,cha10142
CASIA2/Tp/Tp_D_NRN_M_N_cha10142_nat10139_12238.jpg,test,-1,cha10142
CASIA2/Tp/Tp_D_NRN_M_N_cha10162_cha00067_12251.jpg,train,2,cha10162
CASIA2/Tp/Tp_D_NRN_M_N_cha10162_nat00097_12252.jpg,train,2,cha10162
CASIA2/Tp/Tp_D_NRN_M_N_cha10168_cha10180_12302.jpg,test,-1,cha10168
CASIA2/Tp/Tp_D_NRN_M_N_cha10168_nat10123_12303.jpg,test,-1,cha10168
CASIA2/Tp/Tp_D_NRN_M_N_cha10170_nat10123_12291.jpg,train,4,cha10170
CASIA2/Tp/Tp_D_NRN_M_N_cha10170_nat10169_12292.jpg,train,4,cha10170
CASIA2/Tp/Tp_D_NRN_M_N_cha10173_cha00070_12276.jpg,train,0,cha10173
CASIA2/Tp/Tp_D_NRN_M_N_cha10173_cha10174_12275.jpg,train,0,cha10173
CASIA2/Tp/Tp_D_NRN_M_N_cha10175_cha10174_12279.jpg,val,3,cha10175
CASIA2/Tp/Tp_D_NRN_M_N_cha10198_nat10148_12363.jpg,train,3,cha10198
CASIA2/Tp/Tp_D_NRN_M_N_cha10207_cha10208_12339.jpg,val,3,cha10207
CASIA2/Tp/Tp_D_NRN_M_N_cha10210_cha10208_12337.jpg,train,0,cha10210
CASIA2/Tp/Tp_D_NRN_M_N_ind00014_ind00055_10910.jpg,val,1,ind00014
CASIA2/Tp/Tp_D_NRN_M_N_ind00040_cha00036_11778.jpg,train,4,ind00040
CASIA2/Tp/Tp_D_NRN_M_N_ind00053_cha00036_11777.jpg,val,2,ind00053
CASIA2/Tp/Tp_D_NRN_M_N_ind00053_cha00062_11378.jpg,val,2,ind00053
CASIA2/Tp/Tp_D_NRN_M_N_ind00055_cha00036_11779.jpg,train,1,ind00055
CASIA2/Tp/Tp_D_NRN_M_N_ind00082_cha00040_11755.jpg,train,1,cha00034
CASIA2/Tp/Tp_D_NRN_M_N_ind00084_cha00036_11752.jpg,train,1,ind00084
CASIA2/Tp/Tp_D_NRN_M_N_ind00084_cha00063_11753.jpg,train,1,ind00084
CASIA2/Tp/Tp_D_NRN_M_N_ind00100_cha00070_11394.jpg,train,3,ind00100
CASIA2/Tp/Tp_D_NRN_M_N_ind10102_cha00070_11549.jpg,train,0,ind10102
CASIA2/Tp/Tp_D_NRN_M_N_ind10102_cha10110_11548.jpg,train,0,ind10102
CASIA2/Tp/Tp_D_NRN_M_N_ind10102_cha10112_11547.jpg,train,0,ind10102
CASIA2/Tp/Tp_D_NRN_M_N_ind10103_cha10110_11553.jpg,test,-1,ind10103
CASIA2/Tp/Tp_D_NRN_M_N_ind10103_pla00050_11558.jpg,test,-1,ind10103
CASIA2/Tp/Tp_D_NRN_M_N_nat00002_cha00062_11516.jpg,train,0,ani00010
CASIA2/Tp/Tp_D_NRN_M_N_nat00002_nat00059_11513.jpg,train,0,ani00010
CASIA2/Tp/Tp_D_NRN_M_N_nat00002_nat00062_11512.jpg,train,0,ani00010
CASIA2/Tp/Tp_D_NRN_M_N_nat00008_cha00072_11465.jpg,train,2,nat00008
CASIA2/Tp/Tp_D_NRN_M_N_nat00011_nat00012_11056.jpg,train,1,nat00011
CASIA2/Tp/Tp_D_NRN_M_N_nat00012_nat00013_11054.jpg,train,4,nat00012
CASIA2/Tp/Tp_D_NRN_M_N_nat00013_cha00070_11393.jpg,train,4,nat00013
CASIA2/Tp/Tp_D_NRN_M_N_nat00014_nat00028_11038.jpg,train,1,nat00014
CASIA2/Tp/Tp_D_NRN_M_N_nat00025_nat00028_11037.jpg,test,-1,nat00025
CASIA2/Tp/Tp_D_NRN_M_N_nat00028_nat00013_11053.jpg,train,3,nat00028
CASIA2/Tp/Tp_D_NRN_M_N_nat00031_nat00013_11065.jpg,train,1,nat00031
CASIA2/Tp/Tp_D_NRN_M_N_nat00033_cha00070_11476.jpg,train,1,nat00033
CASIA2/Tp/Tp_D_NRN_M_N_nat00040_nat00013_11073.jpg,val,2,nat00040
CASIA2/Tp/Tp_D_NRN_M_N_nat00044_art00025_11432.jpg,train,4,nat00044
CASIA2/Tp/Tp_D_NRN_M_N_nat00072_nat00059_11107.jpg,train,1,nat00072
CASIA2/Tp/Tp_D_NRN_M_N_nat00083_ani00037_10055.tif,test,-1,nat00083
CASIA2/Tp/Tp_D_NRN_M_N_nat00086_ani00031_10146.tif,test,-1,nat00086
CASIA2/Tp/Tp_D_NRN_M_N_nat00089_pla10118_10583.jpg,val,0,nat00089
CASIA2/Tp/Tp_D_NRN_M_N_nat00091_nat00097_11099.jpg,train,4,nat00091
CASIA2/Tp/Tp_D_NRN_M_N_nat00093_nat00059_11112.jpg,train,3,nat00093
CASIA2/Tp/Tp_D_NRN_M_N_nat00095_nat00083_10080.tif,train,0,ani00010
CASIA2/Tp/Tp_D_NRN_M_N_nat00095_nat00099_10079.tif,train,0,ani00010
CASIA2/Tp/Tp_D_NRN_M_N_nat00095_nat10122_11359.jpg,train,0,ani00010
CASIA2/Tp/Tp_D_NRN_M_N_nat00097_nat00059_11109.jpg,train,0,ani00010
CASIA2/Tp/Tp_D_NRN_M_N_nat00098_art00096_11448.jpg,val,1,nat00098
CASIA2/Tp/Tp_D_NRN_M_N_nat00098_nat00099_10062.tif,val,1,nat00098
CASIA2/Tp/Tp_D_NRN_M_N_nat00099_art00096_11447.jpg,train,0,ani00010
CASIA2/Tp/Tp_D_NRN_M_N_nat00099_nat00023_10348.tif,train,0,ani00010
CASIA2/Tp/Tp_D_NRN_M_N_nat10103_ani00005_10117.tif,train,1,cha00057
CASIA2/Tp/Tp_D_NRN_M_N_nat10106_nat00059_11351.jpg,train,0,nat10106
CASIA2/Tp/Tp_D_NRN_M_N_nat10107_nat00059_11484.jpg,test,-1,nat10107
CASIA2/Tp/Tp_D_NRN_M_N_nat10107_nat00095_11485.jpg,test,-1,nat10107
CASIA2/Tp/Tp_D_NRN_M_N_nat10107_nat00097_11483.jpg,test,-1,nat10107
CASIA2/Tp/Tp_D_NRN_M_N_nat10108_cha00052_11364.jpg,train,0,nat10108
CASIA2/Tp/Tp_D_NRN_M_N_nat10110_cha00031_11367.jpg,train,4,nat10110
CASIA2/Tp/Tp_D_NRN_M_N_nat10110_cha00052_11366.jpg,train,4,nat10110
CASIA2/Tp/Tp_D_NRN_M_N_nat10110_cha00062_11383.jpg,train,4,nat10110
CASIA2/Tp/Tp_D_NRN_M_N_nat10110_cha00070_11373.jpg,train,4,nat10110
CASIA2/Tp/Tp_D_NRN_M_N_nat10110_cha00086_11370.jpg,train,4,nat10110
CASIA2/Tp/Tp_D_NRN_M_N_nat10111_art00021_11467.jpg,val,0,nat10111
CASIA2/Tp/Tp_D_NRN_M_N_nat10111_cha00072_11468.jpg,val,0,nat10111
CASIA2/Tp/Tp_D_NRN_M_N_nat10111_nat00062_11363.jpg,val,0,nat10111
CASIA2/Tp/Tp_D_NRN_M_N_nat10111_nat10122_11362.jpg,val,0,nat10111
CASIA2/Tp/Tp_D_NRN_M_N_nat10113_nat00062_11382.jpg,train,3,nat10113
CASIA2/Tp/Tp_D_NRN_M_N_nat10113_nat10123_11381.jpg,train,3,nat10113
CASIA2/Tp/Tp_D_NRN_M_N_nat10114_cha00052_11365.jpg,test,-1,nat10114
CASIA2/Tp/Tp_D_NRN_M_N_nat10114_cha00070_11481.jpg,test,-1,nat10114
CASIA2/Tp/Tp_D_NRN_M_N_nat10116_cha00027_11675.jpg,test,-1,nat10116
CASIA2/Tp/Tp_D_NRN_M_N_nat10116_cha00028_11676.jpg,test,-1,nat10116
CASIA2/Tp/Tp_D_NRN_M_N_nat10116_cha00029_11673.jpg,test,-1,nat10116
CASIA2/Tp/Tp_D_NRN_M_N_nat10116_cha00031_11368.jpg,test,-1,nat10116
CASIA2/Tp/Tp_D_NRN_M_N_nat10116_cha00050_11677.jpg,test,-1,nat10116
CASIA2/Tp/Tp_D_NRN_M_N_nat10116_cha00052_11369.jpg,test,-1,nat10116
CASIA2/Tp/Tp_D_NRN_M_N_nat10116_cha00067_11374.jpg,test,-1,nat10116
CASIA2/Tp/Tp_D_NRN_M_N_nat10116_cha00070_11372.jpg,test,-1,nat10116
CASIA2/Tp/Tp_D_NRN_M_N_nat10116_cha00071_11730.jpg,test,-1,nat10116
CASIA2/Tp/Tp_D_NRN_M_N_nat10118_nat10123_11391.jpg,train,3,nat10118
CASIA2/Tp/Tp_D_NRN_M_N_nat10122_nat00097_11337.jpg,train,0,ani00010
CASIA2/Tp/Tp_D_NRN_M_N_nat10123_nat00097_11338.jpg,val,1,nat10123
CASIA2/Tp/Tp_D_NRN_M_N_nat10123_nat10122_11336.jpg,val,1,nat10123
CASIA2/Tp/Tp_D_NRN_M_N_nat10124_arc10122_12149.jpg,train,0,ani00010
CASIA2/Tp/Tp_D_NRN_M_N_nat10126_cha00063_11652.jpg,val,1,nat10126
CASIA2/Tp/Tp_D_NRN_M_N_nat10126_cha10110_11535.jpg,val,1,nat10126
CASIA2/Tp/Tp_D_NRN_M_N_nat10129_cha00071_11731.jpg,val,3,nat10129
CASIA2/Tp/Tp_D_NRN_M_N_nat10131_nat10132_11904.jpg,train,4,nat10131
CASIA2/Tp/Tp_D_NRN_M_N_nat10131_nat10132_11905.jpg,train,4,nat10131
CASIA2/Tp/Tp_D_NRN_M_N_nat10133_nat00013_11910.jpg,val,3,nat10133
CASIA2/Tp/Tp_D_NRN_M_N_nat10134_nat00095_11912.jpg,train,3,nat10134
CASIA2/Tp/Tp_D_NRN_M_N_nat10134_nat10124_11913.jpg,train,3,nat10134
CASIA2/Tp/Tp_D_NRN_M_N_nat10136_arc00023_11916.jpg,train,4,nat10136
CASIA2/Tp/Tp_D_NRN_M_N_nat10136_arc00069_11918.jpg,train,4,nat10136
CASIA2/Tp/Tp_D_NRN_M_N_nat10136_cha00085_11917.jpg,train,4,nat10136
CASIA2/Tp/Tp_D_NRN_M_N_nat10137_nat00059_11936.jpg,train,2,nat10137
CASIA2/Tp/Tp_D_NRN_M_N_nat10137_nat00095_11938.jpg,train,2,nat10137
CASIA2/Tp/Tp_D_NRN_M_N_nat10137_nat10124_11937.jpg,train,2,nat10137
CASIA2/Tp/Tp_D_NRN_M_N_nat10138_nat00095_11940.jpg,test,-1,nat10138
CASIA2/Tp/Tp_D_NRN_M_N_nat10140_nat00095_11956.jpg,train,1,nat10140
CASIA2/Tp/Tp_D_NRN_M_N_nat10140_nat00097_11957.jpg,train,1,nat10140
CASIA2/Tp/Tp_D_NRN_M_N_nat10140_nat10138_11955.jpg,train,1,nat10140
CASIA2/Tp/Tp_D_NRN_M_N_nat10140_nat10139_11954.jpg,train,1,nat10140
CASIA2/Tp/Tp_D_NRN_M_N_nat10142_arc00069_11962.jpg,train,2,nat10142
CASIA2/Tp/Tp_D_NRN_M_N_nat10143_nat00095_12035.jpg,val,2,nat10143
CASIA2/Tp/Tp_D_NRN_M_N_nat10144_nat00059_11969.jpg,val,2,nat10144
CASIA2/Tp/Tp_D_NRN_M_N_nat10144_nat00060_11965.jpg,val,2,nat10144
CASIA2/Tp/Tp_D_NRN_M_N_nat10144_nat00060_11974.jpg,val,2,nat10144
CASIA2/Tp/Tp_D_NRN_M_N_nat10144_nat00095_11975.jpg,val,2,nat10144
CASIA2/Tp/Tp_D_NRN_M_N_nat10144_nat00097_11972.jpg,val,2,nat10144
CASIA2/Tp/Tp_D_NRN_M_N_nat10144_nat00099_11966.jpg,val,2,nat10144
CASIA2/Tp/Tp_D_NRN_M_N_nat10144_nat10124_11970.jpg,val,2,nat10144
CASIA2/Tp/Tp_D_NRN_M_N_nat10144_nat10128_11971.jpg,val,2,nat10144
CASIA2/Tp/Tp_D_NRN_M_N_nat10144_nat10142_11967.jpg,val,2,nat10144
CASIA2/Tp/Tp_D_NRN_M_N_nat10144_nat10145_11964.jpg,val,2,nat10144
CASIA2/Tp/Tp_D_NRN_M_N_nat10144_nat10156_12150.jpg,val,2,nat10144
CASIA2/Tp/Tp_D_NRN_M_N_nat10145_ani00001_11979.jpg,train,1,nat10145
CASIA2/Tp/Tp_D_NRN_M_N_nat10145_cha00070_11991.jpg,train,1,nat10145
CASIA2/Tp/Tp_D_NRN_M_N_nat10145_nat10145_11978.jpg,train,1,nat10145
CASIA2/Tp/Tp_D_NRN_M_N_nat10147_nat00095_11998.jpg,train,3,nat10147
CASIA2/Tp/Tp_D_NRN_M_N_nat10147_nat00097_11997.jpg,train,3,nat10147
CASIA2/Tp/Tp_D_NRN_M_N_nat10147_nat10124_11999.jpg,train,3,nat10147
CASIA2/Tp/Tp_D_NRN_M_N_nat10148_nat00097_12122.jpg,train,0,nat10148
CASIA2/Tp/Tp_D_NRN_M_N_nat10148_nat10142_12125.jpg,train,0,nat10148
CASIA2/Tp/Tp_D_NRN_M_N_nat10148_nat10159_12124.jpg,train,0,nat10148
CASIA2/Tp/Tp_D_NRN_M_N_nat10148_nat10161_12121.jpg,train,0,nat10148
CASIA2/Tp/Tp_D_NRN_M_N_nat10149_nat00060_12003.jpg,train,3,nat10149
CASIA2/Tp/Tp_D_NRN_M_N_nat10150_nat00013_12031.jpg,train,2,nat10150
CASIA2/Tp/Tp_D_NRN_M_N_nat10150_nat00060_12032.jpg,train,2,nat10150
CASIA2/Tp/Tp_D_NRN_M_N_nat10150_nat00095_12034.jpg,train,2,nat10150
CASIA2/Tp/Tp_D_NRN_M_N_nat10150_nat10124_12033.jpg,train,2,nat10150
CASIA2/Tp/Tp_D_NRN_M_N_nat10150_nat10125_12036.jpg,train,2,nat10150
CASIA2/Tp/Tp_D_NRN_M_N_nat10150_nat10147_12029.jpg,train,2,nat10150
CASIA2/Tp/Tp_D_NRN_M_N_nat10150_nat10156_12030.jpg,train,2,nat10150
CASIA2/Tp/Tp_D_NRN_M_N_nat10151_cha00070_12108.jpg,train,3,nat10151
CASIA2/Tp/Tp_D_NRN_M_N_nat10152_nat10161_12147.jpg,train,0,nat10152
CASIA2/Tp/Tp_D_NRN_M_N_nat10154_nat10160_12074.jpg,test,-1,nat10154
CASIA2/Tp/Tp_D_NRN_M_N_nat10155_nat10123_12116.jpg,train,0,nat10155
CASIA2/Tp/Tp_D_NRN_M_N_nat10156_ani00097_12012.jpg,test,-1,nat10156
CASIA2/Tp/Tp_D_NRN_M_N_nat10156_cha00063_12009.jpg,test,-1,nat10156
CASIA2/Tp/Tp_D_NRN_M_N_nat10156_cha00070_12011.jpg,test,-1,nat10156
CASIA2/Tp/Tp_D_NRN_M_N_nat10157_cha00062_12043.jpg,train,0,nat10157
CASIA2/Tp/Tp_D_NRN_M_N_nat10157_cha00063_12041.jpg,train,0,nat10157
CASIA2/Tp/Tp_D_NRN_M_N_nat10157_cha00070_12042.jpg,train,0,nat10157
CASIA2/Tp/Tp_D_NRN_M_N_nat10157_nat00060_12047.jpg,train,0,nat10157
CASIA2/Tp/Tp_D_NRN_M_N_nat10157_nat10128_12045.jpg,train,0,nat10157
CASIA2/Tp/Tp_D_NRN_M_N_nat10160_nat00059_12067.jpg,train,4,nat10160
CASIA2/Tp/Tp_D_NRN_M_N_nat10160_nat00095_12064.jpg,train,4,nat10160
CASIA2/Tp/Tp_D_NRN_M_N_nat10160_nat00097_12065.jpg,train,4,nat10160
CASIA2/Tp/Tp_D_NRN_M_N_nat10160_nat10138_12066.jpg,train,4,nat10160
CASIA2/Tp/Tp_D_NRN_M_N_nat10160_nat10140_12072.jpg,train,4,nat10160
CASIA2/Tp/Tp_D_NRN_M_N_nat10160_nat10147_12069.jpg,train,4,nat10160
CASIA2/Tp/Tp_D_NRN_M_N_nat10160_nat10159_12070.jpg,train,4,nat10160
CASIA2/Tp/Tp_D_NRN_M_N_nat10161_nat10148_12119.jpg,train,2,nat10161
CASIA2/Tp/Tp_D_NRN_M_N_nat10161_nat10158_12083.jpg,train,2,nat10161
CASIA2/Tp/Tp_D_NRN_M_N_nat10167_cha00070_12103.jpg,train,0,nat10167
CASIA2/Tp/Tp_D_NRN_M_N_pla00016_pla00014_10962.jpg,test,-1,pla00016
CASIA2/Tp/Tp_D_NRN_M_N_pla00019_pla00020_10009.tif,test,-1,pla00019
CASIA2/Tp/Tp_D_NRN_M_N_pla00020_pla10126_12132.jpg,train,3,pla00020
CASIA2/Tp/Tp_D_NRN_M_N_pla00027_pla00014_10963.jpg,test,-1,pla00027
CASIA2/Tp/Tp_D_NRN_M_N_pla10115_cha00085_10124.tif,train,3,pla10115
CASIA2/Tp/Tp_D_NRN_M_N_pla10115_pla10114_10395.tif,train,3,pla10115
CASIA2/Tp/Tp_D_NRN_M_N_pla10115_txt00065_10125.tif,train,3,pla10115
CASIA2/Tp/Tp_D_NRN_M_N_pla10115_txt00068_10126.tif,train,3,pla10115
CASIA2/Tp/Tp_D_NRN_M_N_pla10115_txt00068_10127.tif,train,3,pla10115
CASIA2/Tp/Tp_D_NRN_M_N_pla10121_cha00029_11668.jpg,train,4,pla10121
CASIA2/Tp/Tp_D_NRN_M_N_pla10121_cha00050_11658.jpg,train,4,pla10121
CASIA2/Tp/Tp_D_NRN_M_N_pla10121_cha10110_11602.jpg,train,4,pla10121
CASIA2/Tp/Tp_D_NRN_M_N_pla10123_cha10110_11556.jpg,train,1,pla10123
CASIA2/Tp/Tp_D_NRN_M_N_pla10124_cha00062_11557.jpg,train,3,pla10124
CASIA2/Tp/Tp_D_NRN_M_N_sec00007_sec00004_10033.tif,train,2,sec00007
CASIA2/Tp/Tp_D_NRN_M_N_sec00014_cha00052_11401.jpg,test,-1,sec00014
CASIA2/Tp/Tp_D_NRN_M_N_sec00014_cha00070_11404.jpg,test,-1,sec00014
CASIA2/Tp/Tp_D_NRN_M_N_sec00015_cha00062_11399.jpg,train,2,sec00015
CASIA2/Tp/Tp_D_NRN_M_N_sec00016_cha00070_11398.jpg,train,2,sec00016
CASIA2/Tp/Tp_D_NRN_M_N_sec00021_cha00052_11405.jpg,train,3,sec00021
CASIA2/Tp/Tp_D_NRN_M_N_sec00021_cha00070_11475.jpg,train,3,sec00021
CASIA2/Tp/Tp_D_NRN_M_N_sec00024_art00069_10781.jpg,test,-1,sec00024
CASIA2/Tp/Tp_D_NRN_M_N_sec00040_cha00070_11474.jpg,train,3,sec00040
CASIA2/Tp/Tp_D_NRN_M_N_sec00062_cha00052_11407.jpg,test,-1,nat00083
CASIA2/Tp/Tp_D_NRN_M_N_sec00062_cha00062_11478.jpg,test,-1,nat00083
CASIA2/Tp/Tp_D_NRN_M_N_sec00062_cha00070_11479.jpg,test,-1,nat00083
CASIA2/Tp/Tp_D_NRN_M_N_sec00064_cha00070_11408.jpg,train,1,sec00064
CASIA2/Tp/Tp_D_NRN_M_N_sec00069_art00028_11278.jpg,train,1,sec00069
CASIA2/Tp/Tp_D_NRN_M_N_sec00076_pla00050_10389.tif,test,-1,sec00076
CASIA2/Tp/Tp_D_NRN_M_N_sec00087_cha00070_11469.jpg,val,2,sec00087
CASIA2/Tp/Tp_D_NRN_M_N_sec00087_nat00062_11410.jpg,val,2,sec00087
CASIA2/Tp/Tp_D_NRN_M_N_sec00089_cha00063_11489.jpg,val,4,sec00089
CASIA2/Tp/Tp_D_NRN_M_N_sec00089_cha00070_11490.jpg,val,4,sec00089
CASIA2/Tp/Tp_D_NRN_M_N_sec00090_sec00098_10336.tif,train,3,sec00090
CASIA2/Tp/Tp_D_NRN_M_N_sec10101_art00098_10346.tif,train,3,sec10101
CASIA2/Tp/Tp_D_NRN_M_N_sec10105_sec10109_10333.tif,val,0,sec10105
CASIA2/Tp/Tp_D_NRN_M_N_sec10106_sec10109_10332.tif,train,2,sec10106
CASIA2/Tp/Tp_D_NRN_M_N_sec10112_art00098_10343.tif,val,4,sec10112
CASIA2/Tp/Tp_D_NRN_M_N_sec10115_cha00062_11533.jpg,train,2,sec10115
CASIA2/Tp/Tp_D_NRN_M_N_sec10115_cha00070_11532.jpg,train,2,sec10115
CASIA2/Tp/Tp_D_NRN_M_N_txt00006_txt00028_10849.jpg,test,-1,txt00006
CASIA2/Tp/Tp_D_NRN_M_N_txt00059_pla00050_10390.tif,train,4,txt00059
CASIA2/Tp/Tp_D_NRN_M_N_txt00065_sec00077_10391.tif,val,4,cha00088
CASIA2/Tp/Tp_D_NRN_M_N_txt00068_txt10112_10109.tif,val,4,cha00088
CASIA2/Tp/Tp_D_NRN_M_N_txt10111_txt10104_10810.jpg,train,1,txt10111
CASIA2/Tp/Tp_D_NRN_M_N_txt10112_nat10103_10110.tif,train,3,txt10112
CASIA2/Tp/Tp_D_NRN_M_N_txt10112_nat10103_10111.tif,train,3,txt10112
CASIA2/Tp/Tp_D_NRN_M_O_ani00063_ani00031_10057.tif,test,-1,ani00063
CASIA2/Tp/Tp_D_NRN_M_O_ani00097_ani00036_10039.tif,test,-1,ani00097
CASIA2/Tp/Tp_D_NRN_M_O_ani10104_ani10101_10021.tif,test,-1,ani10104
CASIA2/Tp/Tp_D_NRN_M_O_ani10105_ani10104_10022.tif,val,4,ani10105
CASIA2/Tp/Tp_D_NRN_M_O_arc00018_arc00025_10016.jpg,train,2,arc00018
CASIA2/Tp/Tp_D_NRN_M_O_arc00023_arc00008_10010.tif,train,4,arc00023
CASIA2/Tp/Tp_D_NRN_M_O_arc00023_cha00014_10011.tif,train,4,arc00023
CASIA2/Tp/Tp_D_NRN_M_O_arc00082_arc00069_10012.tif,test,-1,arc00082
CASIA2/Tp/Tp_D_NRN_M_O_arc00082_art00096_11519.jpg,test,-1,arc00082
CASIA2/Tp/Tp_D_NRN_M_O_art10108_cha00063_11633.jpg,train,4,art10108
CASIA2/Tp/Tp_D_NRN_M_O_cha00004_art00010_10169.tif,train,2,cha00004
CASIA2/Tp/Tp_D_NRN_M_O_cha00071_cha00095_10049.tif,train,2,cha00071
CASIA2/Tp/Tp_D_NRN_M_O_cha00094_cha00095_10046.tif,train,0,cha00094
CASIA2/Tp/Tp_D_NRN_M_O_ind00016_ind00017_10013.tif,train,3,ind00016
CASIA2/Tp/Tp_D_NRN_M_O_ind00020_ind00031_10014.tif,train,3,ind00020
CASIA2/Tp/Tp_D_NRN_M_O_ind00030_ind00031_10015.tif,train,1,ind00030
CASIA2/Tp/Tp_D_NRN_M_O_nat00037_cha00062_11385.jpg,train,1,ani00001
CASIA2/Tp/Tp_D_NRN_M_O_nat10151_cha00062_12107.jpg,train,3,nat10151
CASIA2/Tp/Tp_D_NRN_M_O_nat10157_nat00095_12046.jpg,train,0,nat10157
CASIA2/Tp/Tp_D_NRN_M_O_sec00001_sec00007_10032.tif,test,-1,sec00001
CASIA2/Tp/Tp_D_NRN_M_O_sec10101_sec10107_10024.tif,train,3,sec10101
CASIA2/Tp/Tp_D_NRN_M_O_sec10105_cha10104_10027.tif,val,0,sec10105
CASIA2/Tp/Tp_D_NRN_M_O_sec10107_sec10101_10025.tif,train,3,sec10107
CASIA2/Tp/Tp_D_NRN_M_O_sec20054_sec20042_01644.tif,train,0,sec20054
CASIA2/Tp/Tp_D_NRN_S_B_ani00021_ani00020_20015.jpg,train,3,ani00021
CASIA2/Tp/Tp_D_NRN_S_B_ani00023_ani00022_20073.jpg,train,0,ani00023
CASIA2/Tp/Tp_D_NRN_S_B_ani00028_ani00029_20111.jpg,test,-1,ani00028
CASIA2/Tp/Tp_D_NRN_S_B_ani00036_ani00037_00156.tif,test,-1,ani00036
CASIA2/Tp/Tp_D_NRN_S_B_ani00066_ani00013_00186.tif,val,4,ani00066
CASIA2/Tp/Tp_D_NRN_S_B_ani00067_ani00062_11127.jpg,test,-1,ani00067
CASIA2/Tp/Tp_D_NRN_S_B_ani00093_ani00021_00213.tif,test,-1,ani00093
CASIA2/Tp/Tp_D_NRN_S_B_ani00097_ani00097_10059.tif,test,-1,ani00097
CASIA2/Tp/Tp_D_NRN_S_B_ani10209_ani10210_12372.jpg,train,4,ani10209
CASIA2/Tp/Tp_D_NRN_S_B_arc00024_ani00024_20074.jpg,train,4,arc00024
CASIA2/Tp/Tp_D_NRN_S_B_arc00042_ani00070_00262.tif,train,4,arc00042
CASIA2/Tp/Tp_D_NRN_S_B_arc00051_ani00005_00271.tif,train,4,arc00051
CASIA2/Tp/Tp_D_NRN_S_B_arc00054_ani00031_00274.tif,train,3,arc00054
CASIA2/Tp/Tp_D_NRN_S_B_arc00055_ani00005_00275.tif,test,-1,arc00055
CASIA2/Tp/Tp_D_NRN_S_B_arc00059_nat00013_11826.jpg,train,1,arc00059
CASIA2/Tp/Tp_D_NRN_S_B_arc00059_nat00095_11827.jpg,train,1,arc00059
CASIA2/Tp/Tp_D_NRN_S_B_arc00060_arc00062_11496.jpg,train,0,arc00060
CASIA2/Tp/Tp_D_NRN_S_B_arc00064_ani00005_00284.tif,train,1,arc00064
CASIA2/Tp/Tp_D_NRN_S_B_arc00074_arc00075_11195.jpg,train,1,arc00074
CASIA2/Tp/Tp_D_NRN_S_B_arc00076_ani00077_00296.tif,train,1,arc00076
CASIA2/Tp/Tp_D_NRN_S_B_arc00080_ani00005_00300.tif,train,3,arc00080
CASIA2/Tp/Tp_D_NRN_S_B_arc00084_ani00058_00304.tif,train,4,arc00084
CASIA2/Tp/Tp_D_NRN_S_B_arc00088_arc00088_00308.tif,train,2,arc00088
CASIA2/Tp/Tp_D_NRN_S_B_arc00089_ani00061_00309.tif,train,2,arc00089
CASIA2/Tp/Tp_D_NRN_S_B_arc00090_ani00096_00310.tif,train,4,arc00090
CASIA2/Tp/Tp_D_NRN_S_B_arc00091_arc00095_11201.jpg,val,0,arc00091
CASIA2/Tp/Tp_D_NRN_S_B_arc00094_ani00100_00314.tif,val,3,arc00094
CASIA2/Tp/Tp_D_NRN_S_B_arc00098_art00092_11796.jpg,train,3,arc00098
CASIA2/Tp/Tp_D_NRN_S_B_arc00099_ani00058_00319.tif,val,1,arc00099
CASIA2/Tp/Tp_D_NRN_S_B_art00002_ani00096_00495.tif,train,1,art00002
CASIA2/Tp/Tp_D_NRN_S_B_art00004_ani00005_00493.tif,train,3,art00004
CASIA2/Tp/Tp_D_NRN_S_B_art00022_ani00061_00504.tif,train,2,art00022
CASIA2/Tp/Tp_D_NRN_S_B_art00025_ani00070_00507.tif,train,1,art00025
CASIA2/Tp/Tp_D_NRN_S_B_art00030_cha00027_00508.tif,train,0,art00030
CASIA2/Tp/Tp_D_NRN_S_B_art00035_ani00070_01419.tif,train,1,art00035
CASIA2/Tp/Tp_D_NRN_S_B_art00044_ind00098_00490.tif,train,4,art00044
CASIA2/Tp/Tp_D_NRN_S_B_art00049_cha00063_00521.tif,train,0,art00049
CASIA2/Tp/Tp_D_NRN_S_B_art00059_cha00063_01401.tif,train,1,art00059
CASIA2/Tp/Tp_D_NRN_S_B_art00063_ani00058_00528.tif,train,1,art00063
CASIA2/Tp/Tp_D_NRN_S_B_art00078_art00068_01393.tif,test,-1,art00078
CASIA2/Tp/Tp_D_NRN_S_B_art00087_art00087_01010.tif,train,2,art00087
CASIA2/Tp/Tp_D_NRN_S_B_art00096_ani00070_01385.tif,train,0,art00096
CASIA2/Tp/Tp_D_NRN_S_B_art00100_cha00026_01381.tif,train,1,art00100
CASIA2/Tp/Tp_D_NRN_S_B_cha00013_cha00015_20051.jpg,train,4,cha00013
CASIA2/Tp/Tp_D_NRN_S_B_cha00023_cha00022_20075.jpg,train,4,cha00023
CASIA2/Tp/Tp_D_NRN_S_B_cha00026_pla00009_00346.tif,train,3,cha00026
CASIA2/Tp/Tp_D_NRN_S_B_cha00034_cha00040_00354.tif,train,1,cha00034
CASIA2/Tp/Tp_D_NRN_S_B_cha00036_cha00070_11738.jpg,test,-1,cha00036
CASIA2/Tp/Tp_D_NRN_S_B_cha00042_cha00040_00362.tif,test,-1,cha00042
CASIA2/Tp/Tp_D_NRN_S_B_cha00065_txt00068_10177.tif,val,3,cha00065
CASIA2/Tp/Tp_D_NRN_S_B_cha00076_ani00068_10044.tif,train,3,cha00076
CASIA2/Tp/Tp_D_NRN_S_B_cha00077_ani00023_00397.tif,train,1,cha00077
CASIA2/Tp/Tp_D_NRN_S_B_cha20031_arc20033_02030.tif,train,4,cha10144
CASIA2/Tp/Tp_D_NRN_S_B_ind00007_cha00040_00425.tif,train,2,ind00007
CASIA2/Tp/Tp_D_NRN_S_B_ind00017_ind00098_00003.tif,train,2,ind00017
CASIA2/Tp/Tp_D_NRN_S_B_ind00019_ind00020_20016.jpg,train,1,ind00019
CASIA2/Tp/Tp_D_NRN_S_B_ind00024_art00047_00020.tif,train,2,ind00024
CASIA2/Tp/Tp_D_NRN_S_B_ind00033_ind00098_00448.tif,val,0,cha30322
CASIA2/Tp/Tp_D_NRN_S_B_ind00046_cha00023_00454.tif,train,2,ind00046
CASIA2/Tp/Tp_D_NRN_S_B_ind00054_cha00050_00460.tif,train,2,ind00054
CASIA2/Tp/Tp_D_NRN_S_B_ind00055_cha00040_00461.tif,train,1,ind00055
CASIA2/Tp/Tp_D_NRN_S_B_ind00057_ind00018_00463.tif,val,4,ind00057
CASIA2/Tp/Tp_D_NRN_S_B_ind00063_ani00069_00466.tif,train,2,ind00063
CASIA2/Tp/Tp_D_NRN_S_B_ind00064_ani00069_00467.tif,test,-1,ind00064
CASIA2/Tp/Tp_D_NRN_S_B_ind00069_ind00098_00470.tif,train,0,ind00069
CASIA2/Tp/Tp_D_NRN_S_B_ind00094_cha00026_00488.tif,test,-1,ind00094
CASIA2/Tp/Tp_D_NRN_S_B_ind10001_ind10002_20009.jpg,train,3,ind10001
CASIA2/Tp/Tp_D_NRN_S_B_nat00004_art00021_11423.jpg,train,3,nat00004
CASIA2/Tp/Tp_D_NRN_S_B_nat00015_cha00014_20052.jpg,train,2,nat00015
CASIA2/Tp/Tp_D_NRN_S_B_nat00020_cha00019_20017.jpg,val,1,nat00020
CASIA2/Tp/Tp_D_NRN_S_B_nat00023_cha00024_20076.jpg,train,1,nat00023
CASIA2/Tp/Tp_D_NRN_S_B_nat00026_ani00070_00643.tif,train,4,nat00026
CASIA2/Tp/Tp_D_NRN_S_B_nat00026_art00021_11422.jpg,train,4,nat00026
CASIA2/Tp/Tp_D_NRN_S_B_nat00040_ani00070_00654.tif,val,2,nat00040
CASIA2/Tp/Tp_D_NRN_S_B_nat00083_sec00063_00997.tif,test,-1,nat00083
CASIA2/Tp/Tp_D_NRN_S_B_nat00093_cha00052_00008.tif,train,3,nat00093
CASIA2/Tp/Tp_D_NRN_S_B_nat00098_nat00061_11463.jpg,val,1,nat00098
CASIA2/Tp/Tp_D_NRN_S_B_nat10117_nat10118_11343.jpg,val,3,nat10117
CASIA2/Tp/Tp_D_NRN_S_B_nat10151_sec00097_12109.jpg,train,3,nat10151
CASIA2/Tp/Tp_D_NRN_S_B_nat10167_sec00097_12102.jpg,train,0,nat10167
CASIA2/Tp/Tp_D_NRN_S_B_nat20009_nat20009_01513.tif,train,4,nat20009
CASIA2/Tp/Tp_D_NRN_S_B_nat20017_nat20016_01521.tif,val,2,nat20017
CASIA2/Tp/Tp_D_NRN_S_B_nat20041_arc20055_02238.tif,train,4,nat20041
CASIA2/Tp/Tp_D_NRN_S_B_pla00083_cha00063_01185.tif,train,2,pla00083
CASIA2/Tp/Tp_D_NRN_S_B_pla00086_ani00058_00608.tif,train,0,pla00086
CASIA2/Tp/Tp_D_NRN_S_B_pla10124_nat00013_11708.jpg,train,3,pla10124
CASIA2/Tp/Tp_D_NRN_S_B_sec00002_ani00017_01432.tif,test,-1,sec00002
CASIA2/Tp/Tp_D_NRN_S_B_sec00006_ani00017_00704.tif,val,1,sec00006
CASIA2/Tp/Tp_D_NRN_S_B_sec00009_ind00039_00029.tif,train,2,sec00009
CASIA2/Tp/Tp_D_NRN_S_B_sec00012_sec00017_00032.tif,train,2,sec00012
CASIA2/Tp/Tp_D_NRN_S_B_sec00014_cha00089_00034.tif,test,-1,sec00014
CASIA2/Tp/Tp_D_NRN_S_B_sec00014_sec00015_20053.jpg,test,-1,sec00014
CASIA2/Tp/Tp_D_NRN_S_B_sec00019_pla00019_20018.jpg,train,4,sec00019
CASIA2/Tp/Tp_D_NRN_S_B_sec00020_pla00021_20019.jpg,train,3,sec00020
CASIA2/Tp/Tp_D_NRN_S_B_sec00021_arc00021_20020.jpg,train,3,sec00021
CASIA2/Tp/Tp_D_NRN_S_B_sec00021_cha00094_00042.tif,train,3,sec00021
CASIA2/Tp/Tp_D_NRN_S_B_sec00024_pla00022_20077.jpg,test,-1,sec00024
CASIA2/Tp/Tp_D_NRN_S_B_sec00028_cha00030_20112.jpg,train,4,sec00028
CASIA2/Tp/Tp_D_NRN_S_B_sec00029_nat00029_20113.jpg,train,0,nat00029
CASIA2/Tp/Tp_D_NRN_S_B_sec00044_ind00020_00065.tif,train,3,ind00095
CASIA2/Tp/Tp_D_NRN_S_B_sec00063_cha00001_00084.tif,train,2,sec00063
CASIA2/Tp/Tp_D_NRN_S_B_sec00070_cha00030_00091.tif,val,0,sec00070
CASIA2/Tp/Tp_D_NRN_S_B_sec00075_ani00096_00096.tif,val,0,sec00075
CASIA2/Tp/Tp_D_NRN_S_B_sec00075_cha00026_00019.tif,val,0,sec00075
CASIA2/Tp/Tp_D_NRN_S_B_sec00079_pla00029_00100.tif,train,2,sec00079
CASIA2/Tp/Tp_D_NRN_S_B_sec00081_cha00065_00101.tif,test,-1,sec00081
CASIA2/Tp/Tp_D_NRN_S_B_sec00083_ani00070_00722.tif,train,0,sec00083
CASIA2/Tp/Tp_D_NRN_S_B_sec00085_ani00077_00721.tif,test,-1,ani00085
CASIA2/Tp/Tp_D_NRN_S_B_sec00088_ani00100_00719.tif,val,4,sec00088
CASIA2/Tp/Tp_D_NRN_S_B_sec00088_cha00047_00108.tif,val,4,sec00088
CASIA2/Tp/Tp_D_NRN_S_B_sec00089_ani00070_00718.tif,val,4,sec00089
CASIA2/Tp/Tp_D_NRN_S_B_sec00093_ani00005_00714.tif,train,3,sec00093
CASIA2/Tp/Tp_D_NRN_S_B_sec00094_cha00050_00114.tif,train,3,sec00094
CASIA2/Tp/Tp_D_NRN_S_B_sec00095_cha00050_00115.tif,train,4,sec00095
CASIA2/Tp/Tp_D_NRN_S_B_sec00095_cha00063_00382.tif,train,4,sec00095
CASIA2/Tp/Tp_D_NRN_S_B_sec00096_ani00070_00711.tif,train,1,sec00096
CASIA2/Tp/Tp_D_NRN_S_N_ani00017_ani00010_00137.tif,test,-1,ani00017
CASIA2/Tp/Tp_D_NRN_S_N_ani00024_ani00021_00144.tif,train,2,ani00024
CASIA2/Tp/Tp_D_NRN_S_N_ani00032_ani00034_10235.tif,val,0,ani00032
CASIA2/Tp/Tp_D_NRN_S_N_ani00033_ani00032_10233.tif,val,2,ani00033
CASIA2/Tp/Tp_D_NRN_S_N_ani00033_ani00034_10236.tif,val,2,ani00033
CASIA2/Tp/Tp_D_NRN_S_N_ani00034_ani00032_10234.tif,train,3,ani00034
CASIA2/Tp/Tp_D_NRN_S_N_ani00035_ani00037_00155.tif,train,2,ani00035
CASIA2/Tp/Tp_D_NRN_S_N_ani00044_ani00098_11146.jpg,train,4,ani00044
CASIA2/Tp/Tp_D_NRN_S_N_ani00045_ani00077_00165.tif,val,3,ani00045
CASIA2/Tp/Tp_D_NRN_S_N_ani00050_ani00051_11132.jpg,train,3,ani00050
CASIA2/Tp/Tp_D_NRN_S_N_ani00050_ani00055_10225.tif,train,3,ani00050
CASIA2/Tp/Tp_D_NRN_S_N_ani00051_ani00019_11857.jpg,train,0,ani00051
CASIA2/Tp/Tp_D_NRN_S_N_ani00052_ani00019_11858.jpg,test,-1,ani00052
CASIA2/Tp/Tp_D_NRN_S_N_ani00054_ani00054_11129.jpg,test,-1,ani00054
CASIA2/Tp/Tp_D_NRN_S_N_ani00055_ani00050_10224.tif,val,3,ani00055
CASIA2/Tp/Tp_D_NRN_S_N_ani00059_ani00055_11144.jpg,test,-1,ani00059
CASIA2/Tp/Tp_D_NRN_S_N_ani00060_ani00059_11128.jpg,train,0,ani00060
CASIA2/Tp/Tp_D_NRN_S_N_ani00076_ani00078_10496.tif,train,1,ani00076
CASIA2/Tp/Tp_D_NRN_S_N_ani00081_ani00078_10526.tif,val,2,ani00081
CASIA2/Tp/Tp_D_NRN_S_N_ani00086_ani00031_10056.tif,test,-1,ani00086
CASIA2/Tp/Tp_D_NRN_S_N_ani00094_ani00094_01256.tif,train,3,ani00094
CASIA2/Tp/Tp_D_NRN_S_N_ani00096_ani00046_11138.jpg,train,1,ani00096
CASIA2/Tp/Tp_D_NRN_S_N_ani00096_ani00098_11134.jpg,train,1,ani00096
CASIA2/Tp/Tp_D_NRN_S_N_ani00098_ani00051_11133.jpg,test,-1,ani00098
CASIA2/Tp/Tp_D_NRN_S_N_ani10117_ani10118_11613.jpg,train,4,ani10117
CASIA2/Tp/Tp_D_NRN_S_N_ani10118_ani10119_11611.jpg,train,1,ani10118
CASIA2/Tp/Tp_D_NRN_S_N_ani10119_ani10118_11612.jpg,train,2,ani10119
CASIA2/Tp/Tp_D_NRN_S_N_ani10120_ani10119_11610.jpg,train,0,ani10120
CASIA2/Tp/Tp_D_NRN_S_N_ani10121_ani00070_11622.jpg,train,3,ani10121
CASIA2/Tp/Tp_D_NRN_S_N_ani10121_ani00100_11617.jpg,train,3,ani10121
CASIA2/Tp/Tp_D_NRN_S_N_ani10121_ani00100_11640.jpg,train,3,ani10121
CASIA2/Tp/Tp_D_NRN_S_N_ani10128_ani00024_12462.jpg,train,2,ani10128
CASIA2/Tp/Tp_D_NRN_S_N_ani10130_ani00031_12498.jpg,test,-1,ani10130
CASIA2/Tp/Tp_D_NRN_S_N_ani10136_ani10123_12479.jpg,test,-1,ani10136
CASIA2/Tp/Tp_D_NRN_S_N_ani10152_ani10175_12490.jpg,val,4,ani10152
CASIA2/Tp/Tp_D_NRN_S_N_ani10153_ani10175_12486.jpg,train,0,ani10153
CASIA2/Tp/Tp_D_NRN_S_N_ani10160_ani10200_12483.jpg,train,0,ani10160
CASIA2/Tp/Tp_D_NRN_S_N_ani10162_ani10175_12496.jpg,train,1,ani10162
CASIA2/Tp/Tp_D_NRN_S_N_ani10163_ani10196_12497.jpg,train,2,ani10163
CASIA2/Tp/Tp_D_NRN_S_N_ani10168_ani10167_12448.jpg,train,1,ani10168
CASIA2/Tp/Tp_D_NRN_S_N_ani10169_ani10172_12452.jpg,train,3,ani10169
CASIA2/Tp/Tp_D_NRN_S_N_ani10171_ani00001_12458.jpg,train,2,ani10171
CASIA2/Tp/Tp_D_NRN_S_N_ani10171_ani00097_12457.jpg,train,2,ani10171
CASIA2/Tp/Tp_D_NRN_S_N_ani10172_ani10166_12450.jpg,train,3,ani10172
CASIA2/Tp/Tp_D_NRN_S_N_ani10173_ani00070_12455.jpg,val,1,ani10173
CASIA2/Tp/Tp_D_NRN_S_N_ani10186_ani10189_12434.jpg,train,2,ani10186
CASIA2/Tp/Tp_D_NRN_S_N_ani10186_ani10200_12435.jpg,train,2,ani10186
CASIA2/Tp/Tp_D_NRN_S_N_ani10187_ani10190_12438.jpg,train,1,ani10187
CASIA2/Tp/Tp_D_NRN_S_N_ani10187_ani10200_12440.jpg,train,1,ani10187
CASIA2/Tp/Tp_D_NRN_S_N_ani10188_ani10200_12439.jpg,train,4,ani10188
CASIA2/Tp/Tp_D_NRN_S_N_ani10190_ani10196_12429.jpg,train,2,ani10190
CASIA2/Tp/Tp_D_NRN_S_N_ani10190_ani10200_12431.jpg,train,2,ani10190
CASIA2/Tp/Tp_D_NRN_S_N_ani10193_ani10194_12443.jpg,val,3,ani10193
CASIA2/Tp/Tp_D_NRN_S_N_ani10195_ani10194_12401.jpg,test,-1,ani10195
CASIA2/Tp/Tp_D_NRN_S_N_ani10195_ani10194_12403.jpg,test,-1,ani10195
CASIA2/Tp/Tp_D_NRN_S_N_ani10209_ani10214_12381.jpg,train,4,ani10209
CASIA2/Tp/Tp_D_NRN_S_N_ani10210_ani10209_12373.jpg,train,1,ani10210
CASIA2/Tp/Tp_D_NRN_S_N_ani10211_ani00100_12375.jpg,val,2,ani10211
CASIA2/Tp/Tp_D_NRN_S_N_ani10213_ani00070_12378.jpg,train,4,ani10213
CASIA2/Tp/Tp_D_NRN_S_N_ani10214_ani10209_12380.jpg,train,1,ani10214
CASIA2/Tp/Tp_D_NRN_S_N_ani10215_ani00081_12382.jpg,train,3,ani10215
CASIA2/Tp/Tp_D_NRN_S_N_ani10216_ani00070_12389.jpg,train,0,ani10216
CASIA2/Tp/Tp_D_NRN_S_N_ani20068_ani20067_02110.tif,train,4,ani10192
CASIA2/Tp/Tp_D_NRN_S_N_arc00001_ani00058_00005.tif,train,0,arc00001
CASIA2/Tp/Tp_D_NRN_S_N_arc00002_arc00045_00018.tif,train,4,arc00002
CASIA2/Tp/Tp_D_NRN_S_N_arc00008_cha00028_11768.jpg,train,4,arc00008
CASIA2/Tp/Tp_D_NRN_S_N_arc00013_ani00005_00233.tif,train,2,arc00013
CASIA2/Tp/Tp_D_NRN_S_N_arc00013_arc00020_11702.jpg,train,2,arc00013
CASIA2/Tp/Tp_D_NRN_S_N_arc00013_sec00045_11700.jpg,train,2,arc00013
CASIA2/Tp/Tp_D_NRN_S_N_arc00015_ani00013_00235.tif,val,0,arc00015
CASIA2/Tp/Tp_D_NRN_S_N_arc00016_arc00020_11703.jpg,test,-1,arc00016
CASIA2/Tp/Tp_D_NRN_S_N_arc00016_sec00045_11699.jpg,test,-1,arc00016
CASIA2/Tp/Tp_D_NRN_S_N_arc00019_arc00019_00239.tif,train,3,arc00019
CASIA2/Tp/Tp_D_NRN_S_N_arc00020_arc00021_20021.jpg,test,-1,arc00020
CASIA2/Tp/Tp_D_NRN_S_N_arc00021_ani00058_00241.tif,train,4,arc00021
CASIA2/Tp/Tp_D_NRN_S_N_arc00022_ani00081_00242.tif,train,1,arc00022
CASIA2/Tp/Tp_D_NRN_S_N_arc00023_ani00031_00243.tif,train,4,arc00023
CASIA2/Tp/Tp_D_NRN_S_N_arc00024_cha00026_00244.tif,train,4,arc00024
CASIA2/Tp/Tp_D_NRN_S_N_arc00026_cha00026_00246.tif,train,3,arc00026
CASIA2/Tp/Tp_D_NRN_S_N_arc00027_cha00026_00247.tif,train,1,arc00027
CASIA2/Tp/Tp_D_NRN_S_N_arc00034_cha00023_00254.tif,train,3,arc00034
CASIA2/Tp/Tp_D_NRN_S_N_arc00035_ani00070_00255.tif,train,2,arc00035
CASIA2/Tp/Tp_D_NRN_S_N_arc00037_ani00070_00257.tif,train,0,arc00037
CASIA2/Tp/Tp_D_NRN_S_N_arc00039_ani00005_00259.tif,train,4,arc00039
CASIA2/Tp/Tp_D_NRN_S_N_arc00045_art00092_11757.jpg,test,-1,arc00045
CASIA2/Tp/Tp_D_NRN_S_N_arc00054_ani00070_11935.jpg,train,3,arc00054
CASIA2/Tp/Tp_D_NRN_S_N_arc00059_cha00062_11824.jpg,train,1,arc00059
CASIA2/Tp/Tp_D_NRN_S_N_arc00059_cha00063_11825.jpg,train,1,arc00059
CASIA2/Tp/Tp_D_NRN_S_N_arc00060_ani00081_00280.tif,train,0,arc00060
CASIA2/Tp/Tp_D_NRN_S_N_arc00062_art00025_11492.jpg,val,0,arc00062
CASIA2/Tp/Tp_D_NRN_S_N_arc00066_cha00089_00286.tif,train,3,arc00066
CASIA2/Tp/Tp_D_NRN_S_N_arc00069_ani00079_00289.tif,train,3,arc00069
CASIA2/Tp/Tp_D_NRN_S_N_arc00071_art10102_11178.jpg,train,0,arc00071
CASIA2/Tp/Tp_D_NRN_S_N_arc00071_cha00014_11179.jpg,train,0,arc00071
CASIA2/Tp/Tp_D_NRN_S_N_arc00075_cha00063_00295.tif,train,3,arc00075
CASIA2/Tp/Tp_D_NRN_S_N_arc00082_art00025_11518.jpg,test,-1,arc00082
CASIA2/Tp/Tp_D_NRN_S_N_arc00084_art00023_10739.jpg,train,4,arc00084
CASIA2/Tp/Tp_D_NRN_S_N_arc00090_art00010_00013.tif,train,4,arc00090
CASIA2/Tp/Tp_D_NRN_S_N_arc00098_ani00098_00318.tif,train,3,arc00098
CASIA2/Tp/Tp_D_NRN_S_N_arc00098_arc00045_11797.jpg,train,3,arc00098
CASIA2/Tp/Tp_D_NRN_S_N_arc10101_ani00095_11170.jpg,train,1,arc10101
CASIA2/Tp/Tp_D_NRN_S_N_arc20044_arc20039_01497.tif,train,1,arc20044
CASIA2/Tp/Tp_D_NRN_S_N_art00001_ani00068_00494.tif,test,-1,art00001
CASIA2/Tp/Tp_D_NRN_S_N_art00003_ani00013_01193.tif,train,2,art00003
CASIA2/Tp/Tp_D_NRN_S_N_art00003_ani00037_00496.tif,train,2,art00003
CASIA2/Tp/Tp_D_NRN_S_N_art00010_art00014_11842.jpg,train,0,art00010
CASIA2/Tp/Tp_D_NRN_S_N_art00010_art00092_11839.jpg,train,0,art00010
CASIA2/Tp/Tp_D_NRN_S_N_art00012_art00014_11814.jpg,train,2,art00012
CASIA2/Tp/Tp_D_NRN_S_N_art00012_art00092_11811.jpg,train,2,art00012
CASIA2/Tp/Tp_D_NRN_S_N_art00013_art00082_11816.jpg,train,3,art00013
CASIA2/Tp/Tp_D_NRN_S_N_art00014_art00092_11810.jpg,test,-1,art00014
CASIA2/Tp/Tp_D_NRN_S_N_art00021_ani00005_00503.tif,val,4,art00021
CASIA2/Tp/Tp_D_NRN_S_N_art00021_art00092_11725.jpg,val,4,art00021
CASIA2/Tp/Tp_D_NRN_S_N_art00022_cha00100_01425.tif,train,2,art00022
CASIA2/Tp/Tp_D_NRN_S_N_art00023_ani00058_00505.tif,val,3,art00023
CASIA2/Tp/Tp_D_NRN_S_N_art00023_art00092_11874.jpg,val,3,art00023
CASIA2/Tp/Tp_D_NRN_S_N_art00024_ani00040_00506.tif,train,3,art00024
CASIA2/Tp/Tp_D_NRN_S_N_art00024_ind00098_01424.tif,train,3,art00024
CASIA2/Tp/Tp_D_NRN_S_N_art00025_ani10123_11689.jpg,train,1,art00025
CASIA2/Tp/Tp_D_NRN_S_N_art00025_cha00026_11681.jpg,train,1,art00025
CASIA2/Tp/Tp_D_NRN_S_N_art00027_ani00068_01214.tif,test,-1,art00027
CASIA2/Tp/Tp_D_NRN_S_N_art00029_art00029_01216.tif,train,0,art00029
CASIA2/Tp/Tp_D_NRN_S_N_art00030_art00055_10471.tif,train,0,art00030
CASIA2/Tp/Tp_D_NRN_S_N_art00033_ani00013_00511.tif,train,0,art00033
CASIA2/Tp/Tp_D_NRN_S_N_art00034_ani00013_00512.tif,train,0,art00034
CASIA2/Tp/Tp_D_NRN_S_N_art00034_ani00058_01420.tif,train,0,art00034
CASIA2/Tp/Tp_D_NRN_S_N_art00036_art00036_00514.tif,test,-1,art00036
CASIA2/Tp/Tp_D_NRN_S_N_art00037_cha00096_00515.tif,val,1,art00037
CASIA2/Tp/Tp_D_NRN_S_N_art00040_cha00089_00516.tif,test,-1,art00040
CASIA2/Tp/Tp_D_NRN_S_N_art00041_ani00005_01413.tif,train,3,art00041
CASIA2/Tp/Tp_D_NRN_S_N_art00041_ani00096_00517.tif,train,3,art00041
CASIA2/Tp/Tp_D_NRN_S_N_art00042_ani00098_00518.tif,val,2,art00042
CASIA2/Tp/Tp_D_NRN_S_N_art00046_sec00099_00520.tif,test,-1,art00046
CASIA2/Tp/Tp_D_NRN_S_N_art00050_cha00026_00522.tif,train,1,art00050
CASIA2/Tp/Tp_D_NRN_S_N_art00051_ani00098_01406.tif,train,1,art00051
CASIA2/Tp/Tp_D_NRN_S_N_art00051_art00010_01025.tif,train,1,art00051
CASIA2/Tp/Tp_D_NRN_S_N_art00052_art00092_11854.jpg,train,2,art00052
CASIA2/Tp/Tp_D_NRN_S_N_art00054_ani00005_00523.tif,test,-1,art00054
CASIA2/Tp/Tp_D_NRN_S_N_art00060_cha00051_01400.tif,train,2,art00060
CASIA2/Tp/Tp_D_NRN_S_N_art00071_art00078_10478.tif,train,2,art00071
CASIA2/Tp/Tp_D_NRN_S_N_art00071_art00098_10481.tif,train,2,art00071
CASIA2/Tp/Tp_D_NRN_S_N_art00071_ind00034_01397.tif,train,2,art00071
CASIA2/Tp/Tp_D_NRN_S_N_art00072_ani00100_01396.tif,train,3,art00072
CASIA2/Tp/Tp_D_NRN_S_N_art00074_cha00027_00529.tif,test,-1,art00074
CASIA2/Tp/Tp_D_NRN_S_N_art00083_art00083_01391.tif,test,-1,art00083
CASIA2/Tp/Tp_D_NRN_S_N_art00091_cha00063_00535.tif,train,2,art00091
CASIA2/Tp/Tp_D_NRN_S_N_art00093_art00009_00536.tif,train,1,art00093
CASIA2/Tp/Tp_D_NRN_S_N_art00096_art00092_11726.jpg,train,0,art00096
CASIA2/Tp/Tp_D_NRN_S_N_art00096_cha00089_00492.tif,train,0,art00096
CASIA2/Tp/Tp_D_NRN_S_N_art00097_ani00013_00537.tif,train,3,art00097
CASIA2/Tp/Tp_D_NRN_S_N_art00099_ani00005_00539.tif,train,2,art00099
CASIA2/Tp/Tp_D_NRN_S_N_art00099_ani00100_01382.tif,train,2,art00099
CASIA2/Tp/Tp_D_NRN_S_N_art00099_art00092_11716.jpg,train,2,art00099
CASIA2/Tp/Tp_D_NRN_S_N_art10105_ani10123_11599.jpg,train,0,art10105
CASIA2/Tp/Tp_D_NRN_S_N_art10105_pla00049_11595.jpg,train,0,art10105
CASIA2/Tp/Tp_D_NRN_S_N_art10106_cha00067_11592.jpg,train,0,art10106
CASIA2/Tp/Tp_D_NRN_S_N_art10106_cha00067_11593.jpg,train,0,art10106
CASIA2/Tp/Tp_D_NRN_S_N_art10106_cha10110_11591.jpg,train,0,art10106
CASIA2/Tp/Tp_D_NRN_S_N_art10107_cha00026_11663.jpg,train,4,art10107
CASIA2/Tp/Tp_D_NRN_S_N_art10108_ani00100_11630.jpg,train,4,art10108
CASIA2/Tp/Tp_D_NRN_S_N_art10108_pla00049_11577.jpg,train,4,art10108
CASIA2/Tp/Tp_D_NRN_S_N_art10110_pla00050_11647.jpg,train,2,art10110
CASIA2/Tp/Tp_D_NRN_S_N_art10112_ani10123_11684.jpg,train,1,art10112
CASIA2/Tp/Tp_D_NRN_S_N_art10112_art00092_11781.jpg,train,1,art10112
CASIA2/Tp/Tp_D_NRN_S_N_art20006_art20005_01812.tif,train,2,art20006
CASIA2/Tp/Tp_D_NRN_S_N_art20028_art20029_01834.tif,train,0,art20028
CASIA2/Tp/Tp_D_NRN_S_N_art20035_art20036_02492.tif,train,1,art20035
CASIA2/Tp/Tp_D_NRN_S_N_cha00007_ani00096_00327.tif,train,1,cha00007
CASIA2/Tp/Tp_D_NRN_S_N_cha00008_art10102_11163.jpg,val,1,cha00008
CASIA2/Tp/Tp_D_NRN_S_N_cha00011_ani00031_00331.tif,train,2,cha00011
CASIA2/Tp/Tp_D_NRN_S_N_cha00012_art00065_00332.tif,test,-1,cha00012
CASIA2/Tp/Tp_D_NRN_S_N_cha00014_ani00068_00334.tif,train,1,cha00014
CASIA2/Tp/Tp_D_NRN_S_N_cha00016_ani00069_00336.tif,train,0,cha00016
CASIA2/Tp/Tp_D_NRN_S_N_cha00016_cha00014_11153.jpg,train,0,cha00016
CASIA2/Tp/Tp_D_NRN_S_N_cha00018_ani00061_00338.tif,train,2,cha00018
CASIA2/Tp/Tp_D_NRN_S_N_cha00020_ani00068_00340.tif,train,1,cha00020
CASIA2/Tp/Tp_D_NRN_S_N_cha00020_art10102_11181.jpg,train,1,cha00020
CASIA2/Tp/Tp_D_NRN_S_N_cha00024_ani00005_00344.tif,train,3,cha00024
CASIA2/Tp/Tp_D_NRN_S_N_cha00027_ani10123_11685.jpg,val,2,cha00027
CASIA2/Tp/Tp_D_NRN_S_N_cha00028_ani00068_10043.tif,test,-1,cha00028
CASIA2/Tp/Tp_D_NRN_S_N_cha00028_ani10123_11686.jpg,test,-1,cha00028
CASIA2/Tp/Tp_D_NRN_S_N_cha00029_ani10123_11687.jpg,test,-1,cha00029
CASIA2/Tp/Tp_D_NRN_S_N_cha00029_pla00033_10991.jpg,test,-1,cha00029
CASIA2/Tp/Tp_D_NRN_S_N_cha00030_ani00079_00350.tif,train,4,cha00030
CASIA2/Tp/Tp_D_NRN_S_N_cha00030_pla00033_10990.jpg,train,4,cha00030
CASIA2/Tp/Tp_D_NRN_S_N_cha00031_ani00100_00351.tif,train,4,cha00031
CASIA2/Tp/Tp_D_NRN_S_N_cha00031_pla00020_11386.jpg,train,4,cha00031
CASIA2/Tp/Tp_D_NRN_S_N_cha00031_pla00049_11387.jpg,train,4,cha00031
CASIA2/Tp/Tp_D_NRN_S_N_cha00032_ani00013_00352.tif,val,4,cha00032
CASIA2/Tp/Tp_D_NRN_S_N_cha00035_cha00040_00355.tif,val,4,cha00035
CASIA2/Tp/Tp_D_NRN_S_N_cha00036_art00092_11780.jpg,test,-1,cha00036
CASIA2/Tp/Tp_D_NRN_S_N_cha00036_pla00020_11739.jpg,test,-1,cha00036
CASIA2/Tp/Tp_D_NRN_S_N_cha00039_cha00040_11012.jpg,train,2,cha00039
CASIA2/Tp/Tp_D_NRN_S_N_cha00040_ani00013_00360.tif,val,4,cha00040
CASIA2/Tp/Tp_D_NRN_S_N_cha00040_ani10123_11679.jpg,val,4,cha00040
CASIA2/Tp/Tp_D_NRN_S_N_cha00041_cha00042_11010.jpg,val,0,cha00041
CASIA2/Tp/Tp_D_NRN_S_N_cha00042_cha00041_11011.jpg,test,-1,cha00042
CASIA2/Tp/Tp_D_NRN_S_N_cha00050_ani10123_11688.jpg,train,1,cha00050
CASIA2/Tp/Tp_D_NRN_S_N_cha00053_art00092_11722.jpg,train,0,cha00053
CASIA2/Tp/Tp_D_NRN_S_N_cha00054_cha00086_11719.jpg,train,4,cha00054
CASIA2/Tp/Tp_D_NRN_S_N_cha00062_art00092_11717.jpg,train,3,cha00062
CASIA2/Tp/Tp_D_NRN_S_N_cha00062_cha00062_00381.tif,train,3,cha00062
CASIA2/Tp/Tp_D_NRN_S_N_cha00067_ani00079_00387.tif,train,2,cha00067
CASIA2/Tp/Tp_D_NRN_S_N_cha00070_art00014_11820.jpg,train,3,cha00070
CASIA2/Tp/Tp_D_NRN_S_N_cha00070_cha00028_00390.tif,train,3,cha00070
CASIA2/Tp/Tp_D_NRN_S_N_cha00070_cha00036_11737.jpg,train,3,cha00070
CASIA2/Tp/Tp_D_NRN_S_N_cha00071_ani00098_00391.tif,train,2,cha00071
CASIA2/Tp/Tp_D_NRN_S_N_cha00071_ani10123_11754.jpg,train,2,cha00071
CASIA2/Tp/Tp_D_NRN_S_N_cha00071_pla00049_11782.jpg,train,2,cha00071
CASIA2/Tp/Tp_D_NRN_S_N_cha00072_ani00098_00392.tif,train,4,cha00072
CASIA2/Tp/Tp_D_NRN_S_N_cha00079_ani00068_00399.tif,train,2,cha00079
CASIA2/Tp/Tp_D_NRN_S_N_cha00084_ani00081_00404.tif,val,4,cha00084
CASIA2/Tp/Tp_D_NRN_S_N_cha00085_ind00098_10851.jpg,train,4,cha00085
CASIA2/Tp/Tp_D_NRN_S_N_cha00086_ani10119_11609.jpg,train,0,cha00086
CASIA2/Tp/Tp_D_NRN_S_N_cha00086_ani10123_11600.jpg,train,0,cha00086
CASIA2/Tp/Tp_D_NRN_S_N_cha00086_cha00086_11403.jpg,train,0,cha00086
CASIA2/Tp/Tp_D_NRN_S_N_cha00094_ani00068_00414.tif,train,0,cha00094
CASIA2/Tp/Tp_D_NRN_S_N_cha00095_cha00051_00415.tif,train,4,cha00095
CASIA2/Tp/Tp_D_NRN_S_N_cha10102_cha10106_10159.tif,train,0,cha10102
CASIA2/Tp/Tp_D_NRN_S_N_cha10108_cha00026_11662.jpg,train,3,cha10108
CASIA2/Tp/Tp_D_NRN_S_N_cha10108_cha00050_11657.jpg,train,3,cha10108
CASIA2/Tp/Tp_D_NRN_S_N_cha10108_cha00062_11584.jpg,train,3,cha10108
CASIA2/Tp/Tp_D_NRN_S_N_cha10108_cha10110_11585.jpg,train,3,cha10108
CASIA2/Tp/Tp_D_NRN_S_N_cha10109_ani00005_11587.jpg,test,-1,cha10109
CASIA2/Tp/Tp_D_NRN_S_N_cha10109_ani00017_11588.jpg,test,-1,cha10109
CASIA2/Tp/Tp_D_NRN_S_N_cha10109_ani00070_11586.jpg,test,-1,cha10109
CASIA2/Tp/Tp_D_NRN_S_N_cha10110_cha00026_11661.jpg,test,-1,cha10110
CASIA2/Tp/Tp_D_NRN_S_N_cha10110_cha00028_11660.jpg,test,-1,cha10110
CASIA2/Tp/Tp_D_NRN_S_N_cha10118_cha10119_12195.jpg,val,0,cha10118
CASIA2/Tp/Tp_D_NRN_S_N_cha10122_pla00050_12159.jpg,train,3,cha10117
CASIA2/Tp/Tp_D_NRN_S_N_cha10127_ani10123_12184.jpg,test,-1,cha10127
CASIA2/Tp/Tp_D_NRN_S_N_cha10128_nat10114_12180.jpg,train,1,cha10114
CASIA2/Tp/Tp_D_NRN_S_N_cha10131_ani10123_12185.jpg,train,2,cha10131
CASIA2/Tp/Tp_D_NRN_S_N_cha10133_pla00020_12211.jpg,train,1,cha10133
CASIA2/Tp/Tp_D_NRN_S_N_cha10133_pla10126_12212.jpg,train,1,cha10133
CASIA2/Tp/Tp_D_NRN_S_N_cha10134_pla00020_12202.jpg,val,2,cha10134
CASIA2/Tp/Tp_D_NRN_S_N_cha10137_cha10140_12208.jpg,train,1,cha10137
CASIA2/Tp/Tp_D_NRN_S_N_cha10139_ani00070_12201.jpg,train,1,cha10139
CASIA2/Tp/Tp_D_NRN_S_N_cha10139_cha10140_12200.jpg,train,1,cha10139
CASIA2/Tp/Tp_D_NRN_S_N_cha10148_art00092_12224.jpg,train,3,cha10148
CASIA2/Tp/Tp_D_NRN_S_N_cha10149_art00092_12222.jpg,train,2,cha10149
CASIA2/Tp/Tp_D_NRN_S_N_cha10151_cha00062_12220.jpg,train,2,cha10151
CASIA2/Tp/Tp_D_NRN_S_N_cha10157_pla00050_12263.jpg,train,2,cha10157
CASIA2/Tp/Tp_D_NRN_S_N_cha10158_ani10123_12261.jpg,train,3,cha10158
CASIA2/Tp/Tp_D_NRN_S_N_cha10171_cha00062_12282.jpg,val,0,cha10171
CASIA2/Tp/Tp_D_NRN_S_N_cha10179_pla00050_12278.jpg,test,-1,cha10179
CASIA2/Tp/Tp_D_NRN_S_N_cha10182_ani00097_12317.jpg,train,4,cha10182
CASIA2/Tp/Tp_D_NRN_S_N_cha10185_ani00100_12314.jpg,train,0,cha10185
CASIA2/Tp/Tp_D_NRN_S_N_cha10186_sec00098_12313.jpg,train,1,cha10186
CASIA2/Tp/Tp_D_NRN_S_N_cha10193_pla00050_12319.jpg,train,2,cha10193
CASIA2/Tp/Tp_D_NRN_S_N_cha10197_cha00062_12367.jpg,train,3,cha10197
CASIA2/Tp/Tp_D_NRN_S_N_cha10209_pla00050_12336.jpg,val,4,cha10209
CASIA2/Tp/Tp_D_NRN_S_N_ind00002_art00076_11746.jpg,train,4,ind00002
CASIA2/Tp/Tp_D_NRN_S_N_ind00002_art00098_11747.jpg,train,4,ind00002
CASIA2/Tp/Tp_D_NRN_S_N_ind00006_ind00005_11748.jpg,train,3,ind00006
CASIA2/Tp/Tp_D_NRN_S_N_ind00008_art00009_00426.tif,train,1,ind00008
CASIA2/Tp/Tp_D_NRN_S_N_ind00009_pla00050_10423.tif,train,1,ind00009
CASIA2/Tp/Tp_D_NRN_S_N_ind00010_art00009_00428.tif,val,0,ind00010
CASIA2/Tp/Tp_D_NRN_S_N_ind00013_cha00023_00431.tif,train,3,ind00013
CASIA2/Tp/Tp_D_NRN_S_N_ind00020_ind00010_00436.tif,train,3,ind00020
CASIA2/Tp/Tp_D_NRN_S_N_ind00021_ind00025_10398.tif,train,4,ind00021
CASIA2/Tp/Tp_D_NRN_S_N_ind00022_ind00088_00438.tif,train,3,ind00022
CASIA2/Tp/Tp_D_NRN_S_N_ind00025_ind00039_10105.tif,test,-1,cha10101
CASIA2/Tp/Tp_D_NRN_S_N_ind00025_pla00050_10433.tif,test,-1,cha10101
CASIA2/Tp/Tp_D_NRN_S_N_ind00028_ind00020_00443.tif,train,2,ind00028
CASIA2/Tp/Tp_D_NRN_S_N_ind00029_ind00032_11061.jpg,train,4,cha30181
CASIA2/Tp/Tp_D_NRN_S_N_ind00047_ind00018_00455.tif,train,2,ind00046
CASIA2/Tp/Tp_D_NRN_S_N_ind00056_ind00089_00462.tif,test,-1,ind00056
CASIA2/Tp/Tp_D_NRN_S_N_ind00059_ani00068_00464.tif,train,2,ind00059
CASIA2/Tp/Tp_D_NRN_S_N_ind00061_ani00098_00465.tif,train,0,ind00061
CASIA2/Tp/Tp_D_NRN_S_N_ind00064_ind00060_10945.jpg,test,-1,ind00064
CASIA2/Tp/Tp_D_NRN_S_N_ind00066_ind00071_10697.jpg,val,0,ind00066
CASIA2/Tp/Tp_D_NRN_S_N_ind00071_cha00063_00472.tif,train,3,ind00071
CASIA2/Tp/Tp_D_NRN_S_N_ind00073_art00012_00473.tif,train,1,ind00073
CASIA2/Tp/Tp_D_NRN_S_N_ind00082_ind00086_10684.jpg,train,1,cha00034
CASIA2/Tp/Tp_D_NRN_S_N_ind00083_ind00077_00480.tif,train,2,ind00083
CASIA2/Tp/Tp_D_NRN_S_N_ind00087_ani10123_11775.jpg,train,0,ind00087
CASIA2/Tp/Tp_D_NRN_S_N_ind00087_ind00005_11749.jpg,train,0,ind00087
CASIA2/Tp/Tp_D_NRN_S_N_ind00087_pla00050_11776.jpg,train,0,ind00087
CASIA2/Tp/Tp_D_NRN_S_N_ind00090_cha00063_00485.tif,val,2,ind00053
CASIA2/Tp/Tp_D_NRN_S_N_ind00091_cha00063_00486.tif,test,-1,ind00091
CASIA2/Tp/Tp_D_NRN_S_N_ind00092_cha00023_01374.tif,train,3,ind00092
CASIA2/Tp/Tp_D_NRN_S_N_ind00096_cha00083_01380.tif,train,4,ani30741
CASIA2/Tp/Tp_D_NRN_S_N_ind00097_ind00098_01378.tif,val,2,ani30794
CASIA2/Tp/Tp_D_NRN_S_N_ind10104_pla00050_11551.jpg,test,-1,ind10103
CASIA2/Tp/Tp_D_NRN_S_N_ind20021_ind20022_01762.tif,train,0,ind20021
CASIA2/Tp/Tp_D_NRN_S_N_ind20065_ind20058_01806.tif,train,4,ind20065
CASIA2/Tp/Tp_D_NRN_S_N_nat00001_ani00005_00621.tif,test,-1,nat00001
CASIA2/Tp/Tp_D_NRN_S_N_nat00002_ani00017_11510.jpg,train,0,ani00010
CASIA2/Tp/Tp_D_NRN_S_N_nat00002_ani00058_11515.jpg,train,0,ani00010
CASIA2/Tp/Tp_D_NRN_S_N_nat00002_ani00096_00622.tif,train,0,ani00010
CASIA2/Tp/Tp_D_NRN_S_N_nat00002_cha00086_11517.jpg,train,0,ani00010
CASIA2/Tp/Tp_D_NRN_S_N_nat00004_ani00081_00624.tif,train,3,nat00004
CASIA2/Tp/Tp_D_NRN_S_N_nat00013_ani00005_00633.tif,train,4,nat00013
CASIA2/Tp/Tp_D_NRN_S_N_nat00013_ani00058_11416.jpg,train,4,nat00013
CASIA2/Tp/Tp_D_NRN_S_N_nat00019_cha00021_20022.jpg,train,4,nat00019
CASIA2/Tp/Tp_D_NRN_S_N_nat00020_ani00005_00638.tif,val,1,nat00020
CASIA2/Tp/Tp_D_NRN_S_N_nat00025_ani00058_00642.tif,test,-1,nat00025
CASIA2/Tp/Tp_D_NRN_S_N_nat00030_cha00042_11090.jpg,train,2,nat00030
CASIA2/Tp/Tp_D_NRN_S_N_nat00033_ani00005_11506.jpg,train,1,nat00033
CASIA2/Tp/Tp_D_NRN_S_N_nat00033_ani00017_11507.jpg,train,1,nat00033
CASIA2/Tp/Tp_D_NRN_S_N_nat00033_ani00058_11504.jpg,train,1,nat00033
CASIA2/Tp/Tp_D_NRN_S_N_nat00033_cha00067_11503.jpg,train,1,nat00033
CASIA2/Tp/Tp_D_NRN_S_N_nat00037_ani00038_00651.tif,train,1,ani00001
CASIA2/Tp/Tp_D_NRN_S_N_nat00039_ani00013_00653.tif,train,4,nat00039
CASIA2/Tp/Tp_D_NRN_S_N_nat00040_art00025_11429.jpg,val,2,nat00040
CASIA2/Tp/Tp_D_NRN_S_N_nat00040_art00025_11472.jpg,val,2,nat00040
CASIA2/Tp/Tp_D_NRN_S_N_nat00041_art00025_11430.jpg,train,2,nat00041
CASIA2/Tp/Tp_D_NRN_S_N_nat00041_nat00041_00655.tif,train,2,nat00041
CASIA2/Tp/Tp_D_NRN_S_N_nat00044_ani00005_11435.jpg,train,4,nat00044
CASIA2/Tp/Tp_D_NRN_S_N_nat00059_ani00005_11415.jpg,train,0,ani00010
CASIA2/Tp/Tp_D_NRN_S_N_nat00059_ani00070_11414.jpg,train,0,ani00010
CASIA2/Tp/Tp_D_NRN_S_N_nat00062_ani00058_11418.jpg,train,0,ani00010
CASIA2/Tp/Tp_D_NRN_S_N_nat00063_art00025_11437.jpg,train,4,nat00063
CASIA2/Tp/Tp_D_NRN_S_N_nat00063_nat00061_11436.jpg,train,4,nat00063
CASIA2/Tp/Tp_D_NRN_S_N_nat00076_nat00086_10081.tif,train,1,nat00076
CASIA2/Tp/Tp_D_NRN_S_N_nat00097_ani00017_11412.jpg,train,0,ani00010
CASIA2/Tp/Tp_D_NRN_S_N_nat00098_ani00058_11461.jpg,val,1,nat00098
CASIA2/Tp/Tp_D_NRN_S_N_nat00098_cha00072_11462.jpg,val,1,nat00098
CASIA2/Tp/Tp_D_NRN_S_N_nat00099_ani00078_10527.tif,train,0,ani00010
CASIA2/Tp/Tp_D_NRN_S_N_nat10106_nat10107_11349.jpg,train,0,nat10106
CASIA2/Tp/Tp_D_NRN_S_N_nat10109_pla00020_11355.jpg,train,1,nat10109
CASIA2/Tp/Tp_D_NRN_S_N_nat10109_pla00049_11357.jpg,train,1,nat10109
CASIA2/Tp/Tp_D_NRN_S_N_nat10109_pla00050_11356.jpg,train,1,nat10109
CASIA2/Tp/Tp_D_NRN_S_N_nat10115_cha00052_11477.jpg,train,2,nat10115
CASIA2/Tp/Tp_D_NRN_S_N_nat10116_cha00086_11371.jpg,test,-1,nat10116
CASIA2/Tp/Tp_D_NRN_S_N_nat10117_nat10124_11344.jpg,val,3,nat10117
CASIA2/Tp/Tp_D_NRN_S_N_nat10120_cha00063_11389.jpg,train,3,nat10120
CASIA2/Tp/Tp_D_NRN_S_N_nat10123_ani00005_11419.jpg,val,1,nat10123
CASIA2/Tp/Tp_D_NRN_S_N_nat10123_ani00017_11411.jpg,val,1,nat10123
CASIA2/Tp/Tp_D_NRN_S_N_nat10123_ani00070_11417.jpg,val,1,nat10123
CASIA2/Tp/Tp_D_NRN_S_N_nat10125_ani00005_11635.jpg,train,4,nat10125
CASIA2/Tp/Tp_D_NRN_S_N_nat10125_ani00017_11636.jpg,train,4,nat10125
CASIA2/Tp/Tp_D_NRN_S_N_nat10125_ani00070_11634.jpg,train,4,nat10125
CASIA2/Tp/Tp_D_NRN_S_N_nat10126_ani10123_11651.jpg,val,1,nat10126
CASIA2/Tp/Tp_D_NRN_S_N_nat10131_ani00005_11903.jpg,train,4,nat10131
CASIA2/Tp/Tp_D_NRN_S_N_nat10131_ani00070_11902.jpg,train,4,nat10131
CASIA2/Tp/Tp_D_NRN_S_N_nat10138_arc10125_11941.jpg,test,-1,nat10138
CASIA2/Tp/Tp_D_NRN_S_N_nat10139_ani00005_11950.jpg,val,3,nat10139
CASIA2/Tp/Tp_D_NRN_S_N_nat10139_ani00058_11951.jpg,val,3,nat10139
CASIA2/Tp/Tp_D_NRN_S_N_nat10139_ani00070_11944.jpg,val,3,nat10139
CASIA2/Tp/Tp_D_NRN_S_N_nat10139_cha00063_11942.jpg,val,3,nat10139
CASIA2/Tp/Tp_D_NRN_S_N_nat10139_cha00070_11943.jpg,val,3,nat10139
CASIA2/Tp/Tp_D_NRN_S_N_nat10140_arc10125_11958.jpg,train,1,nat10140
CASIA2/Tp/Tp_D_NRN_S_N_nat10145_ani00021_11987.jpg,train,1,nat10145
CASIA2/Tp/Tp_D_NRN_S_N_nat10145_ani00024_11981.jpg,train,1,nat10145
CASIA2/Tp/Tp_D_NRN_S_N_nat10145_ani00031_11984.jpg,train,1,nat10145
CASIA2/Tp/Tp_D_NRN_S_N_nat10145_ani00036_11985.jpg,train,1,nat10145
CASIA2/Tp/Tp_D_NRN_S_N_nat10145_ani00041_11982.jpg,train,1,nat10145
CASIA2/Tp/Tp_D_NRN_S_N_nat10145_ani00085_11989.jpg,train,1,nat10145
CASIA2/Tp/Tp_D_NRN_S_N_nat10145_ani00097_11980.jpg,train,1,nat10145
CASIA2/Tp/Tp_D_NRN_S_N_nat10145_ani00097_11988.jpg,train,1,nat10145
CASIA2/Tp/Tp_D_NRN_S_N_nat10146_pla00020_12071.jpg,train,4,nat10146
CASIA2/Tp/Tp_D_NRN_S_N_nat10149_ani00005_12006.jpg,train,3,nat10149
CASIA2/Tp/Tp_D_NRN_S_N_nat10149_ani00058_12005.jpg,train,3,nat10149
CASIA2/Tp/Tp_D_NRN_S_N_nat10149_ani00070_12007.jpg,train,3,nat10149
CASIA2/Tp/Tp_D_NRN_S_N_nat10153_ani00021_12133.jpg,train,0,nat10153
CASIA2/Tp/Tp_D_NRN_S_N_nat10156_ani00005_12015.jpg,test,-1,nat10156
CASIA2/Tp/Tp_D_NRN_S_N_nat10156_ani00031_12018.jpg,test,-1,nat10156
CASIA2/Tp/Tp_D_NRN_S_N_nat10156_ani00058_12013.jpg,test,-1,nat10156
CASIA2/Tp/Tp_D_NRN_S_N_nat10156_ani00070_12014.jpg,test,-1,nat10156
CASIA2/Tp/Tp_D_NRN_S_N_nat10156_cha00062_12010.jpg,test,-1,nat10156
CASIA2/Tp/Tp_D_NRN_S_N_nat10156_pla00050_12008.jpg,test,-1,nat10156
CASIA2/Tp/Tp_D_NRN_S_N_nat10158_ani00005_12026.jpg,train,1,nat10158
CASIA2/Tp/Tp_D_NRN_S_N_nat10158_ani00058_12027.jpg,train,1,nat10158
CASIA2/Tp/Tp_D_NRN_S_N_nat10159_ani00031_12059.jpg,test,-1,nat10159
CASIA2/Tp/Tp_D_NRN_S_N_nat10159_ani00058_12051.jpg,test,-1,nat10159
CASIA2/Tp/Tp_D_NRN_S_N_nat10159_ani00070_12052.jpg,test,-1,nat10159
CASIA2/Tp/Tp_D_NRN_S_N_nat10159_ani00099_12054.jpg,test,-1,nat10159
CASIA2/Tp/Tp_D_NRN_S_N_nat10161_art00092_12085.jpg,train,2,nat10161
CASIA2/Tp/Tp_D_NRN_S_N_nat10161_cha00063_12080.jpg,train,2,nat10161
CASIA2/Tp/Tp_D_NRN_S_N_nat10162_art00021_12086.jpg,train,0,nat10162
CASIA2/Tp/Tp_D_NRN_S_N_nat10164_ani00058_12091.jpg,val,1,nat10164
CASIA2/Tp/Tp_D_NRN_S_N_nat10164_ani00070_12092.jpg,val,1,nat10164
CASIA2/Tp/Tp_D_NRN_S_N_nat20019_nat20024_01523.tif,train,2,nat20019
CASIA2/Tp/Tp_D_NRN_S_N_nat20020_nat20023_01524.tif,train,3,nat20020
CASIA2/Tp/Tp_D_NRN_S_N_nat20056_nat20054_01560.tif,test,-1,nat20056
CASIA2/Tp/Tp_D_NRN_S_N_nat20081_nat20082_01585.tif,val,1,nat20081
CASIA2/Tp/Tp_D_NRN_S_N_nat20084_nat20082_01588.tif,test,-1,nat20084
CASIA2/Tp/Tp_D_NRN_S_N_nat20086_nat20082_01590.tif,train,4,nat20086
CASIA2/Tp/Tp_D_NRN_S_N_nat20097_nat20023_01601.tif,train,2,nat20097
CASIA2/Tp/Tp_D_NRN_S_N_pla00008_pla00009_10936.jpg,train,3,pla00008
CASIA2/Tp/Tp_D_NRN_S_N_pla00009_pla00010_10933.jpg,train,3,pla00009
CASIA2/Tp/Tp_D_NRN_S_N_pla00010_pla00008_10935.jpg,train,0,pla00010
CASIA2/Tp/Tp_D_NRN_S_N_pla00010_pla00009_10934.jpg,train,0,pla00010
CASIA2/Tp/Tp_D_NRN_S_N_pla00011_pla00010_10932.jpg,train,2,pla00011
CASIA2/Tp/Tp_D_NRN_S_N_pla00015_pla00016_10960.jpg,train,4,pla00015
CASIA2/Tp/Tp_D_NRN_S_N_pla00020_pla10126_12131.jpg,train,3,pla00020
CASIA2/Tp/Tp_D_NRN_S_N_pla00021_pla00014_10965.jpg,train,1,pla00021
CASIA2/Tp/Tp_D_NRN_S_N_pla00021_pla00019_10956.jpg,train,1,pla00021
CASIA2/Tp/Tp_D_NRN_S_N_pla00023_pla00019_10955.jpg,train,2,pla00023
CASIA2/Tp/Tp_D_NRN_S_N_pla00024_pla00023_10952.jpg,train,4,pla00024
CASIA2/Tp/Tp_D_NRN_S_N_pla00026_pla00018_10957.jpg,train,2,pla00026
CASIA2/Tp/Tp_D_NRN_S_N_pla00028_pla00027_10949.jpg,val,4,pla00028
CASIA2/Tp/Tp_D_NRN_S_N_pla00029_pla00030_10947.jpg,train,1,pla00029
CASIA2/Tp/Tp_D_NRN_S_N_pla00030_pla00030_10951.jpg,train,0,pla00030
CASIA2/Tp/Tp_D_NRN_S_N_pla00038_pla00049_10983.jpg,val,3,pla00038
CASIA2/Tp/Tp_D_NRN_S_N_pla00048_pla00033_10989.jpg,train,3,pla00048
CASIA2/Tp/Tp_D_NRN_S_N_pla00074_ani00013_01179.tif,train,4,pla00074
CASIA2/Tp/Tp_D_NRN_S_N_pla00077_ani00058_01180.tif,train,0,pla00077
CASIA2/Tp/Tp_D_NRN_S_N_pla00077_pla00053_11213.jpg,train,0,pla00077
CASIA2/Tp/Tp_D_NRN_S_N_pla00085_ani00005_00607.tif,train,1,pla00085
CASIA2/Tp/Tp_D_NRN_S_N_pla00085_ani00081_01187.tif,train,1,pla00085
CASIA2/Tp/Tp_D_NRN_S_N_pla00091_ani00031_00935.tif,test,-1,pla00091
CASIA2/Tp/Tp_D_NRN_S_N_pla00093_sec00097_11288.jpg,train,4,pla00093
CASIA2/Tp/Tp_D_NRN_S_N_pla00093_txt00070_11327.jpg,train,4,pla00093
CASIA2/Tp/Tp_D_NRN_S_N_pla00094_pla00094_01191.tif,train,2,pla00094
CASIA2/Tp/Tp_D_NRN_S_N_pla00095_sec00097_11697.jpg,train,2,pla00095
CASIA2/Tp/Tp_D_NRN_S_N_pla10120_ani10122_11607.jpg,train,4,pla10120
CASIA2/Tp/Tp_D_NRN_S_N_pla10120_pla00020_11603.jpg,train,4,pla10120
CASIA2/Tp/Tp_D_NRN_S_N_pla10121_cha00062_11655.jpg,train,4,pla10121
CASIA2/Tp/Tp_D_NRN_S_N_pla10122_ani10122_11606.jpg,test,-1,pla10122
CASIA2/Tp/Tp_D_NRN_S_N_pla10122_pla00020_11604.jpg,test,-1,pla10122
CASIA2/Tp/Tp_D_NRN_S_N_pla10122_pla10120_11605.jpg,test,-1,pla10122
CASIA2/Tp/Tp_D_NRN_S_N_pla10124_nat00059_11706.jpg,train,3,pla10124
CASIA2/Tp/Tp_D_NRN_S_N_pla10124_nat00095_11705.jpg,train,3,pla10124
CASIA2/Tp/Tp_D_NRN_S_N_pla10124_nat10124_11704.jpg,train,3,pla10124
CASIA2/Tp/Tp_D_NRN_S_N_pla10124_pla10123_11555.jpg,train,3,pla10124
CASIA2/Tp/Tp_D_NRN_S_N_pla10124_sec00097_11698.jpg,train,3,pla10124
CASIA2/Tp/Tp_D_NRN_S_N_pla20031_pla20030_01931.tif,train,2,pla20031
CASIA2/Tp/Tp_D_NRN_S_N_sec00002_nat00086_11509.jpg,test,-1,sec00002
CASIA2/Tp/Tp_D_NRN_S_N_sec00009_art00076_11744.jpg,train,2,sec00009
CASIA2/Tp/Tp_D_NRN_S_N_sec00010_ind00098_10855.jpg,test,-1,sec00010
CASIA2/Tp/Tp_D_NRN_S_N_sec00013_cha00071_00033.tif,train,3,sec00013
CASIA2/Tp/Tp_D_NRN_S_N_sec00015_sec00097_11695.jpg,train,2,sec00015
CASIA2/Tp/Tp_D_NRN_S_N_sec00016_ani00013_00702.tif,train,2,sec00016
CASIA2/Tp/Tp_D_NRN_S_N_sec00016_ind00098_10790.jpg,train,2,sec00016
CASIA2/Tp/Tp_D_NRN_S_N_sec00021_sec00007_10775.jpg,train,3,sec00021
CASIA2/Tp/Tp_D_NRN_S_N_sec00022_sec00023_10809.jpg,val,1,ind00014
CASIA2/Tp/Tp_D_NRN_S_N_sec00023_art00076_11742.jpg,train,4,ind00015
CASIA2/Tp/Tp_D_NRN_S_N_sec00023_ind00042_10886.jpg,train,4,ind00015
CASIA2/Tp/Tp_D_NRN_S_N_sec00023_sec00022_10807.jpg,train,4,ind00015
CASIA2/Tp/Tp_D_NRN_S_N_sec00023_sec00022_10808.jpg,train,4,ind00015
CASIA2/Tp/Tp_D_NRN_S_N_sec00026_sec00027_00047.tif,train,3,sec00026
CASIA2/Tp/Tp_D_NRN_S_N_sec00041_ani00076_10500.tif,train,0,sec00041
CASIA2/Tp/Tp_D_NRN_S_N_sec00042_ani00076_10499.tif,train,1,sec00042
CASIA2/Tp/Tp_D_NRN_S_N_sec00042_ani00081_10498.tif,train,1,sec00042
CASIA2/Tp/Tp_D_NRN_S_N_sec00048_art00012_00069.tif,train,0,sec00048
CASIA2/Tp/Tp_D_NRN_S_N_sec00049_sec00051_11245.jpg,train,1,sec00049
CASIA2/Tp/Tp_D_NRN_S_N_sec00050_sec00049_00071.tif,val,1,sec00050
CASIA2/Tp/Tp_D_NRN_S_N_sec00052_sec00051_11242.jpg,train,1,sec00052
CASIA2/Tp/Tp_D_NRN_S_N_sec00052_sec00055_11239.jpg,train,1,sec00052
CASIA2/Tp/Tp_D_NRN_S_N_sec00054_sec00055_11237.jpg,train,1,sec00054
CASIA2/Tp/Tp_D_NRN_S_N_sec00055_sec00050_00076.tif,test,-1,sec00055
CASIA2/Tp/Tp_D_NRN_S_N_sec00061_ani00064_00730.tif,train,1,sec00061
CASIA2/Tp/Tp_D_NRN_S_N_sec00064_cha00052_11409.jpg,train,1,sec00064
CASIA2/Tp/Tp_D_NRN_S_N_sec00071_art00064_00706.tif,train,2,sec00071
CASIA2/Tp/Tp_D_NRN_S_N_sec00071_art00064_00707.tif,train,2,sec00071
CASIA2/Tp/Tp_D_NRN_S_N_sec00071_ind00084_11277.jpg,train,2,sec00071
CASIA2/Tp/Tp_D_NRN_S_N_sec00071_ind00094_11279.jpg,train,2,sec00071
CASIA2/Tp/Tp_D_NRN_S_N_sec00071_sec00071_00092.tif,train,2,sec00071
CASIA2/Tp/Tp_D_NRN_S_N_sec00073_art00012_00094.tif,train,0,sec00073
CASIA2/Tp/Tp_D_NRN_S_N_sec00073_art00064_00725.tif,train,0,sec00073
CASIA2/Tp/Tp_D_NRN_S_N_sec00076_ani00098_00724.tif,test,-1,sec00076
CASIA2/Tp/Tp_D_NRN_S_N_sec00081_cha00042_11115.jpg,test,-1,sec00081
CASIA2/Tp/Tp_D_NRN_S_N_sec00082_ani00081_00723.tif,test,-1,arc00082
CASIA2/Tp/Tp_D_NRN_S_N_sec00085_art00020_11456.jpg,test,-1,ani00085
CASIA2/Tp/Tp_D_NRN_S_N_sec00087_ani00037_00720.tif,val,2,sec00087
CASIA2/Tp/Tp_D_NRN_S_N_sec00087_cha00052_11471.jpg,val,2,sec00087
CASIA2/Tp/Tp_D_NRN_S_N_sec00090_ani00013_00717.tif,train,3,sec00090
CASIA2/Tp/Tp_D_NRN_S_N_sec00091_cha00023_00716.tif,train,2,sec00091
CASIA2/Tp/Tp_D_NRN_S_N_sec00092_ani00098_00715.tif,test,-1,sec00092
CASIA2/Tp/Tp_D_NRN_S_N_sec00093_cha00096_00713.tif,train,3,sec00093
CASIA2/Tp/Tp_D_NRN_S_N_sec00095_ani00098_00712.tif,train,4,sec00095
CASIA2/Tp/Tp_D_NRN_S_N_sec00098_ani00100_11629.jpg,train,4,sec00098
CASIA2/Tp/Tp_D_NRN_S_N_sec00098_cha00042_11114.jpg,train,4,sec00098
CASIA2/Tp/Tp_D_NRN_S_N_sec00100_ani00005_00708.tif,train,3,sec00100
CASIA2/Tp/Tp_D_NRN_S_N_sec10109_sec10113_10347.tif,train,0,sec10109
CASIA2/Tp/Tp_D_NRN_S_N_sec10115_pla00049_11534.jpg,train,2,sec10115
CASIA2/Tp/Tp_D_NRN_S_N_txt00029_txt00029_10832.jpg,train,3,txt00029
CASIA2/Tp/Tp_D_NRN_S_N_txt00081_txt00082_11294.jpg,train,3,txt00081
CASIA2/Tp/Tp_D_NRN_S_N_txt00088_txt00092_11330.jpg,val,2,txt00088
CASIA2/Tp/Tp_D_NRN_S_N_txt00096_txt10106_10819.jpg,train,1,txt00096
CASIA2/Tp/Tp_D_NRN_S_N_txt00097_txt10106_10818.jpg,train,1,txt00097
CASIA2/Tp/Tp_D_NRN_S_N_txt10104_txt10111_10811.jpg,train,3,txt10104
CASIA2/Tp/Tp_D_NRN_S_N_txt10106_txt10113_10817.jpg,train,2,txt10106
CASIA2/Tp/Tp_D_NRN_S_O_ani00084_ani00085_10058.tif,train,0,ani00084
CASIA2/Tp/Tp_D_NRN_S_O_ani10102_ani10104_10023.tif,test,-1,ani10102
CASIA2/Tp/Tp_D_NRN_S_O_ani10126_ani00037_12463.jpg,train,1,ani10126
CASIA2/Tp/Tp_D_NRN_S_O_ani10127_ani00021_12468.jpg,val,2,ani10127
CASIA2/Tp/Tp_D_NRN_S_O_ani10146_ani10163_12494.jpg,val,3,ani10146
CASIA2/Tp/Tp_D_NRN_S_O_ani10178_ani10200_12484.jpg,train,1,ani10178
CASIA2/Tp/Tp_D_NRN_S_O_arc00052_cha00023_00272.tif,train,4,arc00052
CASIA2/Tp/Tp_D_NRN_S_O_nat10148_nat10162_12117.jpg,train,0,nat10148
CASIA2/Tp/Tp_D_NRN_S_O_nat10153_ani00036_12134.jpg,train,0,nat10153
CASIA2/Tp/Tp_D_NRN_S_O_nat10156_ani00036_12019.jpg,test,-1,nat10156
CASIA2/Tp/Tp_D_NRN_S_O_nat10156_ani00084_12023.jpg,test,-1,nat10156
CASIA2/Tp/Tp_D_NRN_S_O_nat10159_ani00036_12061.jpg,test,-1,nat10159
CASIA2/Tp/Tp_D_NRN_S_O_nat10159_ani00084_12055.jpg,test,-1,nat10159
CASIA2/Tp/Tp_D_NRN_S_O_nat10159_ani00097_12056.jpg,test,-1,nat10159
CASIA2/Tp/Tp_D_NRN_S_O_pla00028_pla00025_10950.jpg,val,4,pla00028
CASIA2/Tp/Tp_S_CND_L_N_cha00084_cha00084_10203.tif,val,4,cha00084
CASIA2/Tp/Tp_S_CND_M_B_sec00019_sec00019_00040.tif,train,4,sec00019
CASIA2/Tp/Tp_S_CND_M_N_cha00079_cha00079_10195.tif,train,2,cha00079
CASIA2/Tp/Tp_S_CND_M_N_cha00088_cha00088_10174.tif,val,4,cha00088
CASIA2/Tp/Tp_S_CND_M_N_pla00022_pla00022_10969.jpg,test,-1,pla00022
CASIA2/Tp/Tp_S_CND_M_N_sec00099_sec00099_10365.tif,train,3,sec00099
CASIA2/Tp/Tp_S_CND_S_B_ani00022_ani00022_00142.tif,train,4,ani00022
CASIA2/Tp/Tp_S_CND_S_B_cha00088_cha00088_10179.tif,val,4,cha00088
CASIA2/Tp/Tp_S_CND_S_B_nat00039_nat00039_00958.tif,train,4,nat00039
CASIA2/Tp/Tp_S_CND_S_B_sec00085_sec00085_00105.tif,test,-1,ani00085
CASIA2/Tp/Tp_S_CND_S_B_sec00097_sec00097_00117.tif,train,4,sec00097
CASIA2/Tp/Tp_S_CND_S_N_ani00009_ani00009_00129.tif,train,0,ani00009
CASIA2/Tp/Tp_S_CND_S_N_arc00017_arc00017_01115.tif,val,1,arc00017
CASIA2/Tp/Tp_S_CND_S_N_art00044_art00044_10406.tif,train,4,art00044
CASIA2/Tp/Tp_S_CND_S_N_art00047_art00047_10507.tif,val,3,art00047
CASIA2/Tp/Tp_S_CND_S_N_art00094_art00094_10403.tif,train,0,art00094
CASIA2/Tp/Tp_S_CND_S_N_art00094_art00094_10404.tif,train,0,art00094
CASIA2/Tp/Tp_S_CND_S_N_art20013_art20013_01819.tif,train,3,art20013
CASIA2/Tp/Tp_S_CND_S_N_art20067_art20067_02500.tif,val,0,art20067
CASIA2/Tp/Tp_S_CND_S_N_cha00052_cha00052_10718.jpg,val,3,cha00052
CASIA2/Tp/Tp_S_CND_S_N_ind00069_ind00069_01356.tif,train,0,ind00069
CASIA2/Tp/Tp_S_CND_S_N_ind00070_ind00070_01357.tif,train,1,ind00070
CASIA2/Tp/Tp_S_CND_S_N_ind20036_ind20036_01777.tif,train,0,ind20036
CASIA2/Tp/Tp_S_CND_S_N_pla00004_pla00004_01126.tif,val,0,pla00004
CASIA2/Tp/Tp_S_CND_S_N_pla00057_pla00057_00590.tif,train,3,pla00057
CASIA2/Tp/Tp_S_CND_S_N_pla00068_pla00068_01175.tif,train,3,pla00068
CASIA2/Tp/Tp_S_CND_S_N_pla00078_pla00078_01181.tif,train,0,pla00078
CASIA2/Tp/Tp_S_CND_S_N_pla20091_pla20091_02351.tif,train,1,pla20091
CASIA2/Tp/Tp_S_CND_S_N_sec00024_sec00024_00045.tif,test,-1,sec00024
CASIA2/Tp/Tp_S_CND_S_N_sec00047_sec00047_00068.tif,val,0,sec00047
CASIA2/Tp/Tp_S_CND_S_N_sec00059_sec00059_00080.tif,val,1,sec00059
CASIA2/Tp/Tp_S_CND_S_N_sec00073_sec00073_10384.tif,train,0,sec00073
CASIA2/Tp/Tp_S_CND_S_N_sec00078_sec00078_10386.tif,train,4,sec00078
CASIA2/Tp/Tp_S_CND_S_N_sec00099_sec00099_10366.tif,train,3,sec00099
CASIA2/Tp/Tp_S_CND_S_N_sec20057_sec20057_01647.tif,val,3,sec20057
CASIA2/Tp/Tp_S_CND_S_N_txt00084_txt00084_01290.tif,train,4,txt00084
CASIA2/Tp/Tp_S_CNN_L_N_cha00091_cha00091_10202.tif,train,4,cha00091
CASIA2/Tp/Tp_S_CNN_L_N_txt00095_txt00095_10164.tif,val,0,txt00095
CASIA2/Tp/Tp_S_CNN_L_O_ind00004_ind00004_10165.tif,val,3,ind00004
CASIA2/Tp/Tp_S_CNN_M_B_ani00009_ani00009_10214.tif,train,0,ani00009
CASIA2/Tp/Tp_S_CNN_M_B_ind00088_ind00088_10640.jpg,train,1,ind00088
CASIA2/Tp/Tp_S_CNN_M_B_nat00057_nat00057_11104.jpg,test,-1,nat00057
CASIA2/Tp/Tp_S_CNN_M_B_sec00092_sec00092_00112.tif,test,-1,sec00092
CASIA2/Tp/Tp_S_CNN_M_N_ani00016_ani00016_10207.tif,train,4,ani00016
CASIA2/Tp/Tp_S_CNN_M_N_ani00019_ani00019_11855.jpg,train,3,ani00019
CASIA2/Tp/Tp_S_CNN_M_N_ani00024_ani00024_10206.tif,train,2,ani00024
CASIA2/Tp/Tp_S_CNN_M_N_ani00064_ani00064_10443.tif,test,-1,ani00064
CASIA2/Tp/Tp_S_CNN_M_N_ani10206_ani10206_12414.jpg,train,4,ani10206
CASIA2/Tp/Tp_S_CNN_M_N_arc00032_arc00032_10263.tif,val,3,arc00032
CASIA2/Tp/Tp_S_CNN_M_N_arc00037_arc00037_10143.tif,train,0,arc00037
CASIA2/Tp/Tp_S_CNN_M_N_arc00040_arc00040_10237.tif,train,0,arc00040
CASIA2/Tp/Tp_S_CNN_M_N_arc00040_arc00040_10238.tif,train,0,arc00040
CASIA2/Tp/Tp_S_CNN_M_N_arc00043_arc00043_10242.tif,train,4,arc00043
CASIA2/Tp/Tp_S_CNN_M_N_arc00051_arc00051_10727.jpg,train,4,arc00051
CASIA2/Tp/Tp_S_CNN_M_N_arc00052_arc00052_10264.tif,train,4,arc00052
CASIA2/Tp/Tp_S_CNN_M_N_arc00062_arc00062_10252.tif,val,0,arc00062
CASIA2/Tp/Tp_S_CNN_M_N_arc00062_arc00062_10253.tif,val,0,arc00062
CASIA2/Tp/Tp_S_CNN_M_N_arc00063_arc00063_10256.tif,val,2,arc00063
CASIA2/Tp/Tp_S_CNN_M_N_arc00064_arc00064_10255.tif,train,1,arc00064
CASIA2/Tp/Tp_S_CNN_M_N_arc00064_arc00064_10432.tif,train,1,arc00064
CASIA2/Tp/Tp_S_CNN_M_N_arc00065_arc00065_10254.tif,train,0,arc00065
CASIA2/Tp/Tp_S_CNN_M_N_arc00067_arc00067_10249.tif,train,2,arc00067
CASIA2/Tp/Tp_S_CNN_M_N_arc00067_arc00067_10250.tif,train,2,arc00067
CASIA2/Tp/Tp_S_CNN_M_N_arc00083_arc00083_10268.tif,train,1,arc00083
CASIA2/Tp/Tp_S_CNN_M_N_arc00083_arc00083_10269.tif,train,1,arc00083
CASIA2/Tp/Tp_S_CNN_M_N_arc00087_arc00087_10734.jpg,val,4,arc00087
CASIA2/Tp/Tp_S_CNN_M_N_arc10115_arc10115_10764.jpg,train,0,arc10115
CASIA2/Tp/Tp_S_CNN_M_N_art00004_art00004_10436.tif,train,3,art00004
CASIA2/Tp/Tp_S_CNN_M_N_art00004_art00004_10437.tif,train,3,art00004
CASIA2/Tp/Tp_S_CNN_M_N_art00005_art00005_11794.jpg,train,4,art00005
CASIA2/Tp/Tp_S_CNN_M_N_art00007_art00007_10751.jpg,train,1,art00007
CASIA2/Tp/Tp_S_CNN_M_N_art00017_art00017_10273.tif,train,1,art00017
CASIA2/Tp/Tp_S_CNN_M_N_art00020_art00020_10279.tif,train,4,art00020
CASIA2/Tp/Tp_S_CNN_M_N_art00022_art00022_10551.tif,train,2,art00022
CASIA2/Tp/Tp_S_CNN_M_N_art00023_art00023_10549.tif,val,3,art00023
CASIA2/Tp/Tp_S_CNN_M_N_art00024_art00024_10553.tif,train,3,art00024
CASIA2/Tp/Tp_S_CNN_M_N_art00028_art00028_10511.tif,train,0,art00028
CASIA2/Tp/Tp_S_CNN_M_N_art00031_art00031_10472.tif,train,3,art00031
CASIA2/Tp/Tp_S_CNN_M_N_art00044_art00044_10407.tif,train,4,art00044
CASIA2/Tp/Tp_S_CNN_M_N_art00047_art00047_10506.tif,val,3,art00047
CASIA2/Tp/Tp_S_CNN_M_N_art00048_art00048_10258.tif,train,4,art00048
CASIA2/Tp/Tp_S_CNN_M_N_art00048_art00048_10259.tif,train,4,art00048
CASIA2/Tp/Tp_S_CNN_M_N_art00053_art00053_10294.tif,train,3,art00053
CASIA2/Tp/Tp_S_CNN_M_N_art00053_art00053_10532.tif,train,3,art00053
CASIA2/Tp/Tp_S_CNN_M_N_art00054_art00054_10293.tif,test,-1,art00054
CASIA2/Tp/Tp_S_CNN_M_N_art00054_art00054_10539.tif,test,-1,art00054
CASIA2/Tp/Tp_S_CNN_M_N_art00056_art00056_10291.tif,test,-1,art00056
CASIA2/Tp/Tp_S_CNN_M_N_art00057_art00057_10292.tif,train,4,art00057
CASIA2/Tp/Tp_S_CNN_M_N_art00063_art00063_10524.tif,train,1,art00063
CASIA2/Tp/Tp_S_CNN_M_N_art00064_art00064_10260.tif,train,0,art00064
CASIA2/Tp/Tp_S_CNN_M_N_art00069_art00069_10853.jpg,train,3,art00069
CASIA2/Tp/Tp_S_CNN_M_N_art00071_art00071_10480.tif,train,2,art00071
CASIA2/Tp/Tp_S_CNN_M_N_art00073_art00073_10477.tif,train,4,art00073
CASIA2/Tp/Tp_S_CNN_M_N_art00074_art00074_10536.tif,test,-1,art00074
CASIA2/Tp/Tp_S_CNN_M_N_art00077_art00077_10288.tif,train,1,art00077
CASIA2/Tp/Tp_S_CNN_M_N_art00079_art00079_10286.tif,test,-1,art00079
CASIA2/Tp/Tp_S_CNN_M_N_art00080_art00080_10482.tif,train,0,art00080
CASIA2/Tp/Tp_S_CNN_M_N_art10116_art10116_11530.jpg,train,1,art10116
CASIA2/Tp/Tp_S_CNN_M_N_cha00011_cha00011_10306.tif,train,2,cha00011
CASIA2/Tp/Tp_S_CNN_M_N_cha00011_cha00011_10307.tif,train,2,cha00011
CASIA2/Tp/Tp_S_CNN_M_N_cha00017_cha00017_10313.tif,train,3,cha00017
CASIA2/Tp/Tp_S_CNN_M_N_cha00023_cha00023_10722.jpg,train,4,cha00023
CASIA2/Tp/Tp_S_CNN_M_N_cha00048_cha00048_11004.jpg,val,3,cha00048
CASIA2/Tp/Tp_S_CNN_M_N_cha00056_cha00056_10262.tif,val,3,cha00056
CASIA2/Tp/Tp_S_CNN_M_N_cha00063_cha00063_10344.tif,val,4,cha00063
CASIA2/Tp/Tp_S_CNN_M_N_cha00070_cha00070_10295.tif,train,3,cha00070
CASIA2/Tp/Tp_S_CNN_M_N_cha00073_cha00073_11026.jpg,train,2,cha00073
CASIA2/Tp/Tp_S_CNN_M_N_cha00078_cha00078_11027.jpg,train,3,cha00078
CASIA2/Tp/Tp_S_CNN_M_N_cha00080_cha00080_10196.tif,train,3,cha00080
CASIA2/Tp/Tp_S_CNN_M_N_cha00082_cha00082_10197.tif,train,2,cha00082
CASIA2/Tp/Tp_S_CNN_M_N_ind00002_ind00002_10052.tif,train,4,ind00002
CASIA2/Tp/Tp_S_CNN_M_N_ind00008_ind00008_10419.tif,train,1,ind00008
CASIA2/Tp/Tp_S_CNN_M_N_ind00009_ind00009_10415.tif,train,1,ind00009
CASIA2/Tp/Tp_S_CNN_M_N_ind00010_ind00010_10425.tif,val,0,ind00010
CASIA2/Tp/Tp_S_CNN_M_N_ind00013_ind00013_10409.tif,train,3,ind00013
CASIA2/Tp/Tp_S_CNN_M_N_ind00018_ind00018_10709.jpg,train,1,ind00018
CASIA2/Tp/Tp_S_CNN_M_N_ind00022_ind00022_10706.jpg,train,3,ind00022
CASIA2/Tp/Tp_S_CNN_M_N_ind00026_ind00026_10397.tif,test,-1,ind00026
CASIA2/Tp/Tp_S_CNN_M_N_ind00034_ind00034_10401.tif,train,4,cha30335
CASIA2/Tp/Tp_S_CNN_M_N_ind00040_ind00040_10879.jpg,train,4,ind00040
CASIA2/Tp/Tp_S_CNN_M_N_ind00058_ind00058_10428.tif,test,-1,ind00058
CASIA2/Tp/Tp_S_CNN_M_N_ind00059_ind00059_10399.tif,train,2,ind00059
CASIA2/Tp/Tp_S_CNN_M_N_ind00069_ind00069_10692.jpg,train,0,ind00069
CASIA2/Tp/Tp_S_CNN_M_N_ind00079_ind00079_10665.jpg,val,2,ind00079
CASIA2/Tp/Tp_S_CNN_M_N_ind00087_ind00087_10296.tif,train,0,ind00087
CASIA2/Tp/Tp_S_CNN_M_N_ind00087_ind00087_10297.tif,train,0,ind00087
CASIA2/Tp/Tp_S_CNN_M_N_ind00088_ind00088_10638.jpg,train,1,ind00088
CASIA2/Tp/Tp_S_CNN_M_N_ind00088_ind00088_10639.jpg,train,1,ind00088
CASIA2/Tp/Tp_S_CNN_M_N_ind00088_ind00088_10641.jpg,train,1,ind00088
CASIA2/Tp/Tp_S_CNN_M_N_ind00094_ind00094_10653.jpg,test,-1,ind00094
CASIA2/Tp/Tp_S_CNN_M_N_ind00095_ind00095_10656.jpg,train,3,ind00095
CASIA2/Tp/Tp_S_CNN_M_N_nat00041_nat00041_11071.jpg,train,2,nat00041
CASIA2/Tp/Tp_S_CNN_M_N_nat00044_nat00044_10557.jpg,train,4,nat00044
CASIA2/Tp/Tp_S_CNN_M_N_nat00047_nat00047_11068.jpg,test,-1,nat00047
CASIA2/Tp/Tp_S_CNN_M_N_nat00051_nat00051_11089.jpg,train,2,nat00051
CASIA2/Tp/Tp_S_CNN_M_N_nat00055_nat00055_10926.jpg,train,3,nat00055
CASIA2/Tp/Tp_S_CNN_M_N_nat00059_nat00059_10564.jpg,train,0,ani00010
CASIA2/Tp/Tp_S_CNN_M_N_nat00060_nat00060_10563.jpg,train,0,ani00010
CASIA2/Tp/Tp_S_CNN_M_N_nat00062_nat00062_10578.jpg,train,0,ani00010
CASIA2/Tp/Tp_S_CNN_M_N_nat00066_nat00066_10569.jpg,train,2,nat00066
CASIA2/Tp/Tp_S_CNN_M_N_nat00068_nat00068_10567.jpg,train,2,nat00068
CASIA2/Tp/Tp_S_CNN_M_N_nat00068_nat00068_10568.jpg,train,2,nat00068
CASIA2/Tp/Tp_S_CNN_M_N_nat00069_nat00069_10566.jpg,train,2,nat00069
CASIA2/Tp/Tp_S_CNN_M_N_nat00070_nat00070_10601.jpg,train,1,nat00070
CASIA2/Tp/Tp_S_CNN_M_N_nat00071_nat00071_10610.jpg,test,-1,nat00064
CASIA2/Tp/Tp_S_CNN_M_N_nat00072_nat00072_10565.jpg,train,1,nat00072
CASIA2/Tp/Tp_S_CNN_M_N_nat00073_nat00073_10592.jpg,train,1,nat00073
CASIA2/Tp/Tp_S_CNN_M_N_nat00074_nat00074_10449.tif,train,2,nat00074
CASIA2/Tp/Tp_S_CNN_M_N_nat00079_nat00079_10572.jpg,val,0,nat00079
CASIA2/Tp/Tp_S_CNN_M_N_nat00080_nat00080_10571.jpg,train,3,nat00080
CASIA2/Tp/Tp_S_CNN_M_N_nat00081_nat00081_10597.jpg,train,0,nat00081
CASIA2/Tp/Tp_S_CNN_M_N_nat00082_nat00082_10579.jpg,train,0,nat00082
CASIA2/Tp/Tp_S_CNN_M_N_nat00082_nat00082_10604.jpg,train,0,nat00082
CASIA2/Tp/Tp_S_CNN_M_N_nat00086_nat00086_10599.jpg,test,-1,nat00086
CASIA2/Tp/Tp_S_CNN_M_N_nat00088_nat00088_10580.jpg,train,1,nat00088
CASIA2/Tp/Tp_S_CNN_M_N_nat00092_nat00092_10595.jpg,train,1,nat00092
CASIA2/Tp/Tp_S_CNN_M_N_nat00093_nat00093_10587.jpg,train,3,nat00093
CASIA2/Tp/Tp_S_CNN_M_N_nat00095_nat00095_10598.jpg,train,0,ani00010
CASIA2/Tp/Tp_S_CNN_M_N_nat00096_nat00096_10600.jpg,train,0,nat00096
CASIA2/Tp/Tp_S_CNN_M_N_nat10151_nat10151_12110.jpg,train,3,nat10151
CASIA2/Tp/Tp_S_CNN_M_N_pla00007_pla00007_10941.jpg,train,4,pla00007
CASIA2/Tp/Tp_S_CNN_M_N_pla00012_pla00012_10968.jpg,train,2,pla00012
CASIA2/Tp/Tp_S_CNN_M_N_pla00030_pla00030_10148.tif,train,0,pla00030
CASIA2/Tp/Tp_S_CNN_M_N_pla00035_pla00035_10149.tif,val,2,pla00035
CASIA2/Tp/Tp_S_CNN_M_N_pla00074_pla00074_10620.jpg,train,4,pla00074
CASIA2/Tp/Tp_S_CNN_M_N_pla00076_pla00076_10622.jpg,train,2,pla00076
CASIA2/Tp/Tp_S_CNN_M_N_pla00077_pla00077_10624.jpg,train,0,pla00077
CASIA2/Tp/Tp_S_CNN_M_N_pla00080_pla00080_10458.tif,test,-1,pla00080
CASIA2/Tp/Tp_S_CNN_M_N_pla00081_pla00081_10628.jpg,val,1,pla00081
CASIA2/Tp/Tp_S_CNN_M_N_pla00082_pla00082_10461.tif,val,3,pla00082
CASIA2/Tp/Tp_S_CNN_M_N_pla00083_pla00083_10456.tif,train,2,pla00083
CASIA2/Tp/Tp_S_CNN_M_N_pla00084_pla00084_10453.tif,train,1,pla00084
CASIA2/Tp/Tp_S_CNN_M_N_pla00090_pla00090_10605.jpg,train,3,pla00090
CASIA2/Tp/Tp_S_CNN_M_N_pla00093_pla00093_10613.jpg,train,4,pla00093
CASIA2/Tp/Tp_S_CNN_M_N_pla00094_pla00094_10450.tif,train,2,pla00094
CASIA2/Tp/Tp_S_CNN_M_N_pla00094_pla00094_10614.jpg,train,2,pla00094
CASIA2/Tp/Tp_S_CNN_M_N_pla00095_pla00095_10609.jpg,train,2,pla00095
CASIA2/Tp/Tp_S_CNN_M_N_pla00097_pla00097_10615.jpg,test,-1,pla00097
CASIA2/Tp/Tp_S_CNN_M_N_pla00098_pla00098_10617.jpg,train,0,pla00098
CASIA2/Tp/Tp_S_CNN_M_N_pla10114_pla10114_10430.tif,test,-1,pla10114
CASIA2/Tp/Tp_S_CNN_M_N_pla10116_pla10116_10602.jpg,train,4,pla10116
CASIA2/Tp/Tp_S_CNN_M_N_sec00017_sec00017_10784.jpg,train,0,sec00017
CASIA2/Tp/Tp_S_CNN_M_N_sec00018_sec00018_10793.jpg,train,3,sec00018
CASIA2/Tp/Tp_S_CNN_M_N_sec00019_sec00019_10796.jpg,train,4,sec00019
CASIA2/Tp/Tp_S_CNN_M_N_sec00042_sec00042_10493.tif,train,1,sec00042
CASIA2/Tp/Tp_S_CNN_M_N_sec00042_sec00042_10494.tif,train,1,sec00042
CASIA2/Tp/Tp_S_CNN_M_N_sec00043_sec00043_10491.tif,test,-1,cha30686
CASIA2/Tp/Tp_S_CNN_M_N_sec00043_sec00043_10492.tif,test,-1,cha30686
CASIA2/Tp/Tp_S_CNN_M_N_sec00044_sec00044_10584.jpg,train,3,ind00095
CASIA2/Tp/Tp_S_CNN_M_N_sec00046_sec00046_10509.tif,train,3,sec00046
CASIA2/Tp/Tp_S_CNN_M_N_sec00047_sec00047_10585.jpg,val,0,sec00047
CASIA2/Tp/Tp_S_CNN_M_N_sec00081_sec00081_10350.tif,test,-1,sec00081
CASIA2/Tp/Tp_S_CNN_M_N_sec00081_sec00081_10351.tif,test,-1,sec00081
CASIA2/Tp/Tp_S_CNN_M_N_sec00083_sec00083_10354.tif,train,0,sec00083
CASIA2/Tp/Tp_S_CNN_M_N_sec00086_sec00086_10360.tif,train,0,sec00086
CASIA2/Tp/Tp_S_CNN_M_N_sec00087_sec00087_10361.tif,val,2,sec00087
CASIA2/Tp/Tp_S_CNN_M_N_sec00091_sec00091_10355.tif,train,2,sec00091
CASIA2/Tp/Tp_S_CNN_M_N_sec00092_sec00092_10358.tif,test,-1,sec00092
CASIA2/Tp/Tp_S_CNN_M_N_txt00005_txt00005_10838.jpg,test,-1,txt00005
CASIA2/Tp/Tp_S_CNN_M_N_txt00006_txt00006_10839.jpg,test,-1,txt00006
CASIA2/Tp/Tp_S_CNN_M_N_txt00010_txt00010_10844.jpg,train,4,txt00010
CASIA2/Tp/Tp_S_CNN_M_N_txt00011_txt00011_10845.jpg,train,1,txt00011
CASIA2/Tp/Tp_S_CNN_M_N_txt00016_txt00016_10833.jpg,val,2,txt00016
CASIA2/Tp/Tp_S_CNN_M_N_txt00020_txt00020_10840.jpg,train,2,txt00020
CASIA2/Tp/Tp_S_CNN_M_N_txt00021_txt00021_10866.jpg,train,3,txt00021
CASIA2/Tp/Tp_S_CNN_M_N_txt00026_txt00026_10329.tif,train,3,txt00026
CASIA2/Tp/Tp_S_CNN_M_N_txt00027_txt00027_10843.jpg,train,2,txt00027
CASIA2/Tp/Tp_S_CNN_M_N_txt00029_txt00029_10834.jpg,train,3,txt00029
CASIA2/Tp/Tp_S_CNN_M_N_txt00042_txt00042_10830.jpg,train,1,txt00042
CASIA2/Tp/Tp_S_CNN_M_N_txt00050_txt00050_10372.tif,val,2,txt00050
CASIA2/Tp/Tp_S_CNN_M_N_txt00055_txt00055_10826.jpg,val,2,txt00055
CASIA2/Tp/Tp_S_CNN_M_N_txt00072_txt00072_10204.tif,test,-1,txt00072
CASIA2/Tp/Tp_S_CNN_M_N_txt00077_txt00077_11296.jpg,train,2,txt00077
CASIA2/Tp/Tp_S_CNN_M_N_txt00085_txt00085_10822.jpg,test,-1,txt00085
CASIA2/Tp/Tp_S_CNN_M_N_txt00085_txt00085_11309.jpg,test,-1,txt00085
CASIA2/Tp/Tp_S_CNN_M_N_txt00086_txt00086_10823.jpg,train,0,txt00086
CASIA2/Tp/Tp_S_CNN_M_N_txt00086_txt00086_11312.jpg,train,0,txt00086
CASIA2/Tp/Tp_S_CNN_M_N_txt00089_txt00089_11313.jpg,train,0,txt00089
CASIA2/Tp/Tp_S_CNN_M_N_txt00091_txt00091_11314.jpg,train,2,txt00091
CASIA2/Tp/Tp_S_CNN_M_N_txt00094_txt00094_10161.tif,train,2,txt00094
CASIA2/Tp/Tp_S_CNN_M_N_txt00096_txt00096_10163.tif,train,1,txt00096
CASIA2/Tp/Tp_S_CNN_M_N_txt00098_txt00098_10153.tif,train,2,txt00098
CASIA2/Tp/Tp_S_CNN_M_N_txt00099_txt00099_10154.tif,train,0,ani00010
CASIA2/Tp/Tp_S_CNN_M_N_txt00099_txt00099_10156.tif,train,0,ani00010
CASIA2/Tp/Tp_S_CNN_M_N_txt00100_txt00100_10155.tif,train,2,txt00100
CASIA2/Tp/Tp_S_CNN_M_N_txt10101_txt10101_10150.tif,test,-1,txt10101
CASIA2/Tp/Tp_S_CNN_M_N_txt10101_txt10101_10151.tif,test,-1,txt10101
CASIA2/Tp/Tp_S_CNN_M_N_txt10107_txt10107_10812.jpg,train,0,txt10107
CASIA2/Tp/Tp_S_CNN_M_N_txt10107_txt10107_10813.jpg,train,0,txt10107
CASIA2/Tp/Tp_S_CNN_M_N_txt10107_txt10107_10867.jpg,train,0,txt10107
CASIA2/Tp/Tp_S_CNN_M_N_txt10110_txt10110_10862.jpg,train,0,txt10110
CASIA2/Tp/Tp_S_CNN_M_N_txt10113_txt10113_10865.jpg,train,3,txt10113
CASIA2/Tp/Tp_S_CNN_M_O_ani00097_ani00097_10101.tif,test,-1,ani00097
CASIA2/Tp/Tp_S_CNN_M_O_ani00097_ani00097_10133.tif,test,-1,ani00097
CASIA2/Tp/Tp_S_CNN_M_O_arc00030_arc00030_10067.tif,train,4,arc00030
CASIA2/Tp/Tp_S_CNN_M_O_arc00066_arc00066_10257.tif,train,3,arc00066
CASIA2/Tp/Tp_S_CNN_M_O_art00051_art00051_10280.tif,train,1,art00051
CASIA2/Tp/Tp_S_CNN_S_B_arc00092_arc00092_01042.tif,train,1,arc00092
CASIA2/Tp/Tp_S_CNN_S_B_arc00093_arc00093_01037.tif,val,3,arc00093
CASIA2/Tp/Tp_S_CNN_S_B_arc20018_arc20018_01471.tif,test,-1,arc20018
CASIA2/Tp/Tp_S_CNN_S_B_arc20018_arc20018_02160.tif,test,-1,arc20018
CASIA2/Tp/Tp_S_CNN_S_B_art00019_art00019_20023.jpg,train,3,art00019
CASIA2/Tp/Tp_S_CNN_S_B_art00031_art00031_01218.tif,train,3,art00031
CASIA2/Tp/Tp_S_CNN_S_B_art00046_art00046_11925.jpg,test,-1,art00046
CASIA2/Tp/Tp_S_CNN_S_B_art20065_art20065_02499.tif,val,1,art20064
CASIA2/Tp/Tp_S_CNN_S_B_cha00013_cha00013_00333.tif,train,4,cha00013
CASIA2/Tp/Tp_S_CNN_S_B_cha00047_cha00047_00367.tif,test,-1,cha00047
CASIA2/Tp/Tp_S_CNN_S_B_cha00053_cha00053_00373.tif,train,0,cha00053
CASIA2/Tp/Tp_S_CNN_S_B_cha10187_cha10187_12309.jpg,val,4,cha10187
CASIA2/Tp/Tp_S_CNN_S_B_cha20005_cha20005_02419.tif,val,0,cha10118
CASIA2/Tp/Tp_S_CNN_S_B_nat00016_nat00016_01000.tif,train,1,nat00016
CASIA2/Tp/Tp_S_CNN_S_B_nat00026_nat00026_00944.tif,train,4,nat00026
CASIA2/Tp/Tp_S_CNN_S_B_nat00079_nat00079_00985.tif,val,0,nat00079
CASIA2/Tp/Tp_S_CNN_S_B_nat00094_nat00094_11097.jpg,train,4,nat00094
CASIA2/Tp/Tp_S_CNN_S_B_nat10109_nat10109_11354.jpg,train,1,nat10109
CASIA2/Tp/Tp_S_CNN_S_B_nat10121_nat10121_11339.jpg,train,0,nat10121
CASIA2/Tp/Tp_S_CNN_S_B_pla00050_pla00050_01159.tif,train,1,pla00050
CASIA2/Tp/Tp_S_CNN_S_B_pla20010_pla20010_02393.tif,test,-1,pla20010
CASIA2/Tp/Tp_S_CNN_S_B_pla20100_pla20100_02000.tif,train,1,pla20100
CASIA2/Tp/Tp_S_CNN_S_B_sec00008_sec00008_00770.tif,test,-1,sec00008
CASIA2/Tp/Tp_S_CNN_S_B_sec00082_sec00082_00102.tif,test,-1,arc00082
CASIA2/Tp/Tp_S_CNN_S_B_sec00099_sec00099_00709.tif,train,3,sec00099
CASIA2/Tp/Tp_S_CNN_S_B_sec20003_sec20003_01438.tif,train,3,sec20003
CASIA2/Tp/Tp_S_CNN_S_B_sec20010_sec20010_01445.tif,train,1,sec20010
CASIA2/Tp/Tp_S_CNN_S_B_sec20012_sec20012_01447.tif,train,3,sec20012
CASIA2/Tp/Tp_S_CNN_S_B_sec20083_sec20083_01673.tif,train,2,sec20083
CASIA2/Tp/Tp_S_CNN_S_M_ind00055_ind00055_10908.jpg,train,1,ind00055
CASIA2/Tp/Tp_S_CNN_S_N_ani00052_ani00052_00172.tif,test,-1,ani00052
CASIA2/Tp/Tp_S_CNN_S_N_ani00055_ani00055_00175.tif,val,3,ani00055
CASIA2/Tp/Tp_S_CNN_S_N_ani00077_ani00077_10719.jpg,test,-1,ani00077
CASIA2/Tp/Tp_S_CNN_S_N_ani00079_ani00079_00821.tif,train,2,ani00079
CASIA2/Tp/Tp_S_CNN_S_N_ani00080_ani00080_00820.tif,train,0,ani00080
CASIA2/Tp/Tp_S_CNN_S_N_ani00090_ani00090_00210.tif,train,2,ani00090
CASIA2/Tp/Tp_S_CNN_S_N_ani00100_ani00100_01252.tif,train,4,ani00100
CASIA2/Tp/Tp_S_CNN_S_N_ani10129_ani10129_12470.jpg,train,3,ani10129
CASIA2/Tp/Tp_S_CNN_S_N_ani10160_ani10160_12495.jpg,train,0,ani10160
CASIA2/Tp/Tp_S_CNN_S_N_ani10180_ani10180_12424.jpg,val,2,ani10180
CASIA2/Tp/Tp_S_CNN_S_N_ani10193_ani10193_12441.jpg,val,3,ani10193
CASIA2/Tp/Tp_S_CNN_S_N_ani10196_ani10196_12404.jpg,val,3,ani10196
CASIA2/Tp/Tp_S_CNN_S_N_ani10199_ani10199_12408.jpg,train,4,ani10199
CASIA2/Tp/Tp_S_CNN_S_N_ani10204_ani10204_12416.jpg,val,3,ani10204
CASIA2/Tp/Tp_S_CNN_S_N_ani10211_ani10211_12374.jpg,val,2,ani10211
CASIA2/Tp/Tp_S_CNN_S_N_ani10221_ani10221_12392.jpg,train,0,ani10221
CASIA2/Tp/Tp_S_CNN_S_N_ani10224_ani10224_12475.jpg,train,0,ani10224
CASIA2/Tp/Tp_S_CNN_S_N_ani20006_ani20006_02049.tif,train,0,ani10224
CASIA2/Tp/Tp_S_CNN_S_N_ani20012_ani20012_02055.tif,test,-1,ani10136
CASIA2/Tp/Tp_S_CNN_S_N_ani20018_ani20018_02061.tif,train,1,ani10212
CASIA2/Tp/Tp_S_CNN_S_N_ani20023_ani20023_02066.tif,train,3,ani10147
CASIA2/Tp/Tp_S_CNN_S_N_ani20028_ani20028_02071.tif,val,4,ani10152
CASIA2/Tp/Tp_S_CNN_S_N_ani20031_ani20031_02074.tif,test,-1,ani10155
CASIA2/Tp/Tp_S_CNN_S_N_ani20032_ani20032_02075.tif,train,1,ani10156
CASIA2/Tp/Tp_S_CNN_S_N_ani20052_ani20052_02095.tif,train,4,ani10176
CASIA2/Tp/Tp_S_CNN_S_N_ani20067_ani20067_02109.tif,test,-1,ani10195
CASIA2/Tp/Tp_S_CNN_S_N_arc00011_arc00011_01110.tif,train,1,arc00011
CASIA2/Tp/Tp_S_CNN_S_N_arc00014_arc00014_01112.tif,val,2,arc00014
CASIA2/Tp/Tp_S_CNN_S_N_arc00018_arc00018_01116.tif,train,2,arc00018
CASIA2/Tp/Tp_S_CNN_S_N_arc00030_arc00030_00778.tif,train,4,arc00030
CASIA2/Tp/Tp_S_CNN_S_N_arc00037_arc00037_10144.tif,train,0,arc00037
CASIA2/Tp/Tp_S_CNN_S_N_arc00041_arc00041_01084.tif,val,2,arc00041
CASIA2/Tp/Tp_S_CNN_S_N_arc00047_arc00047_10240.tif,val,3,arc00047
CASIA2/Tp/Tp_S_CNN_S_N_arc00047_arc00047_10241.tif,val,3,arc00047
CASIA2/Tp/Tp_S_CNN_S_N_arc00048_arc00048_10243.tif,val,2,arc00048
CASIA2/Tp/Tp_S_CNN_S_N_arc00048_arc00048_10244.tif,val,2,arc00048
CASIA2/Tp/Tp_S_CNN_S_N_arc00049_arc00049_10247.tif,val,0,arc00049
CASIA2/Tp/Tp_S_CNN_S_N_arc00050_arc00050_01076.tif,train,3,arc00050
CASIA2/Tp/Tp_S_CNN_S_N_arc00050_arc00050_10246.tif,train,3,arc00050
CASIA2/Tp/Tp_S_CNN_S_N_arc00051_arc00051_10245.tif,train,4,arc00051
CASIA2/Tp/Tp_S_CNN_S_N_arc00061_arc00061_00281.tif,train,1,arc00061
CASIA2/Tp/Tp_S_CNN_S_N_arc00067_arc00067_10251.tif,train,2,arc00067
CASIA2/Tp/Tp_S_CNN_S_N_arc00073_arc00073_01054.tif,train,3,arc00073
CASIA2/Tp/Tp_S_CNN_S_N_arc00074_arc00074_01053.tif,train,1,arc00074
CASIA2/Tp/Tp_S_CNN_S_N_arc00083_arc00083_00303.tif,train,1,arc00083
CASIA2/Tp/Tp_S_CNN_S_N_arc00084_arc00084_10733.jpg,train,4,arc00084
CASIA2/Tp/Tp_S_CNN_S_N_arc10104_arc10104_10861.jpg,train,0,arc10104
CASIA2/Tp/Tp_S_CNN_S_N_arc20034_arc20034_01487.tif,val,1,arc20034
CASIA2/Tp/Tp_S_CNN_S_N_arc20042_arc20042_02178.tif,train,0,arc20042
CASIA2/Tp/Tp_S_CNN_S_N_arc20069_arc20069_01709.tif,val,3,arc20069
CASIA2/Tp/Tp_S_CNN_S_N_arc20100_arc20100_01740.tif,test,-1,arc20100
CASIA2/Tp/Tp_S_CNN_S_N_art00002_art00002_10440.tif,train,1,art00002
CASIA2/Tp/Tp_S_CNN_S_N_art00006_art00006_01196.tif,test,-1,art00006
CASIA2/Tp/Tp_S_CNN_S_N_art00014_art00014_01203.tif,test,-1,art00014
CASIA2/Tp/Tp_S_CNN_S_N_art00016_art00016_01205.tif,train,2,art00016
CASIA2/Tp/Tp_S_CNN_S_N_art00018_art00018_10278.tif,val,0,art00018
CASIA2/Tp/Tp_S_CNN_S_N_art00021_art00021_01208.tif,val,4,art00021
CASIA2/Tp/Tp_S_CNN_S_N_art00026_art00026_10548.tif,val,2,art00026
CASIA2/Tp/Tp_S_CNN_S_N_art00026_art00026_10736.jpg,val,2,art00026
CASIA2/Tp/Tp_S_CNN_S_N_art00032_art00032_10467.tif,train,4,art00032
CASIA2/Tp/Tp_S_CNN_S_N_art00053_art00053_01026.tif,train,3,art00053
CASIA2/Tp/Tp_S_CNN_S_N_art00056_art00056_00524.tif,test,-1,art00056
CASIA2/Tp/Tp_S_CNN_S_N_art00058_art00058_01233.tif,train,3,art00058
CASIA2/Tp/Tp_S_CNN_S_N_art00067_art00067_01239.tif,train,1,art00067
CASIA2/Tp/Tp_S_CNN_S_N_art00074_art00074_10537.tif,test,-1,art00074
CASIA2/Tp/Tp_S_CNN_S_N_art00077_art00077_00531.tif,train,1,art00077
CASIA2/Tp/Tp_S_CNN_S_N_art00080_art00080_01247.tif,train,0,art00080
CASIA2/Tp/Tp_S_CNN_S_N_art00081_art00081_10435.tif,val,0,art00081
CASIA2/Tp/Tp_S_CNN_S_N_art00083_art00083_00533.tif,test,-1,art00083
CASIA2/Tp/Tp_S_CNN_S_N_art00085_art00085_10283.tif,train,2,art00085
CASIA2/Tp/Tp_S_CNN_S_N_art00092_art00092_01250.tif,test,-1,art00092
CASIA2/Tp/Tp_S_CNN_S_N_art00097_art00097_01003.tif,train,3,art00097
CASIA2/Tp/Tp_S_CNN_S_N_art00100_art00100_01001.tif,train,1,art00100
CASIA2/Tp/Tp_S_CNN_S_N_art20002_art20002_01808.tif,train,1,art20002
CASIA2/Tp/Tp_S_CNN_S_N_art20003_art20003_01809.tif,train,4,art20003
CASIA2/Tp/Tp_S_CNN_S_N_art20006_art20006_02340.tif,train,2,art20006
CASIA2/Tp/Tp_S_CNN_S_N_art20031_art20031_01837.tif,train,0,art20031
CASIA2/Tp/Tp_S_CNN_S_N_art20053_art20053_01859.tif,train,2,art20053
CASIA2/Tp/Tp_S_CNN_S_N_art20056_art20056_02329.tif,train,3,art20056
CASIA2/Tp/Tp_S_CNN_S_N_art20058_art20058_01864.tif,val,0,art20058
CASIA2/Tp/Tp_S_CNN_S_N_art20060_art20060_01866.tif,test,-1,art20060
CASIA2/Tp/Tp_S_CNN_S_N_art20062_art20062_01868.tif,val,0,art20062
CASIA2/Tp/Tp_S_CNN_S_N_art20065_art20065_01870.tif,val,1,art20064
CASIA2/Tp/Tp_S_CNN_S_N_art20068_art20068_02322.tif,train,2,art20068
CASIA2/Tp/Tp_S_CNN_S_N_art20070_art20070_01876.tif,train,4,art20070
CASIA2/Tp/Tp_S_CNN_S_N_art20071_art20071_01877.tif,val,1,art20071
CASIA2/Tp/Tp_S_CNN_S_N_art20073_art20073_02320.tif,train,0,art20073
CASIA2/Tp/Tp_S_CNN_S_N_art20076_art20076_02317.tif,train,4,art20076
CASIA2/Tp/Tp_S_CNN_S_N_art20078_art20078_01884.tif,train,1,art20078
CASIA2/Tp/Tp_S_CNN_S_N_art20079_art20079_01885.tif,train,4,art20079
CASIA2/Tp/Tp_S_CNN_S_N_art20086_art20086_01892.tif,train,3,art20086
CASIA2/Tp/Tp_S_CNN_S_N_art20090_art20090_01896.tif,train,1,art20090
CASIA2/Tp/Tp_S_CNN_S_N_art20090_art20090_02307.tif,train,1,art20090
CASIA2/Tp/Tp_S_CNN_S_N_art20091_art20091_01897.tif,train,3,art20091
CASIA2/Tp/Tp_S_CNN_S_N_cha00009_cha00009_00329.tif,train,0,cha00009
CASIA2/Tp/Tp_S_CNN_S_N_cha00017_cha00017_10311.tif,train,3,cha00017
CASIA2/Tp/Tp_S_CNN_S_N_cha00033_cha00033_00353.tif,train,4,cha00033
CASIA2/Tp/Tp_S_CNN_S_N_cha00038_cha00038_00358.tif,train,2,cha00038
CASIA2/Tp/Tp_S_CNN_S_N_cha0003_cha00003_00323.tif,train,2,cha00003
CASIA2/Tp/Tp_S_CNN_S_N_cha00053_cha00053_11721.jpg,train,0,cha00053
CASIA2/Tp/Tp_S_CNN_S_N_cha00057_cha00057_10112.tif,train,1,cha00057
CASIA2/Tp/Tp_S_CNN_S_N_cha00057_cha00057_10113.tif,train,1,cha00057
CASIA2/Tp/Tp_S_CNN_S_N_cha00057_cha00057_10114.tif,train,1,cha00057
CASIA2/Tp/Tp_S_CNN_S_N_cha00064_cha00064_11018.jpg,val,4,cha00064
CASIA2/Tp/Tp_S_CNN_S_N_cha00072_cha00072_11025.jpg,train,4,cha00072
CASIA2/Tp/Tp_S_CNN_S_N_cha00080_cha00080_10188.tif,train,3,cha00080
CASIA2/Tp/Tp_S_CNN_S_N_cha00100_cha00100_10157.tif,train,4,cha00100
CASIA2/Tp/Tp_S_CNN_S_N_cha00100_cha00100_10158.tif,train,4,cha00100
CASIA2/Tp/Tp_S_CNN_S_N_cha10114_nat10114_12182.jpg,train,1,cha10114
CASIA2/Tp/Tp_S_CNN_S_N_cha10115_cha10115_12174.jpg,train,0,cha10115
CASIA2/Tp/Tp_S_CNN_S_N_cha10118_cha10118_12196.jpg,val,0,cha10118
CASIA2/Tp/Tp_S_CNN_S_N_cha10124_cha10124_12154.jpg,train,0,cha10124
CASIA2/Tp/Tp_S_CNN_S_N_cha10125_cha10125_12160.jpg,train,0,cha10125
CASIA2/Tp/Tp_S_CNN_S_N_cha10127_cha10127_12183.jpg,test,-1,cha10127
CASIA2/Tp/Tp_S_CNN_S_N_cha10137_cha10137_12209.jpg,train,1,cha10137
CASIA2/Tp/Tp_S_CNN_S_N_cha10140_cha10140_12197.jpg,train,2,cha10140
CASIA2/Tp/Tp_S_CNN_S_N_cha10161_cha10161_12255.jpg,train,2,cha10161
CASIA2/Tp/Tp_S_CNN_S_N_cha10178_cha10178_12289.jpg,train,0,cha10178
CASIA2/Tp/Tp_S_CNN_S_N_cha10183_cha10183_12318.jpg,train,4,cha10183
CASIA2/Tp/Tp_S_CNN_S_N_cha10186_cha10186_12311.jpg,train,1,cha10186
CASIA2/Tp/Tp_S_CNN_S_N_cha10207_cha10207_12341.jpg,val,3,cha10207
CASIA2/Tp/Tp_S_CNN_S_N_cha10207_cha10207_12348.jpg,val,3,cha10207
CASIA2/Tp/Tp_S_CNN_S_N_cha20003_cha20003_02002.tif,train,0,cha10116
CASIA2/Tp/Tp_S_CNN_S_N_cha20007_cha20007_02006.tif,train,4,cha10120
CASIA2/Tp/Tp_S_CNN_S_N_cha20020_cha20020_02019.tif,train,3,cha10159
CASIA2/Tp/Tp_S_CNN_S_N_cha20034_cha20034_02033.tif,train,3,cha10169
CASIA2/Tp/Tp_S_CNN_S_N_cha20045_cha20045_02044.tif,train,3,cha10158
CASIA2/Tp/Tp_S_CNN_S_N_ind00004_ind00004_00881.tif,val,3,ind00004
CASIA2/Tp/Tp_S_CNN_S_N_ind00008_ind00008_10420.tif,train,1,ind00008
CASIA2/Tp/Tp_S_CNN_S_N_ind00008_ind00008_10421.tif,train,1,ind00008
CASIA2/Tp/Tp_S_CNN_S_N_ind00009_ind00009_10414.tif,train,1,ind00009
CASIA2/Tp/Tp_S_CNN_S_N_ind00021_ind00021_01319.tif,train,4,ind00021
CASIA2/Tp/Tp_S_CNN_S_N_ind00024_ind00024_00439.tif,train,2,ind00024
CASIA2/Tp/Tp_S_CNN_S_N_ind00025_ind00025_01321.tif,test,-1,cha10101
CASIA2/Tp/Tp_S_CNN_S_N_ind00028_ind00028_11064.jpg,train,2,ind00028
CASIA2/Tp/Tp_S_CNN_S_N_ind00030_ind00030_00445.tif,train,1,ind00030
CASIA2/Tp/Tp_S_CNN_S_N_ind00032_ind00032_11059.jpg,train,4,ind00032
CASIA2/Tp/Tp_S_CNN_S_N_ind00036_ind00036_10873.jpg,val,3,ind00036
CASIA2/Tp/Tp_S_CNN_S_N_ind00040_ind00040_10876.jpg,train,4,ind00040
CASIA2/Tp/Tp_S_CNN_S_N_ind00040_ind00040_10878.jpg,train,4,ind00040
CASIA2/Tp/Tp_S_CNN_S_N_ind00041_ind00041_10882.jpg,val,1,ind00041
CASIA2/Tp/Tp_S_CNN_S_N_ind00041_ind00041_10883.jpg,val,1,ind00041
CASIA2/Tp/Tp_S_CNN_S_N_ind00046_ind00046_10889.jpg,train,2,ind00046
CASIA2/Tp/Tp_S_CNN_S_N_ind00059_ind00059_10714.jpg,train,2,ind00059
CASIA2/Tp/Tp_S_CNN_S_N_ind00070_ind00070_10695.jpg,train,1,ind00070
CASIA2/Tp/Tp_S_CNN_S_N_ind00082_ind00082_01366.tif,train,1,cha00034
CASIA2/Tp/Tp_S_CNN_S_N_ind00090_ind00090_10644.jpg,val,2,ind00053
CASIA2/Tp/Tp_S_CNN_S_N_ind00095_ind00095_10657.jpg,train,3,ind00095
CASIA2/Tp/Tp_S_CNN_S_N_ind00096_ind00096_10659.jpg,train,4,ani30741
CASIA2/Tp/Tp_S_CNN_S_N_ind20001_ind20001_02261.tif,train,1,ind20001
CASIA2/Tp/Tp_S_CNN_S_N_ind20007_ind20007_01748.tif,test,-1,ind20007
CASIA2/Tp/Tp_S_CNN_S_N_ind20018_ind20018_02275.tif,train,1,ind20018
CASIA2/Tp/Tp_S_CNN_S_N_ind20038_ind20038_02290.tif,train,4,ind20038
CASIA2/Tp/Tp_S_CNN_S_N_ind20044_ind20044_02292.tif,val,1,ind20044
CASIA2/Tp/Tp_S_CNN_S_N_ind20049_ind20049_01790.tif,train,0,ind20049
CASIA2/Tp/Tp_S_CNN_S_N_ind20053_ind20053_01794.tif,test,-1,ind20053
CASIA2/Tp/Tp_S_CNN_S_N_ind20055_ind20055_01796.tif,train,4,ind20055
CASIA2/Tp/Tp_S_CNN_S_N_ind20057_ind20057_01798.tif,train,4,ind20057
CASIA2/Tp/Tp_S_CNN_S_N_nat00009_nat00009_00629.tif,train,4,nat00009
CASIA2/Tp/Tp_S_CNN_S_N_nat00032_nat00032_00646.tif,train,2,nat00032
CASIA2/Tp/Tp_S_CNN_S_N_nat00040_nat00040_11072.jpg,val,2,nat00040
CASIA2/Tp/Tp_S_CNN_S_N_nat00043_nat00043_11069.jpg,train,1,nat00043
CASIA2/Tp/Tp_S_CNN_S_N_nat00053_nat00053_00663.tif,train,4,nat00053
CASIA2/Tp/Tp_S_CNN_S_N_nat00053_nat00053_11078.jpg,train,4,nat00053
CASIA2/Tp/Tp_S_CNN_S_N_nat00053_nat00053_11079.jpg,train,4,nat00053
CASIA2/Tp/Tp_S_CNN_S_N_nat00065_nat00065_00671.tif,val,3,nat00065
CASIA2/Tp/Tp_S_CNN_S_N_nat00073_nat00073_10590.jpg,train,1,nat00073
CASIA2/Tp/Tp_S_CNN_S_N_nat00078_nat00078_10573.jpg,train,4,nat00078
CASIA2/Tp/Tp_S_CNN_S_N_nat00082_nat00082_10603.jpg,train,0,nat00082
CASIA2/Tp/Tp_S_CNN_S_N_nat00087_nat00087_10582.jpg,test,-1,nat00087
CASIA2/Tp/Tp_S_CNN_S_N_nat00088_nat00088_10581.jpg,train,1,nat00088
CASIA2/Tp/Tp_S_CNN_S_N_nat00091_nat00091_11098.jpg,train,4,nat00091
CASIA2/Tp/Tp_S_CNN_S_N_nat00092_nat00092_10594.jpg,train,1,nat00092
CASIA2/Tp/Tp_S_CNN_S_N_nat10163_nat10163_12088.jpg,train,2,nat10163
CASIA2/Tp/Tp_S_CNN_S_N_nat20014_nat20014_02214.tif,train,1,nat20014
CASIA2/Tp/Tp_S_CNN_S_N_nat20037_nat20037_01541.tif,train,4,nat20037
CASIA2/Tp/Tp_S_CNN_S_N_nat20045_nat20045_01549.tif,train,3,nat20045
CASIA2/Tp/Tp_S_CNN_S_N_nat20049_nat20049_01553.tif,test,-1,nat20049
CASIA2/Tp/Tp_S_CNN_S_N_nat20058_nat20058_01562.tif,train,2,nat20058
CASIA2/Tp/Tp_S_CNN_S_N_nat20059_nat20059_02253.tif,train,3,nat20059
CASIA2/Tp/Tp_S_CNN_S_N_pla00001_pla00001_01123.tif,train,0,pla00001
CASIA2/Tp/Tp_S_CNN_S_N_pla00009_pla00009_01131.tif,train,3,pla00009
CASIA2/Tp/Tp_S_CNN_S_N_pla00010_pla00010_00549.tif,train,0,pla00010
CASIA2/Tp/Tp_S_CNN_S_N_pla00010_pla00010_01132.tif,train,0,pla00010
CASIA2/Tp/Tp_S_CNN_S_N_pla00013_pla00013_00552.tif,train,2,pla00013
CASIA2/Tp/Tp_S_CNN_S_N_pla00017_pla00017_01137.tif,test,-1,pla00017
CASIA2/Tp/Tp_S_CNN_S_N_pla00019_pla00019_00557.tif,test,-1,pla00019
CASIA2/Tp/Tp_S_CNN_S_N_pla00019_pla00019_01139.tif,test,-1,pla00019
CASIA2/Tp/Tp_S_CNN_S_N_pla00021_pla00021_01141.tif,train,1,pla00021
CASIA2/Tp/Tp_S_CNN_S_N_pla00024_pla00024_00561.tif,train,4,pla00024
CASIA2/Tp/Tp_S_CNN_S_N_pla00026_pla00026_01143.tif,train,2,pla00026
CASIA2/Tp/Tp_S_CNN_S_N_pla00029_pla00029_00565.tif,train,1,pla00029
CASIA2/Tp/Tp_S_CNN_S_N_pla00032_pla00032_10993.jpg,train,3,pla00032
CASIA2/Tp/Tp_S_CNN_S_N_pla00036_pla00036_00571.tif,train,2,pla00036
CASIA2/Tp/Tp_S_CNN_S_N_pla00041_pla00041_00576.tif,test,-1,pla00041
CASIA2/Tp/Tp_S_CNN_S_N_pla00043_pla00043_10996.jpg,train,1,pla00043
CASIA2/Tp/Tp_S_CNN_S_N_pla00045_pla00045_00580.tif,val,2,pla00045
CASIA2/Tp/Tp_S_CNN_S_N_pla00045_pla00045_10971.jpg,val,2,pla00045
CASIA2/Tp/Tp_S_CNN_S_N_pla00046_pla00046_00581.tif,test,-1,pla00046
CASIA2/Tp/Tp_S_CNN_S_N_pla00046_pla00046_01156.tif,test,-1,pla00046
CASIA2/Tp/Tp_S_CNN_S_N_pla00049_pla00049_10723.jpg,train,1,pla00049
CASIA2/Tp/Tp_S_CNN_S_N_pla00052_pla00052_01161.tif,val,4,pla00052
CASIA2/Tp/Tp_S_CNN_S_N_pla00055_pla00055_00589.tif,train,1,pla00055
CASIA2/Tp/Tp_S_CNN_S_N_pla00057_pla00057_01166.tif,train,3,pla00057
CASIA2/Tp/Tp_S_CNN_S_N_pla00058_pla00058_11209.jpg,test,-1,pla00058
CASIA2/Tp/Tp_S_CNN_S_N_pla00066_pla00066_00597.tif,train,4,pla00066
CASIA2/Tp/Tp_S_CNN_S_N_pla00067_pla00067_11217.jpg,test,-1,pla00067
CASIA2/Tp/Tp_S_CNN_S_N_pla00069_pla00069_01176.tif,train,0,pla00069
CASIA2/Tp/Tp_S_CNN_S_N_pla00069_pla00069_11215.jpg,train,0,pla00069
CASIA2/Tp/Tp_S_CNN_S_N_pla00078_pla00078_10854.jpg,train,0,pla00078
CASIA2/Tp/Tp_S_CNN_S_N_pla00081_pla00081_10629.jpg,val,1,pla00081
CASIA2/Tp/Tp_S_CNN_S_N_pla00099_pla00099_00620.tif,train,4,pla00099
CASIA2/Tp/Tp_S_CNN_S_N_pla10127_pla10127_12137.jpg,train,3,pla10127
CASIA2/Tp/Tp_S_CNN_S_N_pla20009_pla20009_01909.tif,train,0,pla20009
CASIA2/Tp/Tp_S_CNN_S_N_pla20034_pla20034_01934.tif,train,1,pla20034
CASIA2/Tp/Tp_S_CNN_S_N_pla20049_pla20049_01949.tif,test,-1,pla20049
CASIA2/Tp/Tp_S_CNN_S_N_pla20053_pla20053_01953.tif,train,4,pla20053
CASIA2/Tp/Tp_S_CNN_S_N_pla20054_pla20054_01954.tif,train,0,pla20054
CASIA2/Tp/Tp_S_CNN_S_N_pla20059_pla20059_01959.tif,train,4,pla20059
CASIA2/Tp/Tp_S_CNN_S_N_pla20062_pla20062_01962.tif,val,2,pla20062
CASIA2/Tp/Tp_S_CNN_S_N_pla20068_pla20068_01968.tif,train,1,pla20068
CASIA2/Tp/Tp_S_CNN_S_N_pla20069_pla20069_01969.tif,test,-1,pla20069
CASIA2/Tp/Tp_S_CNN_S_N_pla20069_pla20069_02366.tif,test,-1,pla20069
CASIA2/Tp/Tp_S_CNN_S_N_pla20094_pla20094_02348.tif,train,4,pla20094
CASIA2/Tp/Tp_S_CNN_S_N_sec00008_sec00008_10800.jpg,test,-1,sec00008
CASIA2/Tp/Tp_S_CNN_S_N_sec00022_sec00022_00043.tif,val,1,ind00014
CASIA2/Tp/Tp_S_CNN_S_N_sec00028_sec00028_10782.jpg,train,4,sec00028
CASIA2/Tp/Tp_S_CNN_S_N_sec00034_sec00034_11248.jpg,train,1,sec00034
CASIA2/Tp/Tp_S_CNN_S_N_sec00055_sec00055_11236.jpg,test,-1,sec00055
CASIA2/Tp/Tp_S_CNN_S_N_sec00066_sec00066_11257.jpg,train,0,sec00066
CASIA2/Tp/Tp_S_CNN_S_N_sec00076_sec00076_00097.tif,test,-1,sec00076
CASIA2/Tp/Tp_S_CNN_S_N_sec00084_sec00084_00104.tif,train,1,sec00084
CASIA2/Tp/Tp_S_CNN_S_N_sec00084_sec00084_10352.tif,train,1,sec00084
CASIA2/Tp/Tp_S_CNN_S_N_sec00087_sec00087_10362.tif,val,2,sec00087
CASIA2/Tp/Tp_S_CNN_S_N_sec00087_sec00087_11122.jpg,val,2,sec00087
CASIA2/Tp/Tp_S_CNN_S_N_sec00089_sec00089_10357.tif,val,4,sec00089
CASIA2/Tp/Tp_S_CNN_S_N_sec10115_sec10115_11531.jpg,train,2,sec10115
CASIA2/Tp/Tp_S_CNN_S_N_sec20002_sec20002_02115.tif,train,2,sec20002
CASIA2/Tp/Tp_S_CNN_S_N_sec20003_sec20003_02114.tif,train,3,sec20003
CASIA2/Tp/Tp_S_CNN_S_N_sec20015_sec20015_01605.tif,test,-1,sec20015
CASIA2/Tp/Tp_S_CNN_S_N_sec20023_sec20023_02123.tif,train,1,sec20023
CASIA2/Tp/Tp_S_CNN_S_N_sec20039_sec20039_02448.tif,train,3,sec20039
CASIA2/Tp/Tp_S_CNN_S_N_sec20062_sec20062_02149.tif,test,-1,sec20062
CASIA2/Tp/Tp_S_CNN_S_N_sec20079_sec20079_01669.tif,test,-1,sec20079
CASIA2/Tp/Tp_S_CNN_S_N_sec20083_sec20083_02143.tif,train,2,sec20083
CASIA2/Tp/Tp_S_CNN_S_N_sec20095_sec20095_01685.tif,train,3,sec20095
CASIA2/Tp/Tp_S_CNN_S_N_txt00007_txt00007_01265.tif,train,2,txt00007
CASIA2/Tp/Tp_S_CNN_S_N_txt00011_txt00011_01268.tif,train,1,txt00011
CASIA2/Tp/Tp_S_CNN_S_N_txt00014_txt00014_10846.jpg,test,-1,txt00014
CASIA2/Tp/Tp_S_CNN_S_N_txt00025_txt00025_01270.tif,train,0,txt00025
CASIA2/Tp/Tp_S_CNN_S_N_txt00028_txt00028_01269.tif,train,2,txt00028
CASIA2/Tp/Tp_S_CNN_S_N_txt00039_txt00039_11325.jpg,val,0,txt00039
CASIA2/Tp/Tp_S_CNN_S_N_txt00039_txt00039_11326.jpg,val,0,txt00039
CASIA2/Tp/Tp_S_CNN_S_N_txt00041_txt00041_00694.tif,train,3,txt00041
CASIA2/Tp/Tp_S_CNN_S_N_txt00041_txt00041_01273.tif,train,3,txt00041
CASIA2/Tp/Tp_S_CNN_S_N_txt00045_txt00045_00693.tif,train,3,txt00045
CASIA2/Tp/Tp_S_CNN_S_N_txt00045_txt00045_11324.jpg,train,3,txt00045
CASIA2/Tp/Tp_S_CNN_S_N_txt00046_txt00046_01274.tif,train,2,txt00046
CASIA2/Tp/Tp_S_CNN_S_N_txt00049_txt00049_01276.tif,train,1,txt00049
CASIA2/Tp/Tp_S_CNN_S_N_txt00050_txt00050_01277.tif,val,2,txt00050
CASIA2/Tp/Tp_S_CNN_S_N_txt00053_txt00053_01279.tif,val,3,txt00053
CASIA2/Tp/Tp_S_CNN_S_N_txt00054_txt00054_01280.tif,train,1,txt00054
CASIA2/Tp/Tp_S_CNN_S_N_txt00056_txt00056_01281.tif,train,1,txt00056
CASIA2/Tp/Tp_S_CNN_S_N_txt00059_txt00059_00692.tif,train,4,txt00059
CASIA2/Tp/Tp_S_CNN_S_N_txt00067_txt00067_01298.tif,train,4,txt00067
CASIA2/Tp/Tp_S_CNN_S_N_txt00071_txt00071_11299.jpg,test,-1,txt00071
CASIA2/Tp/Tp_S_CNN_S_N_txt00072_txt00072_01285.tif,test,-1,txt00072
CASIA2/Tp/Tp_S_CNN_S_N_txt00075_txt00075_00687.tif,train,2,txt00075
CASIA2/Tp/Tp_S_CNN_S_N_txt00075_txt00075_01300.tif,train,2,txt00075
CASIA2/Tp/Tp_S_CNN_S_N_txt00075_txt00075_11297.jpg,train,2,txt00075
CASIA2/Tp/Tp_S_CNN_S_N_txt00077_txt00077_01287.tif,train,2,txt00077
CASIA2/Tp/Tp_S_CNN_S_N_txt00081_txt00081_01292.tif,train,3,txt00081
CASIA2/Tp/Tp_S_CNN_S_N_txt00086_txt00086_11311.jpg,train,0,txt00086
CASIA2/Tp/Tp_S_CNN_S_N_txt00089_txt00089_00686.tif,train,0,txt00089
CASIA2/Tp/Tp_S_CNN_S_O_arc00033_arc00033_01091.tif,train,3,arc00033
CASIA2/Tp/Tp_S_CNN_S_O_ind00071_ind00071_10940.jpg,train,3,ind00071
CASIA2/Tp/Tp_S_CNN_S_O_pla10128_pla10128_12140.jpg,train,1,pla10128
CASIA2/Tp/Tp_S_CRD_M_B_sec00083_sec00083_11287.jpg,train,0,sec00083
CASIA2/Tp/Tp_S_CRD_M_N_arc10119_arc10119_10757.jpg,train,3,arc10119
CASIA2/Tp/Tp_S_CRD_M_N_art00007_art00007_10749.jpg,train,1,art00007
CASIA2/Tp/Tp_S_CRD_M_N_art00007_art00007_10750.jpg,train,1,art00007
CASIA2/Tp/Tp_S_CRD_M_N_art10110_art10110_11565.jpg,train,2,art10110
CASIA2/Tp/Tp_S_CRD_M_N_art10110_art10110_11570.jpg,train,2,art10110
CASIA2/Tp/Tp_S_CRD_M_N_ind00054_ind00054_10904.jpg,train,2,ind00054
CASIA2/Tp/Tp_S_CRD_M_N_sec00010_sec00010_10857.jpg,test,-1,sec00010
CASIA2/Tp/Tp_S_CRD_M_N_sec00016_sec00016_10791.jpg,train,2,sec00016
CASIA2/Tp/Tp_S_CRD_M_N_sec00018_sec00018_10792.jpg,train,3,sec00018
CASIA2/Tp/Tp_S_CRD_M_N_txt00098_txt00098_10152.tif,train,2,txt00098
CASIA2/Tp/Tp_S_CRD_S_B_ani00046_ani00046_00166.tif,train,3,ani00046
CASIA2/Tp/Tp_S_CRD_S_B_ani00047_ani00047_00167.tif,train,3,ani00046
CASIA2/Tp/Tp_S_CRD_S_B_ani00057_ani00057_00177.tif,train,0,ani00057
CASIA2/Tp/Tp_S_CRD_S_B_ani10138_ani10138_12500.jpg,train,4,ani10138
CASIA2/Tp/Tp_S_CRD_S_B_art00005_art00005_01430.tif,train,4,art00005
CASIA2/Tp/Tp_S_CRD_S_B_art00027_art00027_10765.jpg,test,-1,art00027
CASIA2/Tp/Tp_S_CRD_S_B_sec00002_sec00002_00022.tif,test,-1,sec00002
CASIA2/Tp/Tp_S_CRD_S_B_sec00068_sec00068_11254.jpg,train,2,sec00068
CASIA2/Tp/Tp_S_CRD_S_B_txt00020_txt00020_20024.jpg,train,2,txt00020
CASIA2/Tp/Tp_S_CRD_S_N_ani00067_ani00067_00187.tif,test,-1,ani00067
CASIA2/Tp/Tp_S_CRD_S_N_ani00091_ani00091_00211.tif,train,2,ani00091
CASIA2/Tp/Tp_S_CRD_S_N_arc00001_arc00001_00221.tif,train,0,arc00001
CASIA2/Tp/Tp_S_CRD_S_N_arc00085_arc00085_00305.tif,train,0,arc00085
CASIA2/Tp/Tp_S_CRD_S_N_arc20025_arc20025_02167.tif,train,2,arc20025
CASIA2/Tp/Tp_S_CRD_S_N_arc20083_arc20083_02189.tif,train,2,arc20083
CASIA2/Tp/Tp_S_CRD_S_N_arc20093_arc20093_02411.tif,test,-1,arc20093
CASIA2/Tp/Tp_S_CRD_S_N_art00009_art00009_01199.tif,train,2,art00009
CASIA2/Tp/Tp_S_CRD_S_N_art00048_art00048_01021.tif,train,4,art00048
CASIA2/Tp/Tp_S_CRD_S_N_cha00060_cha00060_00380.tif,train,3,cha00060
CASIA2/Tp/Tp_S_CRD_S_N_cha10113_cha10113_11544.jpg,train,2,cha10113
CASIA2/Tp/Tp_S_CRD_S_N_cha10145_cha10145_12240.jpg,train,1,cha10145
CASIA2/Tp/Tp_S_CRD_S_N_cha10154_cha10154_12264.jpg,train,1,cha10154
CASIA2/Tp/Tp_S_CRD_S_N_cha10154_cha10154_12265.jpg,train,1,cha10154
CASIA2/Tp/Tp_S_CRD_S_N_cha10197_cha10197_12366.jpg,train,3,cha10197
CASIA2/Tp/Tp_S_CRD_S_N_cha10204_cha10204_12351.jpg,train,1,cha10204
CASIA2/Tp/Tp_S_CRD_S_N_cha20039_cha20039_02038.tif,test,-1,cha10152
CASIA2/Tp/Tp_S_CRD_S_N_ind00036_ind00036_10874.jpg,val,3,ind00036
CASIA2/Tp/Tp_S_CRD_S_N_ind00039_ind00039_01330.tif,train,2,art30307
CASIA2/Tp/Tp_S_CRD_S_N_ind00047_ind00047_01337.tif,train,2,ind00046
CASIA2/Tp/Tp_S_CRD_S_N_ind00050_ind00050_10898.jpg,train,4,ind00050
CASIA2/Tp/Tp_S_CRD_S_N_ind00052_ind00052_01341.tif,val,0,ind00052
CASIA2/Tp/Tp_S_CRD_S_N_ind00052_ind00052_10402.tif,val,0,ind00052
CASIA2/Tp/Tp_S_CRD_S_N_ind00093_ind00093_01375.tif,train,0,ind00093
CASIA2/Tp/Tp_S_CRD_S_N_ind00094_ind00094_01376.tif,test,-1,ind00094
CASIA2/Tp/Tp_S_CRD_S_N_ind20020_ind20020_02277.tif,train,2,ind20020
CASIA2/Tp/Tp_S_CRD_S_N_pla00034_pla00034_01149.tif,train,3,pla00034
CASIA2/Tp/Tp_S_CRD_S_N_pla00076_pla00076_10623.jpg,train,2,pla00076
CASIA2/Tp/Tp_S_CRD_S_N_pla10003_pla10003_20098.jpg,train,4,pla10003
CASIA2/Tp/Tp_S_CRD_S_N_pla20002_pla20002_02398.tif,train,4,pla20002
CASIA2/Tp/Tp_S_CRD_S_N_sec00020_sec00020_00771.tif,train,3,sec00020
CASIA2/Tp/Tp_S_CRD_S_N_sec00025_sec00025_10776.jpg,train,0,sec00025
CASIA2/Tp/Tp_S_CRD_S_N_sec20002_sec20002_01437.tif,train,2,sec20002
CASIA2/Tp/Tp_S_CRD_S_N_txt00100_txt00100_01293.tif,train,2,txt00100
CASIA2/Tp/Tp_S_CRN_L_N_arc00053_arc00053_10248.tif,train,4,arc00053
CASIA2/Tp/Tp_S_CRN_M_B_ani00001_ani00001_10098.tif,train,1,ani00001
CASIA2/Tp/Tp_S_CRN_M_B_arc00086_arc00086_11197.jpg,val,1,arc00086
CASIA2/Tp/Tp_S_CRN_M_B_arc00099_arc00099_11191.jpg,val,1,arc00099
CASIA2/Tp/Tp_S_CRN_M_B_arc00100_arc00100_11192.jpg,val,4,arc00100
CASIA2/Tp/Tp_S_CRN_M_B_art00018_art00018_10034.tif,val,0,art00018
CASIA2/Tp/Tp_S_CRN_M_B_nat00031_nat00031_10095.tif,train,1,nat00031
CASIA2/Tp/Tp_S_CRN_M_B_nat00038_nat00038_10076.tif,train,3,nat00038
CASIA2/Tp/Tp_S_CRN_M_N_ani00099_ani00099_10094.tif,train,4,ani00099
CASIA2/Tp/Tp_S_CRN_M_N_arc00036_arc00036_10088.tif,test,-1,arc00036
CASIA2/Tp/Tp_S_CRN_M_N_arc00059_arc00059_10065.tif,train,1,arc00059
CASIA2/Tp/Tp_S_CRN_M_N_arc00059_arc00059_10082.tif,train,1,arc00059
CASIA2/Tp/Tp_S_CRN_M_N_arc00072_arc00072_10265.tif,train,0,arc00072
CASIA2/Tp/Tp_S_CRN_M_N_arc00073_arc00073_10266.tif,train,3,arc00073
CASIA2/Tp/Tp_S_CRN_M_N_arc00080_arc00080_10017.tif,train,3,arc00080
CASIA2/Tp/Tp_S_CRN_M_N_arc10111_arc10111_10730.jpg,train,2,arc10111
CASIA2/Tp/Tp_S_CRN_M_N_arc10111_arc10111_10731.jpg,train,2,arc10111
CASIA2/Tp/Tp_S_CRN_M_N_arc10111_arc10111_10732.jpg,train,2,arc10111
CASIA2/Tp/Tp_S_CRN_M_N_arc10119_arc10119_10756.jpg,train,3,arc10119
CASIA2/Tp/Tp_S_CRN_M_N_arc10127_arc10127_11892.jpg,test,-1,arc10127
CASIA2/Tp/Tp_S_CRN_M_N_art00003_art00003_10441.tif,train,2,art00003
CASIA2/Tp/Tp_S_CRN_M_N_art00008_art00008_10741.jpg,test,-1,art00008
CASIA2/Tp/Tp_S_CRN_M_N_art00008_art00008_10742.jpg,test,-1,art00008
CASIA2/Tp/Tp_S_CRN_M_N_art00008_art00008_10743.jpg,test,-1,art00008
CASIA2/Tp/Tp_S_CRN_M_N_art00016_art00016_10277.tif,train,2,art00016
CASIA2/Tp/Tp_S_CRN_M_N_art00021_art00021_10547.tif,val,4,art00021
CASIA2/Tp/Tp_S_CRN_M_N_art00024_art00024_10554.jpg,train,3,art00024
CASIA2/Tp/Tp_S_CRN_M_N_art00034_art00034_10546.tif,train,0,art00034
CASIA2/Tp/Tp_S_CRN_M_N_art00058_art00058_10530.tif,train,3,art00058
CASIA2/Tp/Tp_S_CRN_M_N_art00058_art00058_10531.tif,train,3,art00058
CASIA2/Tp/Tp_S_CRN_M_N_art00063_art00063_10525.tif,train,1,art00063
CASIA2/Tp/Tp_S_CRN_M_N_art00066_art00066_10473.tif,test,-1,art00066
CASIA2/Tp/Tp_S_CRN_M_N_art00077_art00077_11713.jpg,train,1,art00077
CASIA2/Tp/Tp_S_CRN_M_N_art00097_art00097_10304.tif,train,3,art00097
CASIA2/Tp/Tp_S_CRN_M_N_art00100_art00100_10018.tif,train,1,art00100
CASIA2/Tp/Tp_S_CRN_M_N_art10103_art10103_10261.tif,train,3,art10103
CASIA2/Tp/Tp_S_CRN_M_N_cha00017_cha00017_10312.tif,train,3,cha00017
CASIA2/Tp/Tp_S_CRN_M_N_cha00023_cha00023_10721.jpg,train,4,cha00023
CASIA2/Tp/Tp_S_CRN_M_N_cha00048_cha00048_11005.jpg,val,3,cha00048
CASIA2/Tp/Tp_S_CRN_M_N_cha00064_cha00064_11019.jpg,val,4,cha00064
CASIA2/Tp/Tp_S_CRN_M_N_cha10116_cha10116_12172.jpg,train,0,cha10116
CASIA2/Tp/Tp_S_CRN_M_N_cha10125_cha10125_12161.jpg,train,0,cha10125
CASIA2/Tp/Tp_S_CRN_M_N_ind00027_ind00027_10396.tif,train,2,ind00027
CASIA2/Tp/Tp_S_CRN_M_N_ind00033_ind00033_10400.tif,val,0,cha30322
CASIA2/Tp/Tp_S_CRN_M_N_ind00039_ind00039_10131.tif,train,2,art30307
CASIA2/Tp/Tp_S_CRN_M_N_ind00051_ind00051_10902.jpg,train,2,ind00051
CASIA2/Tp/Tp_S_CRN_M_N_nat00001_nat00001_10555.jpg,test,-1,nat00001
CASIA2/Tp/Tp_S_CRN_M_N_nat00001_nat00001_10556.jpg,test,-1,nat00001
CASIA2/Tp/Tp_S_CRN_M_N_nat00019_nat00019_11046.jpg,train,4,nat00019
CASIA2/Tp/Tp_S_CRN_M_N_nat00049_nat00049_11084.jpg,train,0,nat00049
CASIA2/Tp/Tp_S_CRN_M_N_nat00063_nat00063_10561.jpg,train,4,nat00063
CASIA2/Tp/Tp_S_CRN_M_N_nat00064_nat00064_10560.jpg,test,-1,nat00064
CASIA2/Tp/Tp_S_CRN_M_N_nat10137_nat10137_11930.jpg,train,2,nat10137
CASIA2/Tp/Tp_S_CRN_M_N_nat10161_nat10161_12079.jpg,train,2,nat10161
CASIA2/Tp/Tp_S_CRN_M_N_nat10164_nat00021_12098.jpg,val,1,nat10164
CASIA2/Tp/Tp_S_CRN_M_N_pla00037_pla00037_10981.jpg,train,0,pla00037
CASIA2/Tp/Tp_S_CRN_M_N_pla00046_pla00046_10992.jpg,test,-1,pla00046
CASIA2/Tp/Tp_S_CRN_M_N_pla00059_pla00059_10724.jpg,train,0,pla00059
CASIA2/Tp/Tp_S_CRN_M_N_pla00072_pla00072_10459.tif,train,4,pla00072
CASIA2/Tp/Tp_S_CRN_M_N_pla00086_pla00086_10626.jpg,train,0,pla00086
CASIA2/Tp/Tp_S_CRN_M_N_pla00086_pla00086_10627.jpg,train,0,pla00086
CASIA2/Tp/Tp_S_CRN_M_N_pla00088_pla00088_10852.jpg,train,4,pla00088
CASIA2/Tp/Tp_S_CRN_M_N_pla00092_pla00092_10608.jpg,test,-1,pla00092
CASIA2/Tp/Tp_S_CRN_M_N_sec00021_sec00021_10777.jpg,train,3,sec00021
CASIA2/Tp/Tp_S_CRN_M_N_sec00039_sec00039_10484.tif,train,3,sec00039
CASIA2/Tp/Tp_S_CRN_M_N_sec00045_sec00045_10487.tif,test,-1,sec00045
CASIA2/Tp/Tp_S_CRN_M_N_sec00053_sec00053_11243.jpg,train,4,sec00053
CASIA2/Tp/Tp_S_CRN_M_N_sec00097_sec00097_10130.tif,train,4,sec00097
CASIA2/Tp/Tp_S_CRN_M_N_txt00007_txt00007_10841.jpg,train,2,txt00007
CASIA2/Tp/Tp_S_CRN_M_N_txt00019_txt00019_10850.jpg,val,2,txt00013
CASIA2/Tp/Tp_S_CRN_M_N_txt00047_txt00047_11321.jpg,train,0,txt00047
CASIA2/Tp/Tp_S_CRN_M_N_txt00073_txt00073_11304.jpg,train,0,txt00073
CASIA2/Tp/Tp_S_CRN_M_N_txt00073_txt00073_11305.jpg,train,0,txt00073
CASIA2/Tp/Tp_S_CRN_M_N_txt00083_txt00083_10864.jpg,train,4,txt00083
CASIA2/Tp/Tp_S_CRN_M_N_txt00084_txt00084_11301.jpg,train,4,txt00084
CASIA2/Tp/Tp_S_CRN_M_N_txt00085_txt00085_11308.jpg,test,-1,txt00085
CASIA2/Tp/Tp_S_CRN_M_O_ind00064_ind00064_10686.jpg,test,-1,ind00064
CASIA2/Tp/Tp_S_CRN_S_B_arc00001_arc00001_11183.jpg,train,0,arc00001
CASIA2/Tp/Tp_S_CRN_S_B_arc00004_arc00004_11172.jpg,train,0,arc00004
CASIA2/Tp/Tp_S_CRN_S_B_arc00065_arc00065_11451.jpg,train,0,arc00065
CASIA2/Tp/Tp_S_CRN_S_B_arc00076_arc00076_11189.jpg,train,1,arc00076
CASIA2/Tp/Tp_S_CRN_S_B_arc00095_arc00095_01035.tif,train,4,arc00095
CASIA2/Tp/Tp_S_CRN_S_B_art00014_art00014_20054.jpg,test,-1,art00014
CASIA2/Tp/Tp_S_CRN_S_B_cha00021_cha00021_20025.jpg,val,2,cha00021
CASIA2/Tp/Tp_S_CRN_S_B_cha00085_cha00085_10180.tif,train,4,cha00085
CASIA2/Tp/Tp_S_CRN_S_B_cha10114_cha10114_12176.jpg,train,1,cha10114
CASIA2/Tp/Tp_S_CRN_S_B_cha10207_cha10207_12355.jpg,val,3,cha10207
CASIA2/Tp/Tp_S_CRN_S_B_ind00037_ind00037_10872.jpg,train,2,ind00037
CASIA2/Tp/Tp_S_CRN_S_B_pla00039_pla00039_10980.jpg,val,1,pla00039
CASIA2/Tp/Tp_S_CRN_S_B_pla00057_pla00057_11210.jpg,train,3,pla00057
CASIA2/Tp/Tp_S_CRN_S_B_pla10002_pla10002_20045.jpg,test,-1,pla10002
CASIA2/Tp/Tp_S_CRN_S_B_sec00060_sec00060_11266.jpg,val,0,sec00060
CASIA2/Tp/Tp_S_CRN_S_B_txt00031_txt00031_01272.tif,train,3,txt00031
CASIA2/Tp/Tp_S_CRN_S_M_pla00060_pla00060_11222.jpg,train,0,pla00060
CASIA2/Tp/Tp_S_CRN_S_N_ani00011_ani00011_00131.tif,test,-1,ani00011
CASIA2/Tp/Tp_S_CRN_S_N_ani00011_ani00011_10222.tif,test,-1,ani00011
CASIA2/Tp/Tp_S_CRN_S_N_ani00053_ani00053_00173.tif,train,2,ani00053
CASIA2/Tp/Tp_S_CRN_S_N_ani00054_ani00054_00174.tif,test,-1,ani00054
CASIA2/Tp/Tp_S_CRN_S_N_ani00088_ani00088_10138.tif,test,-1,ani00088
CASIA2/Tp/Tp_S_CRN_S_N_ani00098_ani00098_00218.tif,test,-1,ani00098
CASIA2/Tp/Tp_S_CRN_S_N_ani10119_ani10119_11608.jpg,train,2,ani10119
CASIA2/Tp/Tp_S_CRN_S_N_ani10141_ani10141_12480.jpg,val,3,ani10141
CASIA2/Tp/Tp_S_CRN_S_N_ani10145_ani10145_12476.jpg,train,0,ani10145
CASIA2/Tp/Tp_S_CRN_S_N_ani10154_ani10154_12464.jpg,train,0,ani10154
CASIA2/Tp/Tp_S_CRN_S_N_ani10155_ani10155_12485.jpg,test,-1,ani10155
CASIA2/Tp/Tp_S_CRN_S_N_ani10203_ani10203_12420.jpg,train,3,ani10203
CASIA2/Tp/Tp_S_CRN_S_N_ani10206_ani10206_12415.jpg,train,4,ani10206
CASIA2/Tp/Tp_S_CRN_S_N_ani10221_ani10221_12391.jpg,train,0,ani10221
CASIA2/Tp/Tp_S_CRN_S_N_ani10221_ani10221_12393.jpg,train,0,ani10221
CASIA2/Tp/Tp_S_CRN_S_N_arc00004_arc00004_11175.jpg,train,0,arc00004
CASIA2/Tp/Tp_S_CRN_S_N_arc00062_ani00005_11499.jpg,val,0,arc00062
CASIA2/Tp/Tp_S_CRN_S_N_arc00062_arc00062_11495.jpg,val,0,arc00062
CASIA2/Tp/Tp_S_CRN_S_N_arc00078_art00092_11881.jpg,val,4,arc00078
CASIA2/Tp/Tp_S_CRN_S_N_arc00085_arc00085_10728.jpg,train,0,arc00085
CASIA2/Tp/Tp_S_CRN_S_N_arc00098_arc00098_11795.jpg,train,3,arc00098
CASIA2/Tp/Tp_S_CRN_S_N_arc10127_arc10127_11891.jpg,test,-1,arc10127
CASIA2/Tp/Tp_S_CRN_S_N_arc10130_arc10130_11897.jpg,train,1,arc10130
CASIA2/Tp/Tp_S_CRN_S_N_arc10130_arc10130_11898.jpg,train,1,arc10130
CASIA2/Tp/Tp_S_CRN_S_N_arc20016_arc20016_02159.tif,val,1,arc20016
CASIA2/Tp/Tp_S_CRN_S_N_arc20043_arc20043_02179.tif,train,0,arc20043
CASIA2/Tp/Tp_S_CRN_S_N_art00005_art00005_11792.jpg,train,4,art00005
CASIA2/Tp/Tp_S_CRN_S_N_art00005_art00005_11793.jpg,train,4,art00005
CASIA2/Tp/Tp_S_CRN_S_N_art00015_art00015_01204.tif,test,-1,art00015
CASIA2/Tp/Tp_S_CRN_S_N_art00016_art00016_10274.tif,train,2,art00016
CASIA2/Tp/Tp_S_CRN_S_N_art00035_art00035_10468.tif,train,1,art00035
CASIA2/Tp/Tp_S_CRN_S_N_art00040_art00040_10462.tif,test,-1,art00040
CASIA2/Tp/Tp_S_CRN_S_N_art00040_art00040_10464.tif,test,-1,art00040
CASIA2/Tp/Tp_S_CRN_S_N_art00059_art00059_10508.tif,train,1,art00059
CASIA2/Tp/Tp_S_CRN_S_N_art00065_art00065_01238.tif,test,-1,art00065
CASIA2/Tp/Tp_S_CRN_S_N_art00079_art00079_10287.tif,test,-1,art00079
CASIA2/Tp/Tp_S_CRN_S_N_art00099_art00099_11715.jpg,train,2,art00099
CASIA2/Tp/Tp_S_CRN_S_N_art10109_art10109_11572.jpg,train,2,art10109
CASIA2/Tp/Tp_S_CRN_S_N_art10114_art10114_11596.jpg,train,1,art10114
CASIA2/Tp/Tp_S_CRN_S_N_art20002_art20002_02497.tif,train,1,art20002
CASIA2/Tp/Tp_S_CRN_S_N_art20003_art20003_02496.tif,train,4,art20003
CASIA2/Tp/Tp_S_CRN_S_N_art20022_art20022_01828.tif,val,0,art20022
CASIA2/Tp/Tp_S_CRN_S_N_art20052_art20052_01858.tif,train,4,art20052
CASIA2/Tp/Tp_S_CRN_S_N_art20059_art20059_01865.tif,train,2,art20059
CASIA2/Tp/Tp_S_CRN_S_N_art20061_art20061_01867.tif,train,4,art20061
CASIA2/Tp/Tp_S_CRN_S_N_art20066_art20066_02324.tif,train,3,art20066
CASIA2/Tp/Tp_S_CRN_S_N_art20067_art20067_02323.tif,val,0,art20067
CASIA2/Tp/Tp_S_CRN_S_N_art20072_art20072_02321.tif,val,3,art20072
CASIA2/Tp/Tp_S_CRN_S_N_art20075_art20075_01881.tif,test,-1,art20075
CASIA2/Tp/Tp_S_CRN_S_N_art20075_art20075_02318.tif,test,-1,art20075
CASIA2/Tp/Tp_S_CRN_S_N_art20083_art20083_01889.tif,train,2,art20083
CASIA2/Tp/Tp_S_CRN_S_N_art20093_art20093_01899.tif,test,-1,art20093
CASIA2/Tp/Tp_S_CRN_S_N_cha00021_cha00021_11182.jpg,val,2,cha00021
CASIA2/Tp/Tp_S_CRN_S_N_cha00038_cha00038_11031.jpg,train,2,cha00038
CASIA2/Tp/Tp_S_CRN_S_N_cha00040_cha00040_11032.jpg,val,4,cha00040
CASIA2/Tp/Tp_S_CRN_S_N_cha00040_cha00040_11034.jpg,val,4,cha00040
CASIA2/Tp/Tp_S_CRN_S_N_cha00045_cha00045_11007.jpg,train,0,cha00045
CASIA2/Tp/Tp_S_CRN_S_N_cha00053_cha00053_11720.jpg,train,0,cha00053
CASIA2/Tp/Tp_S_CRN_S_N_cha00064_cha00064_00384.tif,val,4,cha00064
CASIA2/Tp/Tp_S_CRN_S_N_cha00090_cha00090_10175.tif,train,1,cha00090
CASIA2/Tp/Tp_S_CRN_S_N_cha10113_cha10113_11543.jpg,train,2,cha10113
CASIA2/Tp/Tp_S_CRN_S_N_cha10115_cha10115_12173.jpg,train,0,cha10115
CASIA2/Tp/Tp_S_CRN_S_N_cha10120_cha10120_12164.jpg,train,4,cha10120
CASIA2/Tp/Tp_S_CRN_S_N_cha10135_cha10135_12206.jpg,val,1,cha10135
CASIA2/Tp/Tp_S_CRN_S_N_cha10143_cha10143_12227.jpg,test,-1,cha10143
CASIA2/Tp/Tp_S_CRN_S_N_cha10152_cha10152_12218.jpg,test,-1,cha10152
CASIA2/Tp/Tp_S_CRN_S_N_cha10159_cha10159_12332.jpg,train,3,cha10159
CASIA2/Tp/Tp_S_CRN_S_N_cha10160_cha10160_12259.jpg,train,2,cha10160
CASIA2/Tp/Tp_S_CRN_S_N_cha10161_cha10161_12257.jpg,train,2,cha10161
CASIA2/Tp/Tp_S_CRN_S_N_cha10163_cha10163_12248.jpg,train,0,cha10163
CASIA2/Tp/Tp_S_CRN_S_N_cha10164_cha10164_12246.jpg,val,3,cha10164
CASIA2/Tp/Tp_S_CRN_S_N_cha10165_cha10165_12242.jpg,train,4,cha10165
CASIA2/Tp/Tp_S_CRN_S_N_cha10167_cha10167_12297.jpg,train,2,cha10167
CASIA2/Tp/Tp_S_CRN_S_N_cha10168_cha10168_12299.jpg,test,-1,cha10168
CASIA2/Tp/Tp_S_CRN_S_N_cha10177_cha10177_12287.jpg,train,1,cha10177
CASIA2/Tp/Tp_S_CRN_S_N_cha10179_cha10179_12277.jpg,test,-1,cha10179
CASIA2/Tp/Tp_S_CRN_S_N_cha10184_cha10184_12316.jpg,train,3,cha10184
CASIA2/Tp/Tp_S_CRN_S_N_cha10190_cha10190_12326.jpg,val,4,cha10190
CASIA2/Tp/Tp_S_CRN_S_N_cha10190_cha10190_12327.jpg,val,4,cha10190
CASIA2/Tp/Tp_S_CRN_S_N_cha10199_cha10199_12359.jpg,test,-1,cha10199
CASIA2/Tp/Tp_S_CRN_S_N_cha10200_cha10200_12358.jpg,train,2,cha10200
CASIA2/Tp/Tp_S_CRN_S_N_cha10201_cha10201_12357.jpg,train,3,cha10201
CASIA2/Tp/Tp_S_CRN_S_N_cha10205_cha10205_12350.jpg,train,2,cha10205
CASIA2/Tp/Tp_S_CRN_S_N_cha10206_cha10207_12346.jpg,val,2,cha10206
CASIA2/Tp/Tp_S_CRN_S_N_cha10207_cha10207_12347.jpg,val,3,cha10207
CASIA2/Tp/Tp_S_CRN_S_N_cha20007_cha20007_02421.tif,train,4,cha10120
CASIA2/Tp/Tp_S_CRN_S_N_cha20011_cha20011_02010.tif,train,0,cha10124
CASIA2/Tp/Tp_S_CRN_S_N_cha20037_cha20037_02036.tif,train,4,cha10170
CASIA2/Tp/Tp_S_CRN_S_N_ind00013_ind00013_10410.tif,train,3,ind00013
CASIA2/Tp/Tp_S_CRN_S_N_ind00023_ind00023_10705.jpg,val,3,ind00023
CASIA2/Tp/Tp_S_CRN_S_N_ind00036_ind00036_10875.jpg,val,3,ind00036
CASIA2/Tp/Tp_S_CRN_S_N_ind00040_ind00040_10877.jpg,train,4,ind00040
CASIA2/Tp/Tp_S_CRN_S_N_ind00042_ind00042_10884.jpg,train,0,ind00042
CASIA2/Tp/Tp_S_CRN_S_N_ind00044_sec00007_00453.tif,train,4,ind00044
CASIA2/Tp/Tp_S_CRN_S_N_ind00045_ind00045_10914.jpg,train,1,ind00045
CASIA2/Tp/Tp_S_CRN_S_N_ind00046_ind00046_10888.jpg,train,2,ind00046
CASIA2/Tp/Tp_S_CRN_S_N_ind00046_ind00046_10892.jpg,train,2,ind00046
CASIA2/Tp/Tp_S_CRN_S_N_ind00048_ind00048_10896.jpg,train,2,ind00048
CASIA2/Tp/Tp_S_CRN_S_N_ind00049_ind00049_10918.jpg,train,4,ind00049
CASIA2/Tp/Tp_S_CRN_S_N_ind00050_ind00050_01339.tif,train,4,ind00050
CASIA2/Tp/Tp_S_CRN_S_N_ind00050_ind00050_10899.jpg,train,4,ind00050
CASIA2/Tp/Tp_S_CRN_S_N_ind00050_ind00050_10900.jpg,train,4,ind00050
CASIA2/Tp/Tp_S_CRN_S_N_ind00051_ind00051_01340.tif,train,2,ind00051
CASIA2/Tp/Tp_S_CRN_S_N_ind00051_ind00051_10901.jpg,train,2,ind00051
CASIA2/Tp/Tp_S_CRN_S_N_ind00056_ind00056_10911.jpg,test,-1,ind00056
CASIA2/Tp/Tp_S_CRN_S_N_ind00057_ind00057_10916.jpg,val,4,ind00057
CASIA2/Tp/Tp_S_CRN_S_N_ind00058_ind00058_10427.tif,test,-1,ind00058
CASIA2/Tp/Tp_S_CRN_S_N_ind00064_ind00064_10685.jpg,test,-1,ind00064
CASIA2/Tp/Tp_S_CRN_S_N_ind00066_ind00066_10691.jpg,val,0,ind00066
CASIA2/Tp/Tp_S_CRN_S_N_ind00073_ind00073_10699.jpg,train,1,ind00073
CASIA2/Tp/Tp_S_CRN_S_N_ind00081_ind00081_00479.tif,val,3,ind00081
CASIA2/Tp/Tp_S_CRN_S_N_ind00084_ind00084_10672.jpg,train,1,ind00084
CASIA2/Tp/Tp_S_CRN_S_N_ind00093_ind00093_10652.jpg,train,0,ind00093
CASIA2/Tp/Tp_S_CRN_S_N_ind20016_ind20016_01757.tif,train,4,ind20016
CASIA2/Tp/Tp_S_CRN_S_N_ind20017_ind20017_01758.tif,train,1,ind20017
CASIA2/Tp/Tp_S_CRN_S_N_ind20024_ind20024_01765.tif,train,0,ind20024
CASIA2/Tp/Tp_S_CRN_S_N_ind20044_ind20044_01785.tif,val,1,ind20044
CASIA2/Tp/Tp_S_CRN_S_N_ind20050_ind20050_01791.tif,test,-1,ind20050
CASIA2/Tp/Tp_S_CRN_S_N_nat00014_nat00014_20055.jpg,train,1,nat00014
CASIA2/Tp/Tp_S_CRN_S_N_nat00055_nat00055_10925.jpg,train,3,nat00055
CASIA2/Tp/Tp_S_CRN_S_N_nat00065_nat00065_10559.jpg,val,3,nat00065
CASIA2/Tp/Tp_S_CRN_S_N_nat00076_nat00076_10593.jpg,train,1,nat00076
CASIA2/Tp/Tp_S_CRN_S_N_nat00098_nat00098_10063.tif,val,1,nat00098
CASIA2/Tp/Tp_S_CRN_S_N_nat10111_nat10111_11361.jpg,val,0,nat10111
CASIA2/Tp/Tp_S_CRN_S_N_nat10135_nat10135_11914.jpg,val,4,nat10135
CASIA2/Tp/Tp_S_CRN_S_N_nat10140_nat10140_11953.jpg,train,1,nat10140
CASIA2/Tp/Tp_S_CRN_S_N_nat10145_nat10145_11977.jpg,train,1,nat10145
CASIA2/Tp/Tp_S_CRN_S_N_nat10168_nat10168_12101.jpg,train,3,nat10168
CASIA2/Tp/Tp_S_CRN_S_N_pla00004_pla00004_10938.jpg,val,0,pla00004
CASIA2/Tp/Tp_S_CRN_S_N_pla00005_pla00005_01127.tif,train,2,pla00005
CASIA2/Tp/Tp_S_CRN_S_N_pla00034_pla00034_00569.tif,train,3,pla00034
CASIA2/Tp/Tp_S_CRN_S_N_pla00034_pla00034_10982.jpg,train,3,pla00034
CASIA2/Tp/Tp_S_CRN_S_N_pla00038_pla00038_10987.jpg,val,3,pla00038
CASIA2/Tp/Tp_S_CRN_S_N_pla00045_pla00045_10972.jpg,val,2,pla00045
CASIA2/Tp/Tp_S_CRN_S_N_pla00053_pla00053_11211.jpg,train,2,pla00053
CASIA2/Tp/Tp_S_CRN_S_N_pla00059_pla00059_01168.tif,train,0,pla00059
CASIA2/Tp/Tp_S_CRN_S_N_pla00060_pla00060_01169.tif,train,0,pla00060
CASIA2/Tp/Tp_S_CRN_S_N_pla00064_pla00064_11220.jpg,train,2,pla00064
CASIA2/Tp/Tp_S_CRN_S_N_pla00070_pla00070_11216.jpg,train,0,pla00070
CASIA2/Tp/Tp_S_CRN_S_N_pla00073_pla00073_00601.tif,train,4,pla00073
CASIA2/Tp/Tp_S_CRN_S_N_pla00074_pla00074_10619.jpg,train,4,pla00074
CASIA2/Tp/Tp_S_CRN_S_N_pla00092_pla00092_10606.jpg,test,-1,pla00092
CASIA2/Tp/Tp_S_CRN_S_N_pla00092_pla00092_10607.jpg,test,-1,pla00092
CASIA2/Tp/Tp_S_CRN_S_N_pla20002_pla20002_01902.tif,train,4,pla20002
CASIA2/Tp/Tp_S_CRN_S_N_pla20012_pla20012_01912.tif,test,-1,pla20012
CASIA2/Tp/Tp_S_CRN_S_N_pla20035_pla20035_01935.tif,train,1,pla20035
CASIA2/Tp/Tp_S_CRN_S_N_pla20037_pla20037_01937.tif,train,1,pla20037
CASIA2/Tp/Tp_S_CRN_S_N_pla20055_pla20055_01955.tif,train,1,pla20055
CASIA2/Tp/Tp_S_CRN_S_N_pla20058_pla20058_01958.tif,train,1,pla20058
CASIA2/Tp/Tp_S_CRN_S_N_pla20064_pla20064_01964.tif,test,-1,pla20064
CASIA2/Tp/Tp_S_CRN_S_N_pla20065_pla20065_01965.tif,train,0,pla20065
CASIA2/Tp/Tp_S_CRN_S_N_pla20066_pla20066_01966.tif,train,1,pla20066
CASIA2/Tp/Tp_S_CRN_S_N_pla20067_pla20067_01967.tif,train,3,pla20067
CASIA2/Tp/Tp_S_CRN_S_N_pla20071_pla20071_02365.tif,train,2,pla20071
CASIA2/Tp/Tp_S_CRN_S_N_sec00008_sec00008_10803.jpg,test,-1,sec00008
CASIA2/Tp/Tp_S_CRN_S_N_sec00014_sec00014_11233.jpg,test,-1,sec00014
CASIA2/Tp/Tp_S_CRN_S_N_sec00020_sec00020_10795.jpg,train,3,sec00020
CASIA2/Tp/Tp_S_CRN_S_N_sec00022_sec00022_00749.tif,val,1,ind00014
CASIA2/Tp/Tp_S_CRN_S_N_sec00022_sec00022_10806.jpg,val,1,ind00014
CASIA2/Tp/Tp_S_CRN_S_N_sec00033_sec00033_00054.tif,test,-1,sec00033
CASIA2/Tp/Tp_S_CRN_S_N_sec00034_sec00034_00055.tif,train,1,sec00034
CASIA2/Tp/Tp_S_CRN_S_N_sec00046_sec00046_10137.tif,train,3,sec00046
CASIA2/Tp/Tp_S_CRN_S_N_sec00048_sec00048_11247.jpg,train,0,sec00048
CASIA2/Tp/Tp_S_CRN_S_N_sec00053_sec00053_11244.jpg,train,4,sec00053
CASIA2/Tp/Tp_S_CRN_S_N_sec00055_sec00055_11234.jpg,test,-1,sec00055
CASIA2/Tp/Tp_S_CRN_S_N_sec00056_sec00056_11271.jpg,test,-1,sec00056
CASIA2/Tp/Tp_S_CRN_S_N_sec00066_sec00066_11256.jpg,train,0,sec00066
CASIA2/Tp/Tp_S_CRN_S_N_sec00097_sec00097_10128.tif,train,4,sec00097
CASIA2/Tp/Tp_S_CRN_S_N_sec00097_sec00097_10129.tif,train,4,sec00097
CASIA2/Tp/Tp_S_CRN_S_N_sec00099_sec00099_00119.tif,train,3,sec00099
CASIA2/Tp/Tp_S_CRN_S_N_sec20046_sec20046_02146.tif,train,0,sec20046
CASIA2/Tp/Tp_S_CRN_S_N_sec20051_sec20051_01641.tif,val,2,sec20051
CASIA2/Tp/Tp_S_CRN_S_N_sec20052_sec20052_01642.tif,train,4,sec20052
CASIA2/Tp/Tp_S_CRN_S_N_sec20089_sec20089_01679.tif,val,4,sec20089
CASIA2/Tp/Tp_S_CRN_S_N_txt00013_txt00013_20056.jpg,val,2,txt00013
CASIA2/Tp/Tp_S_CRN_S_N_txt00045_txt00045_11322.jpg,train,3,txt00045
CASIA2/Tp/Tp_S_CRN_S_N_txt00047_txt00047_01275.tif,train,0,txt00047
CASIA2/Tp/Tp_S_CRN_S_N_txt00048_txt00048_11318.jpg,train,0,txt00048
CASIA2/Tp/Tp_S_CRN_S_N_txt00048_txt00048_11319.jpg,train,0,txt00048
CASIA2/Tp/Tp_S_CRN_S_N_txt00051_txt00051_01278.tif,val,4,txt00051
CASIA2/Tp/Tp_S_CRN_S_N_txt00073_txt00073_01291.tif,train,0,txt00073
CASIA2/Tp/Tp_S_CRN_S_N_txt00073_txt00073_11306.jpg,train,0,txt00073
CASIA2/Tp/Tp_S_CRN_S_N_txt00073_txt00073_11307.jpg,train,0,txt00073
CASIA2/Tp/Tp_S_CRN_S_N_txt00083_txt00083_10863.jpg,train,4,txt00083
CASIA2/Tp/Tp_S_CRN_S_N_txt00086_txt00086_01295.tif,train,0,txt00086
CASIA2/Tp/Tp_S_CRN_S_O_art00040_art00040_10463.tif,test,-1,art00040
CASIA2/Tp/Tp_S_CRN_S_O_ind00002_ind00002_10053.tif,train,4,ind00002
CASIA2/Tp/Tp_S_CnN_S_N_txt00071_txt00071_01297.tif,test,-1,txt00071
CASIA2/Tp/Tp_S_NND_M_B_arc10107_arc10107_11164.jpg,test,-1,arc10107
CASIA2/Tp/Tp_S_NND_M_B_arc10107_arc10107_11165.jpg,test,-1,arc10107
CASIA2/Tp/Tp_S_NND_M_B_arc10125_arc10125_11888.jpg,train,4,arc10125
CASIA2/Tp/Tp_S_NND_M_N_ani00002_ani00002_00122.tif,train,2,ani00002
CASIA2/Tp/Tp_S_NND_M_N_arc00012_arc00012_11151.jpg,train,2,arc00012
CASIA2/Tp/Tp_S_NND_M_N_art00049_art00049_10528.tif,train,0,art00049
CASIA2/Tp/Tp_S_NND_M_N_nat00022_nat00022_11040.jpg,train,0,nat00022
CASIA2/Tp/Tp_S_NND_M_N_nat00023_nat00023_10342.tif,train,1,nat00023
CASIA2/Tp/Tp_S_NND_M_N_sec00006_sec00006_00026.tif,val,1,sec00006
CASIA2/Tp/Tp_S_NND_M_N_sec00017_sec00017_00038.tif,train,0,sec00017
CASIA2/Tp/Tp_S_NND_S_B_ani00076_ani00076_00017.tif,train,1,ani00076
CASIA2/Tp/Tp_S_NND_S_B_arc00003_arc00003_01102.tif,train,4,arc00003
CASIA2/Tp/Tp_S_NND_S_B_arc00028_arc00028_01094.tif,val,4,arc00028
CASIA2/Tp/Tp_S_NND_S_B_arc00060_arc00060_01066.tif,train,0,arc00060
CASIA2/Tp/Tp_S_NND_S_B_arc20049_arc20049_01502.tif,train,0,arc20049
CASIA2/Tp/Tp_S_NND_S_B_art00004_ani00077_01194.tif,train,3,art00004
CASIA2/Tp/Tp_S_NND_S_B_art00010_art00010_01200.tif,train,0,art00010
CASIA2/Tp/Tp_S_NND_S_B_art00011_art00011_01201.tif,train,4,art00011
CASIA2/Tp/Tp_S_NND_S_B_art00075_art00075_01245.tif,test,-1,art00075
CASIA2/Tp/Tp_S_NND_S_B_art00092_art00092_01006.tif,test,-1,art00092
CASIA2/Tp/Tp_S_NND_S_B_art20004_art20004_02341.tif,train,0,art20004
CASIA2/Tp/Tp_S_NND_S_B_ind00048_ind00048_01338.tif,train,2,ind00048
CASIA2/Tp/Tp_S_NND_S_B_ind00071_ind00071_01358.tif,train,3,ind00071
CASIA2/Tp/Tp_S_NND_S_B_ind00091_ind00091_01373.tif,test,-1,ind00091
CASIA2/Tp/Tp_S_NND_S_B_ind20008_ind20008_01749.tif,val,0,ind20008
CASIA2/Tp/Tp_S_NND_S_B_ind20008_ind20008_02268.tif,val,0,ind20008
CASIA2/Tp/Tp_S_NND_S_B_nat20007_nat20007_02207.tif,train,1,nat20007
CASIA2/Tp/Tp_S_NND_S_B_nat20008_nat20008_02208.tif,train,0,nat20008
CASIA2/Tp/Tp_S_NND_S_B_nat20026_arc20001_02226.tif,train,4,nat20026
CASIA2/Tp/Tp_S_NND_S_B_nat20046_nat20046_01550.tif,train,2,nat20046
CASIA2/Tp/Tp_S_NND_S_B_nat20052_nat20052_01556.tif,train,4,nat20052
CASIA2/Tp/Tp_S_NND_S_B_pla20081_pla20081_02359.tif,train,2,pla20081
CASIA2/Tp/Tp_S_NND_S_B_pla20084_pla20084_02357.tif,train,0,pla20084
CASIA2/Tp/Tp_S_NND_S_B_sec00041_sec00041_00062.tif,train,0,sec00041
CASIA2/Tp/Tp_S_NND_S_B_sec00046_sec00046_01433.tif,train,3,sec00046
CASIA2/Tp/Tp_S_NND_S_B_sec00081_sec00081_00035.tif,test,-1,sec00081
CASIA2/Tp/Tp_S_NND_S_N_ani00012_ani00012_00132.tif,train,4,ani00012
CASIA2/Tp/Tp_S_NND_S_N_ani00015_ani00015_00135.tif,train,0,ani00015
CASIA2/Tp/Tp_S_NND_S_N_ani00032_ani00032_00016.tif,val,0,ani00032
CASIA2/Tp/Tp_S_NND_S_N_ani00037_ani00037_00832.tif,train,3,ani00037
CASIA2/Tp/Tp_S_NND_S_N_ani00048_ani00048_00168.tif,train,4,ani00048
CASIA2/Tp/Tp_S_NND_S_N_ani00062_ani00062_00182.tif,val,2,ani00062
CASIA2/Tp/Tp_S_NND_S_N_ani00072_ani00072_00192.tif,train,4,ani00072
CASIA2/Tp/Tp_S_NND_S_N_ani00074_ani00074_00194.tif,train,2,ani00074
CASIA2/Tp/Tp_S_NND_S_N_ani00086_ani00086_00815.tif,test,-1,ani00086
CASIA2/Tp/Tp_S_NND_S_N_ani00088_ani00088_00208.tif,test,-1,ani00088
CASIA2/Tp/Tp_S_NND_S_N_ani20009_ani20009_02438.tif,test,-1,ani10133
CASIA2/Tp/Tp_S_NND_S_N_ani20015_ani20015_02058.tif,train,4,ani10213
CASIA2/Tp/Tp_S_NND_S_N_ani20022_ani20022_02440.tif,val,3,ani10146
CASIA2/Tp/Tp_S_NND_S_N_ani20025_ani20025_02068.tif,test,-1,ani10149
CASIA2/Tp/Tp_S_NND_S_N_ani20029_ani20029_02072.tif,train,0,ani10153
CASIA2/Tp/Tp_S_NND_S_N_ani20030_ani20030_02073.tif,train,0,ani10154
CASIA2/Tp/Tp_S_NND_S_N_ani20035_ani20035_02442.tif,train,1,ani10159
CASIA2/Tp/Tp_S_NND_S_N_ani20051_ani20051_02094.tif,val,1,ani10175
CASIA2/Tp/Tp_S_NND_S_N_ani20055_ani20055_02098.tif,test,-1,ani10179
CASIA2/Tp/Tp_S_NND_S_N_ani20060_ani20060_02102.tif,val,3,ani10196
CASIA2/Tp/Tp_S_NND_S_N_arc00008_arc00008_00228.tif,train,4,arc00008
CASIA2/Tp/Tp_S_NND_S_N_arc00012_arc00012_01111.tif,train,2,arc00012
CASIA2/Tp/Tp_S_NND_S_N_arc00019_arc00019_01117.tif,train,3,arc00019
CASIA2/Tp/Tp_S_NND_S_N_arc00072_arc00072_01055.tif,train,0,arc00072
CASIA2/Tp/Tp_S_NND_S_N_arc00077_arc00077_01051.tif,train,3,arc00077
CASIA2/Tp/Tp_S_NND_S_N_arc00088_arc00088_01041.tif,train,2,arc00088
CASIA2/Tp/Tp_S_NND_S_N_arc20005_arc20005_02153.tif,train,3,arc20005
CASIA2/Tp/Tp_S_NND_S_N_arc20010_arc20010_01463.tif,val,3,arc20010
CASIA2/Tp/Tp_S_NND_S_N_arc20019_arc20019_01472.tif,train,2,arc20019
CASIA2/Tp/Tp_S_NND_S_N_arc20020_arc20020_02470.tif,train,2,arc20020
CASIA2/Tp/Tp_S_NND_S_N_arc20025_arc20025_01478.tif,train,2,arc20025
CASIA2/Tp/Tp_S_NND_S_N_arc20026_arc20026_01479.tif,test,-1,arc20026
CASIA2/Tp/Tp_S_NND_S_N_arc20065_arc20065_02196.tif,test,-1,arc20065
CASIA2/Tp/Tp_S_NND_S_N_arc20073_arc20073_02193.tif,train,4,arc20073
CASIA2/Tp/Tp_S_NND_S_N_arc20076_arc20076_01716.tif,train,0,arc20076
CASIA2/Tp/Tp_S_NND_S_N_arc20094_arc20094_01734.tif,train,1,arc20094
CASIA2/Tp/Tp_S_NND_S_N_arc20097_arc20097_01737.tif,train,2,arc20097
CASIA2/Tp/Tp_S_NND_S_N_art00025_art00025_01212.tif,train,1,art00025
CASIA2/Tp/Tp_S_NND_S_N_art00038_art00038_01224.tif,train,2,art00038
CASIA2/Tp/Tp_S_NND_S_N_art00071_art00071_01242.tif,train,2,art00071
CASIA2/Tp/Tp_S_NND_S_N_art00077_art00077_01394.tif,train,1,art00077
CASIA2/Tp/Tp_S_NND_S_N_art00078_art00078_01246.tif,test,-1,art00078
CASIA2/Tp/Tp_S_NND_S_N_art00091_art00091_01007.tif,train,2,art00091
CASIA2/Tp/Tp_S_NND_S_N_art00092_art00092_00006.tif,test,-1,art00092
CASIA2/Tp/Tp_S_NND_S_N_art10114_art10114_11597.jpg,train,1,art10114
CASIA2/Tp/Tp_S_NND_S_N_art20014_art20014_01820.tif,val,1,art20014
CASIA2/Tp/Tp_S_NND_S_N_art20020_art20020_01826.tif,train,4,art20020
CASIA2/Tp/Tp_S_NND_S_N_art20055_art20055_02330.tif,train,0,art20055
CASIA2/Tp/Tp_S_NND_S_N_art20063_art20063_02326.tif,val,1,art20063
CASIA2/Tp/Tp_S_NND_S_N_cha00027_cha00027_00347.tif,val,2,cha00027
CASIA2/Tp/Tp_S_NND_S_N_cha00049_cha00049_00852.tif,test,-1,cha00049
CASIA2/Tp/Tp_S_NND_S_N_cha00067_cha00067_00858.tif,train,2,cha00067
CASIA2/Tp/Tp_S_NND_S_N_cha00074_cha00074_00394.tif,train,4,cha00074
CASIA2/Tp/Tp_S_NND_S_N_cha00076_cha00076_10189.tif,train,3,cha00076
CASIA2/Tp/Tp_S_NND_S_N_cha00091_cha00091_00878.tif,train,4,cha00091
CASIA2/Tp/Tp_S_NND_S_N_cha00092_cha00092_00412.tif,test,-1,cha00092
CASIA2/Tp/Tp_S_NND_S_N_cha10144_cha10144_12231.jpg,train,4,cha10144
CASIA2/Tp/Tp_S_NND_S_N_cha20003_cha20003_02418.tif,train,0,cha10116
CASIA2/Tp/Tp_S_NND_S_N_cha20024_cha20024_02425.tif,train,1,cha10137
CASIA2/Tp/Tp_S_NND_S_N_cha20025_cha20025_02024.tif,train,2,cha10200
CASIA2/Tp/Tp_S_NND_S_N_cha20028_cha20028_02027.tif,train,1,cha10180
CASIA2/Tp/Tp_S_NND_S_N_cha20040_cha20040_02039.tif,train,3,cha10153
CASIA2/Tp/Tp_S_NND_S_N_ind00005_ind00005_10416.tif,train,0,ind00005
CASIA2/Tp/Tp_S_NND_S_N_ind00010_ind00010_00885.tif,val,0,ind00010
CASIA2/Tp/Tp_S_NND_S_N_ind00018_ind00018_00434.tif,train,1,ind00018
CASIA2/Tp/Tp_S_NND_S_N_ind00021_ind00021_00437.tif,train,4,ind00021
CASIA2/Tp/Tp_S_NND_S_N_ind00035_ind00035_01326.tif,train,1,ind00035
CASIA2/Tp/Tp_S_NND_S_N_ind00040_ind00040_10881.jpg,train,4,ind00040
CASIA2/Tp/Tp_S_NND_S_N_ind00048_ind00048_10897.jpg,train,2,ind00048
CASIA2/Tp/Tp_S_NND_S_N_ind00058_ind00058_01347.tif,test,-1,ind00058
CASIA2/Tp/Tp_S_NND_S_N_ind00066_ind00066_00468.tif,val,0,ind00066
CASIA2/Tp/Tp_S_NND_S_N_ind00067_ind00067_10688.jpg,test,-1,ind00067
CASIA2/Tp/Tp_S_NND_S_N_ind00068_ind00068_01355.tif,val,3,ind00068
CASIA2/Tp/Tp_S_NND_S_N_ind00077_ind00077_10680.jpg,train,2,ind00077
CASIA2/Tp/Tp_S_NND_S_N_ind00100_ind00100_01379.tif,train,3,ind00100
CASIA2/Tp/Tp_S_NND_S_N_ind10101_ind10101_11116.jpg,train,0,ind10101
CASIA2/Tp/Tp_S_NND_S_N_ind10101_ind10101_11118.jpg,train,0,ind10101
CASIA2/Tp/Tp_S_NND_S_N_ind20002_ind20002_02262.tif,train,1,ind20002
CASIA2/Tp/Tp_S_NND_S_N_ind20006_ind20006_01747.tif,val,3,ind20006
CASIA2/Tp/Tp_S_NND_S_N_ind20008_ind20008_02270.tif,val,0,ind20008
CASIA2/Tp/Tp_S_NND_S_N_ind20012_ind20012_01753.tif,test,-1,ind20012
CASIA2/Tp/Tp_S_NND_S_N_ind20013_ind20013_01754.tif,train,2,ind20013
CASIA2/Tp/Tp_S_NND_S_N_ind20023_ind20023_01764.tif,train,0,ind20023
CASIA2/Tp/Tp_S_NND_S_N_ind20029_ind20029_01770.tif,test,-1,ind20029
CASIA2/Tp/Tp_S_NND_S_N_nat00033_nat00033_00647.tif,train,1,nat00033
CASIA2/Tp/Tp_S_NND_S_N_nat20002_nat20002_01506.tif,train,1,nat20002
CASIA2/Tp/Tp_S_NND_S_N_nat20004_nat20004_02204.tif,train,2,nat20004
CASIA2/Tp/Tp_S_NND_S_N_nat20006_nat20006_01510.tif,train,4,nat20006
CASIA2/Tp/Tp_S_NND_S_N_nat20012_nat20012_01516.tif,test,-1,nat20012
CASIA2/Tp/Tp_S_NND_S_N_nat20039_nat20039_02237.tif,test,-1,nat20039
CASIA2/Tp/Tp_S_NND_S_N_nat20067_nat20067_01571.tif,test,-1,nat20067
CASIA2/Tp/Tp_S_NND_S_N_nat20069_nat20069_01573.tif,test,-1,nat20069
CASIA2/Tp/Tp_S_NND_S_N_nat20093_nat20093_01597.tif,train,1,nat20093
CASIA2/Tp/Tp_S_NND_S_N_nat20097_nat20097_02260.tif,train,2,nat20097
CASIA2/Tp/Tp_S_NND_S_N_pla00001_pla00001_00541.tif,train,0,pla00001
CASIA2/Tp/Tp_S_NND_S_N_pla00007_pla00007_01129.tif,train,4,pla00007
CASIA2/Tp/Tp_S_NND_S_N_pla00048_pla00048_01157.tif,train,3,pla00048
CASIA2/Tp/Tp_S_NND_S_N_pla00078_pla00078_10451.tif,train,0,pla00078
CASIA2/Tp/Tp_S_NND_S_N_pla00078_pla00078_10452.tif,train,0,pla00078
CASIA2/Tp/Tp_S_NND_S_N_pla00079_pla00079_01182.tif,test,-1,pla00079
CASIA2/Tp/Tp_S_NND_S_N_pla20010_pla20010_01910.tif,test,-1,pla20010
CASIA2/Tp/Tp_S_NND_S_N_pla20021_pla20021_01921.tif,train,4,pla20021
CASIA2/Tp/Tp_S_NND_S_N_pla20042_pla20042_01942.tif,train,1,pla20042
CASIA2/Tp/Tp_S_NND_S_N_pla20050_pla20050_02378.tif,train,1,pla20050
CASIA2/Tp/Tp_S_NND_S_N_pla20062_pla20062_02370.tif,val,2,pla20062
CASIA2/Tp/Tp_S_NND_S_N_pla20084_pla20084_01984.tif,train,0,pla20084
CASIA2/Tp/Tp_S_NND_S_N_pla20097_pla20097_02345.tif,train,4,pla20097
CASIA2/Tp/Tp_S_NND_S_N_sec00003_sec00003_00739.tif,train,1,sec00003
CASIA2/Tp/Tp_S_NND_S_N_sec00007_sec00007_00769.tif,train,2,sec00007
CASIA2/Tp/Tp_S_NND_S_N_sec00009_sec00009_10858.jpg,train,2,sec00009
CASIA2/Tp/Tp_S_NND_S_N_sec00042_sec00042_00063.tif,train,1,sec00042
CASIA2/Tp/Tp_S_NND_S_N_sec00052_sec00052_00073.tif,train,1,sec00052
CASIA2/Tp/Tp_S_NND_S_N_sec00056_sec00056_00077.tif,test,-1,sec00056
CASIA2/Tp/Tp_S_NND_S_N_sec00059_sec00059_11267.jpg,val,1,sec00059
CASIA2/Tp/Tp_S_NND_S_N_sec00059_sec00059_11269.jpg,val,1,sec00059
CASIA2/Tp/Tp_S_NND_S_N_sec00068_sec00068_00089.tif,train,2,sec00068
CASIA2/Tp/Tp_S_NND_S_N_sec00069_sec00069_00090.tif,train,1,sec00069
CASIA2/Tp/Tp_S_NND_S_N_sec20009_sec20009_02119.tif,train,0,sec20009
CASIA2/Tp/Tp_S_NND_S_N_sec20022_sec20022_01612.tif,train,3,sec20022
CASIA2/Tp/Tp_S_NND_S_N_sec20024_sec20024_01614.tif,val,2,sec20024
CASIA2/Tp/Tp_S_NND_S_N_sec20025_sec20025_01615.tif,train,0,sec20025
CASIA2/Tp/Tp_S_NND_S_N_sec20027_sec20027_01617.tif,train,2,sec20027
CASIA2/Tp/Tp_S_NND_S_N_sec20028_sec20028_01618.tif,train,4,sec20028
CASIA2/Tp/Tp_S_NND_S_N_sec20029_sec20029_01619.tif,test,-1,sec20029
CASIA2/Tp/Tp_S_NND_S_N_sec20030_sec20030_01620.tif,test,-1,sec20030
CASIA2/Tp/Tp_S_NND_S_N_sec20036_sec20036_01626.tif,train,2,sec20036
CASIA2/Tp/Tp_S_NND_S_N_sec20039_sec20039_01629.tif,train,3,sec20039
CASIA2/Tp/Tp_S_NND_S_N_sec20059_sec20059_01649.tif,val,0,sec20059
CASIA2/Tp/Tp_S_NND_S_N_sec20064_sec20064_01654.tif,train,3,sec20064
CASIA2/Tp/Tp_S_NND_S_N_sec20068_sec20068_01658.tif,train,1,sec20068
CASIA2/Tp/Tp_S_NND_S_N_sec20099_sec20099_01689.tif,train,0,sec20099
CASIA2/Tp/Tp_S_NNN_M_B_arc10118_arc10118_10780.jpg,train,4,arc10118
CASIA2/Tp/Tp_S_NNN_M_B_arc10129_arc10129_11893.jpg,test,-1,arc10129
CASIA2/Tp/Tp_S_NNN_M_B_nat10156_nat10156_12028.jpg,test,-1,nat10156
CASIA2/Tp/Tp_S_NNN_M_B_txt00097_txt00097_10162.tif,train,1,txt00097
CASIA2/Tp/Tp_S_NNN_M_N_ani00017_ani00017_10209.tif,test,-1,ani00017
CASIA2/Tp/Tp_S_NNN_M_N_ani00020_ani00020_10211.tif,train,0,ani00020
CASIA2/Tp/Tp_S_NNN_M_N_ani00021_ani00021_00141.tif,train,3,ani00021
CASIA2/Tp/Tp_S_NNN_M_N_ani00021_ani00021_10210.tif,train,3,ani00021
CASIA2/Tp/Tp_S_NNN_M_N_ani00022_ani00022_10208.tif,train,4,ani00022
CASIA2/Tp/Tp_S_NNN_M_N_ani00032_ani00032_00152.tif,val,0,ani00032
CASIA2/Tp/Tp_S_NNN_M_N_ani00058_ani00058_11505.jpg,train,1,ani00058
CASIA2/Tp/Tp_S_NNN_M_N_ani00074_ani00074_10444.tif,train,2,ani00074
CASIA2/Tp/Tp_S_NNN_M_N_ani00074_ani00074_10445.tif,train,2,ani00074
CASIA2/Tp/Tp_S_NNN_M_N_ani00074_ani00074_10446.tif,train,2,ani00074
CASIA2/Tp/Tp_S_NNN_M_N_ani00078_ani00078_10497.tif,test,-1,ani00078
CASIA2/Tp/Tp_S_NNN_M_N_ani10125_ani10125_12396.jpg,train,3,ani10125
CASIA2/Tp/Tp_S_NNN_M_N_ani10217_ani10217_12369.jpg,val,3,ani10217
CASIA2/Tp/Tp_S_NNN_M_N_arc00002_arc00002_11186.jpg,train,4,arc00002
CASIA2/Tp/Tp_S_NNN_M_N_arc00078_arc00078_11879.jpg,val,4,arc00078
CASIA2/Tp/Tp_S_NNN_M_N_arc00094_arc00094_10720.jpg,val,3,arc00094
CASIA2/Tp/Tp_S_NNN_M_N_arc10118_arc10118_10779.jpg,train,4,arc10118
CASIA2/Tp/Tp_S_NNN_M_N_arc10126_arc10126_11890.jpg,train,4,arc10126
CASIA2/Tp/Tp_S_NNN_M_N_arc10129_arc10129_11894.jpg,test,-1,arc10129
CASIA2/Tp/Tp_S_NNN_M_N_art00033_art00033_10552.tif,train,0,art00033
CASIA2/Tp/Tp_S_NNN_M_N_art00039_art00039_10545.tif,val,0,art00039
CASIA2/Tp/Tp_S_NNN_M_N_art00043_art00043_10540.tif,train,4,art00043
CASIA2/Tp/Tp_S_NNN_M_N_art00043_art00043_10542.tif,train,4,art00043
CASIA2/Tp/Tp_S_NNN_M_N_art00045_art00045_10747.jpg,test,-1,art00045
CASIA2/Tp/Tp_S_NNN_M_N_art00050_art00050_10535.tif,train,1,art00050
CASIA2/Tp/Tp_S_NNN_M_N_art00054_art00054_10538.tif,test,-1,art00054
CASIA2/Tp/Tp_S_NNN_M_N_art00061_art00061_10520.tif,train,1,art00061
CASIA2/Tp/Tp_S_NNN_M_N_art00062_art00062_10517.tif,train,3,art00062
CASIA2/Tp/Tp_S_NNN_M_N_art00068_art00068_10460.tif,train,3,art00068
CASIA2/Tp/Tp_S_NNN_M_N_art00075_art00075_10516.tif,test,-1,art00075
CASIA2/Tp/Tp_S_NNN_M_N_art00084_art00084_10521.tif,train,3,art00084
CASIA2/Tp/Tp_S_NNN_M_N_cha00043_cha00043_11009.jpg,train,1,cha00043
CASIA2/Tp/Tp_S_NNN_M_N_cha00044_cha00044_11008.jpg,val,3,cha00044
CASIA2/Tp/Tp_S_NNN_M_N_cha00074_cha00074_10191.tif,train,4,cha00074
CASIA2/Tp/Tp_S_NNN_M_N_cha00086_cha00086_10869.jpg,train,0,cha00086
CASIA2/Tp/Tp_S_NNN_M_N_cha10156_cha10156_12249.jpg,test,-1,cha10156
CASIA2/Tp/Tp_S_NNN_M_N_cha10180_cha10180_12295.jpg,train,1,cha10180
CASIA2/Tp/Tp_S_NNN_M_N_ind00071_ind00071_10696.jpg,train,3,ind00071
CASIA2/Tp/Tp_S_NNN_M_N_ind00079_ind00079_10664.jpg,val,2,ind00079
CASIA2/Tp/Tp_S_NNN_M_N_ind00080_ind00080_10666.jpg,train,0,ind00080
CASIA2/Tp/Tp_S_NNN_M_N_ind00080_ind00080_10667.jpg,train,0,ind00080
CASIA2/Tp/Tp_S_NNN_M_N_ind00098_ind00098_10660.jpg,test,-1,ani30795
CASIA2/Tp/Tp_S_NNN_M_N_ind00100_ind00100_10631.jpg,train,3,ind00100
CASIA2/Tp/Tp_S_NNN_M_N_ind10102_ind10102_11550.jpg,train,0,ind10102
CASIA2/Tp/Tp_S_NNN_M_N_nat00017_nat00017_11049.jpg,val,2,nat00017
CASIA2/Tp/Tp_S_NNN_M_N_nat00028_nat00028_10923.jpg,train,3,nat00028
CASIA2/Tp/Tp_S_NNN_M_N_nat00042_nat00042_11070.jpg,train,2,nat00042
CASIA2/Tp/Tp_S_NNN_M_N_nat00058_nat00058_11077.jpg,train,1,nat00058
CASIA2/Tp/Tp_S_NNN_M_N_nat00085_nat00085_10589.jpg,train,1,nat00085
CASIA2/Tp/Tp_S_NNN_M_N_nat00093_nat00093_10586.jpg,train,3,nat00093
CASIA2/Tp/Tp_S_NNN_M_N_nat10147_nat10147_11996.jpg,train,3,nat10147
CASIA2/Tp/Tp_S_NNN_M_N_nat10164_nat10160_12096.jpg,val,1,nat10164
CASIA2/Tp/Tp_S_NNN_M_N_pla00012_pla00012_10967.jpg,train,2,pla00012
CASIA2/Tp/Tp_S_NNN_M_N_pla00025_pla00025_10998.jpg,train,4,pla00025
CASIA2/Tp/Tp_S_NNN_M_N_pla00050_pla00050_10431.tif,train,1,pla00050
CASIA2/Tp/Tp_S_NNN_M_N_pla00061_pla00061_01170.tif,train,1,pla00061
CASIA2/Tp/Tp_S_NNN_M_N_pla0006_pla00006_01128.tif,train,4,pla00006
CASIA2/Tp/Tp_S_NNN_M_N_pla10126_pla10126_12127.jpg,train,4,pla10126
CASIA2/Tp/Tp_S_NNN_M_N_pla20055_pla20055_02376.tif,train,1,pla20055
CASIA2/Tp/Tp_S_NNN_M_N_sec00009_sec00009_10859.jpg,train,2,sec00009
CASIA2/Tp/Tp_S_NNN_M_N_sec00026_sec00026_10770.jpg,train,3,sec00026
CASIA2/Tp/Tp_S_NNN_M_N_sec00029_sec00029_10797.jpg,train,0,nat00029
CASIA2/Tp/Tp_S_NNN_M_N_sec00033_sec00033_11276.jpg,test,-1,sec00033
CASIA2/Tp/Tp_S_NNN_M_N_sec00036_sec00036_10505.tif,train,0,sec00036
CASIA2/Tp/Tp_S_NNN_M_N_sec00040_sec00040_10490.tif,train,3,sec00040
CASIA2/Tp/Tp_S_NNN_M_N_sec00045_sec00045_00066.tif,test,-1,sec00045
CASIA2/Tp/Tp_S_NNN_M_N_sec00054_cha00062_11473.jpg,train,1,sec00054
CASIA2/Tp/Tp_S_NNN_M_N_sec00075_sec00075_10349.tif,val,0,sec00075
CASIA2/Tp/Tp_S_NNN_M_N_txt00032_txt00032_10341.tif,test,-1,txt00032
CASIA2/Tp/Tp_S_NNN_M_N_txt00061_txt00061_10019.tif,train,1,txt00061
CASIA2/Tp/Tp_S_NNN_M_N_txt00065_txt00065_10120.tif,val,4,cha00088
CASIA2/Tp/Tp_S_NNN_M_N_txt00065_txt00065_10132.tif,val,4,cha00088
CASIA2/Tp/Tp_S_NNN_M_N_txt00075_txt00075_11298.jpg,train,2,txt00075
CASIA2/Tp/Tp_S_NNN_M_N_txt00094_txt00094_10160.tif,train,2,txt00094
CASIA2/Tp/Tp_S_NNN_M_O_nat00045_nat00099_10558.jpg,train,0,nat00045
CASIA2/Tp/Tp_S_NNN_N_N_art10015_art10015_20099.jpg,train,4,art10015
CASIA2/Tp/Tp_S_NNN_S_B_ani00006_ani00006_00126.tif,train,1,ani00006
CASIA2/Tp/Tp_S_NNN_S_B_ani00013_ani00013_20057.jpg,train,4,ani00013
CASIA2/Tp/Tp_S_NNN_S_B_ani00014_ani00014_20058.jpg,train,0,ani00014
CASIA2/Tp/Tp_S_NNN_S_B_ani00019_ani00019_20027.jpg,train,3,ani00019
CASIA2/Tp/Tp_S_NNN_S_B_ani00025_ani00025_00145.tif,train,1,ani00025
CASIA2/Tp/Tp_S_NNN_S_B_ani00030_ani00030_00150.tif,val,4,ani00030
CASIA2/Tp/Tp_S_NNN_S_B_ani00038_ani00038_00158.tif,train,1,ani00038
CASIA2/Tp/Tp_S_NNN_S_B_ani00044_ani00044_00164.tif,train,4,ani00044
CASIA2/Tp/Tp_S_NNN_S_B_ani00056_ani00056_00176.tif,test,-1,ani00056
CASIA2/Tp/Tp_S_NNN_S_B_ani00060_ani00060_00180.tif,train,0,ani00060
CASIA2/Tp/Tp_S_NNN_S_B_ani00076_ani00077_00196.tif,train,1,ani00076
CASIA2/Tp/Tp_S_NNN_S_B_ani00082_ani00082_00202.tif,train,4,ani00082
CASIA2/Tp/Tp_S_NNN_S_B_ani00084_ani00084_01257.tif,train,0,ani00084
CASIA2/Tp/Tp_S_NNN_S_B_ani00094_ani00094_00810.tif,train,3,ani00094
CASIA2/Tp/Tp_S_NNN_S_B_ani10003_ani10003_20044.jpg,train,3,ani10003
CASIA2/Tp/Tp_S_NNN_S_B_ani10159_ani10159_12466.jpg,train,1,ani10159
CASIA2/Tp/Tp_S_NNN_S_B_ani10208_ani10208_12371.jpg,val,2,ani10208
CASIA2/Tp/Tp_S_NNN_S_B_ani20001_ani20001_01450.tif,train,3,ani10125
CASIA2/Tp/Tp_S_NNN_S_B_ani20002_ani20002_02401.tif,train,1,ani10126
CASIA2/Tp/Tp_S_NNN_S_B_ani20003_ani20003_01452.tif,val,2,ani10127
CASIA2/Tp/Tp_S_NNN_S_B_ani20003_ani20003_02402.tif,val,2,ani10127
CASIA2/Tp/Tp_S_NNN_S_B_ani20004_ani20004_01453.tif,train,2,ani10128
CASIA2/Tp/Tp_S_NNN_S_B_ani20006_ani20006_02404.tif,train,0,ani10224
CASIA2/Tp/Tp_S_NNN_S_B_ani20046_ani20046_02436.tif,train,0,ani10170
CASIA2/Tp/Tp_S_NNN_S_B_ani20059_ani20059_02101.tif,train,4,ani10197
CASIA2/Tp/Tp_S_NNN_S_B_arc00002_arc00002_00222.tif,train,4,arc00002
CASIA2/Tp/Tp_S_NNN_S_B_arc00003_arc00003_00223.tif,train,4,arc00003
CASIA2/Tp/Tp_S_NNN_S_B_arc00004_arc00004_00224.tif,train,0,arc00004
CASIA2/Tp/Tp_S_NNN_S_B_arc00004_arc00004_01104.tif,train,0,arc00004
CASIA2/Tp/Tp_S_NNN_S_B_arc00014_arc00014_00234.tif,val,2,arc00014
CASIA2/Tp/Tp_S_NNN_S_B_arc00014_arc00014_20059.jpg,val,2,arc00014
CASIA2/Tp/Tp_S_NNN_S_B_arc00015_arc00015_20060.jpg,val,0,arc00015
CASIA2/Tp/Tp_S_NNN_S_B_arc00019_arc00019_20028.jpg,train,3,arc00019
CASIA2/Tp/Tp_S_NNN_S_B_arc00022_arc00022_20078.jpg,train,1,arc00022
CASIA2/Tp/Tp_S_NNN_S_B_arc00023_arc00023_20079.jpg,train,4,arc00023
CASIA2/Tp/Tp_S_NNN_S_B_arc00025_arc00025_01097.tif,train,2,arc00025
CASIA2/Tp/Tp_S_NNN_S_B_arc00043_arc00043_10239.tif,train,4,arc00043
CASIA2/Tp/Tp_S_NNN_S_B_arc00051_arc00051_01075.tif,train,4,arc00051
CASIA2/Tp/Tp_S_NNN_S_B_arc00054_arc00054_11929.jpg,train,3,arc00054
CASIA2/Tp/Tp_S_NNN_S_B_arc00056_arc00056_00276.tif,train,0,arc00056
CASIA2/Tp/Tp_S_NNN_S_B_arc00056_arc00056_01070.tif,train,0,arc00056
CASIA2/Tp/Tp_S_NNN_S_B_arc00063_arc00063_00283.tif,val,2,arc00063
CASIA2/Tp/Tp_S_NNN_S_B_arc00067_arc00067_00287.tif,train,2,arc00067
CASIA2/Tp/Tp_S_NNN_S_B_arc00070_arc00070_01057.tif,train,2,arc00070
CASIA2/Tp/Tp_S_NNN_S_B_arc00075_arc00075_11194.jpg,train,3,arc00075
CASIA2/Tp/Tp_S_NNN_S_B_arc00077_arc00077_00297.tif,train,3,arc00077
CASIA2/Tp/Tp_S_NNN_S_B_arc00092_arc00092_01038.tif,train,1,arc00092
CASIA2/Tp/Tp_S_NNN_S_B_arc00094_arc00094_01043.tif,val,3,arc00094
CASIA2/Tp/Tp_S_NNN_S_B_arc00096_arc00096_11198.jpg,train,2,arc00096
CASIA2/Tp/Tp_S_NNN_S_B_arc00096_arc00096_11199.jpg,train,2,arc00096
CASIA2/Tp/Tp_S_NNN_S_B_arc00097_arc00097_01033.tif,train,4,arc00097
CASIA2/Tp/Tp_S_NNN_S_B_arc00098_arc00098_01032.tif,train,3,arc00098
CASIA2/Tp/Tp_S_NNN_S_B_arc00099_arc00099_01031.tif,val,1,arc00099
CASIA2/Tp/Tp_S_NNN_S_B_arc00100_arc00100_01030.tif,val,4,arc00100
CASIA2/Tp/Tp_S_NNN_S_B_arc10121_arc10121_12104.jpg,train,3,arc10121
CASIA2/Tp/Tp_S_NNN_S_B_arc10121_arc10121_12105.jpg,train,3,arc10121
CASIA2/Tp/Tp_S_NNN_S_B_arc20004_arc20004_01457.tif,train,2,arc20004
CASIA2/Tp/Tp_S_NNN_S_B_arc20008_arc20008_01461.tif,train,3,arc20008
CASIA2/Tp/Tp_S_NNN_S_B_arc20008_arc20008_02468.tif,train,3,arc20008
CASIA2/Tp/Tp_S_NNN_S_B_arc20009_arc20009_01462.tif,train,3,arc20009
CASIA2/Tp/Tp_S_NNN_S_B_arc20013_arc20013_02156.tif,train,0,arc20013
CASIA2/Tp/Tp_S_NNN_S_B_arc20015_arc20015_01468.tif,test,-1,arc20015
CASIA2/Tp/Tp_S_NNN_S_B_arc20015_arc20015_02158.tif,test,-1,arc20015
CASIA2/Tp/Tp_S_NNN_S_B_arc20016_arc20016_01469.tif,val,1,arc20016
CASIA2/Tp/Tp_S_NNN_S_B_arc20020_arc20020_01473.tif,train,2,arc20020
CASIA2/Tp/Tp_S_NNN_S_B_arc20020_arc20020_02161.tif,train,2,arc20020
CASIA2/Tp/Tp_S_NNN_S_B_arc20021_arc20021_02162.tif,train,0,arc20021
CASIA2/Tp/Tp_S_NNN_S_B_arc20022_arc20022_01475.tif,test,-1,arc20022
CASIA2/Tp/Tp_S_NNN_S_B_arc20023_arc20023_01476.tif,train,4,arc20023
CASIA2/Tp/Tp_S_NNN_S_B_arc20027_arc20027_02168.tif,val,4,arc20027
CASIA2/Tp/Tp_S_NNN_S_B_arc20030_arc20030_02170.tif,val,4,arc20030
CASIA2/Tp/Tp_S_NNN_S_B_arc20032_arc20032_02172.tif,val,0,arc20032
CASIA2/Tp/Tp_S_NNN_S_B_arc20033_arc20033_01486.tif,train,0,arc20033
CASIA2/Tp/Tp_S_NNN_S_B_arc20033_arc20033_02472.tif,train,0,arc20033
CASIA2/Tp/Tp_S_NNN_S_B_arc20039_arc20039_02175.tif,train,4,arc20039
CASIA2/Tp/Tp_S_NNN_S_B_arc20045_arc20045_01498.tif,test,-1,arc20045
CASIA2/Tp/Tp_S_NNN_S_B_arc20047_arc20047_01500.tif,train,2,arc20047
CASIA2/Tp/Tp_S_NNN_S_B_arc20048_arc20048_02182.tif,train,3,arc20048
CASIA2/Tp/Tp_S_NNN_S_B_arc20056_arc20056_01696.tif,train,4,arc20056
CASIA2/Tp/Tp_S_NNN_S_B_arc20057_arc20057_02183.tif,test,-1,arc20057
CASIA2/Tp/Tp_S_NNN_S_B_arc20080_arc20080_02192.tif,train,3,arc20080
CASIA2/Tp/Tp_S_NNN_S_B_arc20081_arc20081_02191.tif,val,0,arc20081
CASIA2/Tp/Tp_S_NNN_S_B_arc20088_arc20088_02414.tif,val,2,arc20088
CASIA2/Tp/Tp_S_NNN_S_B_arc20090_arc20090_02412.tif,train,0,arc20090
CASIA2/Tp/Tp_S_NNN_S_B_arc20092_arc20092_02407.tif,train,3,arc20092
CASIA2/Tp/Tp_S_NNN_S_B_art00002_art00002_01428.tif,train,1,art00002
CASIA2/Tp/Tp_S_NNN_S_B_art00013_art00013_20061.jpg,train,3,art00013
CASIA2/Tp/Tp_S_NNN_S_B_art00015_art00015_20062.jpg,test,-1,art00015
CASIA2/Tp/Tp_S_NNN_S_B_art00020_art00020_20029.jpg,train,4,art00020
CASIA2/Tp/Tp_S_NNN_S_B_art00021_art00021_20030.jpg,val,4,art00021
CASIA2/Tp/Tp_S_NNN_S_B_art00028_art00028_01215.tif,train,0,art00028
CASIA2/Tp/Tp_S_NNN_S_B_art00032_art00032_01219.tif,train,4,art00032
CASIA2/Tp/Tp_S_NNN_S_B_art00032_art00032_01422.tif,train,4,art00032
CASIA2/Tp/Tp_S_NNN_S_B_art00038_art00038_01020.tif,train,2,art00038
CASIA2/Tp/Tp_S_NNN_S_B_art00041_art00041_01225.tif,train,3,art00041
CASIA2/Tp/Tp_S_NNN_S_B_art00042_art00042_01412.tif,val,2,art00042
CASIA2/Tp/Tp_S_NNN_S_B_art00044_art00044_01228.tif,train,4,art00044
CASIA2/Tp/Tp_S_NNN_S_B_art00044_art00044_01410.tif,train,4,art00044
CASIA2/Tp/Tp_S_NNN_S_B_art00046_art00046_00926.tif,test,-1,art00046
CASIA2/Tp/Tp_S_NNN_S_B_art00046_art00046_01408.tif,test,-1,art00046
CASIA2/Tp/Tp_S_NNN_S_B_art00047_art00047_01407.tif,val,3,art00047
CASIA2/Tp/Tp_S_NNN_S_B_art00049_art00049_01023.tif,train,0,art00049
CASIA2/Tp/Tp_S_NNN_S_B_art00057_art00057_01232.tif,train,4,art00057
CASIA2/Tp/Tp_S_NNN_S_B_art00060_art00060_01235.tif,train,2,art00060
CASIA2/Tp/Tp_S_NNN_S_B_art00069_art00069_01240.tif,train,3,art00069
CASIA2/Tp/Tp_S_NNN_S_B_art00070_art00070_01241.tif,train,0,art00070
CASIA2/Tp/Tp_S_NNN_S_B_art00082_art00082_01248.tif,test,-1,art00082
CASIA2/Tp/Tp_S_NNN_S_B_art00093_art00093_01388.tif,train,1,art00093
CASIA2/Tp/Tp_S_NNN_S_B_art10001_art10001_20001.jpg,val,3,art10001
CASIA2/Tp/Tp_S_NNN_S_B_art10003_art10003_20041.jpg,test,-1,art10003
CASIA2/Tp/Tp_S_NNN_S_B_art10005_art10005_20043.jpg,train,1,art10005
CASIA2/Tp/Tp_S_NNN_S_B_art10006_art10006_20046.jpg,val,0,art10006
CASIA2/Tp/Tp_S_NNN_S_B_art10009_art10009_20072.jpg,train,1,art10009
CASIA2/Tp/Tp_S_NNN_S_B_art10109_art10109_11574.jpg,train,2,art10109
CASIA2/Tp/Tp_S_NNN_S_B_art20011_art20011_02493.tif,train,4,art20011
CASIA2/Tp/Tp_S_NNN_S_B_art20026_art20026_02337.tif,test,-1,art20026
CASIA2/Tp/Tp_S_NNN_S_B_art20049_art20049_01855.tif,train,3,art20049
CASIA2/Tp/Tp_S_NNN_S_B_art20058_art20058_02328.tif,val,0,art20058
CASIA2/Tp/Tp_S_NNN_S_B_art20060_art20060_02327.tif,test,-1,art20060
CASIA2/Tp/Tp_S_NNN_S_B_cha00002_cha00002_11162.jpg,train,0,cha00002
CASIA2/Tp/Tp_S_NNN_S_B_cha00008_cha00008_00328.tif,val,1,cha00008
CASIA2/Tp/Tp_S_NNN_S_B_cha00057_cha00057_00377.tif,train,1,cha00057
CASIA2/Tp/Tp_S_NNN_S_B_cha00058_cha00058_00378.tif,train,3,cha00058
CASIA2/Tp/Tp_S_NNN_S_B_cha00076_cha00076_00396.tif,train,3,cha00076
CASIA2/Tp/Tp_S_NNN_S_B_cha00089_cha00089_10187.tif,train,2,cha00089
CASIA2/Tp/Tp_S_NNN_S_B_cha00089_cha00089_10199.tif,train,2,cha00089
CASIA2/Tp/Tp_S_NNN_S_B_cha10132_cha10132_12215.jpg,train,3,cha10132
CASIA2/Tp/Tp_S_NNN_S_B_cha20002_cha20002_02001.tif,train,0,cha10115
CASIA2/Tp/Tp_S_NNN_S_B_cha20008_cha20008_02422.tif,train,3,cha10121
CASIA2/Tp/Tp_S_NNN_S_B_cha20009_cha20009_02423.tif,train,3,cha10117
CASIA2/Tp/Tp_S_NNN_S_B_cha20015_cha20015_02014.tif,train,1,cha10114
CASIA2/Tp/Tp_S_NNN_S_B_cha20027_cha20027_02426.tif,train,2,cha10196
CASIA2/Tp/Tp_S_NNN_S_B_cha20037_cha20037_02430.tif,train,4,cha10170
CASIA2/Tp/Tp_S_NNN_S_B_cha20047_cha20047_02434.tif,train,2,cha10160
CASIA2/Tp/Tp_S_NNN_S_B_ind00001_ind00001_01301.tif,val,2,ind00001
CASIA2/Tp/Tp_S_NNN_S_B_ind00002_ind00002_01302.tif,train,4,ind00002
CASIA2/Tp/Tp_S_NNN_S_B_ind00006_ind00006_00883.tif,train,3,ind00006
CASIA2/Tp/Tp_S_NNN_S_B_ind00009_ind00009_00427.tif,train,1,ind00009
CASIA2/Tp/Tp_S_NNN_S_B_ind00011_ind00011_00429.tif,val,4,ind00011
CASIA2/Tp/Tp_S_NNN_S_B_ind00011_ind00011_10413.tif,val,4,ind00011
CASIA2/Tp/Tp_S_NNN_S_B_ind00015_ind00015_20063.jpg,train,4,ind00015
CASIA2/Tp/Tp_S_NNN_S_B_ind00018_ind00018_00890.tif,train,1,ind00018
CASIA2/Tp/Tp_S_NNN_S_B_ind00018_ind00018_01316.tif,train,1,ind00018
CASIA2/Tp/Tp_S_NNN_S_B_ind00020_ind00020_20031.jpg,train,3,ind00020
CASIA2/Tp/Tp_S_NNN_S_B_ind00022_ind00022_00893.tif,train,3,ind00022
CASIA2/Tp/Tp_S_NNN_S_B_ind00022_ind00022_20080.jpg,train,3,ind00022
CASIA2/Tp/Tp_S_NNN_S_B_ind00030_ind00030_20114.jpg,train,1,ind00030
CASIA2/Tp/Tp_S_NNN_S_B_ind00030_ind00030_20115.tif,train,1,ind00030
CASIA2/Tp/Tp_S_NNN_S_B_ind00036_ind00036_01327.tif,val,3,ind00036
CASIA2/Tp/Tp_S_NNN_S_B_ind00046_ind00046_01336.tif,train,2,ind00046
CASIA2/Tp/Tp_S_NNN_S_B_ind00056_ind00056_01345.tif,test,-1,ind00056
CASIA2/Tp/Tp_S_NNN_S_B_ind00064_ind00064_01352.tif,test,-1,ind00064
CASIA2/Tp/Tp_S_NNN_S_B_ind00076_ind00076_01362.tif,train,0,ind00076
CASIA2/Tp/Tp_S_NNN_S_B_ind00077_ind00077_01363.tif,train,2,ind00077
CASIA2/Tp/Tp_S_NNN_S_B_ind00078_ind00078_01364.tif,train,4,ind00078
CASIA2/Tp/Tp_S_NNN_S_B_ind00083_ind00083_01367.tif,train,2,ind00083
CASIA2/Tp/Tp_S_NNN_S_B_ind10001_ind10001_20008.jpg,train,3,ind10001
CASIA2/Tp/Tp_S_NNN_S_B_ind20005_ind20005_02265.tif,val,4,ind20005
CASIA2/Tp/Tp_S_NNN_S_B_ind20026_ind20026_02281.tif,train,1,ind20026
CASIA2/Tp/Tp_S_NNN_S_B_ind20027_ind20027_02282.tif,val,2,ind20027
CASIA2/Tp/Tp_S_NNN_S_B_ind20045_ind20045_02293.tif,train,3,ind20045
CASIA2/Tp/Tp_S_NNN_S_B_nat00013_nat00013_00939.tif,train,4,nat00013
CASIA2/Tp/Tp_S_NNN_S_B_nat00015_nat00015_11052.jpg,train,2,nat00015
CASIA2/Tp/Tp_S_NNN_S_B_nat00017_nat00017_00636.tif,val,2,nat00017
CASIA2/Tp/Tp_S_NNN_S_B_nat00019_nat00019_20032.jpg,train,4,nat00019
CASIA2/Tp/Tp_S_NNN_S_B_nat00021_nat00021_00943.tif,train,4,nat00021
CASIA2/Tp/Tp_S_NNN_S_B_nat00021_nat00021_20033.jpg,train,4,nat00021
CASIA2/Tp/Tp_S_NNN_S_B_nat00022_nat00022_20081.jpg,train,0,nat00022
CASIA2/Tp/Tp_S_NNN_S_B_nat00029_nat00029_00645.tif,train,0,nat00029
CASIA2/Tp/Tp_S_NNN_S_B_nat00036_nat00036_00956.tif,train,3,nat00036
CASIA2/Tp/Tp_S_NNN_S_B_nat00040_nat00040_00963.tif,val,2,nat00040
CASIA2/Tp/Tp_S_NNN_S_B_nat00050_nat00050_00968.tif,train,1,nat00050
CASIA2/Tp/Tp_S_NNN_S_B_nat00059_nat00059_00971.tif,train,0,ani00010
CASIA2/Tp/Tp_S_NNN_S_B_nat00061_nat00061_00972.tif,train,3,nat00061
CASIA2/Tp/Tp_S_NNN_S_B_nat00065_nat00065_00975.tif,val,3,nat00065
CASIA2/Tp/Tp_S_NNN_S_B_nat00071_nat00071_00977.tif,test,-1,nat00064
CASIA2/Tp/Tp_S_NNN_S_B_nat00073_nat00073_00979.tif,train,1,nat00073
CASIA2/Tp/Tp_S_NNN_S_B_nat00074_nat00074_00980.tif,train,2,nat00074
CASIA2/Tp/Tp_S_NNN_S_B_nat00081_nat00081_10596.jpg,train,0,nat00081
CASIA2/Tp/Tp_S_NNN_S_B_nat00085_nat00085_00987.tif,train,1,nat00085
CASIA2/Tp/Tp_S_NNN_S_B_nat00087_nat00087_00989.tif,test,-1,nat00087
CASIA2/Tp/Tp_S_NNN_S_B_nat00088_nat00088_00990.tif,train,1,nat00088
CASIA2/Tp/Tp_S_NNN_S_B_nat00090_nat00090_00992.tif,test,-1,nat00090
CASIA2/Tp/Tp_S_NNN_S_B_nat00090_nat00090_11110.jpg,test,-1,nat00090
CASIA2/Tp/Tp_S_NNN_S_B_nat00092_nat00092_00994.tif,train,1,nat00092
CASIA2/Tp/Tp_S_NNN_S_B_nat00098_nat00098_00999.tif,val,1,nat00098
CASIA2/Tp/Tp_S_NNN_S_B_nat00100_nat00100_00998.tif,train,4,nat00100
CASIA2/Tp/Tp_S_NNN_S_B_nat00100_nat00100_11095.jpg,train,4,nat00100
CASIA2/Tp/Tp_S_NNN_S_B_nat10001_nat10001_20002.jpg,train,1,nat10001
CASIA2/Tp/Tp_S_NNN_S_B_nat10002_nat10002_20011.jpg,test,-1,nat10002
CASIA2/Tp/Tp_S_NNN_S_B_nat10003_nat10003_20071.jpg,train,2,nat10003
CASIA2/Tp/Tp_S_NNN_S_B_nat10109_nat10109_11353.jpg,train,1,nat10109
CASIA2/Tp/Tp_S_NNN_S_B_nat20001_nat20001_01505.tif,train,2,nat20001
CASIA2/Tp/Tp_S_NNN_S_B_nat20002_nat20002_02202.tif,train,1,nat20002
CASIA2/Tp/Tp_S_NNN_S_B_nat20009_nat20009_02209.tif,train,4,nat20009
CASIA2/Tp/Tp_S_NNN_S_B_nat20010_nat20010_01514.tif,train,1,nat20010
CASIA2/Tp/Tp_S_NNN_S_B_nat20012_nat20012_02228.tif,test,-1,nat20012
CASIA2/Tp/Tp_S_NNN_S_B_nat20015_nat20015_02215.tif,train,3,nat20015
CASIA2/Tp/Tp_S_NNN_S_B_nat20016_nat20016_02216.tif,test,-1,nat20016
CASIA2/Tp/Tp_S_NNN_S_B_nat20020_nat20020_02220.tif,train,3,nat20020
CASIA2/Tp/Tp_S_NNN_S_B_nat20027_nat20027_01531.tif,train,0,nat20027
CASIA2/Tp/Tp_S_NNN_S_B_nat20027_nat20027_02227.tif,train,0,nat20027
CASIA2/Tp/Tp_S_NNN_S_B_nat20030_nat20030_02230.tif,train,4,nat20030
CASIA2/Tp/Tp_S_NNN_S_B_nat20031_nat20031_02231.tif,train,0,nat20031
CASIA2/Tp/Tp_S_NNN_S_B_nat20043_nat20043_01547.tif,test,-1,nat20043
CASIA2/Tp/Tp_S_NNN_S_B_nat20047_nat20047_02244.tif,val,1,nat20047
CASIA2/Tp/Tp_S_NNN_S_B_nat20049_nat20049_02245.tif,test,-1,nat20049
CASIA2/Tp/Tp_S_NNN_S_B_nat20051_nat20051_02247.tif,train,0,nat20051
CASIA2/Tp/Tp_S_NNN_S_B_nat20052_nat20052_02248.tif,train,4,nat20052
CASIA2/Tp/Tp_S_NNN_S_B_nat20056_nat20056_02251.tif,test,-1,nat20056
CASIA2/Tp/Tp_S_NNN_S_B_nat20059_nat20059_01563.tif,train,3,nat20059
CASIA2/Tp/Tp_S_NNN_S_B_nat20088_nat20088_01592.tif,val,3,nat20088
CASIA2/Tp/Tp_S_NNN_S_B_nat20090_nat20090_01594.tif,test,-1,nat20090
CASIA2/Tp/Tp_S_NNN_S_B_nat20092_nat20092_02458.tif,train,0,nat20092
CASIA2/Tp/Tp_S_NNN_S_B_pla00002_pla00002_01124.tif,train,4,pla00002
CASIA2/Tp/Tp_S_NNN_S_B_pla00003_pla00003_01125.tif,train,4,pla00003
CASIA2/Tp/Tp_S_NNN_S_B_pla00014_pla00014_20064.jpg,train,4,pla00014
CASIA2/Tp/Tp_S_NNN_S_B_pla00015_pla00015_20065.jpg,train,4,pla00015
CASIA2/Tp/Tp_S_NNN_S_B_pla00019_pla00020_20034.jpg,test,-1,pla00019
CASIA2/Tp/Tp_S_NNN_S_B_pla00021_pla00021_20035.jpg,train,1,pla00021
CASIA2/Tp/Tp_S_NNN_S_B_pla00024_pla00024_20082.jpg,train,4,pla00024
CASIA2/Tp/Tp_S_NNN_S_B_pla00031_pla00031_10964.jpg,train,4,pla00031
CASIA2/Tp/Tp_S_NNN_S_B_pla00049_pla00049_01158.tif,train,1,pla00049
CASIA2/Tp/Tp_S_NNN_S_B_pla00054_pla00054_01163.tif,train,1,pla00054
CASIA2/Tp/Tp_S_NNN_S_B_pla00089_pla00089_01190.tif,train,0,pla00089
CASIA2/Tp/Tp_S_NNN_S_B_pla20001_pla20001_02399.tif,val,4,pla20001
CASIA2/Tp/Tp_S_NNN_S_B_pla20004_pla20004_01904.tif,val,0,pla20004
CASIA2/Tp/Tp_S_NNN_S_B_pla20004_pla20004_02400.tif,val,0,pla20004
CASIA2/Tp/Tp_S_NNN_S_B_pla20006_pla20006_02396.tif,train,2,pla20006
CASIA2/Tp/Tp_S_NNN_S_B_pla20008_pla20008_02395.tif,train,0,pla20008
CASIA2/Tp/Tp_S_NNN_S_B_pla20009_pla20009_02394.tif,train,0,pla20009
CASIA2/Tp/Tp_S_NNN_S_B_pla20013_pla20013_02392.tif,train,1,pla20013
CASIA2/Tp/Tp_S_NNN_S_B_pla20016_pla20016_01916.tif,test,-1,pla20016
CASIA2/Tp/Tp_S_NNN_S_B_pla20037_pla20037_02384.tif,train,1,pla20037
CASIA2/Tp/Tp_S_NNN_S_B_pla20047_pla20047_02380.tif,train,3,pla20047
CASIA2/Tp/Tp_S_NNN_S_B_pla20061_pla20061_02371.tif,train,4,pla20061
CASIA2/Tp/Tp_S_NNN_S_B_pla20065_pla20065_02368.tif,train,0,pla20065
CASIA2/Tp/Tp_S_NNN_S_B_pla20085_pla20085_02356.tif,train,3,pla20085
CASIA2/Tp/Tp_S_NNN_S_B_pla20090_pla20090_02352.tif,train,3,pla20090
CASIA2/Tp/Tp_S_NNN_S_B_pla20092_pla20092_02350.tif,val,0,pla20092
CASIA2/Tp/Tp_S_NNN_S_B_pla20093_pla20093_02349.tif,val,4,pla20093
CASIA2/Tp/Tp_S_NNN_S_B_pla20099_pla20099_02343.tif,train,4,pla20099
CASIA2/Tp/Tp_S_NNN_S_B_sec00013_sec00013_11229.jpg,train,3,sec00013
CASIA2/Tp/Tp_S_NNN_S_B_sec00028_sec00028_20116.jpg,train,4,sec00028
CASIA2/Tp/Tp_S_NNN_S_B_sec00031_sec00031_00738.tif,train,4,sec00031
CASIA2/Tp/Tp_S_NNN_S_B_sec00035_sec00035_00736.tif,train,0,sec00035
CASIA2/Tp/Tp_S_NNN_S_B_sec00038_sec00038_00059.tif,val,3,sec00038
CASIA2/Tp/Tp_S_NNN_S_B_sec00040_sec00040_00061.tif,train,3,sec00040
CASIA2/Tp/Tp_S_NNN_S_B_sec00045_sec00045_00735.tif,test,-1,sec00045
CASIA2/Tp/Tp_S_NNN_S_B_sec00064_sec00064_00741.tif,train,1,sec00064
CASIA2/Tp/Tp_S_NNN_S_B_sec00065_sec00065_00086.tif,val,3,sec00065
CASIA2/Tp/Tp_S_NNN_S_B_sec00075_sec00075_00726.tif,val,0,sec00075
CASIA2/Tp/Tp_S_NNN_S_B_sec00083_sec00083_11286.jpg,train,0,sec00083
CASIA2/Tp/Tp_S_NNN_S_B_sec00087_sec00087_00107.tif,val,2,sec00087
CASIA2/Tp/Tp_S_NNN_S_B_sec00089_sec00089_00109.tif,val,4,sec00089
CASIA2/Tp/Tp_S_NNN_S_B_sec00089_sec00089_11121.jpg,val,4,sec00089
CASIA2/Tp/Tp_S_NNN_S_B_sec00096_sec00096_00116.tif,train,1,sec00096
CASIA2/Tp/Tp_S_NNN_S_B_sec00098_sec00098_00011.tif,train,4,sec00098
CASIA2/Tp/Tp_S_NNN_S_B_sec10001_sec10001_20007.jpg,train,0,sec10001
CASIA2/Tp/Tp_S_NNN_S_B_sec10002_sec10002_20048.jpg,val,0,sec10002
CASIA2/Tp/Tp_S_NNN_S_B_sec10003_sec10003_20070.jpg,val,2,sec10003
CASIA2/Tp/Tp_S_NNN_S_B_sec10116_sec10116_12145.jpg,train,0,sec10116
CASIA2/Tp/Tp_S_NNN_S_B_sec20001_sec20001_01436.tif,val,1,sec20001
CASIA2/Tp/Tp_S_NNN_S_B_sec20005_sec20005_01440.tif,train,0,sec20005
CASIA2/Tp/Tp_S_NNN_S_B_sec20006_sec20006_01441.tif,train,4,sec20006
CASIA2/Tp/Tp_S_NNN_S_B_sec20008_sec20008_02118.tif,test,-1,sec20008
CASIA2/Tp/Tp_S_NNN_S_B_sec20013_sec20013_01448.tif,train,4,sec20013
CASIA2/Tp/Tp_S_NNN_S_B_sec20041_sec20041_02447.tif,val,0,sec20041
CASIA2/Tp/Tp_S_NNN_S_B_sec20043_sec20043_02145.tif,val,4,sec20043
CASIA2/Tp/Tp_S_NNN_S_B_sec20060_sec20060_02148.tif,train,3,sec20060
CASIA2/Tp/Tp_S_NNN_S_B_sec20062_sec20062_01652.tif,test,-1,sec20062
CASIA2/Tp/Tp_S_NNN_S_B_sec20069_sec20069_01659.tif,train,4,sec20069
CASIA2/Tp/Tp_S_NNN_S_B_sec20078_sec20078_01668.tif,val,2,sec20078
CASIA2/Tp/Tp_S_NNN_S_B_sec20080_sec20080_01670.tif,train,0,sec20080
CASIA2/Tp/Tp_S_NNN_S_B_sec20091_sec20091_02445.tif,train,1,sec20091
CASIA2/Tp/Tp_S_NNN_S_B_txt00001_txt00001_01260.tif,train,2,txt00001
CASIA2/Tp/Tp_S_NNN_S_B_txt00003_txt00003_01262.tif,train,1,txt00003
CASIA2/Tp/Tp_S_NNN_S_B_txt00015_txt00015_20066.jpg,train,3,txt00015
CASIA2/Tp/Tp_S_NNN_S_B_txt00019_txt00019_20036.jpg,val,2,txt00013
CASIA2/Tp/Tp_S_NNN_S_B_txt00021_txt00021_20037.jpg,train,3,txt00021
CASIA2/Tp/Tp_S_NNN_S_B_txt00026_txt00026_01271.tif,train,3,txt00026
CASIA2/Tp/Tp_S_NNN_S_B_txt00028_txt00028_20117.tif,train,2,txt00028
CASIA2/Tp/Tp_S_NNN_S_B_txt00079_txt00079_01288.tif,test,-1,txt00079
CASIA2/Tp/Tp_S_NNN_S_B_txt00092_txt00092_00691.tif,train,3,txt00092
CASIA2/Tp/Tp_S_NNN_S_M_ind00054_ind00054_10905.jpg,train,2,ind00054
CASIA2/Tp/Tp_S_NNN_S_M_ind00055_ind00055_10906.jpg,train,1,ind00055
CASIA2/Tp/Tp_S_NNN_S_M_ind00055_ind00055_10907.jpg,train,1,ind00055
CASIA2/Tp/Tp_S_NNN_S_N_ani00003_ani00003_00834.tif,train,2,ani00003
CASIA2/Tp/Tp_S_NNN_S_N_ani00004_ani00004_00124.tif,train,0,ani00004
CASIA2/Tp/Tp_S_NNN_S_N_ani00006_ani00006_00833.tif,train,1,ani00006
CASIA2/Tp/Tp_S_NNN_S_N_ani00007_ani00007_00127.tif,train,0,ani00007
CASIA2/Tp/Tp_S_NNN_S_N_ani00008_ani00008_00128.tif,train,3,ani00008
CASIA2/Tp/Tp_S_NNN_S_N_ani00012_ani00012_00836.tif,train,4,ani00012
CASIA2/Tp/Tp_S_NNN_S_N_ani00023_ani00023_00010.tif,train,0,ani00023
CASIA2/Tp/Tp_S_NNN_S_N_ani00031_ani00031_00151.tif,train,2,ani00031
CASIA2/Tp/Tp_S_NNN_S_N_ani00034_ani00034_00154.tif,train,3,ani00034
CASIA2/Tp/Tp_S_NNN_S_N_ani00040_ani00040_00160.tif,train,0,ani00040
CASIA2/Tp/Tp_S_NNN_S_N_ani00043_ani00043_00163.tif,test,-1,ani00043
CASIA2/Tp/Tp_S_NNN_S_N_ani00044_ani00044_00830.tif,train,4,ani00044
CASIA2/Tp/Tp_S_NNN_S_N_ani00047_ani00047_00829.tif,train,3,ani00046
CASIA2/Tp/Tp_S_NNN_S_N_ani00049_ani00049_01258.tif,val,2,ani00049
CASIA2/Tp/Tp_S_NNN_S_N_ani00050_ani00050_00170.tif,train,3,ani00050
CASIA2/Tp/Tp_S_NNN_S_N_ani00050_ani00050_10223.tif,train,3,ani00050
CASIA2/Tp/Tp_S_NNN_S_N_ani00051_ani00051_00171.tif,train,0,ani00051
CASIA2/Tp/Tp_S_NNN_S_N_ani00055_ani00051_11147.jpg,val,3,ani00055
CASIA2/Tp/Tp_S_NNN_S_N_ani00071_ani00071_00827.tif,test,-1,ani00071
CASIA2/Tp/Tp_S_NNN_S_N_ani00076_ani00076_00824.tif,train,1,ani00076
CASIA2/Tp/Tp_S_NNN_S_N_ani00077_ani00077_00197.tif,test,-1,ani00077
CASIA2/Tp/Tp_S_NNN_S_N_ani00080_ani00080_00200.tif,train,0,ani00080
CASIA2/Tp/Tp_S_NNN_S_N_ani00081_ani00081_00819.tif,val,2,ani00081
CASIA2/Tp/Tp_S_NNN_S_N_ani00083_ani00083_00818.tif,train,3,ani00083
CASIA2/Tp/Tp_S_NNN_S_N_ani00084_ani00084_00817.tif,train,0,ani00084
CASIA2/Tp/Tp_S_NNN_S_N_ani00085_ani00085_00205.tif,test,-1,ani00085
CASIA2/Tp/Tp_S_NNN_S_N_ani00086_ani00086_00206.tif,test,-1,ani00086
CASIA2/Tp/Tp_S_NNN_S_N_ani00086_ani00086_11125.jpg,test,-1,ani00086
CASIA2/Tp/Tp_S_NNN_S_N_ani00087_ani00087_00207.tif,train,3,ani00087
CASIA2/Tp/Tp_S_NNN_S_N_ani00087_ani00087_00814.tif,train,3,ani00087
CASIA2/Tp/Tp_S_NNN_S_N_ani00089_ani00089_00209.tif,train,4,ani00089
CASIA2/Tp/Tp_S_NNN_S_N_ani00089_ani00089_00813.tif,train,4,ani00089
CASIA2/Tp/Tp_S_NNN_S_N_ani00089_ani00089_11145.jpg,train,4,ani00089
CASIA2/Tp/Tp_S_NNN_S_N_ani00090_ani00090_00812.tif,train,2,ani00090
CASIA2/Tp/Tp_S_NNN_S_N_ani00092_ani00092_00811.tif,train,3,ani00092
CASIA2/Tp/Tp_S_NNN_S_N_ani00094_ani00094_00214.tif,train,3,ani00094
CASIA2/Tp/Tp_S_NNN_S_N_ani00095_ani00095_00215.tif,train,3,ani00095
CASIA2/Tp/Tp_S_NNN_S_N_ani00095_ani00095_00809.tif,train,3,ani00095
CASIA2/Tp/Tp_S_NNN_S_N_ani00096_ani00096_00808.tif,train,1,ani00096
CASIA2/Tp/Tp_S_NNN_S_N_ani00097_ani00097_00807.tif,test,-1,ani00097
CASIA2/Tp/Tp_S_NNN_S_N_ani00097_ani00097_01254.tif,test,-1,ani00097
CASIA2/Tp/Tp_S_NNN_S_N_ani00098_ani00098_00804.tif,test,-1,ani00098
CASIA2/Tp/Tp_S_NNN_S_N_ani00099_ani00099_00806.tif,train,4,ani00099
CASIA2/Tp/Tp_S_NNN_S_N_ani00099_ani00099_01253.tif,train,4,ani00099
CASIA2/Tp/Tp_S_NNN_S_N_ani00100_ani00100_00805.tif,train,4,ani00100
CASIA2/Tp/Tp_S_NNN_S_N_ani00100_ani00100_11649.jpg,train,4,ani00100
CASIA2/Tp/Tp_S_NNN_S_N_ani10103_ani10103_10633.jpg,train,3,ani10103
CASIA2/Tp/Tp_S_NNN_S_N_ani10127_ani10127_12469.jpg,val,2,ani10127
CASIA2/Tp/Tp_S_NNN_S_N_ani10139_ani10139_12499.jpg,val,0,ani10139
CASIA2/Tp/Tp_S_NNN_S_N_ani10149_ani10149_12492.jpg,test,-1,ani10149
CASIA2/Tp/Tp_S_NNN_S_N_ani10157_ani10157_12465.jpg,train,0,ani10157
CASIA2/Tp/Tp_S_NNN_S_N_ani10166_ani10166_12445.jpg,train,4,ani10166
CASIA2/Tp/Tp_S_NNN_S_N_ani10168_ani10168_12447.jpg,train,1,ani10168
CASIA2/Tp/Tp_S_NNN_S_N_ani10170_ani10170_12453.jpg,train,0,ani10170
CASIA2/Tp/Tp_S_NNN_S_N_ani10171_ani10171_12456.jpg,train,2,ani10171
CASIA2/Tp/Tp_S_NNN_S_N_ani10172_ani10172_12451.jpg,train,3,ani10172
CASIA2/Tp/Tp_S_NNN_S_N_ani10175_ani10175_12459.jpg,val,1,ani10175
CASIA2/Tp/Tp_S_NNN_S_N_ani10183_ani10183_12422.jpg,train,0,ani10183
CASIA2/Tp/Tp_S_NNN_S_N_ani10194_ani10194_12399.jpg,train,3,ani10194
CASIA2/Tp/Tp_S_NNN_S_N_ani10195_ani10195_12402.jpg,test,-1,ani10195
CASIA2/Tp/Tp_S_NNN_S_N_ani10197_ani10197_12405.jpg,train,4,ani10197
CASIA2/Tp/Tp_S_NNN_S_N_ani10197_ani10197_12406.jpg,train,4,ani10197
CASIA2/Tp/Tp_S_NNN_S_N_ani10215_ani10215_12383.jpg,train,3,ani10215
CASIA2/Tp/Tp_S_NNN_S_N_ani10219_ani10219_12385.jpg,test,-1,ani10219
CASIA2/Tp/Tp_S_NNN_S_N_ani10222_ani10222_12395.jpg,val,1,ani10222
CASIA2/Tp/Tp_S_NNN_S_N_ani10223_ani10223_12398.jpg,train,2,ani10223
CASIA2/Tp/Tp_S_NNN_S_N_ani20002_ani20002_01451.tif,train,1,ani10126
CASIA2/Tp/Tp_S_NNN_S_N_ani20007_ani20007_02050.tif,train,0,ani10218
CASIA2/Tp/Tp_S_NNN_S_N_ani20008_ani20008_02051.tif,val,3,ani10217
CASIA2/Tp/Tp_S_NNN_S_N_ani20009_ani20009_02052.tif,test,-1,ani10133
CASIA2/Tp/Tp_S_NNN_S_N_ani20010_ani20010_02053.tif,train,2,ani20010
CASIA2/Tp/Tp_S_NNN_S_N_ani20013_ani20013_02056.tif,train,3,ani10215
CASIA2/Tp/Tp_S_NNN_S_N_ani20014_ani20014_02057.tif,train,1,ani10214
CASIA2/Tp/Tp_S_NNN_S_N_ani20019_ani20019_02062.tif,train,4,ani10143
CASIA2/Tp/Tp_S_NNN_S_N_ani20020_ani20020_02063.tif,test,-1,ani10144
CASIA2/Tp/Tp_S_NNN_S_N_ani20020_ani20020_02439.tif,test,-1,ani10144
CASIA2/Tp/Tp_S_NNN_S_N_ani20022_ani20022_02065.tif,val,3,ani10146
CASIA2/Tp/Tp_S_NNN_S_N_ani20024_ani20024_02067.tif,train,1,ani10148
CASIA2/Tp/Tp_S_NNN_S_N_ani20025_ani20025_02441.tif,test,-1,ani10149
CASIA2/Tp/Tp_S_NNN_S_N_ani20026_ani20026_02069.tif,test,-1,ani10150
CASIA2/Tp/Tp_S_NNN_S_N_ani20027_ani20027_02070.tif,test,-1,ani10151
CASIA2/Tp/Tp_S_NNN_S_N_ani20035_ani20035_02078.tif,train,1,ani10159
CASIA2/Tp/Tp_S_NNN_S_N_ani20036_ani20036_02079.tif,train,0,ani10160
CASIA2/Tp/Tp_S_NNN_S_N_ani20040_ani20040_02083.tif,train,2,ani10164
CASIA2/Tp/Tp_S_NNN_S_N_ani20041_ani20041_02085.tif,train,2,ani10207
CASIA2/Tp/Tp_S_NNN_S_N_ani20042_ani20042_02084.tif,train,4,ani10166
CASIA2/Tp/Tp_S_NNN_S_N_ani20044_ani20044_02087.tif,train,1,ani10168
CASIA2/Tp/Tp_S_NNN_S_N_ani20045_ani20045_02088.tif,train,3,ani10169
CASIA2/Tp/Tp_S_NNN_S_N_ani20046_ani20046_02089.tif,train,0,ani10170
CASIA2/Tp/Tp_S_NNN_S_N_ani20047_ani20047_02455.tif,train,2,ani10171
CASIA2/Tp/Tp_S_NNN_S_N_ani20048_ani20048_02091.tif,train,3,ani10172
CASIA2/Tp/Tp_S_NNN_S_N_ani20049_ani20049_02092.tif,train,4,ani10206
CASIA2/Tp/Tp_S_NNN_S_N_ani20062_ani20062_02104.tif,train,2,ani10186
CASIA2/Tp/Tp_S_NNN_S_N_ani20063_ani20063_02105.tif,train,1,ani10187
CASIA2/Tp/Tp_S_NNN_S_N_ani20064_ani20064_02106.tif,train,4,ani10188
CASIA2/Tp/Tp_S_NNN_S_N_ani20070_ani20070_02112.tif,train,3,ani10194
CASIA2/Tp/Tp_S_NNN_S_N_arc00001_arc00001_01103.tif,train,0,arc00001
CASIA2/Tp/Tp_S_NNN_S_N_arc00005_arc00005_01105.tif,train,0,arc00005
CASIA2/Tp/Tp_S_NNN_S_N_arc00006_arc00006_00226.tif,train,1,arc00006
CASIA2/Tp/Tp_S_NNN_S_N_arc00006_arc00006_01106.tif,train,1,arc00006
CASIA2/Tp/Tp_S_NNN_S_N_arc00007_arc00007_00227.tif,train,2,arc00007
CASIA2/Tp/Tp_S_NNN_S_N_arc00007_arc00007_01107.tif,train,2,arc00007
CASIA2/Tp/Tp_S_NNN_S_N_arc00007_arc00007_01121.tif,train,2,arc00007
CASIA2/Tp/Tp_S_NNN_S_N_arc00008_arc00008_01108.tif,train,4,arc00008
CASIA2/Tp/Tp_S_NNN_S_N_arc00015_arc00015_01113.tif,val,0,arc00015
CASIA2/Tp/Tp_S_NNN_S_N_arc00016_arc00016_00236.tif,test,-1,arc00016
CASIA2/Tp/Tp_S_NNN_S_N_arc00016_arc00016_01114.tif,test,-1,arc00016
CASIA2/Tp/Tp_S_NNN_S_N_arc00018_arc00018_00238.tif,train,2,arc00018
CASIA2/Tp/Tp_S_NNN_S_N_arc00020_arc00020_01118.tif,test,-1,arc00020
CASIA2/Tp/Tp_S_NNN_S_N_arc00022_arc00022_01120.tif,train,1,arc00022
CASIA2/Tp/Tp_S_NNN_S_N_arc00024_arc00024_01098.tif,train,4,arc00024
CASIA2/Tp/Tp_S_NNN_S_N_arc00026_arc00026_01096.tif,train,3,arc00026
CASIA2/Tp/Tp_S_NNN_S_N_arc00027_arc00027_01095.tif,train,1,arc00027
CASIA2/Tp/Tp_S_NNN_S_N_arc00028_arc00028_20118.tif,val,4,arc00028
CASIA2/Tp/Tp_S_NNN_S_N_arc00029_arc00029_00249.tif,train,1,arc00029
CASIA2/Tp/Tp_S_NNN_S_N_arc00029_arc00029_00777.tif,train,1,arc00029
CASIA2/Tp/Tp_S_NNN_S_N_arc00029_arc00029_20119.tif,train,1,arc00029
CASIA2/Tp/Tp_S_NNN_S_N_arc00032_arc00032_01092.tif,val,3,arc00032
CASIA2/Tp/Tp_S_NNN_S_N_arc00034_arc00034_01090.tif,train,3,arc00034
CASIA2/Tp/Tp_S_NNN_S_N_arc00035_arc00035_01089.tif,train,2,arc00035
CASIA2/Tp/Tp_S_NNN_S_N_arc00038_arc00038_01086.tif,val,1,arc00038
CASIA2/Tp/Tp_S_NNN_S_N_arc00040_arc00040_01085.tif,train,0,arc00040
CASIA2/Tp/Tp_S_NNN_S_N_arc00044_arc00044_00264.tif,train,4,arc00044
CASIA2/Tp/Tp_S_NNN_S_N_arc00044_arc00044_01081.tif,train,4,arc00044
CASIA2/Tp/Tp_S_NNN_S_N_arc00046_arc00046_00266.tif,test,-1,arc00046
CASIA2/Tp/Tp_S_NNN_S_N_arc00046_arc00046_01080.tif,test,-1,arc00046
CASIA2/Tp/Tp_S_NNN_S_N_arc00048_arc00048_00780.tif,val,2,arc00048
CASIA2/Tp/Tp_S_NNN_S_N_arc00048_arc00048_01078.tif,val,2,arc00048
CASIA2/Tp/Tp_S_NNN_S_N_arc00054_arc00054_11927.jpg,train,3,arc00054
CASIA2/Tp/Tp_S_NNN_S_N_arc00057_arc00057_01069.tif,test,-1,arc00057
CASIA2/Tp/Tp_S_NNN_S_N_arc00058_arc00058_01068.tif,train,4,arc00058
CASIA2/Tp/Tp_S_NNN_S_N_arc00061_arc00061_01065.tif,train,1,arc00061
CASIA2/Tp/Tp_S_NNN_S_N_arc00062_arc00062_01064.tif,val,0,arc00062
CASIA2/Tp/Tp_S_NNN_S_N_arc00063_arc00063_01063.tif,val,2,arc00063
CASIA2/Tp/Tp_S_NNN_S_N_arc00064_arc00064_01062.tif,train,1,arc00064
CASIA2/Tp/Tp_S_NNN_S_N_arc00069_arc00069_01059.tif,train,3,arc00069
CASIA2/Tp/Tp_S_NNN_S_N_arc00072_arc00072_01058.tif,train,0,arc00072
CASIA2/Tp/Tp_S_NNN_S_N_arc00076_arc00076_01052.tif,train,1,arc00076
CASIA2/Tp/Tp_S_NNN_S_N_arc00078_arc00078_00298.tif,val,4,arc00078
CASIA2/Tp/Tp_S_NNN_S_N_arc00078_arc00078_11880.jpg,val,4,arc00078
CASIA2/Tp/Tp_S_NNN_S_N_arc00079_arc00079_00299.tif,train,2,arc00079
CASIA2/Tp/Tp_S_NNN_S_N_arc00079_arc00079_01049.tif,train,2,arc00079
CASIA2/Tp/Tp_S_NNN_S_N_arc00081_arc00081_01048.tif,train,4,arc00081
CASIA2/Tp/Tp_S_NNN_S_N_arc00082_arc00082_01047.tif,test,-1,arc00082
CASIA2/Tp/Tp_S_NNN_S_N_arc00084_arc00084_01046.tif,train,4,arc00084
CASIA2/Tp/Tp_S_NNN_S_N_arc00085_arc00085_01045.tif,train,0,arc00085
CASIA2/Tp/Tp_S_NNN_S_N_arc00086_arc00086_01044.tif,val,1,arc00086
CASIA2/Tp/Tp_S_NNN_S_N_arc00089_arc00089_01040.tif,train,2,arc00089
CASIA2/Tp/Tp_S_NNN_S_N_arc00091_arc00091_00311.tif,val,0,arc00091
CASIA2/Tp/Tp_S_NNN_S_N_arc00092_arc00092_11204.jpg,train,1,arc00092
CASIA2/Tp/Tp_S_NNN_S_N_arc00093_arc00093_00313.tif,val,3,arc00093
CASIA2/Tp/Tp_S_NNN_S_N_arc00094_arc00094_01036.tif,val,3,arc00094
CASIA2/Tp/Tp_S_NNN_S_N_arc00095_arc00095_11200.jpg,train,4,arc00095
CASIA2/Tp/Tp_S_NNN_S_N_arc00096_arc00096_01034.tif,train,2,arc00096
CASIA2/Tp/Tp_S_NNN_S_N_arc00100_arc00100_00320.tif,val,4,arc00100
CASIA2/Tp/Tp_S_NNN_S_N_arc10001_arc10001_20012.jpg,train,2,arc10001
CASIA2/Tp/Tp_S_NNN_S_N_arc10101_arc10101_11167.jpg,train,1,arc10101
CASIA2/Tp/Tp_S_NNN_S_N_arc10101_arc10101_11168.jpg,train,1,arc10101
CASIA2/Tp/Tp_S_NNN_S_N_arc10101_arc10101_11169.jpg,train,1,arc10101
CASIA2/Tp/Tp_S_NNN_S_N_arc10103_arc10103_10860.jpg,train,1,arc10103
CASIA2/Tp/Tp_S_NNN_S_N_arc10117_arc10117_10766.jpg,val,1,arc10117
CASIA2/Tp/Tp_S_NNN_S_N_arc10118_arc10118_10759.jpg,train,4,arc10118
CASIA2/Tp/Tp_S_NNN_S_N_arc10118_arc10118_10760.jpg,train,4,arc10118
CASIA2/Tp/Tp_S_NNN_S_N_arc10122_arc10122_11884.jpg,train,1,arc10122
CASIA2/Tp/Tp_S_NNN_S_N_arc10122_arc10122_11885.jpg,train,1,arc10122
CASIA2/Tp/Tp_S_NNN_S_N_arc10122_arc10122_11886.jpg,train,1,arc10122
CASIA2/Tp/Tp_S_NNN_S_N_arc20002_arc20002_01455.tif,train,1,arc20002
CASIA2/Tp/Tp_S_NNN_S_N_arc20002_arc20002_02150.tif,train,1,arc20002
CASIA2/Tp/Tp_S_NNN_S_N_arc20002_arc20002_02465.tif,train,1,arc20002
CASIA2/Tp/Tp_S_NNN_S_N_arc20003_arc20003_02466.tif,val,3,arc20003
CASIA2/Tp/Tp_S_NNN_S_N_arc20005_arc20005_01458.tif,train,3,arc20005
CASIA2/Tp/Tp_S_NNN_S_N_arc20006_arc20006_01459.tif,train,4,arc20006
CASIA2/Tp/Tp_S_NNN_S_N_arc20006_arc20006_02467.tif,train,4,arc20006
CASIA2/Tp/Tp_S_NNN_S_N_arc20007_arc20007_01460.tif,train,2,arc20007
CASIA2/Tp/Tp_S_NNN_S_N_arc20012_arc20012_01465.tif,train,1,arc20012
CASIA2/Tp/Tp_S_NNN_S_N_arc20013_arc20013_01466.tif,train,0,arc20013
CASIA2/Tp/Tp_S_NNN_S_N_arc20013_arc20013_02157.tif,train,0,arc20013
CASIA2/Tp/Tp_S_NNN_S_N_arc20014_arc20014_01467.tif,train,0,arc20013
CASIA2/Tp/Tp_S_NNN_S_N_arc20017_arc20017_01470.tif,test,-1,arc20017
CASIA2/Tp/Tp_S_NNN_S_N_arc20019_arc20019_02469.tif,train,2,arc20019
CASIA2/Tp/Tp_S_NNN_S_N_arc20021_arc20021_01474.tif,train,0,arc20021
CASIA2/Tp/Tp_S_NNN_S_N_arc20021_arc20021_02166.tif,train,0,arc20021
CASIA2/Tp/Tp_S_NNN_S_N_arc20022_arc20022_02163.tif,test,-1,arc20022
CASIA2/Tp/Tp_S_NNN_S_N_arc20023_arc20023_02164.tif,train,4,arc20023
CASIA2/Tp/Tp_S_NNN_S_N_arc20024_arc20024_01477.tif,val,0,arc20024
CASIA2/Tp/Tp_S_NNN_S_N_arc20024_arc20024_02165.tif,val,0,arc20024
CASIA2/Tp/Tp_S_NNN_S_N_arc20024_arc20024_02475.tif,val,0,arc20024
CASIA2/Tp/Tp_S_NNN_S_N_arc20028_arc20028_01481.tif,test,-1,arc20028
CASIA2/Tp/Tp_S_NNN_S_N_arc20028_arc20028_02169.tif,test,-1,arc20028
CASIA2/Tp/Tp_S_NNN_S_N_arc20029_arc20029_01482.tif,train,3,arc20029
CASIA2/Tp/Tp_S_NNN_S_N_arc20029_arc20029_02471.tif,train,3,arc20029
CASIA2/Tp/Tp_S_NNN_S_N_arc20030_arc20030_01483.tif,val,4,arc20030
CASIA2/Tp/Tp_S_NNN_S_N_arc20031_arc20031_01484.tif,train,2,arc20031
CASIA2/Tp/Tp_S_NNN_S_N_arc20031_arc20031_02171.tif,train,2,arc20031
CASIA2/Tp/Tp_S_NNN_S_N_arc20031_arc20031_02462.tif,train,2,arc20031
CASIA2/Tp/Tp_S_NNN_S_N_arc20032_arc20032_01485.tif,val,0,arc20032
CASIA2/Tp/Tp_S_NNN_S_N_arc20035_arc20035_01488.tif,test,-1,arc20035
CASIA2/Tp/Tp_S_NNN_S_N_arc20036_arc20036_01489.tif,test,-1,arc20036
CASIA2/Tp/Tp_S_NNN_S_N_arc20037_arc20037_01490.tif,train,1,arc20037
CASIA2/Tp/Tp_S_NNN_S_N_arc20037_arc20037_02173.tif,train,1,arc20037
CASIA2/Tp/Tp_S_NNN_S_N_arc20038_arc20038_02174.tif,test,-1,arc20038
CASIA2/Tp/Tp_S_NNN_S_N_arc20039_arc20039_01492.tif,train,4,arc20039
CASIA2/Tp/Tp_S_NNN_S_N_arc20041_arc20041_01494.tif,train,4,arc20041
CASIA2/Tp/Tp_S_NNN_S_N_arc20041_arc20041_02177.tif,train,4,arc20041
CASIA2/Tp/Tp_S_NNN_S_N_arc20044_arc20044_02180.tif,train,1,arc20044
CASIA2/Tp/Tp_S_NNN_S_N_arc20046_arc20046_01499.tif,train,0,arc20046
CASIA2/Tp/Tp_S_NNN_S_N_arc20047_arc20047_02181.tif,train,2,arc20047
CASIA2/Tp/Tp_S_NNN_S_N_arc20048_arc20048_01501.tif,train,3,arc20048
CASIA2/Tp/Tp_S_NNN_S_N_arc20050_arc20050_01503.tif,train,4,arc20050
CASIA2/Tp/Tp_S_NNN_S_N_arc20051_arc20051_01691.tif,train,2,arc20051
CASIA2/Tp/Tp_S_NNN_S_N_arc20053_arc20053_01693.tif,train,0,arc20053
CASIA2/Tp/Tp_S_NNN_S_N_arc20054_arc20054_01694.tif,train,2,arc20054
CASIA2/Tp/Tp_S_NNN_S_N_arc20055_arc20055_01695.tif,train,1,arc20055
CASIA2/Tp/Tp_S_NNN_S_N_arc20058_arc20058_01698.tif,train,1,arc20058
CASIA2/Tp/Tp_S_NNN_S_N_arc20061_arc20061_01701.tif,train,0,arc20061
CASIA2/Tp/Tp_S_NNN_S_N_arc20062_arc20062_01702.tif,train,1,arc20062
CASIA2/Tp/Tp_S_NNN_S_N_arc20063_arc20063_01703.tif,val,3,arc20063
CASIA2/Tp/Tp_S_NNN_S_N_arc20066_arc20066_01706.tif,train,0,arc20066
CASIA2/Tp/Tp_S_NNN_S_N_arc20066_arc20066_02195.tif,train,0,arc20066
CASIA2/Tp/Tp_S_NNN_S_N_arc20067_arc20067_02194.tif,train,1,arc20067
CASIA2/Tp/Tp_S_NNN_S_N_arc20071_arc20071_01711.tif,test,-1,arc20071
CASIA2/Tp/Tp_S_NNN_S_N_arc20072_arc20072_02463.tif,train,0,arc20072
CASIA2/Tp/Tp_S_NNN_S_N_arc20073_arc20073_01713.tif,train,4,arc20073
CASIA2/Tp/Tp_S_NNN_S_N_arc20073_arc20073_02484.tif,train,4,arc20073
CASIA2/Tp/Tp_S_NNN_S_N_arc20074_arc20074_01714.tif,test,-1,arc20074
CASIA2/Tp/Tp_S_NNN_S_N_arc20075_arc20075_01715.tif,train,1,arc20075
CASIA2/Tp/Tp_S_NNN_S_N_arc20081_arc20081_01721.tif,val,0,arc20081
CASIA2/Tp/Tp_S_NNN_S_N_arc20082_arc20082_01722.tif,train,4,arc20082
CASIA2/Tp/Tp_S_NNN_S_N_arc20084_arc20084_01724.tif,train,1,arc20084
CASIA2/Tp/Tp_S_NNN_S_N_arc20084_arc20084_02188.tif,train,1,arc20084
CASIA2/Tp/Tp_S_NNN_S_N_arc20084_arc20084_02417.tif,train,1,arc20084
CASIA2/Tp/Tp_S_NNN_S_N_arc20086_arc20086_01726.tif,train,2,arc20086
CASIA2/Tp/Tp_S_NNN_S_N_arc20086_arc20086_02415.tif,train,2,arc20086
CASIA2/Tp/Tp_S_NNN_S_N_arc20088_arc20088_01728.tif,val,2,arc20088
CASIA2/Tp/Tp_S_NNN_S_N_arc20089_arc20089_01729.tif,test,-1,arc20089
CASIA2/Tp/Tp_S_NNN_S_N_arc20091_arc20091_01731.tif,train,1,arc20091
CASIA2/Tp/Tp_S_NNN_S_N_arc20091_arc20091_02408.tif,train,1,arc20091
CASIA2/Tp/Tp_S_NNN_S_N_arc20092_arc20092_01732.tif,train,3,arc20092
CASIA2/Tp/Tp_S_NNN_S_N_arc20093_arc20093_01733.tif,test,-1,arc20093
CASIA2/Tp/Tp_S_NNN_S_N_arc20094_arc20094_02410.tif,train,1,arc20094
CASIA2/Tp/Tp_S_NNN_S_N_arc20095_arc20095_01735.tif,val,3,arc20095
CASIA2/Tp/Tp_S_NNN_S_N_arc20095_arc20095_02409.tif,val,3,arc20095
CASIA2/Tp/Tp_S_NNN_S_N_arc20098_arc20098_02187.tif,train,1,arc20098
CASIA2/Tp/Tp_S_NNN_S_N_arc20099_arc20099_01739.tif,val,3,arc20099
CASIA2/Tp/Tp_S_NNN_S_N_arc20099_arc20099_02186.tif,val,3,arc20099
CASIA2/Tp/Tp_S_NNN_S_N_art00001_art00001_00918.tif,test,-1,art00001
CASIA2/Tp/Tp_S_NNN_S_N_art00001_art00001_01192.tif,test,-1,art00001
CASIA2/Tp/Tp_S_NNN_S_N_art00005_art00005_01195.tif,train,4,art00005
CASIA2/Tp/Tp_S_NNN_S_N_art00006_art00006_10752.jpg,test,-1,art00006
CASIA2/Tp/Tp_S_NNN_S_N_art00006_art00006_10753.jpg,test,-1,art00006
CASIA2/Tp/Tp_S_NNN_S_N_art00008_art00008_01198.tif,test,-1,art00008
CASIA2/Tp/Tp_S_NNN_S_N_art00012_art00012_01202.tif,train,2,art00012
CASIA2/Tp/Tp_S_NNN_S_N_art00017_art00017_00920.tif,train,1,art00017
CASIA2/Tp/Tp_S_NNN_S_N_art00018_art00018_00921.tif,val,0,art00018
CASIA2/Tp/Tp_S_NNN_S_N_art00018_art00018_01206.tif,val,0,art00018
CASIA2/Tp/Tp_S_NNN_S_N_art00020_art00020_01207.tif,train,4,art00020
CASIA2/Tp/Tp_S_NNN_S_N_art00020_art00020_01426.tif,train,4,art00020
CASIA2/Tp/Tp_S_NNN_S_N_art00021_art00021_00922.tif,val,4,art00021
CASIA2/Tp/Tp_S_NNN_S_N_art00022_art00022_01209.tif,train,2,art00022
CASIA2/Tp/Tp_S_NNN_S_N_art00022_art00022_20083.jpg,train,2,art00022
CASIA2/Tp/Tp_S_NNN_S_N_art00023_art00023_01210.tif,val,3,art00023
CASIA2/Tp/Tp_S_NNN_S_N_art00024_art00024_01211.tif,train,3,art00024
CASIA2/Tp/Tp_S_NNN_S_N_art00028_art00028_10510.tif,train,0,art00028
CASIA2/Tp/Tp_S_NNN_S_N_art00028_art00028_20120.tif,train,0,art00028
CASIA2/Tp/Tp_S_NNN_S_N_art00035_art00035_00513.tif,train,1,art00035
CASIA2/Tp/Tp_S_NNN_S_N_art00035_art00035_00924.tif,train,1,art00035
CASIA2/Tp/Tp_S_NNN_S_N_art00035_art00035_01221.tif,train,1,art00035
CASIA2/Tp/Tp_S_NNN_S_N_art00036_art00036_01222.tif,test,-1,art00036
CASIA2/Tp/Tp_S_NNN_S_N_art00036_art00036_01418.tif,test,-1,art00036
CASIA2/Tp/Tp_S_NNN_S_N_art00038_ind00034_01416.tif,train,2,art00038
CASIA2/Tp/Tp_S_NNN_S_N_art00044_art00044_10405.tif,train,4,art00044
CASIA2/Tp/Tp_S_NNN_S_N_art00045_art00045_01223.tif,test,-1,art00045
CASIA2/Tp/Tp_S_NNN_S_N_art00046_art00046_11923.jpg,test,-1,art00046
CASIA2/Tp/Tp_S_NNN_S_N_art00049_art00049_01229.tif,train,0,art00049
CASIA2/Tp/Tp_S_NNN_S_N_art00050_art00050_01024.tif,train,1,art00050
CASIA2/Tp/Tp_S_NNN_S_N_art00054_art00054_01230.tif,test,-1,art00054
CASIA2/Tp/Tp_S_NNN_S_N_art00055_art00055_01018.tif,train,2,art00055
CASIA2/Tp/Tp_S_NNN_S_N_art00055_art00055_01231.tif,train,2,art00055
CASIA2/Tp/Tp_S_NNN_S_N_art00055_art00055_10466.tif,train,2,art00055
CASIA2/Tp/Tp_S_NNN_S_N_art00056_art00056_01404.tif,test,-1,art00056
CASIA2/Tp/Tp_S_NNN_S_N_art00059_art00059_01234.tif,train,1,art00059
CASIA2/Tp/Tp_S_NNN_S_N_art00060_art00060_00526.tif,train,2,art00060
CASIA2/Tp/Tp_S_NNN_S_N_art00060_art00060_10475.tif,train,2,art00060
CASIA2/Tp/Tp_S_NNN_S_N_art00061_art00061_01399.tif,train,1,art00061
CASIA2/Tp/Tp_S_NNN_S_N_art00062_art00062_01027.tif,train,3,art00062
CASIA2/Tp/Tp_S_NNN_S_N_art00062_art00062_01398.tif,train,3,art00062
CASIA2/Tp/Tp_S_NNN_S_N_art00063_art00063_01237.tif,train,1,art00063
CASIA2/Tp/Tp_S_NNN_S_N_art00064_art00064_01236.tif,train,0,art00064
CASIA2/Tp/Tp_S_NNN_S_N_art00068_art00068_01016.tif,train,3,art00068
CASIA2/Tp/Tp_S_NNN_S_N_art00072_art00072_01243.tif,train,3,art00072
CASIA2/Tp/Tp_S_NNN_S_N_art00072_art00072_10523.tif,train,3,art00072
CASIA2/Tp/Tp_S_NNN_S_N_art00073_art00073_10476.tif,train,4,art00073
CASIA2/Tp/Tp_S_NNN_S_N_art00074_art00074_01013.tif,test,-1,art00074
CASIA2/Tp/Tp_S_NNN_S_N_art00074_art00074_01244.tif,test,-1,art00074
CASIA2/Tp/Tp_S_NNN_S_N_art00075_art00075_10514.tif,test,-1,art00075
CASIA2/Tp/Tp_S_NNN_S_N_art00075_art00075_10515.tif,test,-1,art00075
CASIA2/Tp/Tp_S_NNN_S_N_art00076_art00076_00530.tif,train,3,art00076
CASIA2/Tp/Tp_S_NNN_S_N_art00078_art00078_00532.tif,test,-1,art00078
CASIA2/Tp/Tp_S_NNN_S_N_art00078_art00078_10479.tif,test,-1,art00078
CASIA2/Tp/Tp_S_NNN_S_N_art00079_art00079_01012.tif,test,-1,art00079
CASIA2/Tp/Tp_S_NNN_S_N_art00080_art00080_00928.tif,train,0,art00080
CASIA2/Tp/Tp_S_NNN_S_N_art00084_art00084_00534.tif,train,3,art00084
CASIA2/Tp/Tp_S_NNN_S_N_art00084_art00084_10522.tif,train,3,art00084
CASIA2/Tp/Tp_S_NNN_S_N_art00088_art00088_01249.tif,val,0,art00088
CASIA2/Tp/Tp_S_NNN_S_N_art00088_art00088_10325.tif,val,0,art00088
CASIA2/Tp/Tp_S_NNN_S_N_art00090_art00090_01008.tif,train,0,art00090
CASIA2/Tp/Tp_S_NNN_S_N_art00093_art00093_01251.tif,train,1,art00093
CASIA2/Tp/Tp_S_NNN_S_N_art00095_art00095_01005.tif,train,2,art00095
CASIA2/Tp/Tp_S_NNN_S_N_art00095_art00095_10434.tif,train,2,art00095
CASIA2/Tp/Tp_S_NNN_S_N_art00095_art00095_10438.tif,train,2,art00095
CASIA2/Tp/Tp_S_NNN_S_N_art00096_art00096_01004.tif,train,0,art00096
CASIA2/Tp/Tp_S_NNN_S_N_art00099_art00099_01002.tif,train,2,art00099
CASIA2/Tp/Tp_S_NNN_S_N_art00099_art00099_11714.jpg,train,2,art00099
CASIA2/Tp/Tp_S_NNN_S_N_art10002_art10002_20040.jpg,train,1,art10002
CASIA2/Tp/Tp_S_NNN_S_N_art10007_art10007_20047.jpg,train,3,art10007
CASIA2/Tp/Tp_S_NNN_S_N_art10010_art10010_20093.jpg,train,3,art10010
CASIA2/Tp/Tp_S_NNN_S_N_art10012_art10012_20096.jpg,train,4,art10012
CASIA2/Tp/Tp_S_NNN_S_N_art10013_art10013_20097.jpg,val,3,art10013
CASIA2/Tp/Tp_S_NNN_S_N_art10016_art10016_20100.jpg,train,4,art10016
CASIA2/Tp/Tp_S_NNN_S_N_art10110_art10110_11571.jpg,train,2,art10110
CASIA2/Tp/Tp_S_NNN_S_N_art10111_art10111_11562.jpg,test,-1,art10111
CASIA2/Tp/Tp_S_NNN_S_N_art10112_art10112_11559.jpg,train,1,art10112
CASIA2/Tp/Tp_S_NNN_S_N_art10116_art10116_11529.jpg,train,1,art10116
CASIA2/Tp/Tp_S_NNN_S_N_art20004_art20004_01810.tif,train,0,art20004
CASIA2/Tp/Tp_S_NNN_S_N_art20010_art20010_01816.tif,val,1,art20010
CASIA2/Tp/Tp_S_NNN_S_N_art20011_art20011_01817.tif,train,4,art20011
CASIA2/Tp/Tp_S_NNN_S_N_art20011_art20011_02339.tif,train,4,art20011
CASIA2/Tp/Tp_S_NNN_S_N_art20012_art20012_01818.tif,train,4,art20012
CASIA2/Tp/Tp_S_NNN_S_N_art20017_art20017_01823.tif,val,1,art20017
CASIA2/Tp/Tp_S_NNN_S_N_art20018_art20018_01824.tif,train,3,art20018
CASIA2/Tp/Tp_S_NNN_S_N_art20019_art20019_01825.tif,train,4,art20019
CASIA2/Tp/Tp_S_NNN_S_N_art20021_art20021_01827.tif,train,1,art20021
CASIA2/Tp/Tp_S_NNN_S_N_art20023_art20023_01829.tif,train,3,art20023
CASIA2/Tp/Tp_S_NNN_S_N_art20024_art20024_01830.tif,train,3,art20024
CASIA2/Tp/Tp_S_NNN_S_N_art20024_art20024_02338.tif,train,3,art20024
CASIA2/Tp/Tp_S_NNN_S_N_art20027_art20027_01833.tif,train,2,art20027
CASIA2/Tp/Tp_S_NNN_S_N_art20029_art20029_01835.tif,train,2,art20029
CASIA2/Tp/Tp_S_NNN_S_N_art20030_art20030_01836.tif,train,1,art20030
CASIA2/Tp/Tp_S_NNN_S_N_art20033_art20033_01839.tif,train,0,art20033
CASIA2/Tp/Tp_S_NNN_S_N_art20034_art20034_01840.tif,test,-1,art20034
CASIA2/Tp/Tp_S_NNN_S_N_art20035_art20035_01841.tif,train,1,art20035
CASIA2/Tp/Tp_S_NNN_S_N_art20036_art20036_01842.tif,test,-1,art20036
CASIA2/Tp/Tp_S_NNN_S_N_art20037_art20037_02334.tif,train,3,art20037
CASIA2/Tp/Tp_S_NNN_S_N_art20039_art20039_01845.tif,train,2,art20039
CASIA2/Tp/Tp_S_NNN_S_N_art20041_art20041_01847.tif,train,3,art20041
CASIA2/Tp/Tp_S_NNN_S_N_art20042_art20042_01848.tif,train,2,art20042
CASIA2/Tp/Tp_S_NNN_S_N_art20044_art20044_01850.tif,train,0,art20044
CASIA2/Tp/Tp_S_NNN_S_N_art20047_art20047_01853.tif,train,2,art20047
CASIA2/Tp/Tp_S_NNN_S_N_art20047_art20047_02333.tif,train,2,art20047
CASIA2/Tp/Tp_S_NNN_S_N_art20051_art20051_02332.tif,train,1,art20051
CASIA2/Tp/Tp_S_NNN_S_N_art20054_art20054_01860.tif,test,-1,art20054
CASIA2/Tp/Tp_S_NNN_S_N_art20054_art20054_02331.tif,test,-1,art20054
CASIA2/Tp/Tp_S_NNN_S_N_art20056_art20056_01862.tif,train,3,art20056
CASIA2/Tp/Tp_S_NNN_S_N_art20063_art20063_01869.tif,val,1,art20063
CASIA2/Tp/Tp_S_NNN_S_N_art20069_art20069_01875.tif,train,2,art20069
CASIA2/Tp/Tp_S_NNN_S_N_art20072_art20072_01878.tif,val,3,art20072
CASIA2/Tp/Tp_S_NNN_S_N_art20074_art20074_01880.tif,val,3,art20074
CASIA2/Tp/Tp_S_NNN_S_N_art20077_art20077_01883.tif,train,4,art20077
CASIA2/Tp/Tp_S_NNN_S_N_art20080_art20080_01886.tif,train,3,art20080
CASIA2/Tp/Tp_S_NNN_S_N_art20080_art20080_02315.tif,train,3,art20080
CASIA2/Tp/Tp_S_NNN_S_N_art20082_art20082_01888.tif,train,0,art20082
CASIA2/Tp/Tp_S_NNN_S_N_art20083_art20083_02313.tif,train,2,art20083
CASIA2/Tp/Tp_S_NNN_S_N_art20084_art20084_01890.tif,train,3,art20084
CASIA2/Tp/Tp_S_NNN_S_N_art20085_art20085_01891.tif,train,1,art20085
CASIA2/Tp/Tp_S_NNN_S_N_art20088_art20088_01894.tif,test,-1,art20088
CASIA2/Tp/Tp_S_NNN_S_N_art20088_art20088_02309.tif,test,-1,art20088
CASIA2/Tp/Tp_S_NNN_S_N_art20089_art20089_01895.tif,train,3,art20089
CASIA2/Tp/Tp_S_NNN_S_N_art20089_art20089_02308.tif,train,3,art20089
CASIA2/Tp/Tp_S_NNN_S_N_cha00001_cha00001_00321.tif,train,3,cha00001
CASIA2/Tp/Tp_S_NNN_S_N_cha00002_cha00002_00837.tif,train,0,cha00002
CASIA2/Tp/Tp_S_NNN_S_N_cha00004_cha00004_00838.tif,train,2,cha00004
CASIA2/Tp/Tp_S_NNN_S_N_cha00005_cha00005_00325.tif,val,0,cha00005
CASIA2/Tp/Tp_S_NNN_S_N_cha00008_cha00008_00840.tif,val,1,cha00008
CASIA2/Tp/Tp_S_NNN_S_N_cha00008_cha00008_11157.jpg,val,1,cha00008
CASIA2/Tp/Tp_S_NNN_S_N_cha00008_cha00008_11158.jpg,val,1,cha00008
CASIA2/Tp/Tp_S_NNN_S_N_cha00008_cha00008_11159.jpg,val,1,cha00008
CASIA2/Tp/Tp_S_NNN_S_N_cha00008_cha00008_11160.jpg,val,1,cha00008
CASIA2/Tp/Tp_S_NNN_S_N_cha00010_cha00010_00841.tif,train,2,cha00004
CASIA2/Tp/Tp_S_NNN_S_N_cha00011_cha00011_00842.tif,train,2,cha00011
CASIA2/Tp/Tp_S_NNN_S_N_cha00013_cha00013_00843.tif,train,4,cha00013
CASIA2/Tp/Tp_S_NNN_S_N_cha00015_cha00015_00335.tif,train,3,cha00015
CASIA2/Tp/Tp_S_NNN_S_N_cha00015_cha00015_00844.tif,train,3,cha00015
CASIA2/Tp/Tp_S_NNN_S_N_cha00017_cha00017_00337.tif,train,3,cha00017
CASIA2/Tp/Tp_S_NNN_S_N_cha00017_cha00017_00845.tif,train,3,cha00017
CASIA2/Tp/Tp_S_NNN_S_N_cha00018_cha00018_00846.tif,train,2,cha00018
CASIA2/Tp/Tp_S_NNN_S_N_cha00019_cha00019_00339.tif,train,4,cha00019
CASIA2/Tp/Tp_S_NNN_S_N_cha00032_cha00032_00847.tif,val,4,cha00032
CASIA2/Tp/Tp_S_NNN_S_N_cha00032_cha00032_11028.jpg,val,4,cha00032
CASIA2/Tp/Tp_S_NNN_S_N_cha00033_cha00033_00848.tif,train,4,cha00033
CASIA2/Tp/Tp_S_NNN_S_N_cha00036_cha00036_00356.tif,test,-1,cha00036
CASIA2/Tp/Tp_S_NNN_S_N_cha00036_cha00036_11735.jpg,test,-1,cha00036
CASIA2/Tp/Tp_S_NNN_S_N_cha00038_cha00038_11030.jpg,train,2,cha00038
CASIA2/Tp/Tp_S_NNN_S_N_cha00040_cha00040_00849.tif,val,4,cha00040
CASIA2/Tp/Tp_S_NNN_S_N_cha00041_cha00041_00361.tif,val,0,cha00041
CASIA2/Tp/Tp_S_NNN_S_N_cha00041_cha00041_00850.tif,val,0,cha00041
CASIA2/Tp/Tp_S_NNN_S_N_cha00043_cha00043_00363.tif,train,1,cha00043
CASIA2/Tp/Tp_S_NNN_S_N_cha00046_cha00046_00851.tif,train,2,cha00046
CASIA2/Tp/Tp_S_NNN_S_N_cha00048_cha00048_00368.tif,val,3,cha00048
CASIA2/Tp/Tp_S_NNN_S_N_cha00049_cha00049_00369.tif,test,-1,cha00049
CASIA2/Tp/Tp_S_NNN_S_N_cha00049_cha00049_11001.jpg,test,-1,cha00049
CASIA2/Tp/Tp_S_NNN_S_N_cha00052_cha00052_00372.tif,val,3,cha00052
CASIA2/Tp/Tp_S_NNN_S_N_cha00055_cha00055_00853.tif,train,1,cha00055
CASIA2/Tp/Tp_S_NNN_S_N_cha00058_cha00058_00854.tif,train,3,cha00058
CASIA2/Tp/Tp_S_NNN_S_N_cha00060_cha00060_00855.tif,train,3,cha00060
CASIA2/Tp/Tp_S_NNN_S_N_cha00061_cha00043_11021.jpg,train,3,cha00061
CASIA2/Tp/Tp_S_NNN_S_N_cha00065_cha00065_00385.tif,val,3,cha00065
CASIA2/Tp/Tp_S_NNN_S_N_cha00065_cha00065_00856.tif,val,3,cha00065
CASIA2/Tp/Tp_S_NNN_S_N_cha00066_cha00066_10320.tif,val,4,cha00066
CASIA2/Tp/Tp_S_NNN_S_N_cha00066_cha00066_10321.tif,val,4,cha00066
CASIA2/Tp/Tp_S_NNN_S_N_cha00071_cha00071_00859.tif,train,2,cha00071
CASIA2/Tp/Tp_S_NNN_S_N_cha00072_cha00072_00860.tif,train,4,cha00072
CASIA2/Tp/Tp_S_NNN_S_N_cha00073_cha00073_00393.tif,train,2,cha00073
CASIA2/Tp/Tp_S_NNN_S_N_cha00073_cha00073_00861.tif,train,2,cha00073
CASIA2/Tp/Tp_S_NNN_S_N_cha00077_cha00077_00862.tif,train,1,cha00077
CASIA2/Tp/Tp_S_NNN_S_N_cha00078_cha00078_00863.tif,train,3,cha00078
CASIA2/Tp/Tp_S_NNN_S_N_cha00079_cha00079_00864.tif,train,2,cha00079
CASIA2/Tp/Tp_S_NNN_S_N_cha00080_cha00080_00865.tif,train,3,cha00080
CASIA2/Tp/Tp_S_NNN_S_N_cha00082_cha00082_00867.tif,train,2,cha00082
CASIA2/Tp/Tp_S_NNN_S_N_cha00083_cha00083_00868.tif,train,3,cha00083
CASIA2/Tp/Tp_S_NNN_S_N_cha00084_cha00084_00869.tif,val,4,cha00084
CASIA2/Tp/Tp_S_NNN_S_N_cha00084_cha00084_10871.jpg,val,4,cha00084
CASIA2/Tp/Tp_S_NNN_S_N_cha00085_cha00085_00870.tif,train,4,cha00085
CASIA2/Tp/Tp_S_NNN_S_N_cha00089_cha00089_00871.tif,train,2,cha00089
CASIA2/Tp/Tp_S_NNN_S_N_cha00092_cha00092_10201.tif,test,-1,cha00092
CASIA2/Tp/Tp_S_NNN_S_N_cha00094_cha00094_00873.tif,train,0,cha00094
CASIA2/Tp/Tp_S_NNN_S_N_cha00095_cha00095_00874.tif,train,4,cha00095
CASIA2/Tp/Tp_S_NNN_S_N_cha00099_cha00099_00876.tif,train,4,cha00099
CASIA2/Tp/Tp_S_NNN_S_N_cha10111_cha10111_11691.jpg,train,0,cha10111
CASIA2/Tp/Tp_S_NNN_S_N_cha10114_cha10114_12175.jpg,train,1,cha10114
CASIA2/Tp/Tp_S_NNN_S_N_cha10116_cha10116_12171.jpg,train,0,cha10116
CASIA2/Tp/Tp_S_NNN_S_N_cha10123_cha10123_12190.jpg,train,2,cha10123
CASIA2/Tp/Tp_S_NNN_S_N_cha10128_cha10128_12151.jpg,train,1,cha10114
CASIA2/Tp/Tp_S_NNN_S_N_cha10129_cha10129_12177.jpg,train,4,cha10129
CASIA2/Tp/Tp_S_NNN_S_N_cha10135_cha10135_12205.jpg,val,1,cha10135
CASIA2/Tp/Tp_S_NNN_S_N_cha10140_cha10140_12198.jpg,train,2,cha10140
CASIA2/Tp/Tp_S_NNN_S_N_cha10145_cha10145_12241.jpg,train,1,cha10145
CASIA2/Tp/Tp_S_NNN_S_N_cha10148_cha10148_12223.jpg,train,3,cha10148
CASIA2/Tp/Tp_S_NNN_S_N_cha10151_cha10151_12219.jpg,train,2,cha10151
CASIA2/Tp/Tp_S_NNN_S_N_cha10153_cha10153_12268.jpg,train,3,cha10153
CASIA2/Tp/Tp_S_NNN_S_N_cha10154_cha10154_12267.jpg,train,1,cha10154
CASIA2/Tp/Tp_S_NNN_S_N_cha10155_cha10155_12280.jpg,train,1,cha10155
CASIA2/Tp/Tp_S_NNN_S_N_cha10158_cha10158_12262.jpg,train,3,cha10158
CASIA2/Tp/Tp_S_NNN_S_N_cha10161_cha10161_12256.jpg,train,2,cha10161
CASIA2/Tp/Tp_S_NNN_S_N_cha10162_cha10162_12250.jpg,train,2,cha10162
CASIA2/Tp/Tp_S_NNN_S_N_cha10165_cha10165_12243.jpg,train,4,cha10165
CASIA2/Tp/Tp_S_NNN_S_N_cha10165_cha10165_12244.jpg,train,4,cha10165
CASIA2/Tp/Tp_S_NNN_S_N_cha10165_cha10165_12245.jpg,train,4,cha10165
CASIA2/Tp/Tp_S_NNN_S_N_cha10166_cha10166_12270.jpg,train,0,cha10166
CASIA2/Tp/Tp_S_NNN_S_N_cha10171_cha10171_12281.jpg,val,0,cha10171
CASIA2/Tp/Tp_S_NNN_S_N_cha10172_cha10172_12284.jpg,train,4,cha10172
CASIA2/Tp/Tp_S_NNN_S_N_cha10176_cha10176_12286.jpg,train,0,cha10176
CASIA2/Tp/Tp_S_NNN_S_N_cha10181_cha10181_12296.jpg,train,2,cha10181
CASIA2/Tp/Tp_S_NNN_S_N_cha10188_cha10188_12305.jpg,train,4,cha10188
CASIA2/Tp/Tp_S_NNN_S_N_cha10189_cha10189_12325.jpg,train,3,cha10189
CASIA2/Tp/Tp_S_NNN_S_N_cha10190_cha10190_12430.jpg,val,4,cha10190
CASIA2/Tp/Tp_S_NNN_S_N_cha10193_cha10193_12320.jpg,train,2,cha10193
CASIA2/Tp/Tp_S_NNN_S_N_cha10199_cha10199_12360.jpg,test,-1,cha10199
CASIA2/Tp/Tp_S_NNN_S_N_cha10202_cha10202_12356.jpg,val,1,cha10202
CASIA2/Tp/Tp_S_NNN_S_N_cha10204_cha10204_12353.jpg,train,1,cha10204
CASIA2/Tp/Tp_S_NNN_S_N_cha10205_cha10205_12349.jpg,train,2,cha10205
CASIA2/Tp/Tp_S_NNN_S_N_cha10206_cha10206_12344.jpg,val,2,cha10206
CASIA2/Tp/Tp_S_NNN_S_N_cha10206_cha10206_12345.jpg,val,2,cha10206
CASIA2/Tp/Tp_S_NNN_S_N_cha10209_cha10209_12334.jpg,val,4,cha10209
CASIA2/Tp/Tp_S_NNN_S_N_cha10211_cha10211_12331.jpg,test,-1,cha10211
CASIA2/Tp/Tp_S_NNN_S_N_cha20004_cha20004_02003.tif,train,3,cha10117
CASIA2/Tp/Tp_S_NNN_S_N_cha20005_cha20005_02004.tif,val,0,cha10118
CASIA2/Tp/Tp_S_NNN_S_N_cha20006_cha20006_02005.tif,train,2,cha10119
CASIA2/Tp/Tp_S_NNN_S_N_cha20006_cha20006_02420.tif,train,2,cha10119
CASIA2/Tp/Tp_S_NNN_S_N_cha20008_cha20008_02007.tif,train,3,cha10121
CASIA2/Tp/Tp_S_NNN_S_N_cha20010_cha20010_02009.tif,train,2,cha10123
CASIA2/Tp/Tp_S_NNN_S_N_cha20010_cha20010_02424.tif,train,2,cha10123
CASIA2/Tp/Tp_S_NNN_S_N_cha20012_cha20012_02011.tif,train,0,cha10125
CASIA2/Tp/Tp_S_NNN_S_N_cha20013_cha20013_02012.tif,test,-1,cha10126
CASIA2/Tp/Tp_S_NNN_S_N_cha20014_cha20014_02013.tif,test,-1,cha10127
CASIA2/Tp/Tp_S_NNN_S_N_cha20016_cha20016_02015.tif,train,4,cha10129
CASIA2/Tp/Tp_S_NNN_S_N_cha20019_cha20019_02018.tif,train,3,cha10132
CASIA2/Tp/Tp_S_NNN_S_N_cha20023_cha20023_02022.tif,train,2,cha10205
CASIA2/Tp/Tp_S_NNN_S_N_cha20024_cha20024_02023.tif,train,1,cha10137
CASIA2/Tp/Tp_S_NNN_S_N_cha20026_cha20026_02025.tif,test,-1,cha10168
CASIA2/Tp/Tp_S_NNN_S_N_cha20027_cha20027_02026.tif,train,2,cha10196
CASIA2/Tp/Tp_S_NNN_S_N_cha20029_cha20029_02028.tif,train,0,cha10176
CASIA2/Tp/Tp_S_NNN_S_N_cha20029_cha20029_02428.tif,train,0,cha10176
CASIA2/Tp/Tp_S_NNN_S_N_cha20030_cha20030_02485.tif,val,3,cha10175
CASIA2/Tp/Tp_S_NNN_S_N_cha20034_cha20034_02429.tif,train,3,cha10169
CASIA2/Tp/Tp_S_NNN_S_N_cha20035_cha20035_02034.tif,train,0,cha10166
CASIA2/Tp/Tp_S_NNN_S_N_cha20036_cha20036_02035.tif,train,4,cha10165
CASIA2/Tp/Tp_S_NNN_S_N_cha20036_cha20036_02487.tif,train,4,cha10165
CASIA2/Tp/Tp_S_NNN_S_N_cha20038_cha20038_02037.tif,train,2,cha10151
CASIA2/Tp/Tp_S_NNN_S_N_cha20043_cha20043_02042.tif,test,-1,cha10156
CASIA2/Tp/Tp_S_NNN_S_N_cha20043_cha20043_02431.tif,test,-1,cha10156
CASIA2/Tp/Tp_S_NNN_S_N_cha20044_cha20044_02043.tif,val,0,cha10171
CASIA2/Tp/Tp_S_NNN_S_N_cha20045_cha20045_02433.tif,train,3,cha10158
CASIA2/Tp/Tp_S_NNN_S_N_cha20046_cha20046_02045.tif,train,0,cha20046
CASIA2/Tp/Tp_S_NNN_S_N_cha20047_cha20047_02046.tif,train,2,cha10160
CASIA2/Tp/Tp_S_NNN_S_N_cha20048_cha20048_02435.tif,train,2,cha10161
CASIA2/Tp/Tp_S_NNN_S_N_ind00003_ind00003_00880.tif,train,0,ind00003
CASIA2/Tp/Tp_S_NNN_S_N_ind00003_ind00003_01303.tif,train,0,ind00003
CASIA2/Tp/Tp_S_NNN_S_N_ind00005_ind00005_00882.tif,train,0,ind00005
CASIA2/Tp/Tp_S_NNN_S_N_ind00009_ind00009_00884.tif,train,1,ind00009
CASIA2/Tp/Tp_S_NNN_S_N_ind00009_ind00009_01307.tif,train,1,ind00009
CASIA2/Tp/Tp_S_NNN_S_N_ind00010_ind00010_01308.tif,val,0,ind00010
CASIA2/Tp/Tp_S_NNN_S_N_ind00012_ind00012_00886.tif,train,0,art30119
CASIA2/Tp/Tp_S_NNN_S_N_ind00013_ind00013_00887.tif,train,3,ind00013
CASIA2/Tp/Tp_S_NNN_S_N_ind00015_ind00015_01313.tif,train,4,ind00015
CASIA2/Tp/Tp_S_NNN_S_N_ind00016_ind00016_00888.tif,train,3,ind00016
CASIA2/Tp/Tp_S_NNN_S_N_ind00016_ind00016_01314.tif,train,3,ind00016
CASIA2/Tp/Tp_S_NNN_S_N_ind00017_ind00017_00433.tif,train,2,ind00017
CASIA2/Tp/Tp_S_NNN_S_N_ind00017_ind00017_01315.tif,train,2,ind00017
CASIA2/Tp/Tp_S_NNN_S_N_ind00018_ind00018_10708.jpg,train,1,ind00018
CASIA2/Tp/Tp_S_NNN_S_N_ind00019_ind00019_00891.tif,train,1,ind00019
CASIA2/Tp/Tp_S_NNN_S_N_ind00020_ind00020_00892.tif,train,3,ind00020
CASIA2/Tp/Tp_S_NNN_S_N_ind00023_ind00023_10704.jpg,val,3,ind00023
CASIA2/Tp/Tp_S_NNN_S_N_ind00024_ind00024_01320.tif,train,2,ind00024
CASIA2/Tp/Tp_S_NNN_S_N_ind00025_ind00025_00440.tif,test,-1,cha10101
CASIA2/Tp/Tp_S_NNN_S_N_ind00026_ind00026_00441.tif,test,-1,ind00026
CASIA2/Tp/Tp_S_NNN_S_N_ind00027_ind00027_00442.tif,train,2,ind00027
CASIA2/Tp/Tp_S_NNN_S_N_ind00028_ind00028_11063.jpg,train,2,ind00028
CASIA2/Tp/Tp_S_NNN_S_N_ind00029_ind00029_00896.tif,train,4,cha30181
CASIA2/Tp/Tp_S_NNN_S_N_ind00029_ind00029_01322.tif,train,4,cha30181
CASIA2/Tp/Tp_S_NNN_S_N_ind00031_ind00031_01324.tif,train,2,ind00031
CASIA2/Tp/Tp_S_NNN_S_N_ind00032_ind00032_11060.jpg,train,4,ind00032
CASIA2/Tp/Tp_S_NNN_S_N_ind00035_ind00035_10726.jpg,train,1,ind00035
CASIA2/Tp/Tp_S_NNN_S_N_ind00040_ind00040_00897.tif,train,4,ind00040
CASIA2/Tp/Tp_S_NNN_S_N_ind00040_ind00040_10880.jpg,train,4,ind00040
CASIA2/Tp/Tp_S_NNN_S_N_ind00041_ind00041_00898.tif,val,1,ind00041
CASIA2/Tp/Tp_S_NNN_S_N_ind00041_ind00041_01331.tif,val,1,ind00041
CASIA2/Tp/Tp_S_NNN_S_N_ind00042_ind00042_01332.tif,train,0,ind00042
CASIA2/Tp/Tp_S_NNN_S_N_ind00043_ind00043_00452.tif,test,-1,ind00043
CASIA2/Tp/Tp_S_NNN_S_N_ind00043_ind00043_01333.tif,test,-1,ind00043
CASIA2/Tp/Tp_S_NNN_S_N_ind00043_ind00043_10891.jpg,test,-1,ind00043
CASIA2/Tp/Tp_S_NNN_S_N_ind00044_ind00044_01334.tif,train,4,ind00044
CASIA2/Tp/Tp_S_NNN_S_N_ind00045_ind00045_01335.tif,train,1,ind00045
CASIA2/Tp/Tp_S_NNN_S_N_ind00046_ind00046_00900.tif,train,2,ind00046
CASIA2/Tp/Tp_S_NNN_S_N_ind00050_ind00050_00901.tif,train,4,ind00050
CASIA2/Tp/Tp_S_NNN_S_N_ind00051_ind00051_00458.tif,train,2,ind00051
CASIA2/Tp/Tp_S_NNN_S_N_ind00053_ind00053_00903.tif,val,2,ind00053
CASIA2/Tp/Tp_S_NNN_S_N_ind00054_ind00054_01343.tif,train,2,ind00054
CASIA2/Tp/Tp_S_NNN_S_N_ind00057_ind00057_10917.jpg,val,4,ind00057
CASIA2/Tp/Tp_S_NNN_S_N_ind00058_ind00058_00906.tif,test,-1,ind00058
CASIA2/Tp/Tp_S_NNN_S_N_ind00059_ind00059_01348.tif,train,2,ind00059
CASIA2/Tp/Tp_S_NNN_S_N_ind00060_ind00060_00907.tif,test,-1,ind00060
CASIA2/Tp/Tp_S_NNN_S_N_ind00061_ind00061_00908.tif,train,0,ind00061
CASIA2/Tp/Tp_S_NNN_S_N_ind00061_ind00061_01350.tif,train,0,ind00061
CASIA2/Tp/Tp_S_NNN_S_N_ind00063_ind00063_00909.tif,train,2,ind00063
CASIA2/Tp/Tp_S_NNN_S_N_ind00063_ind00063_01351.tif,train,2,ind00063
CASIA2/Tp/Tp_S_NNN_S_N_ind00063_ind00063_10703.jpg,train,2,ind00063
CASIA2/Tp/Tp_S_NNN_S_N_ind00064_ind00064_00910.tif,test,-1,ind00064
CASIA2/Tp/Tp_S_NNN_S_N_ind00065_ind00065_01353.tif,test,-1,ind00065
CASIA2/Tp/Tp_S_NNN_S_N_ind00066_ind00066_01354.tif,val,0,ind00066
CASIA2/Tp/Tp_S_NNN_S_N_ind00069_ind00069_10693.jpg,train,0,ind00069
CASIA2/Tp/Tp_S_NNN_S_N_ind00071_ind00071_10939.jpg,train,3,ind00071
CASIA2/Tp/Tp_S_NNN_S_N_ind00072_ind00072_01359.tif,train,4,ind00072
CASIA2/Tp/Tp_S_NNN_S_N_ind00073_ind00073_01360.tif,train,1,ind00073
CASIA2/Tp/Tp_S_NNN_S_N_ind00074_ind00074_10683.jpg,test,-1,ind00074
CASIA2/Tp/Tp_S_NNN_S_N_ind00074_ind00074_10929.jpg,test,-1,ind00074
CASIA2/Tp/Tp_S_NNN_S_N_ind00075_ind00075_00911.tif,train,0,ind00075
CASIA2/Tp/Tp_S_NNN_S_N_ind00075_ind00075_10678.jpg,train,0,ind00075
CASIA2/Tp/Tp_S_NNN_S_N_ind00076_ind00076_10682.jpg,train,0,ind00076
CASIA2/Tp/Tp_S_NNN_S_N_ind00078_ind00078_10662.jpg,train,4,ind00078
CASIA2/Tp/Tp_S_NNN_S_N_ind00079_ind00079_00912.tif,val,2,ind00079
CASIA2/Tp/Tp_S_NNN_S_N_ind00080_ind00080_00913.tif,train,0,ind00080
CASIA2/Tp/Tp_S_NNN_S_N_ind00080_ind00080_10668.jpg,train,0,ind00080
CASIA2/Tp/Tp_S_NNN_S_N_ind00081_ind00081_01365.tif,val,3,ind00081
CASIA2/Tp/Tp_S_NNN_S_N_ind00084_ind00084_00914.tif,train,1,ind00084
CASIA2/Tp/Tp_S_NNN_S_N_ind00084_ind00084_01368.tif,train,1,ind00084
CASIA2/Tp/Tp_S_NNN_S_N_ind00085_ind00085_00915.tif,train,2,ind00085
CASIA2/Tp/Tp_S_NNN_S_N_ind00087_ind00087_01371.tif,train,0,ind00087
CASIA2/Tp/Tp_S_NNN_S_N_ind00089_ind00089_01372.tif,train,1,ind00089
CASIA2/Tp/Tp_S_NNN_S_N_ind00089_ind00089_10658.jpg,train,1,ind00089
CASIA2/Tp/Tp_S_NNN_S_N_ind00093_ind00093_00916.tif,train,0,ind00093
CASIA2/Tp/Tp_S_NNN_S_N_ind00094_ind00094_10654.jpg,test,-1,ind00094
CASIA2/Tp/Tp_S_NNN_S_N_ind00094_ind00094_10655.jpg,test,-1,ind00094
CASIA2/Tp/Tp_S_NNN_S_N_ind00099_ind00099_01377.tif,train,1,art30669
CASIA2/Tp/Tp_S_NNN_S_N_ind00099_ind00099_10630.jpg,train,1,art30669
CASIA2/Tp/Tp_S_NNN_S_N_ind00100_ind00100_00917.tif,train,3,ind00100
CASIA2/Tp/Tp_S_NNN_S_N_ind00100_ind00100_10632.jpg,train,3,ind00100
CASIA2/Tp/Tp_S_NNN_S_N_ind20003_ind20003_01744.tif,train,3,ind20003
CASIA2/Tp/Tp_S_NNN_S_N_ind20004_ind20004_01745.tif,train,3,ind20004
CASIA2/Tp/Tp_S_NNN_S_N_ind20004_ind20004_02264.tif,train,3,ind20004
CASIA2/Tp/Tp_S_NNN_S_N_ind20005_ind20005_01746.tif,val,4,ind20005
CASIA2/Tp/Tp_S_NNN_S_N_ind20012_ind20012_02271.tif,test,-1,ind20012
CASIA2/Tp/Tp_S_NNN_S_N_ind20013_ind20013_02272.tif,train,2,ind20013
CASIA2/Tp/Tp_S_NNN_S_N_ind20015_ind20015_02273.tif,train,0,ind20015
CASIA2/Tp/Tp_S_NNN_S_N_ind20019_ind20019_02276.tif,train,2,ind20019
CASIA2/Tp/Tp_S_NNN_S_N_ind20020_ind20020_01761.tif,train,2,ind20020
CASIA2/Tp/Tp_S_NNN_S_N_ind20022_ind20022_02279.tif,train,1,ind20022
CASIA2/Tp/Tp_S_NNN_S_N_ind20025_ind20025_01766.tif,val,4,ind20025
CASIA2/Tp/Tp_S_NNN_S_N_ind20026_ind20026_01767.tif,train,1,ind20026
CASIA2/Tp/Tp_S_NNN_S_N_ind20026_ind20026_02461.tif,train,1,ind20026
CASIA2/Tp/Tp_S_NNN_S_N_ind20027_ind20027_01768.tif,val,2,ind20027
CASIA2/Tp/Tp_S_NNN_S_N_ind20030_ind20030_02285.tif,train,1,ind20030
CASIA2/Tp/Tp_S_NNN_S_N_ind20031_ind20031_01772.tif,val,4,ind20031
CASIA2/Tp/Tp_S_NNN_S_N_ind20033_ind20033_02287.tif,train,2,ind20033
CASIA2/Tp/Tp_S_NNN_S_N_ind20035_ind20035_01776.tif,test,-1,ind20035
CASIA2/Tp/Tp_S_NNN_S_N_ind20037_ind20037_01778.tif,train,4,ind20037
CASIA2/Tp/Tp_S_NNN_S_N_ind20037_ind20037_02289.tif,train,4,ind20037
CASIA2/Tp/Tp_S_NNN_S_N_ind20038_ind20038_01779.tif,train,4,ind20038
CASIA2/Tp/Tp_S_NNN_S_N_ind20039_ind20039_01780.tif,train,0,ind20039
CASIA2/Tp/Tp_S_NNN_S_N_ind20042_ind20042_01783.tif,train,3,ind20042
CASIA2/Tp/Tp_S_NNN_S_N_ind20043_ind20043_02291.tif,train,3,ind20043
CASIA2/Tp/Tp_S_NNN_S_N_ind20046_ind20046_01787.tif,test,-1,ind20046
CASIA2/Tp/Tp_S_NNN_S_N_ind20046_ind20046_02294.tif,test,-1,ind20046
CASIA2/Tp/Tp_S_NNN_S_N_ind20050_ind20050_02296.tif,test,-1,ind20050
CASIA2/Tp/Tp_S_NNN_S_N_ind20051_ind20051_02297.tif,train,2,ind20051
CASIA2/Tp/Tp_S_NNN_S_N_ind20052_ind20052_02298.tif,val,1,ind20052
CASIA2/Tp/Tp_S_NNN_S_N_ind20053_ind20053_02299.tif,test,-1,ind20053
CASIA2/Tp/Tp_S_NNN_S_N_ind20056_ind20056_01797.tif,train,0,ind20056
CASIA2/Tp/Tp_S_NNN_S_N_ind20059_ind20059_02302.tif,train,4,ind20059
CASIA2/Tp/Tp_S_NNN_S_N_ind20060_ind20060_02303.tif,train,0,ind20060
CASIA2/Tp/Tp_S_NNN_S_N_ind20061_ind20061_01802.tif,train,1,ind20061
CASIA2/Tp/Tp_S_NNN_S_N_ind20062_ind20062_01803.tif,train,4,ind20062
CASIA2/Tp/Tp_S_NNN_S_N_ind20062_ind20062_02304.tif,train,4,ind20062
CASIA2/Tp/Tp_S_NNN_S_N_ind20063_ind20063_01804.tif,train,3,ind20063
CASIA2/Tp/Tp_S_NNN_S_N_ind20064_ind20064_01805.tif,train,1,ind20064
CASIA2/Tp/Tp_S_NNN_S_N_ind20064_ind20064_02305.tif,train,1,ind20064
CASIA2/Tp/Tp_S_NNN_S_N_nat00002_nat00002_11058.jpg,train,0,ani00010
CASIA2/Tp/Tp_S_NNN_S_N_nat00005_nat00005_00625.tif,train,1,nat00005
CASIA2/Tp/Tp_S_NNN_S_N_nat00008_nat00008_00628.tif,train,2,nat00008
CASIA2/Tp/Tp_S_NNN_S_N_nat00009_nat00009_11091.jpg,train,4,nat00009
CASIA2/Tp/Tp_S_NNN_S_N_nat00011_nat00011_00937.tif,train,1,nat00011
CASIA2/Tp/Tp_S_NNN_S_N_nat00012_nat00012_00938.tif,train,4,nat00012
CASIA2/Tp/Tp_S_NNN_S_N_nat00014_nat00014_00940.tif,train,1,nat00014
CASIA2/Tp/Tp_S_NNN_S_N_nat00015_nat00015_11051.jpg,train,2,nat00015
CASIA2/Tp/Tp_S_NNN_S_N_nat00016_nat00016_00635.tif,train,1,nat00016
CASIA2/Tp/Tp_S_NNN_S_N_nat00017_nat00017_00941.tif,val,2,nat00017
CASIA2/Tp/Tp_S_NNN_S_N_nat00018_nat00018_10928.jpg,train,0,nat00018
CASIA2/Tp/Tp_S_NNN_S_N_nat00020_nat00020_11044.jpg,val,1,nat00020
CASIA2/Tp/Tp_S_NNN_S_N_nat00021_nat00021_11041.jpg,train,4,nat00021
CASIA2/Tp/Tp_S_NNN_S_N_nat00021_nat00021_11043.jpg,train,4,nat00021
CASIA2/Tp/Tp_S_NNN_S_N_nat00024_nat00024_20084.jpg,train,2,nat00024
CASIA2/Tp/Tp_S_NNN_S_N_nat00026_nat00026_11035.jpg,train,4,nat00026
CASIA2/Tp/Tp_S_NNN_S_N_nat00030_nat00030_00945.tif,train,2,nat00030
CASIA2/Tp/Tp_S_NNN_S_N_nat00030_nat00030_00949.tif,train,2,nat00030
CASIA2/Tp/Tp_S_NNN_S_N_nat00035_nat00035_00951.tif,train,4,nat00035
CASIA2/Tp/Tp_S_NNN_S_N_nat00035_nat00035_00955.tif,train,4,nat00035
CASIA2/Tp/Tp_S_NNN_S_N_nat00036_nat00036_00952.tif,train,3,nat00036
CASIA2/Tp/Tp_S_NNN_S_N_nat00036_nat00036_11075.jpg,train,3,nat00036
CASIA2/Tp/Tp_S_NNN_S_N_nat00037_nat00037_00004.tif,train,1,ani00001
CASIA2/Tp/Tp_S_NNN_S_N_nat00037_nat00037_00953.tif,train,1,ani00001
CASIA2/Tp/Tp_S_NNN_S_N_nat00042_nat00042_00656.tif,train,2,nat00042
CASIA2/Tp/Tp_S_NNN_S_N_nat00043_nat00043_00657.tif,train,1,nat00043
CASIA2/Tp/Tp_S_NNN_S_N_nat00044_nat00044_00658.tif,train,4,nat00044
CASIA2/Tp/Tp_S_NNN_S_N_nat00045_nat00045_00659.tif,train,0,nat00045
CASIA2/Tp/Tp_S_NNN_S_N_nat00046_nat00046_00965.tif,val,4,nat00046
CASIA2/Tp/Tp_S_NNN_S_N_nat00047_nat00047_00966.tif,test,-1,nat00047
CASIA2/Tp/Tp_S_NNN_S_N_nat00048_nat00048_00967.tif,val,4,nat00048
CASIA2/Tp/Tp_S_NNN_S_N_nat00050_nat00050_00660.tif,train,1,nat00050
CASIA2/Tp/Tp_S_NNN_S_N_nat00050_nat00050_11066.jpg,train,1,nat00050
CASIA2/Tp/Tp_S_NNN_S_N_nat00051_nat00051_00661.tif,train,2,nat00051
CASIA2/Tp/Tp_S_NNN_S_N_nat00052_nat00052_00662.tif,val,0,nat00052
CASIA2/Tp/Tp_S_NNN_S_N_nat00052_nat00052_11082.jpg,val,0,nat00052
CASIA2/Tp/Tp_S_NNN_S_N_nat00053_nat00053_11080.jpg,train,4,nat00053
CASIA2/Tp/Tp_S_NNN_S_N_nat00055_nat00055_10924.jpg,train,3,nat00055
CASIA2/Tp/Tp_S_NNN_S_N_nat00056_nat00056_00664.tif,val,1,nat00056
CASIA2/Tp/Tp_S_NNN_S_N_nat00057_nat00057_00970.tif,test,-1,nat00057
CASIA2/Tp/Tp_S_NNN_S_N_nat00058_nat00058_00665.tif,train,1,nat00058
CASIA2/Tp/Tp_S_NNN_S_N_nat00061_nat00061_10562.jpg,train,3,nat00061
CASIA2/Tp/Tp_S_NNN_S_N_nat00062_nat00062_00669.tif,train,0,ani00010
CASIA2/Tp/Tp_S_NNN_S_N_nat00063_nat00063_00670.tif,train,4,nat00063
CASIA2/Tp/Tp_S_NNN_S_N_nat00064_nat00064_00672.tif,test,-1,nat00064
CASIA2/Tp/Tp_S_NNN_S_N_nat00066_nat00066_00697.tif,train,2,nat00066
CASIA2/Tp/Tp_S_NNN_S_N_nat00067_nat00067_10611.jpg,test,-1,nat00067
CASIA2/Tp/Tp_S_NNN_S_N_nat00070_nat00070_00698.tif,train,1,nat00070
CASIA2/Tp/Tp_S_NNN_S_N_nat00072_nat00072_00673.tif,train,1,nat00072
CASIA2/Tp/Tp_S_NNN_S_N_nat00072_nat00072_00978.tif,train,1,nat00072
CASIA2/Tp/Tp_S_NNN_S_N_nat00075_nat00075_00981.tif,train,4,nat00075
CASIA2/Tp/Tp_S_NNN_S_N_nat00076_nat00076_00674.tif,train,1,nat00076
CASIA2/Tp/Tp_S_NNN_S_N_nat00078_nat00078_00675.tif,train,4,nat00078
CASIA2/Tp/Tp_S_NNN_S_N_nat00078_nat00078_00984.tif,train,4,nat00078
CASIA2/Tp/Tp_S_NNN_S_N_nat00081_nat00081_00677.tif,train,0,nat00081
CASIA2/Tp/Tp_S_NNN_S_N_nat00084_nat00084_00679.tif,train,2,nat00084
CASIA2/Tp/Tp_S_NNN_S_N_nat00085_nat00085_00680.tif,train,1,nat00085
CASIA2/Tp/Tp_S_NNN_S_N_nat00085_nat00085_10588.jpg,train,1,nat00085
CASIA2/Tp/Tp_S_NNN_S_N_nat00087_nat00087_00009.tif,test,-1,nat00087
CASIA2/Tp/Tp_S_NNN_S_N_nat00091_nat00091_00683.tif,train,4,nat00091
CASIA2/Tp/Tp_S_NNN_S_N_nat00091_nat00091_00993.tif,train,4,nat00091
CASIA2/Tp/Tp_S_NNN_S_N_nat10107_nat10107_11348.jpg,test,-1,nat10107
CASIA2/Tp/Tp_S_NNN_S_N_nat10117_nat10117_11342.jpg,val,3,nat10117
CASIA2/Tp/Tp_S_NNN_S_N_nat10120_nat10120_11340.jpg,train,3,nat10120
CASIA2/Tp/Tp_S_NNN_S_N_nat10132_nat10132_12141.jpg,val,4,nat10132
CASIA2/Tp/Tp_S_NNN_S_N_nat10142_nat10142_11960.jpg,train,2,nat10142
CASIA2/Tp/Tp_S_NNN_S_N_nat10142_nat10142_11961.jpg,train,2,nat10142
CASIA2/Tp/Tp_S_NNN_S_N_nat10145_nat10145_11976.jpg,train,1,nat10145
CASIA2/Tp/Tp_S_NNN_S_N_nat10146_nat10146_11992.jpg,train,4,nat10146
CASIA2/Tp/Tp_S_NNN_S_N_nat10147_nat10147_11994.jpg,train,3,nat10147
CASIA2/Tp/Tp_S_NNN_S_N_nat10149_nat10149_12000.jpg,train,3,nat10149
CASIA2/Tp/Tp_S_NNN_S_N_nat10154_nat10154_12073.jpg,test,-1,nat10154
CASIA2/Tp/Tp_S_NNN_S_N_nat10155_nat10155_12114.jpg,train,0,nat10155
CASIA2/Tp/Tp_S_NNN_S_N_nat10157_nat10157_12038.jpg,train,0,nat10157
CASIA2/Tp/Tp_S_NNN_S_N_nat10157_nat10157_12039.jpg,train,0,nat10157
CASIA2/Tp/Tp_S_NNN_S_N_nat10158_nat10158_12025.jpg,train,1,nat10158
CASIA2/Tp/Tp_S_NNN_S_N_nat10161_nat10161_12078.jpg,train,2,nat10161
CASIA2/Tp/Tp_S_NNN_S_N_nat10162_nat10162_12087.jpg,train,0,nat10162
CASIA2/Tp/Tp_S_NNN_S_N_nat10164_nat10164_12094.jpg,val,1,nat10164
CASIA2/Tp/Tp_S_NNN_S_N_nat20003_nat20003_01507.tif,train,0,nat20003
CASIA2/Tp/Tp_S_NNN_S_N_nat20003_nat20003_02203.tif,train,0,nat20003
CASIA2/Tp/Tp_S_NNN_S_N_nat20004_nat20004_01508.tif,train,2,nat20004
CASIA2/Tp/Tp_S_NNN_S_N_nat20005_nat20005_01509.tif,val,1,nat20005
CASIA2/Tp/Tp_S_NNN_S_N_nat20005_nat20005_02205.tif,val,1,nat20005
CASIA2/Tp/Tp_S_NNN_S_N_nat20007_nat20007_01511.tif,train,1,nat20007
CASIA2/Tp/Tp_S_NNN_S_N_nat20010_nat20010_02210.tif,train,1,nat20010
CASIA2/Tp/Tp_S_NNN_S_N_nat20011_nat20011_02211.tif,train,3,nat20011
CASIA2/Tp/Tp_S_NNN_S_N_nat20012_nat20012_02212.tif,test,-1,nat20012
CASIA2/Tp/Tp_S_NNN_S_N_nat20017_nat20017_02217.tif,val,2,nat20017
CASIA2/Tp/Tp_S_NNN_S_N_nat20021_nat20021_02221.tif,train,2,nat20021
CASIA2/Tp/Tp_S_NNN_S_N_nat20022_nat20022_02222.tif,train,4,nat20022
CASIA2/Tp/Tp_S_NNN_S_N_nat20024_nat20024_02224.tif,train,4,nat20024
CASIA2/Tp/Tp_S_NNN_S_N_nat20025_nat20025_01529.tif,train,0,nat20025
CASIA2/Tp/Tp_S_NNN_S_N_nat20026_nat20026_01530.tif,train,4,nat20026
CASIA2/Tp/Tp_S_NNN_S_N_nat20029_nat20029_01533.tif,train,0,nat20029
CASIA2/Tp/Tp_S_NNN_S_N_nat20032_nat20032_02232.tif,train,2,nat20032
CASIA2/Tp/Tp_S_NNN_S_N_nat20033_nat20033_01537.tif,train,3,nat20033
CASIA2/Tp/Tp_S_NNN_S_N_nat20035_nat20035_01539.tif,train,1,nat20035
CASIA2/Tp/Tp_S_NNN_S_N_nat20036_nat20036_01540.tif,train,4,nat20036
CASIA2/Tp/Tp_S_NNN_S_N_nat20036_nat20036_02234.tif,train,4,nat20036
CASIA2/Tp/Tp_S_NNN_S_N_nat20037_nat20037_02235.tif,train,4,nat20037
CASIA2/Tp/Tp_S_NNN_S_N_nat20038_nat20038_01542.tif,train,4,nat20038
CASIA2/Tp/Tp_S_NNN_S_N_nat20038_nat20038_02236.tif,train,4,nat20038
CASIA2/Tp/Tp_S_NNN_S_N_nat20039_nat20039_01543.tif,test,-1,nat20039
CASIA2/Tp/Tp_S_NNN_S_N_nat20040_nat20040_01544.tif,val,3,nat20040
CASIA2/Tp/Tp_S_NNN_S_N_nat20042_nat20042_01546.tif,train,3,nat20042
CASIA2/Tp/Tp_S_NNN_S_N_nat20042_nat20042_02241.tif,train,3,nat20042
CASIA2/Tp/Tp_S_NNN_S_N_nat20043_nat20043_02242.tif,test,-1,nat20043
CASIA2/Tp/Tp_S_NNN_S_N_nat20044_nat20044_01548.tif,train,1,nat20044
CASIA2/Tp/Tp_S_NNN_S_N_nat20045_nat20045_02243.tif,train,3,nat20045
CASIA2/Tp/Tp_S_NNN_S_N_nat20047_nat20047_01551.tif,val,1,nat20047
CASIA2/Tp/Tp_S_NNN_S_N_nat20048_nat20048_01552.tif,train,1,nat20048
CASIA2/Tp/Tp_S_NNN_S_N_nat20050_nat20050_01554.tif,val,4,nat20050
CASIA2/Tp/Tp_S_NNN_S_N_nat20050_nat20050_02246.tif,val,4,nat20050
CASIA2/Tp/Tp_S_NNN_S_N_nat20053_nat20053_01557.tif,train,4,nat20053
CASIA2/Tp/Tp_S_NNN_S_N_nat20054_nat20054_01558.tif,test,-1,nat20054
CASIA2/Tp/Tp_S_NNN_S_N_nat20054_nat20054_02249.tif,test,-1,nat20054
CASIA2/Tp/Tp_S_NNN_S_N_nat20055_nat20055_02250.tif,val,2,nat20055
CASIA2/Tp/Tp_S_NNN_S_N_nat20057_nat20057_02252.tif,train,0,nat20057
CASIA2/Tp/Tp_S_NNN_S_N_nat20060_nat20060_01564.tif,train,2,nat20060
CASIA2/Tp/Tp_S_NNN_S_N_nat20060_nat20060_02254.tif,train,2,nat20060
CASIA2/Tp/Tp_S_NNN_S_N_nat20061_nat20061_01565.tif,train,2,nat20061
CASIA2/Tp/Tp_S_NNN_S_N_nat20061_nat20061_02255.tif,train,2,nat20061
CASIA2/Tp/Tp_S_NNN_S_N_nat20062_nat20062_01566.tif,train,3,nat20062
CASIA2/Tp/Tp_S_NNN_S_N_nat20063_nat20063_01567.tif,train,2,nat20063
CASIA2/Tp/Tp_S_NNN_S_N_nat20064_nat20064_01568.tif,train,3,nat20064
CASIA2/Tp/Tp_S_NNN_S_N_nat20065_nat20065_01569.tif,train,2,nat20065
CASIA2/Tp/Tp_S_NNN_S_N_nat20065_nat20065_02256.tif,train,2,nat20065
CASIA2/Tp/Tp_S_NNN_S_N_nat20066_nat20066_01570.tif,train,2,nat20066
CASIA2/Tp/Tp_S_NNN_S_N_nat20068_nat20067_01572.tif,train,0,nat20068
CASIA2/Tp/Tp_S_NNN_S_N_nat20070_nat20070_01574.tif,val,2,nat20070
CASIA2/Tp/Tp_S_NNN_S_N_nat20071_nat20071_01575.tif,train,0,nat20071
CASIA2/Tp/Tp_S_NNN_S_N_nat20073_nat20073_01577.tif,train,4,nat20073
CASIA2/Tp/Tp_S_NNN_S_N_nat20074_nat20074_01578.tif,train,4,nat20074
CASIA2/Tp/Tp_S_NNN_S_N_nat20074_nat20074_02460.tif,train,4,nat20074
CASIA2/Tp/Tp_S_NNN_S_N_nat20075_nat20075_01579.tif,val,3,nat20075
CASIA2/Tp/Tp_S_NNN_S_N_nat20076_nat20076_01580.tif,train,0,nat20076
CASIA2/Tp/Tp_S_NNN_S_N_nat20077_nat20077_01581.tif,test,-1,nat20077
CASIA2/Tp/Tp_S_NNN_S_N_nat20080_nat20080_01584.tif,train,4,nat20080
CASIA2/Tp/Tp_S_NNN_S_N_nat20083_nat20083_01587.tif,train,3,nat20083
CASIA2/Tp/Tp_S_NNN_S_N_nat20083_nat20083_02459.tif,train,3,nat20083
CASIA2/Tp/Tp_S_NNN_S_N_nat20087_nat20087_01591.tif,val,0,nat20087
CASIA2/Tp/Tp_S_NNN_S_N_nat20089_nat20089_01593.tif,train,3,nat20089
CASIA2/Tp/Tp_S_NNN_S_N_nat20094_nat20094_01598.tif,train,2,nat20094
CASIA2/Tp/Tp_S_NNN_S_N_nat20094_nat20094_02456.tif,train,2,nat20094
CASIA2/Tp/Tp_S_NNN_S_N_nat20096_nat20096_01600.tif,train,2,nat20096
CASIA2/Tp/Tp_S_NNN_S_N_nat20098_nat20098_02258.tif,train,0,nat20098
CASIA2/Tp/Tp_S_NNN_S_N_nat20098_nat20098_02454.tif,train,0,nat20098
CASIA2/Tp/Tp_S_NNN_S_N_nat20099_nat20099_02259.tif,train,0,nat20099
CASIA2/Tp/Tp_S_NNN_S_N_nat20100_nat20100_01604.tif,train,3,nat20100
CASIA2/Tp/Tp_S_NNN_S_N_pla00002_pla00002_00542.tif,train,4,pla00002
CASIA2/Tp/Tp_S_NNN_S_N_pla00002_pla00002_10922.jpg,train,4,pla00002
CASIA2/Tp/Tp_S_NNN_S_N_pla00003_pla00003_00543.tif,train,4,pla00003
CASIA2/Tp/Tp_S_NNN_S_N_pla00005_pla00005_00545.tif,train,2,pla00005
CASIA2/Tp/Tp_S_NNN_S_N_pla00008_pla00008_00547.tif,train,3,pla00008
CASIA2/Tp/Tp_S_NNN_S_N_pla00008_pla00008_01130.tif,train,3,pla00008
CASIA2/Tp/Tp_S_NNN_S_N_pla00011_pla00011_00550.tif,train,2,pla00011
CASIA2/Tp/Tp_S_NNN_S_N_pla00011_pla00011_01133.tif,train,2,pla00011
CASIA2/Tp/Tp_S_NNN_S_N_pla00012_pla00012_00551.tif,train,2,pla00012
CASIA2/Tp/Tp_S_NNN_S_N_pla00013_pla00013_01134.tif,train,2,pla00013
CASIA2/Tp/Tp_S_NNN_S_N_pla00013_pla00013_10966.jpg,train,2,pla00013
CASIA2/Tp/Tp_S_NNN_S_N_pla00013_pla00013_20067.jpg,train,2,pla00013
CASIA2/Tp/Tp_S_NNN_S_N_pla00014_pla00014_00553.tif,train,4,pla00014
CASIA2/Tp/Tp_S_NNN_S_N_pla00015_pla00015_10958.jpg,train,4,pla00015
CASIA2/Tp/Tp_S_NNN_S_N_pla00016_pla00016_00555.tif,test,-1,pla00016
CASIA2/Tp/Tp_S_NNN_S_N_pla00016_pla00016_01136.tif,test,-1,pla00016
CASIA2/Tp/Tp_S_NNN_S_N_pla00017_pla00017_10959.jpg,test,-1,pla00017
CASIA2/Tp/Tp_S_NNN_S_N_pla00018_pla00018_00556.tif,val,0,pla00018
CASIA2/Tp/Tp_S_NNN_S_N_pla00018_pla00018_01138.tif,val,0,pla00018
CASIA2/Tp/Tp_S_NNN_S_N_pla00020_pla00020_00558.tif,train,3,pla00020
CASIA2/Tp/Tp_S_NNN_S_N_pla00020_pla00020_01140.tif,train,3,pla00020
CASIA2/Tp/Tp_S_NNN_S_N_pla00021_pla00021_00559.tif,train,1,pla00021
CASIA2/Tp/Tp_S_NNN_S_N_pla00021_pla00021_00942.tif,train,1,pla00021
CASIA2/Tp/Tp_S_NNN_S_N_pla00022_pla00022_20085.jpg,test,-1,pla00022
CASIA2/Tp/Tp_S_NNN_S_N_pla00023_pla00023_00560.tif,train,2,pla00023
CASIA2/Tp/Tp_S_NNN_S_N_pla00023_pla00023_20086.jpg,train,2,pla00023
CASIA2/Tp/Tp_S_NNN_S_N_pla00025_pla00025_00562.tif,train,4,pla00025
CASIA2/Tp/Tp_S_NNN_S_N_pla00025_pla00025_01142.tif,train,4,pla00025
CASIA2/Tp/Tp_S_NNN_S_N_pla00026_pla00026_00563.tif,train,2,pla00026
CASIA2/Tp/Tp_S_NNN_S_N_pla00027_pla00027_00564.tif,test,-1,pla00027
CASIA2/Tp/Tp_S_NNN_S_N_pla00028_pla00028_01144.tif,val,4,pla00028
CASIA2/Tp/Tp_S_NNN_S_N_pla00029_pla00029_01145.tif,train,1,pla00029
CASIA2/Tp/Tp_S_NNN_S_N_pla00030_pla00030_00566.tif,train,0,pla00030
CASIA2/Tp/Tp_S_NNN_S_N_pla00030_pla00030_10946.jpg,train,0,pla00030
CASIA2/Tp/Tp_S_NNN_S_N_pla00031_pla00031_00567.tif,train,4,pla00031
CASIA2/Tp/Tp_S_NNN_S_N_pla00031_pla00031_01146.tif,train,4,pla00031
CASIA2/Tp/Tp_S_NNN_S_N_pla00031_pla00031_10985.jpg,train,4,pla00031
CASIA2/Tp/Tp_S_NNN_S_N_pla00032_pla00032_01147.tif,train,3,pla00032
CASIA2/Tp/Tp_S_NNN_S_N_pla00033_pla00033_00568.tif,train,3,pla00033
CASIA2/Tp/Tp_S_NNN_S_N_pla00033_pla00033_10999.jpg,train,3,pla00033
CASIA2/Tp/Tp_S_NNN_S_N_pla00035_pla00035_00570.tif,val,2,pla00035
CASIA2/Tp/Tp_S_NNN_S_N_pla00035_pla00035_01135.tif,val,2,pla00035
CASIA2/Tp/Tp_S_NNN_S_N_pla00037_pla00037_01150.tif,train,0,pla00037
CASIA2/Tp/Tp_S_NNN_S_N_pla00038_pla00038_00573.tif,val,3,pla00038
CASIA2/Tp/Tp_S_NNN_S_N_pla00038_pla00038_01151.tif,val,3,pla00038
CASIA2/Tp/Tp_S_NNN_S_N_pla00039_pla00039_00574.tif,val,1,pla00039
CASIA2/Tp/Tp_S_NNN_S_N_pla00040_pla00040_00575.tif,train,1,pla00040
CASIA2/Tp/Tp_S_NNN_S_N_pla00042_pla00042_00577.tif,test,-1,pla00042
CASIA2/Tp/Tp_S_NNN_S_N_pla00042_pla00042_01153.tif,test,-1,pla00042
CASIA2/Tp/Tp_S_NNN_S_N_pla00043_pla00043_00578.tif,train,1,pla00043
CASIA2/Tp/Tp_S_NNN_S_N_pla00044_pla00044_00579.tif,train,4,pla00044
CASIA2/Tp/Tp_S_NNN_S_N_pla00044_pla00044_01154.tif,train,4,pla00044
CASIA2/Tp/Tp_S_NNN_S_N_pla00045_pla00045_01155.tif,val,2,pla00045
CASIA2/Tp/Tp_S_NNN_S_N_pla00047_pla00047_00582.tif,train,3,pla00047
CASIA2/Tp/Tp_S_NNN_S_N_pla00048_pla00048_00583.tif,train,3,pla00048
CASIA2/Tp/Tp_S_NNN_S_N_pla00049_pla00049_00584.tif,train,1,pla00049
CASIA2/Tp/Tp_S_NNN_S_N_pla00051_pla00051_00585.tif,val,4,pla00051
CASIA2/Tp/Tp_S_NNN_S_N_pla00051_pla00051_01160.tif,val,4,pla00051
CASIA2/Tp/Tp_S_NNN_S_N_pla00052_pla00052_00586.tif,val,4,pla00052
CASIA2/Tp/Tp_S_NNN_S_N_pla00054_pla00054_00588.tif,train,1,pla00054
CASIA2/Tp/Tp_S_NNN_S_N_pla00055_pla00055_01164.tif,train,1,pla00055
CASIA2/Tp/Tp_S_NNN_S_N_pla00058_pla00058_01167.tif,test,-1,pla00058
CASIA2/Tp/Tp_S_NNN_S_N_pla00061_pla00061_00592.tif,train,1,pla00061
CASIA2/Tp/Tp_S_NNN_S_N_pla00063_pla00035_00594.tif,train,3,pla00063
CASIA2/Tp/Tp_S_NNN_S_N_pla00063_pla00063_01171.tif,train,3,pla00063
CASIA2/Tp/Tp_S_NNN_S_N_pla00064_pla00064_00595.tif,train,2,pla00064
CASIA2/Tp/Tp_S_NNN_S_N_pla00065_pla00065_00596.tif,train,1,pla00065
CASIA2/Tp/Tp_S_NNN_S_N_pla00067_pla00067_00598.tif,test,-1,pla00067
CASIA2/Tp/Tp_S_NNN_S_N_pla00067_pla00067_01174.tif,test,-1,pla00067
CASIA2/Tp/Tp_S_NNN_S_N_pla00070_pla00070_00599.tif,train,0,pla00070
CASIA2/Tp/Tp_S_NNN_S_N_pla00072_pla00072_00600.tif,train,4,pla00072
CASIA2/Tp/Tp_S_NNN_S_N_pla00075_pla00075_10621.jpg,train,1,pla00075
CASIA2/Tp/Tp_S_NNN_S_N_pla00077_pla00077_00602.tif,train,0,pla00077
CASIA2/Tp/Tp_S_NNN_S_N_pla00078_pla00078_00603.tif,train,0,pla00078
CASIA2/Tp/Tp_S_NNN_S_N_pla00079_pla00079_00604.tif,test,-1,pla00079
CASIA2/Tp/Tp_S_NNN_S_N_pla00080_pla00080_00605.tif,test,-1,pla00080
CASIA2/Tp/Tp_S_NNN_S_N_pla00080_pla00080_10457.tif,test,-1,pla00080
CASIA2/Tp/Tp_S_NNN_S_N_pla00081_pla00081_01183.tif,val,1,pla00081
CASIA2/Tp/Tp_S_NNN_S_N_pla00082_pla00082_00606.tif,val,3,pla00082
CASIA2/Tp/Tp_S_NNN_S_N_pla00084_pla00084_01186.tif,train,1,pla00084
CASIA2/Tp/Tp_S_NNN_S_N_pla00084_pla00084_10454.tif,train,1,pla00084
CASIA2/Tp/Tp_S_NNN_S_N_pla00087_pla00087_00609.tif,train,1,pla00087
CASIA2/Tp/Tp_S_NNN_S_N_pla00087_pla00087_01188.tif,train,1,pla00087
CASIA2/Tp/Tp_S_NNN_S_N_pla00088_pla00088_01189.tif,train,4,pla00088
CASIA2/Tp/Tp_S_NNN_S_N_pla00089_pla00089_00611.tif,train,0,pla00089
CASIA2/Tp/Tp_S_NNN_S_N_pla00090_pla00090_00936.tif,train,3,pla00090
CASIA2/Tp/Tp_S_NNN_S_N_pla00091_pla00091_00613.tif,test,-1,pla00091
CASIA2/Tp/Tp_S_NNN_S_N_pla00092_pla00092_00934.tif,test,-1,pla00092
CASIA2/Tp/Tp_S_NNN_S_N_pla00093_pla00093_00614.tif,train,4,pla00093
CASIA2/Tp/Tp_S_NNN_S_N_pla00093_pla00093_00930.tif,train,4,pla00093
CASIA2/Tp/Tp_S_NNN_S_N_pla00094_pla00094_00615.tif,train,2,pla00094
CASIA2/Tp/Tp_S_NNN_S_N_pla00095_pla00095_00616.tif,train,2,pla00095
CASIA2/Tp/Tp_S_NNN_S_N_pla00095_pla00095_00931.tif,train,2,pla00095
CASIA2/Tp/Tp_S_NNN_S_N_pla00096_pla00096_00932.tif,test,-1,pla00096
CASIA2/Tp/Tp_S_NNN_S_N_pla00097_pla00097_00618.tif,test,-1,pla00097
CASIA2/Tp/Tp_S_NNN_S_N_pla00098_pla00098_00619.tif,train,0,pla00098
CASIA2/Tp/Tp_S_NNN_S_N_pla00098_pla00098_10616.jpg,train,0,pla00098
CASIA2/Tp/Tp_S_NNN_S_N_pla00099_pla00099_10618.jpg,train,4,pla00099
CASIA2/Tp/Tp_S_NNN_S_N_pla00100_ani00079_00540.tif,train,1,pla00100
CASIA2/Tp/Tp_S_NNN_S_N_pla00100_pla00100_00933.tif,train,1,pla00100
CASIA2/Tp/Tp_S_NNN_S_N_pla10128_pla10128_12139.jpg,train,1,pla10128
CASIA2/Tp/Tp_S_NNN_S_N_pla20005_pla20005_01905.tif,val,0,pla20005
CASIA2/Tp/Tp_S_NNN_S_N_pla20005_pla20005_02397.tif,val,0,pla20005
CASIA2/Tp/Tp_S_NNN_S_N_pla20006_pla20006_01906.tif,train,2,pla20006
CASIA2/Tp/Tp_S_NNN_S_N_pla20008_pla20008_01908.tif,train,0,pla20008
CASIA2/Tp/Tp_S_NNN_S_N_pla20011_pla20011_01911.tif,train,2,pla20011
CASIA2/Tp/Tp_S_NNN_S_N_pla20013_pla20013_01913.tif,train,1,pla20013
CASIA2/Tp/Tp_S_NNN_S_N_pla20014_pla20014_01914.tif,train,2,pla20014
CASIA2/Tp/Tp_S_NNN_S_N_pla20015_pla20015_01915.tif,train,2,pla20015
CASIA2/Tp/Tp_S_NNN_S_N_pla20015_pla20015_02391.tif,train,2,pla20015
CASIA2/Tp/Tp_S_NNN_S_N_pla20017_pla20017_01917.tif,train,4,pla20017
CASIA2/Tp/Tp_S_NNN_S_N_pla20019_pla20019_01919.tif,train,3,pla20019
CASIA2/Tp/Tp_S_NNN_S_N_pla20020_pla20020_01920.tif,train,4,pla20020
CASIA2/Tp/Tp_S_NNN_S_N_pla20021_pla20021_02389.tif,train,4,pla20021
CASIA2/Tp/Tp_S_NNN_S_N_pla20023_pla20023_02387.tif,train,1,pla20023
CASIA2/Tp/Tp_S_NNN_S_N_pla20024_pla20024_01924.tif,train,2,pla20024
CASIA2/Tp/Tp_S_NNN_S_N_pla20032_pla20032_01932.tif,train,2,pla20032
CASIA2/Tp/Tp_S_NNN_S_N_pla20035_pla20035_02385.tif,train,1,pla20035
CASIA2/Tp/Tp_S_NNN_S_N_pla20038_pla20038_01938.tif,train,1,pla20038
CASIA2/Tp/Tp_S_NNN_S_N_pla20039_pla20039_01939.tif,train,0,pla20039
CASIA2/Tp/Tp_S_NNN_S_N_pla20040_pla20040_01940.tif,train,4,pla20040
CASIA2/Tp/Tp_S_NNN_S_N_pla20043_pla20043_02382.tif,train,0,pla20043
CASIA2/Tp/Tp_S_NNN_S_N_pla20044_pla20044_01944.tif,val,2,pla20044
CASIA2/Tp/Tp_S_NNN_S_N_pla20045_pla20045_02381.tif,val,0,pla20045
CASIA2/Tp/Tp_S_NNN_S_N_pla20048_pla20048_01948.tif,train,2,pla20048
CASIA2/Tp/Tp_S_NNN_S_N_pla20052_pla20052_01952.tif,train,1,pla20052
CASIA2/Tp/Tp_S_NNN_S_N_pla20056_pla20056_01956.tif,train,3,pla20056
CASIA2/Tp/Tp_S_NNN_S_N_pla20056_pla20056_02375.tif,train,3,pla20056
CASIA2/Tp/Tp_S_NNN_S_N_pla20057_pla20057_02374.tif,train,1,pla20057
CASIA2/Tp/Tp_S_NNN_S_N_pla20060_pla20060_02372.tif,train,4,pla20060
CASIA2/Tp/Tp_S_NNN_S_N_pla20060_pla20060_02488.tif,train,4,pla20060
CASIA2/Tp/Tp_S_NNN_S_N_pla20063_pla20063_01963.tif,train,0,pla20063
CASIA2/Tp/Tp_S_NNN_S_N_pla20064_pla20064_02369.tif,test,-1,pla20064
CASIA2/Tp/Tp_S_NNN_S_N_pla20067_pla20067_02367.tif,train,3,pla20067
CASIA2/Tp/Tp_S_NNN_S_N_pla20070_pla20070_01970.tif,train,1,pla20070
CASIA2/Tp/Tp_S_NNN_S_N_pla20071_pla20071_02377.tif,train,2,pla20071
CASIA2/Tp/Tp_S_NNN_S_N_pla20072_pla20072_01972.tif,test,-1,pla20072
CASIA2/Tp/Tp_S_NNN_S_N_pla20073_pla20073_01973.tif,train,3,pla20073
CASIA2/Tp/Tp_S_NNN_S_N_pla20074_pla20074_01974.tif,train,2,pla20074
CASIA2/Tp/Tp_S_NNN_S_N_pla20074_pla20074_02363.tif,train,2,pla20074
CASIA2/Tp/Tp_S_NNN_S_N_pla20075_pla20075_01975.tif,train,3,pla20075
CASIA2/Tp/Tp_S_NNN_S_N_pla20075_pla20075_02362.tif,train,3,pla20075
CASIA2/Tp/Tp_S_NNN_S_N_pla20076_pla20076_01976.tif,train,1,pla20076
CASIA2/Tp/Tp_S_NNN_S_N_pla20076_pla20076_02361.tif,train,1,pla20076
CASIA2/Tp/Tp_S_NNN_S_N_pla20077_pla20077_01977.tif,train,0,pla20077
CASIA2/Tp/Tp_S_NNN_S_N_pla20077_pla20077_02360.tif,train,0,pla20077
CASIA2/Tp/Tp_S_NNN_S_N_pla20082_pla20082_02491.tif,val,2,pla20082
CASIA2/Tp/Tp_S_NNN_S_N_pla20085_pla20085_01985.tif,train,3,pla20085
CASIA2/Tp/Tp_S_NNN_S_N_pla20086_pla20086_01986.tif,train,2,pla20086
CASIA2/Tp/Tp_S_NNN_S_N_pla20087_pla20087_01987.tif,train,2,pla20087
CASIA2/Tp/Tp_S_NNN_S_N_pla20087_pla20087_02355.tif,train,2,pla20087
CASIA2/Tp/Tp_S_NNN_S_N_pla20087_pla20087_02490.tif,train,2,pla20087
CASIA2/Tp/Tp_S_NNN_S_N_pla20089_pla20089_01989.tif,train,4,pla20089
CASIA2/Tp/Tp_S_NNN_S_N_pla20095_pla20095_02347.tif,test,-1,pla20095
CASIA2/Tp/Tp_S_NNN_S_N_pla20096_pla20096_01996.tif,train,2,pla20096
CASIA2/Tp/Tp_S_NNN_S_N_pla20096_pla20096_02346.tif,train,2,pla20096
CASIA2/Tp/Tp_S_NNN_S_N_pla20097_pla20097_01997.tif,train,4,pla20097
CASIA2/Tp/Tp_S_NNN_S_N_pla20098_pla20098_01998.tif,train,4,pla20098
CASIA2/Tp/Tp_S_NNN_S_N_pla20100_pla20100_02342.tif,train,1,pla20100
CASIA2/Tp/Tp_S_NNN_S_N_sec00001_sec00001_00768.tif,test,-1,sec00001
CASIA2/Tp/Tp_S_NNN_S_N_sec00002_sec00002_10786.jpg,test,-1,sec00002
CASIA2/Tp/Tp_S_NNN_S_N_sec00007_sec00007_10788.jpg,train,2,sec00007
CASIA2/Tp/Tp_S_NNN_S_N_sec00008_sec00008_00028.tif,test,-1,sec00008
CASIA2/Tp/Tp_S_NNN_S_N_sec00008_sec00008_10799.jpg,test,-1,sec00008
CASIA2/Tp/Tp_S_NNN_S_N_sec00008_sec00008_10801.jpg,test,-1,sec00008
CASIA2/Tp/Tp_S_NNN_S_N_sec00008_sec00008_10802.jpg,test,-1,sec00008
CASIA2/Tp/Tp_S_NNN_S_N_sec00010_sec00010_10856.jpg,test,-1,sec00010
CASIA2/Tp/Tp_S_NNN_S_N_sec00012_sec00012_00740.tif,train,2,sec00012
CASIA2/Tp/Tp_S_NNN_S_N_sec00012_sec00012_11230.jpg,train,2,sec00012
CASIA2/Tp/Tp_S_NNN_S_N_sec00013_sec00013_00746.tif,train,3,sec00013
CASIA2/Tp/Tp_S_NNN_S_N_sec00013_sec00013_11228.jpg,train,3,sec00013
CASIA2/Tp/Tp_S_NNN_S_N_sec00019_sec00019_00762.tif,train,4,sec00019
CASIA2/Tp/Tp_S_NNN_S_N_sec00020_sec00020_00761.tif,train,3,sec00020
CASIA2/Tp/Tp_S_NNN_S_N_sec00021_sec00021_00766.tif,train,3,sec00021
CASIA2/Tp/Tp_S_NNN_S_N_sec00023_sec00023_00748.tif,train,4,ind00015
CASIA2/Tp/Tp_S_NNN_S_N_sec00024_sec00024_00747.tif,test,-1,sec00024
CASIA2/Tp/Tp_S_NNN_S_N_sec00025_sec00025_00773.tif,train,0,sec00025
CASIA2/Tp/Tp_S_NNN_S_N_sec00025_sec00025_01434.tif,train,0,sec00025
CASIA2/Tp/Tp_S_NNN_S_N_sec00025_sec00025_10772.jpg,train,0,sec00025
CASIA2/Tp/Tp_S_NNN_S_N_sec00026_sec00026_10767.jpg,train,3,sec00026
CASIA2/Tp/Tp_S_NNN_S_N_sec00026_sec00026_10769.jpg,train,3,sec00026
CASIA2/Tp/Tp_S_NNN_S_N_sec00026_sec00026_10774.jpg,train,3,sec00026
CASIA2/Tp/Tp_S_NNN_S_N_sec00027_sec00027_00048.tif,train,0,sec00027
CASIA2/Tp/Tp_S_NNN_S_N_sec00027_sec00027_10789.jpg,train,0,sec00027
CASIA2/Tp/Tp_S_NNN_S_N_sec00028_sec00028_00767.tif,train,4,sec00028
CASIA2/Tp/Tp_S_NNN_S_N_sec00029_sec00029_00050.tif,train,0,nat00029
CASIA2/Tp/Tp_S_NNN_S_N_sec00029_sec00029_00803.tif,train,0,nat00029
CASIA2/Tp/Tp_S_NNN_S_N_sec00029_sec00029_10798.jpg,train,0,nat00029
CASIA2/Tp/Tp_S_NNN_S_N_sec00031_sec00031_00765.tif,train,4,sec00031
CASIA2/Tp/Tp_S_NNN_S_N_sec00032_sec00032_00053.tif,train,4,sec00032
CASIA2/Tp/Tp_S_NNN_S_N_sec00032_sec00032_00750.tif,train,4,sec00032
CASIA2/Tp/Tp_S_NNN_S_N_sec00034_sec00034_00802.tif,train,1,sec00034
CASIA2/Tp/Tp_S_NNN_S_N_sec00035_sec00035_00056.tif,train,0,sec00035
CASIA2/Tp/Tp_S_NNN_S_N_sec00035_sec00035_00801.tif,train,0,sec00035
CASIA2/Tp/Tp_S_NNN_S_N_sec00035_sec00035_11249.jpg,train,0,sec00035
CASIA2/Tp/Tp_S_NNN_S_N_sec00036_sec00036_00737.tif,train,0,sec00036
CASIA2/Tp/Tp_S_NNN_S_N_sec00036_sec00036_10504.tif,train,0,sec00036
CASIA2/Tp/Tp_S_NNN_S_N_sec00037_sec00037_00763.tif,train,3,sec00037
CASIA2/Tp/Tp_S_NNN_S_N_sec00038_sec00038_00800.tif,val,3,sec00038
CASIA2/Tp/Tp_S_NNN_S_N_sec00039_sec00039_00799.tif,train,3,sec00039
CASIA2/Tp/Tp_S_NNN_S_N_sec00040_sec00040_00798.tif,train,3,sec00040
CASIA2/Tp/Tp_S_NNN_S_N_sec00041_sec00041_00797.tif,train,0,sec00041
CASIA2/Tp/Tp_S_NNN_S_N_sec00045_sec00045_00795.tif,test,-1,sec00045
CASIA2/Tp/Tp_S_NNN_S_N_sec00046_sec00046_00734.tif,train,3,sec00046
CASIA2/Tp/Tp_S_NNN_S_N_sec00046_sec00046_00794.tif,train,3,sec00046
CASIA2/Tp/Tp_S_NNN_S_N_sec00047_sec00047_00793.tif,val,0,sec00047
CASIA2/Tp/Tp_S_NNN_S_N_sec00048_sec00048_00792.tif,train,0,sec00048
CASIA2/Tp/Tp_S_NNN_S_N_sec00049_sec00049_00791.tif,train,1,sec00049
CASIA2/Tp/Tp_S_NNN_S_N_sec00053_sec00053_00733.tif,train,4,sec00053
CASIA2/Tp/Tp_S_NNN_S_N_sec00054_sec00054_00790.tif,train,1,sec00054
CASIA2/Tp/Tp_S_NNN_S_N_sec00054_sec00055_11341.jpg,train,1,sec00054
CASIA2/Tp/Tp_S_NNN_S_N_sec00055_sec00055_00789.tif,test,-1,sec00055
CASIA2/Tp/Tp_S_NNN_S_N_sec00056_sec00056_00732.tif,test,-1,sec00056
CASIA2/Tp/Tp_S_NNN_S_N_sec00064_sec00064_11259.jpg,train,1,sec00064
CASIA2/Tp/Tp_S_NNN_S_N_sec00065_sec00065_00788.tif,val,3,sec00065
CASIA2/Tp/Tp_S_NNN_S_N_sec00065_sec00065_10382.tif,val,3,sec00065
CASIA2/Tp/Tp_S_NNN_S_N_sec00065_sec00065_10383.tif,val,3,sec00065
CASIA2/Tp/Tp_S_NNN_S_N_sec00066_sec00066_00087.tif,train,0,sec00066
CASIA2/Tp/Tp_S_NNN_S_N_sec00069_sec00069_00728.tif,train,1,sec00069
CASIA2/Tp/Tp_S_NNN_S_N_sec00069_sec00069_00787.tif,train,1,sec00069
CASIA2/Tp/Tp_S_NNN_S_N_sec00071_sec00071_11274.jpg,train,2,sec00071
CASIA2/Tp/Tp_S_NNN_S_N_sec00072_sec00072_10385.tif,train,0,sec00072
CASIA2/Tp/Tp_S_NNN_S_N_sec00073_sec00073_10439.tif,train,0,sec00073
CASIA2/Tp/Tp_S_NNN_S_N_sec00074_sec00074_00751.tif,test,-1,sec00074
CASIA2/Tp/Tp_S_NNN_S_N_sec00076_sec00076_00774.tif,test,-1,sec00076
CASIA2/Tp/Tp_S_NNN_S_N_sec00077_sec00077_00752.tif,train,4,sec00077
CASIA2/Tp/Tp_S_NNN_S_N_sec00080_sec00080_00776.tif,val,0,sec00080
CASIA2/Tp/Tp_S_NNN_S_N_sec00080_sec00080_10381.tif,val,0,sec00080
CASIA2/Tp/Tp_S_NNN_S_N_sec00082_sec00082_10363.tif,test,-1,arc00082
CASIA2/Tp/Tp_S_NNN_S_N_sec00083_sec00083_00103.tif,train,0,sec00083
CASIA2/Tp/Tp_S_NNN_S_N_sec00084_sec00084_00784.tif,train,1,sec00084
CASIA2/Tp/Tp_S_NNN_S_N_sec00084_sec00084_10353.tif,train,1,sec00084
CASIA2/Tp/Tp_S_NNN_S_N_sec00085_sec00085_00759.tif,test,-1,ani00085
CASIA2/Tp/Tp_S_NNN_S_N_sec00086_sec00086_00106.tif,train,0,sec00086
CASIA2/Tp/Tp_S_NNN_S_N_sec00086_sec00086_00760.tif,train,0,sec00086
CASIA2/Tp/Tp_S_NNN_S_N_sec00089_sec00089_00775.tif,val,4,sec00089
CASIA2/Tp/Tp_S_NNN_S_N_sec00090_sec00090_00110.tif,train,3,sec00090
CASIA2/Tp/Tp_S_NNN_S_N_sec00091_sec00091_00753.tif,train,2,sec00091
CASIA2/Tp/Tp_S_NNN_S_N_sec00092_sec00092_00758.tif,test,-1,sec00092
CASIA2/Tp/Tp_S_NNN_S_N_sec00094_sec00094_00755.tif,train,3,sec00094
CASIA2/Tp/Tp_S_NNN_S_N_sec00095_sec00095_00754.tif,train,4,sec00095
CASIA2/Tp/Tp_S_NNN_S_N_sec00096_sec00096_00783.tif,train,1,sec00096
CASIA2/Tp/Tp_S_NNN_S_N_sec00097_sec00097_00782.tif,train,4,sec00097
CASIA2/Tp/Tp_S_NNN_S_N_sec00098_sec00098_10334.tif,train,4,sec00098
CASIA2/Tp/Tp_S_NNN_S_N_sec00098_sec00098_10335.tif,train,4,sec00098
CASIA2/Tp/Tp_S_NNN_S_N_sec00098_sec00098_10337.tif,train,4,sec00098
CASIA2/Tp/Tp_S_NNN_S_N_sec00100_sec00100_00120.tif,train,3,sec00100
CASIA2/Tp/Tp_S_NNN_S_N_sec00100_sec00100_00757.tif,train,3,sec00100
CASIA2/Tp/Tp_S_NNN_S_N_sec20001_sec20001_02113.tif,val,1,sec20001
CASIA2/Tp/Tp_S_NNN_S_N_sec20003_sec20003_02453.tif,train,3,sec20003
CASIA2/Tp/Tp_S_NNN_S_N_sec20005_sec20005_02117.tif,train,0,sec20005
CASIA2/Tp/Tp_S_NNN_S_N_sec20007_sec20007_02154.tif,train,3,sec20007
CASIA2/Tp/Tp_S_NNN_S_N_sec20008_sec20008_01443.tif,test,-1,sec20008
CASIA2/Tp/Tp_S_NNN_S_N_sec20009_sec20009_01444.tif,train,0,sec20009
CASIA2/Tp/Tp_S_NNN_S_N_sec20011_sec20011_02120.tif,train,1,sec20011
CASIA2/Tp/Tp_S_NNN_S_N_sec20012_sec20012_02121.tif,train,3,sec20012
CASIA2/Tp/Tp_S_NNN_S_N_sec20013_sec20013_02122.tif,train,4,sec20013
CASIA2/Tp/Tp_S_NNN_S_N_sec20026_sec20026_01616.tif,test,-1,sec20026
CASIA2/Tp/Tp_S_NNN_S_N_sec20026_sec20026_02452.tif,test,-1,sec20026
CASIA2/Tp/Tp_S_NNN_S_N_sec20027_sec20027_02125.tif,train,2,sec20027
CASIA2/Tp/Tp_S_NNN_S_N_sec20031_sec20031_01621.tif,train,2,sec20031
CASIA2/Tp/Tp_S_NNN_S_N_sec20034_sec20034_01624.tif,train,1,sec20034
CASIA2/Tp/Tp_S_NNN_S_N_sec20035_sec20035_01625.tif,test,-1,sec20035
CASIA2/Tp/Tp_S_NNN_S_N_sec20035_sec20035_02451.tif,test,-1,sec20035
CASIA2/Tp/Tp_S_NNN_S_N_sec20036_sec20036_02450.tif,train,2,sec20036
CASIA2/Tp/Tp_S_NNN_S_N_sec20038_sec20038_01628.tif,test,-1,sec20038
CASIA2/Tp/Tp_S_NNN_S_N_sec20038_sec20038_02449.tif,test,-1,sec20038
CASIA2/Tp/Tp_S_NNN_S_N_sec20040_sec20040_01630.tif,val,3,sec20040
CASIA2/Tp/Tp_S_NNN_S_N_sec20041_sec20041_02126.tif,val,0,sec20041
CASIA2/Tp/Tp_S_NNN_S_N_sec20042_sec20042_01632.tif,train,0,sec20042
CASIA2/Tp/Tp_S_NNN_S_N_sec20043_sec20043_01633.tif,val,4,sec20043
CASIA2/Tp/Tp_S_NNN_S_N_sec20044_sec20044_01634.tif,train,1,sec20044
CASIA2/Tp/Tp_S_NNN_S_N_sec20045_sec20045_01635.tif,test,-1,sec20045
CASIA2/Tp/Tp_S_NNN_S_N_sec20048_sec20048_02129.tif,train,0,sec20048
CASIA2/Tp/Tp_S_NNN_S_N_sec20049_sec20049_01639.tif,train,0,sec20049
CASIA2/Tp/Tp_S_NNN_S_N_sec20053_sec20053_01643.tif,val,3,sec20053
CASIA2/Tp/Tp_S_NNN_S_N_sec20054_sec20054_02132.tif,train,0,sec20054
CASIA2/Tp/Tp_S_NNN_S_N_sec20055_sec20055_01645.tif,train,3,sec20055
CASIA2/Tp/Tp_S_NNN_S_N_sec20056_sec20056_02133.tif,train,4,sec20056
CASIA2/Tp/Tp_S_NNN_S_N_sec20060_sec20060_01650.tif,train,3,sec20060
CASIA2/Tp/Tp_S_NNN_S_N_sec20061_sec20061_01651.tif,test,-1,sec20061
CASIA2/Tp/Tp_S_NNN_S_N_sec20065_sec20065_01655.tif,train,4,sec20065
CASIA2/Tp/Tp_S_NNN_S_N_sec20067_sec20067_01657.tif,train,2,sec20067
CASIA2/Tp/Tp_S_NNN_S_N_sec20071_sec20071_01661.tif,test,-1,sec20071
CASIA2/Tp/Tp_S_NNN_S_N_sec20072_sec20072_01662.tif,train,0,sec20072
CASIA2/Tp/Tp_S_NNN_S_N_sec20073_sec20073_01663.tif,train,4,sec20073
CASIA2/Tp/Tp_S_NNN_S_N_sec20074_sec20074_01664.tif,val,2,sec20074
CASIA2/Tp/Tp_S_NNN_S_N_sec20076_sec20076_01666.tif,train,1,sec20076
CASIA2/Tp/Tp_S_NNN_S_N_sec20078_sec20078_02144.tif,val,2,sec20078
CASIA2/Tp/Tp_S_NNN_S_N_sec20081_sec20081_02138.tif,train,2,sec20081
CASIA2/Tp/Tp_S_NNN_S_N_sec20084_sec20084_01674.tif,train,4,sec20084
CASIA2/Tp/Tp_S_NNN_S_N_sec20085_sec20085_01675.tif,val,4,sec20085
CASIA2/Tp/Tp_S_NNN_S_N_sec20086_sec20086_01676.tif,train,1,arc20067
CASIA2/Tp/Tp_S_NNN_S_N_sec20088_sec20088_01678.tif,train,0,sec20088
CASIA2/Tp/Tp_S_NNN_S_N_sec20090_sec20090_01680.tif,train,3,sec20090
CASIA2/Tp/Tp_S_NNN_S_N_sec20093_sec20093_01683.tif,val,2,sec20093
CASIA2/Tp/Tp_S_NNN_S_N_sec20098_sec20098_01688.tif,test,-1,sec20098
CASIA2/Tp/Tp_S_NNN_S_N_sec20098_sec20098_02140.tif,test,-1,sec20098
CASIA2/Tp/Tp_S_NNN_S_N_sec20100_sec20100_02139.tif,val,0,sec20100
CASIA2/Tp/Tp_S_NNN_S_N_txt00002_txt00002_00685.tif,train,1,txt00002
CASIA2/Tp/Tp_S_NNN_S_N_txt00002_txt00002_01261.tif,train,1,txt00002
CASIA2/Tp/Tp_S_NNN_S_N_txt00004_txt00004_01263.tif,train,1,txt00004
CASIA2/Tp/Tp_S_NNN_S_N_txt00006_txt00006_10837.jpg,test,-1,txt00006
CASIA2/Tp/Tp_S_NNN_S_N_txt00008_txt00008_01266.tif,train,3,txt00008
CASIA2/Tp/Tp_S_NNN_S_N_txt00014_txt00014_20068.jpg,test,-1,txt00014
CASIA2/Tp/Tp_S_NNN_S_N_txt00024_txt00024_20087.jpg,train,3,txt00024
CASIA2/Tp/Tp_S_NNN_S_N_txt00045_txt00045_11323.jpg,train,3,txt00045
CASIA2/Tp/Tp_S_NNN_S_N_txt00060_txt00060_01282.tif,train,0,txt00060
CASIA2/Tp/Tp_S_NNN_S_N_txt00073_txt00073_01286.tif,train,0,txt00073
CASIA2/Tp/Tp_S_NNN_S_N_txt00085_txt00085_00689.tif,test,-1,txt00085
CASIA2/Tp/Tp_S_NNN_S_N_txt00088_txt00088_01296.tif,val,2,txt00088
CASIA2/Tp/Tp_S_NNN_S_N_txt00092_txt00092_11331.jpg,train,3,txt00092
CASIA2/Tp/Tp_S_NNN_S_N_txt00093_txt00093_00690.tif,test,-1,txt00093
CASIA2/Tp/Tp_S_NNN_S_N_txt00095_txt00095_00688.tif,val,0,txt00095
CASIA2/Tp/Tp_S_NNN_S_N_txt00097_txt00097_01294.tif,train,1,txt00097
CASIA2/Tp/Tp_S_NNN_S_O_ani00011_ani00011_00835.tif,test,-1,ani00011
CASIA2/Tp/Tp_S_NNN_S_O_ani00021_ani00021_20026.jpg,train,3,ani00021
CASIA2/Tp/Tp_S_NNN_S_O_ani00067_ani00067_00828.tif,test,-1,ani00067
CASIA2/Tp/Tp_S_NNN_S_O_ani00072_ani00072_00826.tif,train,4,ani00072
CASIA2/Tp/Tp_S_NNN_S_O_ani00077_ani00077_00823.tif,test,-1,ani00077
CASIA2/Tp/Tp_S_NNN_S_O_arc00023_arc00023_01099.tif,train,4,arc00023
CASIA2/Tp/Tp_S_NNN_S_O_arc00045_arc00045_00265.tif,test,-1,arc00045
CASIA2/Tp/Tp_S_NNN_S_O_art00019_art00019_20038.jpg,train,3,art00019
CASIA2/Tp/Tp_S_NNN_S_O_art10004_art10004_20042.jpg,train,0,art10004
CASIA2/Tp/Tp_S_NNN_S_O_cha00055_cha00055_11728.jpg,train,1,cha00055
CASIA2/Tp/Tp_S_NNN_S_O_nat00053_nat00053_00969.tif,train,4,nat00053
CASIA2/Tp/Tp_S_NNN_S_O_pla00020_pla00020_20039.jpg,train,3,pla00020
CASIA2/Tp/Tp_S_NNN_S_O_pla00077_pla00077_11212.jpg,train,0,pla00077
CASIA2/Tp/Tp_S_NNN_S_O_pla10001_pla10001_20003.jpg,train,0,pla10001
CASIA2/Tp/Tp_S_NNN_S_O_sec00043_sec00043_00796.tif,test,-1,cha30686
CASIA2/Tp/Tp_S_NNN_S_O_txt00039_txt00042_10831.jpg,val,0,txt00039
CASIA2/Tp/Tp_S_NRD_M_B_sec00064_sec00064_00085.tif,train,1,sec00064
CASIA2/Tp/Tp_S_NRD_M_N_arc10124_arc10124_11882.jpg,train,1,arc10124
CASIA2/Tp/Tp_S_NRD_M_N_nat10135_nat10135_11915.jpg,val,4,nat10135
CASIA2/Tp/Tp_S_NRD_S_B_ani00023_ani00023_00143.tif,train,0,ani00023
CASIA2/Tp/Tp_S_NRD_S_B_ani00027_ani00027_00147.tif,train,3,ani00027
CASIA2/Tp/Tp_S_NRD_S_B_ani00029_ani00029_00149.tif,val,1,ani00029
CASIA2/Tp/Tp_S_NRD_S_B_ani00039_ani00039_00159.tif,train,2,ani00039
CASIA2/Tp/Tp_S_NRD_S_B_ani00042_ani00042_00162.tif,train,4,ani00042
CASIA2/Tp/Tp_S_NRD_S_B_ani00046_ani00046_01259.tif,train,3,ani00046
CASIA2/Tp/Tp_S_NRD_S_B_ani00049_ani00049_00169.tif,val,2,ani00049
CASIA2/Tp/Tp_S_NRD_S_B_ani00059_ani00059_00179.tif,test,-1,ani00059
CASIA2/Tp/Tp_S_NRD_S_B_ani00061_ani00061_00181.tif,test,-1,ani00061
CASIA2/Tp/Tp_S_NRD_S_B_ani00063_ani00063_00183.tif,test,-1,ani00063
CASIA2/Tp/Tp_S_NRD_S_B_ani00065_ani00065_00185.tif,train,3,ani00065
CASIA2/Tp/Tp_S_NRD_S_B_ani20034_ani20034_02077.tif,train,1,ani10210
CASIA2/Tp/Tp_S_NRD_S_B_arc00047_arc00047_01079.tif,val,3,arc00047
CASIA2/Tp/Tp_S_NRD_S_B_arc00049_arc00049_01077.tif,val,0,arc00049
CASIA2/Tp/Tp_S_NRD_S_B_arc00053_arc00053_01073.tif,train,4,arc00053
CASIA2/Tp/Tp_S_NRD_S_B_arc00065_arc00065_01061.tif,train,0,arc00065
CASIA2/Tp/Tp_S_NRD_S_B_arc20003_arc20003_01456.tif,val,3,arc20003
CASIA2/Tp/Tp_S_NRD_S_B_arc20059_arc20059_01699.tif,val,0,arc20059
CASIA2/Tp/Tp_S_NRD_S_B_arc20089_arc20089_02413.tif,test,-1,arc20089
CASIA2/Tp/Tp_S_NRD_S_B_art00024_art00024_00923.tif,train,3,art00024
CASIA2/Tp/Tp_S_NRD_S_B_art00070_art00070_01029.tif,train,0,art00070
CASIA2/Tp/Tp_S_NRD_S_B_art00086_art00086_01011.tif,train,3,art00086
CASIA2/Tp/Tp_S_NRD_S_B_art00089_art00089_01009.tif,train,0,art00089
CASIA2/Tp/Tp_S_NRD_S_B_art10106_art10106_11589.jpg,train,0,art10106
CASIA2/Tp/Tp_S_NRD_S_B_art20001_art20001_01807.tif,train,3,art20001
CASIA2/Tp/Tp_S_NRD_S_B_art20092_art20092_02306.tif,train,1,art20092
CASIA2/Tp/Tp_S_NRD_S_B_cha00089_ani00013_00409.tif,train,2,cha00089
CASIA2/Tp/Tp_S_NRD_S_B_cha00100_cha00100_00875.tif,train,4,cha00100
CASIA2/Tp/Tp_S_NRD_S_B_cha20032_cha20032_02486.tif,train,2,cha10174
CASIA2/Tp/Tp_S_NRD_S_B_cha20044_nat20042_02432.tif,val,0,cha10171
CASIA2/Tp/Tp_S_NRD_S_B_ind00038_ind00038_01329.tif,test,-1,cha30529
CASIA2/Tp/Tp_S_NRD_S_B_ind00051_ind00051_00902.tif,train,2,ind00051
CASIA2/Tp/Tp_S_NRD_S_B_ind20017_ind20017_02274.tif,train,1,ind20017
CASIA2/Tp/Tp_S_NRD_S_B_ind20035_ind20035_02288.tif,test,-1,ind20035
CASIA2/Tp/Tp_S_NRD_S_B_ind20058_ind20058_02301.tif,test,-1,ind20058
CASIA2/Tp/Tp_S_NRD_S_B_nat00038_nat00038_00957.tif,train,3,nat00038
CASIA2/Tp/Tp_S_NRD_S_B_nat00088_nat00088_00996.tif,train,1,nat00088
CASIA2/Tp/Tp_S_NRD_S_B_pla20048_pla20048_02379.tif,train,2,pla20048
CASIA2/Tp/Tp_S_NRD_S_B_pla20089_nat20043_02353.tif,train,4,pla20089
CASIA2/Tp/Tp_S_NRD_S_B_sec00001_sec00001_00021.tif,test,-1,sec00001
CASIA2/Tp/Tp_S_NRD_S_B_sec00001_sec00001_01431.tif,test,-1,sec00001
CASIA2/Tp/Tp_S_NRD_S_B_sec00066_sec00066_00744.tif,train,0,sec00066
CASIA2/Tp/Tp_S_NRD_S_B_sec00089_sec00089_01435.tif,val,4,sec00089
CASIA2/Tp/Tp_S_NRD_S_B_sec20033_sec20033_01623.tif,val,3,sec20033
CASIA2/Tp/Tp_S_NRD_S_B_sec20058_sec20058_02147.tif,val,2,sec20058
CASIA2/Tp/Tp_S_NRD_S_B_sec20066_sec20066_01656.tif,train,0,sec20066
CASIA2/Tp/Tp_S_NRD_S_B_sec20070_sec20070_01660.tif,val,1,sec20070
CASIA2/Tp/Tp_S_NRD_S_N_ani00001_ani00001_00014.tif,train,1,ani00001
CASIA2/Tp/Tp_S_NRD_S_N_ani00013_ani00013_00133.tif,train,4,ani00013
CASIA2/Tp/Tp_S_NRD_S_N_ani00019_ani00019_00139.tif,train,3,ani00019
CASIA2/Tp/Tp_S_NRD_S_N_ani00064_ani00064_00184.tif,test,-1,ani00064
CASIA2/Tp/Tp_S_NRD_S_N_ani00078_ani00078_00822.tif,test,-1,ani00078
CASIA2/Tp/Tp_S_NRD_S_N_ani00081_ani00081_00201.tif,val,2,ani00081
CASIA2/Tp/Tp_S_NRD_S_N_ani00095_ani00095_01255.tif,train,3,ani00095
CASIA2/Tp/Tp_S_NRD_S_N_ani00100_ani00100_00220.tif,train,4,ani00100
CASIA2/Tp/Tp_S_NRD_S_N_ani20011_ani20011_02054.tif,val,4,ani10135
CASIA2/Tp/Tp_S_NRD_S_N_ani20066_ani20066_02108.tif,train,2,ani10190
CASIA2/Tp/Tp_S_NRD_S_N_arc00006_arc00006_01122.tif,train,1,arc00006
CASIA2/Tp/Tp_S_NRD_S_N_arc00011_arc00011_11150.jpg,train,1,arc00011
CASIA2/Tp/Tp_S_NRD_S_N_arc00042_arc00042_01083.tif,train,4,arc00042
CASIA2/Tp/Tp_S_NRD_S_N_arc00043_arc00043_00263.tif,train,4,arc00043
CASIA2/Tp/Tp_S_NRD_S_N_arc00043_arc00043_01082.tif,train,4,arc00043
CASIA2/Tp/Tp_S_NRD_S_N_arc00057_arc00057_00277.tif,test,-1,arc00057
CASIA2/Tp/Tp_S_NRD_S_N_arc00059_arc00059_01067.tif,train,1,arc00059
CASIA2/Tp/Tp_S_NRD_S_N_arc00067_arc00067_01060.tif,train,2,arc00067
CASIA2/Tp/Tp_S_NRD_S_N_arc00071_arc00071_01056.tif,train,0,arc00071
CASIA2/Tp/Tp_S_NRD_S_N_arc10121_arc10121_12106.jpg,train,3,arc10121
CASIA2/Tp/Tp_S_NRD_S_N_arc10123_arc10123_11926.jpg,train,1,arc10123
CASIA2/Tp/Tp_S_NRD_S_N_arc20079_arc20079_01719.tif,test,-1,arc20079
CASIA2/Tp/Tp_S_NRD_S_N_arc20101_arc20101_01741.tif,test,-1,arc20101
CASIA2/Tp/Tp_S_NRD_S_N_art00026_art00026_01213.tif,val,2,art00026
CASIA2/Tp/Tp_S_NRD_S_N_art00041_art00041_00925.tif,train,3,art00041
CASIA2/Tp/Tp_S_NRD_S_N_art00073_art00073_01014.tif,train,4,art00073
CASIA2/Tp/Tp_S_NRD_S_N_art00089_art00089_10339.tif,train,0,art00089
CASIA2/Tp/Tp_S_NRD_S_N_art00089_art00089_10340.tif,train,0,art00089
CASIA2/Tp/Tp_S_NRD_S_N_art10109_art10109_11573.jpg,train,2,art10109
CASIA2/Tp/Tp_S_NRD_S_N_art20006_art20006_02498.tif,train,2,art20006
CASIA2/Tp/Tp_S_NRD_S_N_art20008_art20008_01814.tif,train,1,art20008
CASIA2/Tp/Tp_S_NRD_S_N_art20045_art20045_01851.tif,test,-1,art20045
CASIA2/Tp/Tp_S_NRD_S_N_art20055_art20055_01861.tif,train,0,art20055
CASIA2/Tp/Tp_S_NRD_S_N_art20081_art20081_01887.tif,train,1,art20081
CASIA2/Tp/Tp_S_NRD_S_N_cha00005_cha00005_00839.tif,val,0,cha00005
CASIA2/Tp/Tp_S_NRD_S_N_cha00011_cha00011_10308.tif,train,2,cha00011
CASIA2/Tp/Tp_S_NRD_S_N_cha00060_cha00060_11024.jpg,train,3,cha00060
CASIA2/Tp/Tp_S_NRD_S_N_cha00066_cha00066_00857.tif,val,4,cha00066
CASIA2/Tp/Tp_S_NRD_S_N_cha00069_cha00069_00389.tif,train,0,cha00069
CASIA2/Tp/Tp_S_NRD_S_N_cha00081_cha00081_00866.tif,train,1,cha00081
CASIA2/Tp/Tp_S_NRD_S_N_cha00084_cha00084_00879.tif,val,4,cha00084
CASIA2/Tp/Tp_S_NRD_S_N_cha00090_cha00090_00410.tif,train,1,cha00090
CASIA2/Tp/Tp_S_NRD_S_N_cha00091_cha00091_00872.tif,train,4,cha00091
CASIA2/Tp/Tp_S_NRD_S_N_cha10123_cha10123_12189.jpg,train,2,cha10123
CASIA2/Tp/Tp_S_NRD_S_N_cha10154_cha10154_12266.jpg,train,1,cha10154
CASIA2/Tp/Tp_S_NRD_S_N_cha20041_cha20041_02040.tif,train,1,cha10154
CASIA2/Tp/Tp_S_NRD_S_N_cha20048_cha20048_02047.tif,train,2,cha10161
CASIA2/Tp/Tp_S_NRD_S_N_ind00006_ind00006_01304.tif,train,3,ind00006
CASIA2/Tp/Tp_S_NRD_S_N_ind00007_ind00007_10418.tif,train,2,ind00007
CASIA2/Tp/Tp_S_NRD_S_N_ind00011_ind00011_01309.tif,val,4,ind00011
CASIA2/Tp/Tp_S_NRD_S_N_ind00014_ind00014_01312.tif,val,1,ind00014
CASIA2/Tp/Tp_S_NRD_S_N_ind00020_ind00020_01318.tif,train,3,ind00020
CASIA2/Tp/Tp_S_NRD_S_N_ind00028_ind00028_00895.tif,train,2,ind00028
CASIA2/Tp/Tp_S_NRD_S_N_ind00054_ind00054_00904.tif,train,2,ind00054
CASIA2/Tp/Tp_S_NRD_S_N_ind00081_ind00081_10670.jpg,val,3,ind00081
CASIA2/Tp/Tp_S_NRD_S_N_ind00083_ind00083_10671.jpg,train,2,ind00083
CASIA2/Tp/Tp_S_NRD_S_N_ind00085_ind00085_00482.tif,train,2,ind00085
CASIA2/Tp/Tp_S_NRD_S_N_ind00085_ind00085_01369.tif,train,2,ind00085
CASIA2/Tp/Tp_S_NRD_S_N_ind20021_ind20021_02278.tif,train,0,ind20021
CASIA2/Tp/Tp_S_NRD_S_N_ind20034_ind20034_01775.tif,val,0,ind20034
CASIA2/Tp/Tp_S_NRD_S_N_ind20060_ind20060_01801.tif,train,0,ind20060
CASIA2/Tp/Tp_S_NRD_S_N_nat00028_nat00028_00644.tif,train,3,nat00028
CASIA2/Tp/Tp_S_NRD_S_N_nat00069_nat00069_00976.tif,train,2,nat00069
CASIA2/Tp/Tp_S_NRD_S_N_pla00040_pla00040_01152.tif,train,1,pla00040
CASIA2/Tp/Tp_S_NRD_S_N_pla00059_pla00059_00591.tif,train,0,pla00059
CASIA2/Tp/Tp_S_NRD_S_N_pla20003_pla20003_01903.tif,train,3,pla20003
CASIA2/Tp/Tp_S_NRD_S_N_pla20007_pla20007_01907.tif,val,0,pla20007
CASIA2/Tp/Tp_S_NRD_S_N_pla20018_pla20018_01918.tif,train,2,pla20018
CASIA2/Tp/Tp_S_NRD_S_N_pla20018_pla20018_02489.tif,train,2,pla20018
CASIA2/Tp/Tp_S_NRD_S_N_pla20019_pla20019_02390.tif,train,3,pla20019
CASIA2/Tp/Tp_S_NRD_S_N_pla20059_pla20059_02373.tif,train,4,pla20059
CASIA2/Tp/Tp_S_NRD_S_N_pla20071_pla20071_01971.tif,train,2,pla20071
CASIA2/Tp/Tp_S_NRD_S_N_pla20081_pla20081_01981.tif,train,2,pla20081
CASIA2/Tp/Tp_S_NRD_S_N_sec00017_sec00017_00772.tif,train,0,sec00017
CASIA2/Tp/Tp_S_NRD_S_N_sec00053_sec00053_00074.tif,train,4,sec00053
CASIA2/Tp/Tp_S_NRD_S_N_sec20063_sec20063_01653.tif,train,1,sec20063
CASIA2/Tp/Tp_S_NRD_S_N_sec20097_sec20097_01687.tif,train,4,sec20097
CASIA2/Tp/Tp_S_NRD_S_N_sec20097_sec20097_02141.tif,train,4,sec20097
CASIA2/Tp/Tp_S_NRD_S_O_arc00035_arc00035_01100.tif,train,2,arc00035
CASIA2/Tp/Tp_S_NRD_S_O_art00052_art00052_00927.tif,train,2,art00052
CASIA2/Tp/Tp_S_NRD_S_O_nat00039_nat00039_00964.tif,train,4,nat00039
CASIA2/Tp/Tp_S_NRD_S_O_pla20057_pla20057_01957.tif,train,1,pla20057
CASIA2/Tp/Tp_S_NRN_M_B_ani00029_ani00029_20121.jpg,val,1,ani00029
CASIA2/Tp/Tp_S_NRN_M_B_arc00082_arc00082_11521.jpg,test,-1,arc00082
CASIA2/Tp/Tp_S_NRN_M_B_cha10125_cha10125_12162.jpg,train,0,cha10125
CASIA2/Tp/Tp_S_NRN_M_B_pla00041_pla00041_10977.jpg,test,-1,pla00041
CASIA2/Tp/Tp_S_NRN_M_B_sec00032_sec00032_11252.jpg,train,4,sec00032
CASIA2/Tp/Tp_S_NRN_M_N_ani00076_ani00076_10502.tif,train,1,ani00076
CASIA2/Tp/Tp_S_NRN_M_N_ani10165_ani10165_12491.jpg,test,-1,ani10165
CASIA2/Tp/Tp_S_NRN_M_N_ani10216_ani10216_12388.jpg,train,0,ani10216
CASIA2/Tp/Tp_S_NRN_M_N_arc00004_arc00004_11174.jpg,train,0,arc00004
CASIA2/Tp/Tp_S_NRN_M_N_arc00055_arc00055_10392.tif,test,-1,arc00055
CASIA2/Tp/Tp_S_NRN_M_N_arc00056_arc00056_10393.tif,train,0,arc00056
CASIA2/Tp/Tp_S_NRN_M_N_arc00078_arc00078_11878.jpg,val,4,arc00078
CASIA2/Tp/Tp_S_NRN_M_N_arc00082_arc00082_11520.jpg,test,-1,arc00082
CASIA2/Tp/Tp_S_NRN_M_N_arc10125_arc10125_11887.jpg,train,4,arc10125
CASIA2/Tp/Tp_S_NRN_M_N_art00002_art00002_10715.jpg,train,1,art00002
CASIA2/Tp/Tp_S_NRN_M_N_art00015_art00015_10272.tif,test,-1,art00015
CASIA2/Tp/Tp_S_NRN_M_N_art00023_art00023_10738.jpg,val,3,art00023
CASIA2/Tp/Tp_S_NRN_M_N_art00025_art00025_10550.tif,train,1,art00025
CASIA2/Tp/Tp_S_NRN_M_N_art00030_art00030_10470.tif,train,0,art00030
CASIA2/Tp/Tp_S_NRN_M_N_art00036_art00036_10474.tif,test,-1,art00036
CASIA2/Tp/Tp_S_NRN_M_N_art00041_art00041_10544.tif,train,3,art00041
CASIA2/Tp/Tp_S_NRN_M_N_art00042_art00042_10543.tif,val,2,art00042
CASIA2/Tp/Tp_S_NRN_M_N_art00045_art00045_10748.jpg,test,-1,art00045
CASIA2/Tp/Tp_S_NRN_M_N_art00051_art00051_10533.tif,train,1,art00051
CASIA2/Tp/Tp_S_NRN_M_N_art00055_art00055_10465.tif,train,2,art00055
CASIA2/Tp/Tp_S_NRN_M_N_art00083_art00083_10519.tif,test,-1,art00083
CASIA2/Tp/Tp_S_NRN_M_N_art00087_art00087_10310.tif,train,2,art00087
CASIA2/Tp/Tp_S_NRN_M_N_art00087_art00087_10338.tif,train,2,art00087
CASIA2/Tp/Tp_S_NRN_M_N_art00093_art00093_10485.tif,train,1,art00093
CASIA2/Tp/Tp_S_NRN_M_N_art00100_art00100_10303.tif,train,1,art00100
CASIA2/Tp/Tp_S_NRN_M_N_art10112_sec00098_11671.jpg,train,1,art10112
CASIA2/Tp/Tp_S_NRN_M_N_cha00009_cha00009_11156.jpg,train,0,cha00009
CASIA2/Tp/Tp_S_NRN_M_N_cha00010_art00010_10170.tif,train,2,cha00004
CASIA2/Tp/Tp_S_NRN_M_N_cha00055_cha00055_11727.jpg,train,1,cha00055
CASIA2/Tp/Tp_S_NRN_M_N_cha00058_cha00058_10314.tif,train,3,cha00058
CASIA2/Tp/Tp_S_NRN_M_N_cha00062_cha00062_11022.jpg,train,3,cha00062
CASIA2/Tp/Tp_S_NRN_M_N_cha00067_cha00067_10316.tif,train,2,cha00067
CASIA2/Tp/Tp_S_NRN_M_N_cha00067_cha00067_10318.tif,train,2,cha00067
CASIA2/Tp/Tp_S_NRN_M_N_cha00067_cha00067_10319.tif,train,2,cha00067
CASIA2/Tp/Tp_S_NRN_M_N_cha00068_cha00068_10315.tif,train,0,cha00068
CASIA2/Tp/Tp_S_NRN_M_N_cha00085_ani10104_10029.tif,train,4,cha00085
CASIA2/Tp/Tp_S_NRN_M_N_cha10102_cha10102_10026.tif,train,0,cha10102
CASIA2/Tp/Tp_S_NRN_M_N_cha10114_nat10114_12181.jpg,train,1,cha10114
CASIA2/Tp/Tp_S_NRN_M_N_cha10129_cha10129_12179.jpg,train,4,cha10129
CASIA2/Tp/Tp_S_NRN_M_N_cha10208_cha10208_12338.jpg,train,4,cha10208
CASIA2/Tp/Tp_S_NRN_M_N_ind00070_ind00070_10694.jpg,train,1,ind00070
CASIA2/Tp/Tp_S_NRN_M_N_ind00070_ind00070_10931.jpg,train,1,ind00070
CASIA2/Tp/Tp_S_NRN_M_N_ind00075_ind00075_10679.jpg,train,0,ind00075
CASIA2/Tp/Tp_S_NRN_M_N_ind00085_ind00085_10675.jpg,train,2,ind00085
CASIA2/Tp/Tp_S_NRN_M_N_ind00085_ind00085_10676.jpg,train,2,ind00085
CASIA2/Tp/Tp_S_NRN_M_N_nat00020_nat00020_11045.jpg,val,1,nat00020
CASIA2/Tp/Tp_S_NRN_M_N_nat00037_nat00037_11074.jpg,train,1,ani00001
CASIA2/Tp/Tp_S_NRN_M_N_nat00075_nat00075_11101.jpg,train,4,nat00075
CASIA2/Tp/Tp_S_NRN_M_N_nat10131_nat10131_11901.jpg,train,4,nat10131
CASIA2/Tp/Tp_S_NRN_M_N_nat10148_nat10148_12118.jpg,train,0,nat10148
CASIA2/Tp/Tp_S_NRN_M_N_nat10164_nat00097_12097.jpg,val,1,nat10164
CASIA2/Tp/Tp_S_NRN_M_N_nat10164_nat10124_12095.jpg,val,1,nat10164
CASIA2/Tp/Tp_S_NRN_M_N_pla00020_pla00020_10988.jpg,train,3,pla00020
CASIA2/Tp/Tp_S_NRN_M_N_pla00082_pla00082_10455.tif,val,3,pla00082
CASIA2/Tp/Tp_S_NRN_M_N_sec00035_sec00035_11250.jpg,train,0,sec00035
CASIA2/Tp/Tp_S_NRN_M_N_sec00040_sec00040_10489.tif,train,3,sec00040
CASIA2/Tp/Tp_S_NRN_M_N_sec00061_sec00061_11263.jpg,train,1,sec00061
CASIA2/Tp/Tp_S_NRN_M_N_sec00070_sec00070_10716.jpg,val,0,sec00070
CASIA2/Tp/Tp_S_NRN_M_N_txt00085_txt00085_11310.jpg,test,-1,txt00085
CASIA2/Tp/Tp_S_NRN_S_B_ani00037_ani00037_00157.tif,train,3,ani00037
CASIA2/Tp/Tp_S_NRN_S_B_ani00083_ani00083_00203.tif,train,3,ani00083
CASIA2/Tp/Tp_S_NRN_S_B_ani00096_ani00096_00216.tif,train,1,ani00096
CASIA2/Tp/Tp_S_NRN_S_B_ani10001_ani10001_20004.jpg,test,-1,ani10001
CASIA2/Tp/Tp_S_NRN_S_B_ani10002_ani10002_20005.jpg,train,0,ani10002
CASIA2/Tp/Tp_S_NRN_S_B_ani10159_ani10159_12467.jpg,train,1,ani10159
CASIA2/Tp/Tp_S_NRN_S_B_ani10202_ani10202_12413.jpg,val,1,ani10202
CASIA2/Tp/Tp_S_NRN_S_B_ani10217_ani10217_12370.jpg,val,3,ani10217
CASIA2/Tp/Tp_S_NRN_S_B_ani20004_ani20004_02403.tif,train,2,ani10128
CASIA2/Tp/Tp_S_NRN_S_B_ani20033_ani20033_02076.tif,train,0,ani10157
CASIA2/Tp/Tp_S_NRN_S_B_ani20043_ani20043_02086.tif,train,0,ani10167
CASIA2/Tp/Tp_S_NRN_S_B_ani20050_ani20050_02093.tif,train,1,ani10205
CASIA2/Tp/Tp_S_NRN_S_B_arc00002_arc00002_11185.jpg,train,4,arc00002
CASIA2/Tp/Tp_S_NRN_S_B_arc00004_arc00004_11173.jpg,train,0,arc00004
CASIA2/Tp/Tp_S_NRN_S_B_arc00029_arc00029_01093.tif,train,1,arc00029
CASIA2/Tp/Tp_S_NRN_S_B_arc00052_arc00052_01074.tif,train,4,arc00052
CASIA2/Tp/Tp_S_NRN_S_B_arc00053_arc00053_00273.tif,train,4,arc00053
CASIA2/Tp/Tp_S_NRN_S_B_arc00054_arc00054_01072.tif,train,3,arc00054
CASIA2/Tp/Tp_S_NRN_S_B_arc00074_arc00074_11196.jpg,train,1,arc00074
CASIA2/Tp/Tp_S_NRN_S_B_arc00095_arc00095_00315.tif,train,4,arc00095
CASIA2/Tp/Tp_S_NRN_S_B_arc10107_arc10107_11166.jpg,test,-1,arc10107
CASIA2/Tp/Tp_S_NRN_S_B_arc20011_arc20011_01464.tif,train,2,arc20011
CASIA2/Tp/Tp_S_NRN_S_B_arc20027_arc20027_01480.tif,val,4,arc20027
CASIA2/Tp/Tp_S_NRN_S_B_arc20063_arc20063_02197.tif,val,3,arc20063
CASIA2/Tp/Tp_S_NRN_S_B_art00019_art00019_01019.tif,train,3,art00019
CASIA2/Tp/Tp_S_NRN_S_B_art00024_art00024_20088.jpg,train,3,art00024
CASIA2/Tp/Tp_S_NRN_S_B_art00039_art00039_01415.tif,val,0,art00039
CASIA2/Tp/Tp_S_NRN_S_B_art00060_art00060_01017.tif,train,2,art00060
CASIA2/Tp/Tp_S_NRN_S_B_art00061_sec00099_00527.tif,train,1,art00061
CASIA2/Tp/Tp_S_NRN_S_B_art00072_art00072_01015.tif,train,3,art00072
CASIA2/Tp/Tp_S_NRN_S_B_art00076_art00076_01395.tif,train,3,art00076
CASIA2/Tp/Tp_S_NRN_S_B_art00084_art00084_00929.tif,train,3,art00084
CASIA2/Tp/Tp_S_NRN_S_B_art00098_art00098_00538.tif,test,-1,art00098
CASIA2/Tp/Tp_S_NRN_S_B_art10008_art10008_20049.jpg,test,-1,art10008
CASIA2/Tp/Tp_S_NRN_S_B_art10106_art10106_11590.jpg,train,0,art10106
CASIA2/Tp/Tp_S_NRN_S_B_cha00019_cha00019_11180.jpg,train,4,cha00019
CASIA2/Tp/Tp_S_NRN_S_B_cha00065_cha00065_10176.tif,val,3,cha00065
CASIA2/Tp/Tp_S_NRN_S_B_cha00069_cha00069_10870.jpg,train,0,cha00069
CASIA2/Tp/Tp_S_NRN_S_B_cha00086_art00012_00406.tif,train,0,cha00086
CASIA2/Tp/Tp_S_NRN_S_B_cha10111_cha10111_11690.jpg,train,0,cha10111
CASIA2/Tp/Tp_S_NRN_S_B_cha10125_pla00050_12163.jpg,train,0,cha10125
CASIA2/Tp/Tp_S_NRN_S_B_cha10140_cha10140_12199.jpg,train,2,cha10140
CASIA2/Tp/Tp_S_NRN_S_B_cha10146_cha10146_12229.jpg,train,3,cha10146
CASIA2/Tp/Tp_S_NRN_S_B_cha10211_cha10211_12330.jpg,test,-1,cha10211
CASIA2/Tp/Tp_S_NRN_S_B_cha20001_cha20001_01504.tif,train,1,cha10114
CASIA2/Tp/Tp_S_NRN_S_B_cha20030_cha20030_02029.tif,val,3,cha10175
CASIA2/Tp/Tp_S_NRN_S_B_ind00017_ind00017_00889.tif,train,2,ind00017
CASIA2/Tp/Tp_S_NRN_S_B_ind00025_cha10101_10050.tif,test,-1,cha10101
CASIA2/Tp/Tp_S_NRN_S_B_ind10002_ind10002_20010.jpg,train,3,ind10002
CASIA2/Tp/Tp_S_NRN_S_B_ind20029_ind20029_02284.tif,test,-1,ind20029
CASIA2/Tp/Tp_S_NRN_S_B_nat00043_nat00043_00962.tif,train,1,nat00043
CASIA2/Tp/Tp_S_NRN_S_B_nat00076_nat00076_00982.tif,train,1,nat00076
CASIA2/Tp/Tp_S_NRN_S_B_nat00089_nat00089_00991.tif,val,0,nat00089
CASIA2/Tp/Tp_S_NRN_S_B_nat00098_nat00098_00995.tif,val,1,nat00098
CASIA2/Tp/Tp_S_NRN_S_B_nat10133_nat10133_11909.jpg,val,3,nat10133
CASIA2/Tp/Tp_S_NRN_S_B_nat20006_nat20006_02206.tif,train,4,nat20006
CASIA2/Tp/Tp_S_NRN_S_B_nat20008_nat20008_01512.tif,train,0,nat20008
CASIA2/Tp/Tp_S_NRN_S_B_nat20014_nat20014_01518.tif,train,1,nat20014
CASIA2/Tp/Tp_S_NRN_S_B_nat20079_nat20079_01583.tif,train,4,nat20079
CASIA2/Tp/Tp_S_NRN_S_B_nat20091_nat20091_01595.tif,test,-1,nat20091
CASIA2/Tp/Tp_S_NRN_S_B_nat20099_nat20099_01603.tif,train,0,nat20099
CASIA2/Tp/Tp_S_NRN_S_B_pla00004_pla00004_00544.tif,val,0,pla00004
CASIA2/Tp/Tp_S_NRN_S_B_pla00014_pla00014_10986.jpg,train,4,pla00014
CASIA2/Tp/Tp_S_NRN_S_B_pla00040_pla00040_10979.jpg,train,1,pla00040
CASIA2/Tp/Tp_S_NRN_S_B_pla00072_pla00072_01177.tif,train,4,pla00072
CASIA2/Tp/Tp_S_NRN_S_B_pla00082_pla00082_01184.tif,val,3,pla00082
CASIA2/Tp/Tp_S_NRN_S_B_pla20088_pla20088_02354.tif,train,3,pla20088
CASIA2/Tp/Tp_S_NRN_S_B_pla20090_pla20090_01990.tif,train,3,pla20090
CASIA2/Tp/Tp_S_NRN_S_B_pla20095_pla20095_01995.tif,test,-1,pla20095
CASIA2/Tp/Tp_S_NRN_S_B_pla20098_pla20098_02344.tif,train,4,pla20098
CASIA2/Tp/Tp_S_NRN_S_B_sec00038_sec00038_10483.tif,val,3,sec00038
CASIA2/Tp/Tp_S_NRN_S_B_sec00065_sec00065_00745.tif,val,3,sec00065
CASIA2/Tp/Tp_S_NRN_S_B_sec20004_sec20004_01439.tif,val,0,sec20004
CASIA2/Tp/Tp_S_NRN_S_B_sec20014_sec20014_01449.tif,train,1,sec20014
CASIA2/Tp/Tp_S_NRN_S_B_sec20017_sec20017_01607.tif,train,0,sec20017
CASIA2/Tp/Tp_S_NRN_S_B_sec20077_sec20077_01667.tif,test,-1,sec20077
CASIA2/Tp/Tp_S_NRN_S_B_txt00022_txt00022_20089.jpg,train,2,ind00024
CASIA2/Tp/Tp_S_NRN_S_B_txt00022_txt00022_20090.jpg,train,2,ind00024
CASIA2/Tp/Tp_S_NRN_S_M_ind00055_ind00055_10909.jpg,train,1,ind00055
CASIA2/Tp/Tp_S_NRN_S_N_ani00002_ani00002_00002.tif,train,2,ani00002
CASIA2/Tp/Tp_S_NRN_S_N_ani00003_ani00003_00123.tif,train,2,ani00003
CASIA2/Tp/Tp_S_NRN_S_N_ani00005_ani00005_00125.tif,train,3,ani00005
CASIA2/Tp/Tp_S_NRN_S_N_ani00010_ani00010_00130.tif,train,0,ani00010
CASIA2/Tp/Tp_S_NRN_S_N_ani00020_ani00020_00140.tif,train,0,ani00020
CASIA2/Tp/Tp_S_NRN_S_N_ani00033_ani00033_00153.tif,val,2,ani00033
CASIA2/Tp/Tp_S_NRN_S_N_ani00045_ani00045_00831.tif,val,3,ani00045
CASIA2/Tp/Tp_S_NRN_S_N_ani00058_ani00058_00178.tif,train,1,ani00058
CASIA2/Tp/Tp_S_NRN_S_N_ani00068_ani00068_00188.tif,train,3,ani00068
CASIA2/Tp/Tp_S_NRN_S_N_ani00069_ani00069_00189.tif,val,3,ani00069
CASIA2/Tp/Tp_S_NRN_S_N_ani00074_ani00074_00825.tif,train,2,ani00074
CASIA2/Tp/Tp_S_NRN_S_N_ani00079_ani00079_00199.tif,train,2,ani00079
CASIA2/Tp/Tp_S_NRN_S_N_ani00084_ani00084_00204.tif,train,0,ani00084
CASIA2/Tp/Tp_S_NRN_S_N_ani00092_ani00092_00212.tif,train,3,ani00092
CASIA2/Tp/Tp_S_NRN_S_N_ani00097_ani00097_00217.tif,test,-1,ani00097
CASIA2/Tp/Tp_S_NRN_S_N_ani00099_ani00099_00219.tif,train,4,ani00099
CASIA2/Tp/Tp_S_NRN_S_N_ani10115_ani10115_11656.jpg,train,4,ani10115
CASIA2/Tp/Tp_S_NRN_S_N_ani10125_ani10125_12397.jpg,train,3,ani10125
CASIA2/Tp/Tp_S_NRN_S_N_ani10128_ani10128_12461.jpg,train,2,ani10128
CASIA2/Tp/Tp_S_NRN_S_N_ani10133_ani10133_12478.jpg,test,-1,ani10133
CASIA2/Tp/Tp_S_NRN_S_N_ani10144_ani10144_12471.jpg,test,-1,ani10144
CASIA2/Tp/Tp_S_NRN_S_N_ani10147_ani10147_12493.jpg,train,3,ani10147
CASIA2/Tp/Tp_S_NRN_S_N_ani10150_ani10150_12482.jpg,test,-1,ani10150
CASIA2/Tp/Tp_S_NRN_S_N_ani10167_ani10167_12446.jpg,train,0,ani10167
CASIA2/Tp/Tp_S_NRN_S_N_ani10185_ani10185_12428.jpg,train,0,ani10185
CASIA2/Tp/Tp_S_NRN_S_N_ani10189_ani10189_12433.jpg,train,3,ani10189
CASIA2/Tp/Tp_S_NRN_S_N_ani10194_ani10194_12400.jpg,train,3,ani10194
CASIA2/Tp/Tp_S_NRN_S_N_ani10200_ani10200_12410.jpg,train,2,ani10200
CASIA2/Tp/Tp_S_NRN_S_N_ani10207_ani10207_12418.jpg,train,2,ani10207
CASIA2/Tp/Tp_S_NRN_S_N_ani10207_ani10207_12419.jpg,train,2,ani10207
CASIA2/Tp/Tp_S_NRN_S_N_ani10212_ani10212_12376.jpg,train,1,ani10212
CASIA2/Tp/Tp_S_NRN_S_N_ani10212_ani10212_12377.jpg,train,1,ani10212
CASIA2/Tp/Tp_S_NRN_S_N_ani10214_ani10214_12379.jpg,train,1,ani10214
CASIA2/Tp/Tp_S_NRN_S_N_ani10220_ani10220_12390.jpg,train,3,ani10220
CASIA2/Tp/Tp_S_NRN_S_N_ani10221_ani10221_12394.jpg,train,0,ani10221
CASIA2/Tp/Tp_S_NRN_S_N_ani20007_ani20007_02405.tif,train,0,ani10218
CASIA2/Tp/Tp_S_NRN_S_N_ani20008_ani20008_02406.tif,val,3,ani10217
CASIA2/Tp/Tp_S_NRN_S_N_ani20017_ani20017_02060.tif,val,3,ani10141
CASIA2/Tp/Tp_S_NRN_S_N_ani20021_ani20021_02064.tif,val,2,ani10211
CASIA2/Tp/Tp_S_NRN_S_N_ani20037_ani20037_02080.tif,val,2,ani10161
CASIA2/Tp/Tp_S_NRN_S_N_ani20038_ani20038_02081.tif,train,1,ani10162
CASIA2/Tp/Tp_S_NRN_S_N_ani20039_ani20039_02082.tif,train,2,ani10163
CASIA2/Tp/Tp_S_NRN_S_N_ani20047_ani20047_02090.tif,train,2,ani10171
CASIA2/Tp/Tp_S_NRN_S_N_ani20053_ani20053_02096.tif,train,0,ani10177
CASIA2/Tp/Tp_S_NRN_S_N_ani20054_ani20054_02097.tif,train,1,ani10178
CASIA2/Tp/Tp_S_NRN_S_N_ani20058_ani20058_02100.tif,train,4,ani10199
CASIA2/Tp/Tp_S_NRN_S_N_ani20061_ani20061_02103.tif,train,0,ani10185
CASIA2/Tp/Tp_S_NRN_S_N_ani20065_ani20065_02107.tif,train,3,ani10189
CASIA2/Tp/Tp_S_NRN_S_N_arc00001_arc00001_11184.jpg,train,0,arc00001
CASIA2/Tp/Tp_S_NRN_S_N_arc00005_arc00005_00225.tif,train,0,arc00005
CASIA2/Tp/Tp_S_NRN_S_N_arc00009_arc00009_00229.tif,train,1,arc00009
CASIA2/Tp/Tp_S_NRN_S_N_arc00010_arc00010_01109.tif,train,0,arc00004
CASIA2/Tp/Tp_S_NRN_S_N_arc00023_arc00023_01101.tif,train,4,arc00023
CASIA2/Tp/Tp_S_NRN_S_N_arc00031_arc00031_00779.tif,train,1,arc00031
CASIA2/Tp/Tp_S_NRN_S_N_arc00031_arc00031_11188.jpg,train,1,arc00031
CASIA2/Tp/Tp_S_NRN_S_N_arc00036_arc00036_00256.tif,test,-1,arc00036
CASIA2/Tp/Tp_S_NRN_S_N_arc00036_arc00036_01088.tif,test,-1,arc00036
CASIA2/Tp/Tp_S_NRN_S_N_arc00037_arc00037_01087.tif,train,0,arc00037
CASIA2/Tp/Tp_S_NRN_S_N_arc00051_arc00051_11208.jpg,train,4,arc00051
CASIA2/Tp/Tp_S_NRN_S_N_arc00054_arc00054_11928.jpg,train,3,arc00054
CASIA2/Tp/Tp_S_NRN_S_N_arc00059_arc00059_00279.tif,train,1,arc00059
CASIA2/Tp/Tp_S_NRN_S_N_arc00062_ani00017_11500.jpg,val,0,arc00062
CASIA2/Tp/Tp_S_NRN_S_N_arc00062_ani00058_11497.jpg,val,0,arc00062
CASIA2/Tp/Tp_S_NRN_S_N_arc00062_ani00070_11498.jpg,val,0,arc00062
CASIA2/Tp/Tp_S_NRN_S_N_arc00062_arc00062_00282.tif,val,0,arc00062
CASIA2/Tp/Tp_S_NRN_S_N_arc00065_arc00065_00285.tif,train,0,arc00065
CASIA2/Tp/Tp_S_NRN_S_N_arc00069_arc00069_11206.jpg,train,3,arc00069
CASIA2/Tp/Tp_S_NRN_S_N_arc00074_arc00074_00294.tif,train,1,arc00074
CASIA2/Tp/Tp_S_NRN_S_N_arc00078_arc00078_01050.tif,val,4,arc00078
CASIA2/Tp/Tp_S_NRN_S_N_arc00081_arc00081_00301.tif,train,4,arc00081
CASIA2/Tp/Tp_S_NRN_S_N_arc00082_arc00082_00785.tif,test,-1,arc00082
CASIA2/Tp/Tp_S_NRN_S_N_arc00086_arc00086_10735.jpg,val,1,arc00086
CASIA2/Tp/Tp_S_NRN_S_N_arc00089_arc00089_10729.jpg,train,2,arc00089
CASIA2/Tp/Tp_S_NRN_S_N_arc00090_arc00090_00781.tif,train,4,arc00090
CASIA2/Tp/Tp_S_NRN_S_N_arc00091_arc00091_01039.tif,val,0,arc00091
CASIA2/Tp/Tp_S_NRN_S_N_arc10119_arc10119_10758.jpg,train,3,arc10119
CASIA2/Tp/Tp_S_NRN_S_N_arc10124_arc10124_11883.jpg,train,1,arc10124
CASIA2/Tp/Tp_S_NRN_S_N_arc10128_arc10128_11896.jpg,train,2,arc10128
CASIA2/Tp/Tp_S_NRN_S_N_arc20001_arc20001_01454.tif,train,0,arc20001
CASIA2/Tp/Tp_S_NRN_S_N_arc20001_arc20001_02464.tif,train,0,arc20001
CASIA2/Tp/Tp_S_NRN_S_N_arc20003_arc20003_02151.tif,val,3,arc20003
CASIA2/Tp/Tp_S_NRN_S_N_arc20004_arc20004_02152.tif,train,2,arc20004
CASIA2/Tp/Tp_S_NRN_S_N_arc20007_arc20007_02200.tif,train,2,arc20007
CASIA2/Tp/Tp_S_NRN_S_N_arc20012_arc20012_02155.tif,train,1,arc20012
CASIA2/Tp/Tp_S_NRN_S_N_arc20034_arc20034_02473.tif,val,1,arc20034
CASIA2/Tp/Tp_S_NRN_S_N_arc20035_arc20035_02474.tif,test,-1,arc20035
CASIA2/Tp/Tp_S_NRN_S_N_arc20038_arc20038_01491.tif,test,-1,arc20038
CASIA2/Tp/Tp_S_NRN_S_N_arc20040_arc20040_02176.tif,train,2,arc20040
CASIA2/Tp/Tp_S_NRN_S_N_arc20052_arc20052_01692.tif,train,2,arc20052
CASIA2/Tp/Tp_S_NRN_S_N_arc20057_arc20057_01697.tif,test,-1,arc20057
CASIA2/Tp/Tp_S_NRN_S_N_arc20064_arc20064_01704.tif,train,4,arc20064
CASIA2/Tp/Tp_S_NRN_S_N_arc20065_arc20065_01705.tif,test,-1,arc20065
CASIA2/Tp/Tp_S_NRN_S_N_arc20067_arc20067_01707.tif,train,1,arc20067
CASIA2/Tp/Tp_S_NRN_S_N_arc20068_arc20068_01708.tif,train,4,arc20068
CASIA2/Tp/Tp_S_NRN_S_N_arc20070_arc20070_01710.tif,test,-1,arc20070
CASIA2/Tp/Tp_S_NRN_S_N_arc20072_arc20072_01712.tif,train,0,arc20072
CASIA2/Tp/Tp_S_NRN_S_N_arc20077_arc20077_01717.tif,train,2,arc20077
CASIA2/Tp/Tp_S_NRN_S_N_arc20078_arc20078_01718.tif,train,3,arc20078
CASIA2/Tp/Tp_S_NRN_S_N_arc20080_arc20080_01720.tif,train,3,arc20080
CASIA2/Tp/Tp_S_NRN_S_N_arc20082_arc20082_02190.tif,train,4,arc20082
CASIA2/Tp/Tp_S_NRN_S_N_arc20083_arc20083_01723.tif,train,2,arc20083
CASIA2/Tp/Tp_S_NRN_S_N_arc20085_arc20085_01725.tif,val,0,arc20085
CASIA2/Tp/Tp_S_NRN_S_N_arc20085_arc20085_02416.tif,val,0,arc20085
CASIA2/Tp/Tp_S_NRN_S_N_arc20090_arc20090_01730.tif,train,0,arc20090
CASIA2/Tp/Tp_S_NRN_S_N_arc20096_arc20096_01736.tif,train,4,arc20096
CASIA2/Tp/Tp_S_NRN_S_N_arc20098_arc20098_01738.tif,train,1,arc20098
CASIA2/Tp/Tp_S_NRN_S_N_art00002_art00002_00919.tif,train,1,art00002
CASIA2/Tp/Tp_S_NRN_S_N_art00003_art00003_10754.jpg,train,2,art00003
CASIA2/Tp/Tp_S_NRN_S_N_art00003_art00003_10755.jpg,train,2,art00003
CASIA2/Tp/Tp_S_NRN_S_N_art00017_art00017_01429.tif,train,1,art00017
CASIA2/Tp/Tp_S_NRN_S_N_art00019_art00019_10275.tif,train,3,art00019
CASIA2/Tp/Tp_S_NRN_S_N_art00019_art00019_10276.tif,train,3,art00019
CASIA2/Tp/Tp_S_NRN_S_N_art00020_art00020_00502.tif,train,4,art00020
CASIA2/Tp/Tp_S_NRN_S_N_art00022_art00022_10740.jpg,train,2,art00022
CASIA2/Tp/Tp_S_NRN_S_N_art00023_art00023_20091.jpg,val,3,art00023
CASIA2/Tp/Tp_S_NRN_S_N_art00024_art00024_10737.jpg,train,3,art00024
CASIA2/Tp/Tp_S_NRN_S_N_art00030_art00030_01217.tif,train,0,art00030
CASIA2/Tp/Tp_S_NRN_S_N_art00030_art00030_10469.tif,train,0,art00030
CASIA2/Tp/Tp_S_NRN_S_N_art00034_art00034_01220.tif,train,0,art00034
CASIA2/Tp/Tp_S_NRN_S_N_art00040_art00040_01414.tif,test,-1,art00040
CASIA2/Tp/Tp_S_NRN_S_N_art00042_art00042_01226.tif,val,2,art00042
CASIA2/Tp/Tp_S_NRN_S_N_art00043_art00043_01227.tif,train,4,art00043
CASIA2/Tp/Tp_S_NRN_S_N_art00043_art00043_01411.tif,train,4,art00043
CASIA2/Tp/Tp_S_NRN_S_N_art00046_art00046_11924.jpg,test,-1,art00046
CASIA2/Tp/Tp_S_NRN_S_N_art00047_art00047_01022.tif,val,3,art00047
CASIA2/Tp/Tp_S_NRN_S_N_art00063_art00063_01028.tif,train,1,art00063
CASIA2/Tp/Tp_S_NRN_S_N_art00077_art00077_11712.jpg,train,1,art00077
CASIA2/Tp/Tp_S_NRN_S_N_art00082_art00082_10285.tif,test,-1,art00082
CASIA2/Tp/Tp_S_NRN_S_N_art00086_art00086_10284.tif,train,3,art00086
CASIA2/Tp/Tp_S_NRN_S_N_art00090_art00090_10282.tif,train,0,art00090
CASIA2/Tp/Tp_S_NRN_S_N_art00092_art00092_11809.jpg,test,-1,art00092
CASIA2/Tp/Tp_S_NRN_S_N_art00093_art00093_10486.tif,train,1,art00093
CASIA2/Tp/Tp_S_NRN_S_N_art00095_art00095_01386.tif,train,2,art00095
CASIA2/Tp/Tp_S_NRN_S_N_art20005_art20005_01811.tif,train,2,art20005
CASIA2/Tp/Tp_S_NRN_S_N_art20005_art20005_02495.tif,train,2,art20005
CASIA2/Tp/Tp_S_NRN_S_N_art20009_art20009_01815.tif,train,4,art20009
CASIA2/Tp/Tp_S_NRN_S_N_art20015_art20015_01821.tif,test,-1,art20015
CASIA2/Tp/Tp_S_NRN_S_N_art20016_art20016_01822.tif,train,1,art20016
CASIA2/Tp/Tp_S_NRN_S_N_art20025_art20025_01831.tif,test,-1,art20025
CASIA2/Tp/Tp_S_NRN_S_N_art20032_art20032_01838.tif,train,0,art20032
CASIA2/Tp/Tp_S_NRN_S_N_art20034_art20034_02335.tif,test,-1,art20034
CASIA2/Tp/Tp_S_NRN_S_N_art20037_art20037_01843.tif,train,3,art20037
CASIA2/Tp/Tp_S_NRN_S_N_art20038_art20038_01844.tif,train,4,art20038
CASIA2/Tp/Tp_S_NRN_S_N_art20040_art20040_01846.tif,val,0,art20040
CASIA2/Tp/Tp_S_NRN_S_N_art20043_art20043_01849.tif,train,4,art20043
CASIA2/Tp/Tp_S_NRN_S_N_art20046_art20046_01852.tif,test,-1,art20046
CASIA2/Tp/Tp_S_NRN_S_N_art20048_art20048_01854.tif,train,4,art20048
CASIA2/Tp/Tp_S_NRN_S_N_art20050_art20050_01856.tif,test,-1,art20050
CASIA2/Tp/Tp_S_NRN_S_N_art20051_art20051_01857.tif,train,1,art20051
CASIA2/Tp/Tp_S_NRN_S_N_art20057_art20057_01863.tif,train,3,art20057
CASIA2/Tp/Tp_S_NRN_S_N_art20065_art20065_01871.tif,val,1,art20064
CASIA2/Tp/Tp_S_NRN_S_N_art20066_art20066_01872.tif,train,3,art20066
CASIA2/Tp/Tp_S_NRN_S_N_art20067_arc20001_01873.tif,val,0,art20067
CASIA2/Tp/Tp_S_NRN_S_N_art20068_art20068_01874.tif,train,2,art20068
CASIA2/Tp/Tp_S_NRN_S_N_art20073_art20073_01879.tif,train,0,art20073
CASIA2/Tp/Tp_S_NRN_S_N_art20074_art20074_02319.tif,val,3,art20074
CASIA2/Tp/Tp_S_NRN_S_N_art20076_art20076_01882.tif,train,4,art20076
CASIA2/Tp/Tp_S_NRN_S_N_art20077_art20077_02316.tif,train,4,art20077
CASIA2/Tp/Tp_S_NRN_S_N_art20082_art20082_02314.tif,train,0,art20082
CASIA2/Tp/Tp_S_NRN_S_N_art20084_art20084_02312.tif,train,3,art20084
CASIA2/Tp/Tp_S_NRN_S_N_art20086_art20086_02311.tif,train,3,art20086
CASIA2/Tp/Tp_S_NRN_S_N_art20087_art20087_01893.tif,test,-1,art20087
CASIA2/Tp/Tp_S_NRN_S_N_art20087_art20087_02310.tif,test,-1,art20087
CASIA2/Tp/Tp_S_NRN_S_N_art20092_art20092_01898.tif,train,1,art20092
CASIA2/Tp/Tp_S_NRN_S_N_art20094_art20094_01900.tif,train,4,art20094
CASIA2/Tp/Tp_S_NRN_S_N_cha00002_cha00002_00322.tif,train,0,cha00002
CASIA2/Tp/Tp_S_NRN_S_N_cha00002_cha00002_11171.jpg,train,0,cha00002
CASIA2/Tp/Tp_S_NRN_S_N_cha00004_cha00004_00324.tif,train,2,cha00004
CASIA2/Tp/Tp_S_NRN_S_N_cha00011_cha00011_10309.tif,train,2,cha00011
CASIA2/Tp/Tp_S_NRN_S_N_cha00018_cha00018_11152.jpg,train,2,cha00018
CASIA2/Tp/Tp_S_NRN_S_N_cha00025_cha00025_10725.jpg,val,4,cha00025
CASIA2/Tp/Tp_S_NRN_S_N_cha00035_cha00035_11733.jpg,val,4,cha00035
CASIA2/Tp/Tp_S_NRN_S_N_cha00036_cha00036_11736.jpg,test,-1,cha00036
CASIA2/Tp/Tp_S_NRN_S_N_cha00037_cha00037_00357.tif,train,2,cha00037
CASIA2/Tp/Tp_S_NRN_S_N_cha00037_cha00037_11014.jpg,train,2,cha00037
CASIA2/Tp/Tp_S_NRN_S_N_cha00039_cha00039_00359.tif,train,2,cha00039
CASIA2/Tp/Tp_S_NRN_S_N_cha00039_cha00039_11013.jpg,train,2,cha00039
CASIA2/Tp/Tp_S_NRN_S_N_cha00040_cha00040_11033.jpg,val,4,cha00040
CASIA2/Tp/Tp_S_NRN_S_N_cha00046_cha00046_11006.jpg,train,2,cha00046
CASIA2/Tp/Tp_S_NRN_S_N_cha00049_cha00049_11000.jpg,test,-1,cha00049
CASIA2/Tp/Tp_S_NRN_S_N_cha00049_cha00049_11002.jpg,test,-1,cha00049
CASIA2/Tp/Tp_S_NRN_S_N_cha00049_cha00049_11003.jpg,test,-1,cha00049
CASIA2/Tp/Tp_S_NRN_S_N_cha00059_cha00059_11029.jpg,test,-1,cha00059
CASIA2/Tp/Tp_S_NRN_S_N_cha00060_cha00060_11023.jpg,train,3,cha00060
CASIA2/Tp/Tp_S_NRN_S_N_cha00064_cha00064_00383.tif,val,4,cha00064
CASIA2/Tp/Tp_S_NRN_S_N_cha00066_cha00066_00386.tif,val,4,cha00066
CASIA2/Tp/Tp_S_NRN_S_N_cha00067_cha00067_10317.tif,train,2,cha00067
CASIA2/Tp/Tp_S_NRN_S_N_cha00080_cha00080_00400.tif,train,3,cha00080
CASIA2/Tp/Tp_S_NRN_S_N_cha00081_cha00081_10190.tif,train,1,cha00081
CASIA2/Tp/Tp_S_NRN_S_N_cha00083_cha00083_11016.jpg,train,3,cha00083
CASIA2/Tp/Tp_S_NRN_S_N_cha00097_cha00097_00877.tif,train,2,cha00097
CASIA2/Tp/Tp_S_NRN_S_N_cha10116_cha10116_12170.jpg,train,0,cha10116
CASIA2/Tp/Tp_S_NRN_S_N_cha10119_cha10119_12194.jpg,train,2,cha10119
CASIA2/Tp/Tp_S_NRN_S_N_cha10120_cha10120_12165.jpg,train,4,cha10120
CASIA2/Tp/Tp_S_NRN_S_N_cha10122_cha10122_12157.jpg,train,3,cha10117
CASIA2/Tp/Tp_S_NRN_S_N_cha10126_cha10126_12152.jpg,test,-1,cha10126
CASIA2/Tp/Tp_S_NRN_S_N_cha10129_cha10129_12178.jpg,train,4,cha10129
CASIA2/Tp/Tp_S_NRN_S_N_cha10130_cha10130_12186.jpg,val,2,cha10130
CASIA2/Tp/Tp_S_NRN_S_N_cha10132_cha10132_12216.jpg,train,3,cha10132
CASIA2/Tp/Tp_S_NRN_S_N_cha10146_cha10146_12228.jpg,train,3,cha10146
CASIA2/Tp/Tp_S_NRN_S_N_cha10147_cha10147_12226.jpg,test,-1,cha10147
CASIA2/Tp/Tp_S_NRN_S_N_cha10152_cha10152_12217.jpg,test,-1,cha10152
CASIA2/Tp/Tp_S_NRN_S_N_cha10153_cha10153_12269.jpg,train,3,cha10153
CASIA2/Tp/Tp_S_NRN_S_N_cha10158_cha10158_12260.jpg,train,3,cha10158
CASIA2/Tp/Tp_S_NRN_S_N_cha10160_cha10160_12258.jpg,train,2,cha10160
CASIA2/Tp/Tp_S_NRN_S_N_cha10167_cha10167_12298.jpg,train,2,cha10167
CASIA2/Tp/Tp_S_NRN_S_N_cha10167_cha10208_12368.jpg,train,2,cha10167
CASIA2/Tp/Tp_S_NRN_S_N_cha10174_cha10174_12274.jpg,train,2,cha10174
CASIA2/Tp/Tp_S_NRN_S_N_cha10178_cha10178_12288.jpg,train,0,cha10178
CASIA2/Tp/Tp_S_NRN_S_N_cha10184_cha10184_12315.jpg,train,3,cha10184
CASIA2/Tp/Tp_S_NRN_S_N_cha10187_cha10187_12310.jpg,val,4,cha10187
CASIA2/Tp/Tp_S_NRN_S_N_cha10191_cha10191_12328.jpg,test,-1,cha10191
CASIA2/Tp/Tp_S_NRN_S_N_cha10192_cha10192_12324.jpg,train,1,cha10192
CASIA2/Tp/Tp_S_NRN_S_N_cha10194_cha10194_12322.jpg,train,3,cha10194
CASIA2/Tp/Tp_S_NRN_S_N_cha10196_cha10196_12304.jpg,train,2,cha10196
CASIA2/Tp/Tp_S_NRN_S_N_cha10198_cha10198_12361.jpg,train,3,cha10198
CASIA2/Tp/Tp_S_NRN_S_N_cha10203_cha10203_12354.jpg,train,1,cha10203
CASIA2/Tp/Tp_S_NRN_S_N_cha10204_cha10204_12352.jpg,train,1,cha10204
CASIA2/Tp/Tp_S_NRN_S_N_cha10206_cha10206_12343.jpg,val,2,cha10206
CASIA2/Tp/Tp_S_NRN_S_N_cha10207_cha10207_12340.jpg,val,3,cha10207
CASIA2/Tp/Tp_S_NRN_S_N_cha10209_cha10209_12335.jpg,val,4,cha10209
CASIA2/Tp/Tp_S_NRN_S_N_cha20009_cha20009_02008.tif,train,3,cha10117
CASIA2/Tp/Tp_S_NRN_S_N_cha20018_cha20018_02017.tif,train,2,cha10131
CASIA2/Tp/Tp_S_NRN_S_N_cha20021_cha20021_02020.tif,test,-1,cha10211
CASIA2/Tp/Tp_S_NRN_S_N_cha20022_cha20022_02021.tif,val,1,cha10135
CASIA2/Tp/Tp_S_NRN_S_N_cha20028_cha20028_02427.tif,train,1,cha10180
CASIA2/Tp/Tp_S_NRN_S_N_cha20032_cha20032_02031.tif,train,2,cha10174
CASIA2/Tp/Tp_S_NRN_S_N_cha20033_cha20033_02032.tif,train,3,cha10146
CASIA2/Tp/Tp_S_NRN_S_N_cha20042_cha20042_02041.tif,train,1,cha10155
CASIA2/Tp/Tp_S_NRN_S_N_ind00006_ind00006_10417.tif,train,3,ind00006
CASIA2/Tp/Tp_S_NRN_S_N_ind00007_ind00007_01305.tif,train,2,ind00007
CASIA2/Tp/Tp_S_NRN_S_N_ind00008_ind00008_01306.tif,train,1,ind00008
CASIA2/Tp/Tp_S_NRN_S_N_ind00012_ind00012_01310.tif,train,0,art30119
CASIA2/Tp/Tp_S_NRN_S_N_ind00012_ind00012_10411.tif,train,0,art30119
CASIA2/Tp/Tp_S_NRN_S_N_ind00012_ind00012_10412.tif,train,0,art30119
CASIA2/Tp/Tp_S_NRN_S_N_ind00013_ind00013_01311.tif,train,3,ind00013
CASIA2/Tp/Tp_S_NRN_S_N_ind00013_ind00013_20069.jpg,train,3,ind00013
CASIA2/Tp/Tp_S_NRN_S_N_ind00015_ind00015_10919.jpg,train,4,ind00015
CASIA2/Tp/Tp_S_NRN_S_N_ind00019_ind00019_01317.tif,train,1,ind00019
CASIA2/Tp/Tp_S_NRN_S_N_ind00019_ind00019_10710.jpg,train,1,ind00019
CASIA2/Tp/Tp_S_NRN_S_N_ind00022_ind00022_10707.jpg,train,3,ind00022
CASIA2/Tp/Tp_S_NRN_S_N_ind00023_ind00023_00894.tif,val,3,ind00023
CASIA2/Tp/Tp_S_NRN_S_N_ind00024_ind00024_10712.jpg,train,2,ind00024
CASIA2/Tp/Tp_S_NRN_S_N_ind00024_ind00024_10713.jpg,train,2,ind00024
CASIA2/Tp/Tp_S_NRN_S_N_ind00029_ind00029_11062.jpg,train,4,cha30181
CASIA2/Tp/Tp_S_NRN_S_N_ind00032_ind00032_01325.tif,train,4,ind00032
CASIA2/Tp/Tp_S_NRN_S_N_ind00034_art00068_00449.tif,train,4,cha30335
CASIA2/Tp/Tp_S_NRN_S_N_ind00035_ind00035_11087.jpg,train,1,ind00035
CASIA2/Tp/Tp_S_NRN_S_N_ind00035_ind00035_11088.jpg,train,1,ind00035
CASIA2/Tp/Tp_S_NRN_S_N_ind00036_ind00036_00450.tif,val,3,ind00036
CASIA2/Tp/Tp_S_NRN_S_N_ind00037_ind00037_01328.tif,train,2,ind00037
CASIA2/Tp/Tp_S_NRN_S_N_ind00038_ind00038_10912.jpg,test,-1,cha30529
CASIA2/Tp/Tp_S_NRN_S_N_ind00038_ind00038_10913.jpg,test,-1,cha30529
CASIA2/Tp/Tp_S_NRN_S_N_ind00040_ind00040_00451.tif,train,4,ind00040
CASIA2/Tp/Tp_S_NRN_S_N_ind00042_ind00042_00899.tif,train,0,ind00042
CASIA2/Tp/Tp_S_NRN_S_N_ind00042_ind00042_10885.jpg,train,0,ind00042
CASIA2/Tp/Tp_S_NRN_S_N_ind00043_ind00043_10890.jpg,test,-1,ind00043
CASIA2/Tp/Tp_S_NRN_S_N_ind00044_ind00044_10894.jpg,train,4,ind00044
CASIA2/Tp/Tp_S_NRN_S_N_ind00044_ind00044_10895.jpg,train,4,ind00044
CASIA2/Tp/Tp_S_NRN_S_N_ind00045_ind00045_10915.jpg,train,1,ind00045
CASIA2/Tp/Tp_S_NRN_S_N_ind00046_ind00046_10893.jpg,train,2,ind00046
CASIA2/Tp/Tp_S_NRN_S_N_ind00048_ind00034_00456.tif,train,2,ind00048
CASIA2/Tp/Tp_S_NRN_S_N_ind00053_ind00053_10903.jpg,val,2,ind00053
CASIA2/Tp/Tp_S_NRN_S_N_ind00055_ind00055_00905.tif,train,1,ind00055
CASIA2/Tp/Tp_S_NRN_S_N_ind00058_ind00058_10426.tif,test,-1,ind00058
CASIA2/Tp/Tp_S_NRN_S_N_ind00060_ind00060_10701.jpg,test,-1,ind00060
CASIA2/Tp/Tp_S_NRN_S_N_ind00061_ind00061_10711.jpg,train,0,ind00061
CASIA2/Tp/Tp_S_NRN_S_N_ind00065_ind00065_10687.jpg,test,-1,ind00065
CASIA2/Tp/Tp_S_NRN_S_N_ind00067_ind00067_10689.jpg,test,-1,ind00067
CASIA2/Tp/Tp_S_NRN_S_N_ind00068_ind00068_10690.jpg,val,3,ind00068
CASIA2/Tp/Tp_S_NRN_S_N_ind00072_ind00072_10698.jpg,train,4,ind00072
CASIA2/Tp/Tp_S_NRN_S_N_ind00075_ind00075_00475.tif,train,0,ind00075
CASIA2/Tp/Tp_S_NRN_S_N_ind00077_ind00077_10681.jpg,train,2,ind00077
CASIA2/Tp/Tp_S_NRN_S_N_ind00078_ind00078_10663.jpg,train,4,ind00078
CASIA2/Tp/Tp_S_NRN_S_N_ind00081_ind00081_10669.jpg,val,3,ind00081
CASIA2/Tp/Tp_S_NRN_S_N_ind00084_ind00084_10673.jpg,train,1,ind00084
CASIA2/Tp/Tp_S_NRN_S_N_ind00085_ind00085_10674.jpg,train,2,ind00085
CASIA2/Tp/Tp_S_NRN_S_N_ind00086_ind00086_01370.tif,train,1,ind00086
CASIA2/Tp/Tp_S_NRN_S_N_ind00086_ind00086_10677.jpg,train,1,ind00086
CASIA2/Tp/Tp_S_NRN_S_N_ind00089_ind00089_10642.jpg,train,1,ind00089
CASIA2/Tp/Tp_S_NRN_S_N_ind00090_ind00090_10643.jpg,val,2,ind00053
CASIA2/Tp/Tp_S_NRN_S_N_ind00092_ind00092_10649.jpg,train,3,ind00092
CASIA2/Tp/Tp_S_NRN_S_N_ind00093_ind00093_10650.jpg,train,0,ind00093
CASIA2/Tp/Tp_S_NRN_S_N_ind00093_ind00093_10651.jpg,train,0,ind00093
CASIA2/Tp/Tp_S_NRN_S_N_ind10101_ind10101_11117.jpg,train,0,ind10101
CASIA2/Tp/Tp_S_NRN_S_N_ind10103_ind10104_11552.jpg,test,-1,ind10103
CASIA2/Tp/Tp_S_NRN_S_N_ind20001_ind20001_01742.tif,train,1,ind20001
CASIA2/Tp/Tp_S_NRN_S_N_ind20002_ind20002_01743.tif,train,1,ind20002
CASIA2/Tp/Tp_S_NRN_S_N_ind20003_ind20003_02263.tif,train,3,ind20003
CASIA2/Tp/Tp_S_NRN_S_N_ind20006_ind20006_02266.tif,val,3,ind20006
CASIA2/Tp/Tp_S_NRN_S_N_ind20007_ind20007_02267.tif,test,-1,ind20007
CASIA2/Tp/Tp_S_NRN_S_N_ind20009_ind20009_01750.tif,train,3,ind20009
CASIA2/Tp/Tp_S_NRN_S_N_ind20009_ind20009_02269.tif,train,3,ind20009
CASIA2/Tp/Tp_S_NRN_S_N_ind20010_ind20010_01751.tif,test,-1,ind20010
CASIA2/Tp/Tp_S_NRN_S_N_ind20011_ind20011_01752.tif,train,4,ind20011
CASIA2/Tp/Tp_S_NRN_S_N_ind20014_ind20014_01755.tif,train,1,ind20014
CASIA2/Tp/Tp_S_NRN_S_N_ind20015_ind20015_01756.tif,train,0,ind20015
CASIA2/Tp/Tp_S_NRN_S_N_ind20018_ind20018_01759.tif,train,1,ind20018
CASIA2/Tp/Tp_S_NRN_S_N_ind20019_ind20019_01760.tif,train,2,ind20019
CASIA2/Tp/Tp_S_NRN_S_N_ind20022_ind20022_01763.tif,train,1,ind20022
CASIA2/Tp/Tp_S_NRN_S_N_ind20024_ind20024_02280.tif,train,0,ind20024
CASIA2/Tp/Tp_S_NRN_S_N_ind20028_ind20028_01769.tif,test,-1,ind20028
CASIA2/Tp/Tp_S_NRN_S_N_ind20028_ind20028_02283.tif,test,-1,ind20028
CASIA2/Tp/Tp_S_NRN_S_N_ind20030_ind20030_01771.tif,train,1,ind20030
CASIA2/Tp/Tp_S_NRN_S_N_ind20032_ind20032_01773.tif,train,4,ind20032
CASIA2/Tp/Tp_S_NRN_S_N_ind20032_ind20032_02286.tif,train,4,ind20032
CASIA2/Tp/Tp_S_NRN_S_N_ind20033_ind20033_01774.tif,train,2,ind20033
CASIA2/Tp/Tp_S_NRN_S_N_ind20040_ind20040_01781.tif,test,-1,ind20040
CASIA2/Tp/Tp_S_NRN_S_N_ind20041_ind20041_01782.tif,train,3,ind20041
CASIA2/Tp/Tp_S_NRN_S_N_ind20043_ind20043_01784.tif,train,3,ind20043
CASIA2/Tp/Tp_S_NRN_S_N_ind20045_ind20045_01786.tif,train,3,ind20045
CASIA2/Tp/Tp_S_NRN_S_N_ind20047_ind20047_02295.tif,train,1,ind20047
CASIA2/Tp/Tp_S_NRN_S_N_ind20048_ind20048_01789.tif,train,0,ind20048
CASIA2/Tp/Tp_S_NRN_S_N_ind20051_ind20051_01792.tif,train,2,ind20051
CASIA2/Tp/Tp_S_NRN_S_N_ind20052_ind20052_01793.tif,val,1,ind20052
CASIA2/Tp/Tp_S_NRN_S_N_ind20054_ind20054_01795.tif,val,4,ind20054
CASIA2/Tp/Tp_S_NRN_S_N_ind20057_ind20057_02300.tif,train,4,ind20057
CASIA2/Tp/Tp_S_NRN_S_N_ind20058_ind20058_01799.tif,test,-1,ind20058
CASIA2/Tp/Tp_S_NRN_S_N_ind20059_ind20059_01800.tif,train,4,ind20059
CASIA2/Tp/Tp_S_NRN_S_N_nat00017_nat00017_11050.jpg,val,2,nat00017
CASIA2/Tp/Tp_S_NRN_S_N_nat00018_nat00018_10927.jpg,train,0,nat00018
CASIA2/Tp/Tp_S_NRN_S_N_nat00021_nat00021_11042.jpg,train,4,nat00021
CASIA2/Tp/Tp_S_NRN_S_N_nat00028_nat00028_20122.jpg,train,3,nat00028
CASIA2/Tp/Tp_S_NRN_S_N_nat00033_nat00033_00948.tif,train,1,nat00033
CASIA2/Tp/Tp_S_NRN_S_N_nat00034_nat00034_00950.tif,test,-1,nat00034
CASIA2/Tp/Tp_S_NRN_S_N_nat00034_nat00034_00954.tif,test,-1,nat00034
CASIA2/Tp/Tp_S_NRN_S_N_nat00040_nat00040_00959.tif,val,2,nat00040
CASIA2/Tp/Tp_S_NRN_S_N_nat00041_nat00041_00960.tif,train,2,nat00041
CASIA2/Tp/Tp_S_NRN_S_N_nat00062_nat00062_00973.tif,train,0,ani00010
CASIA2/Tp/Tp_S_NRN_S_N_nat00063_nat00063_00974.tif,train,4,nat00063
CASIA2/Tp/Tp_S_NRN_S_N_nat00074_nat00074_11123.jpg,train,2,nat00074
CASIA2/Tp/Tp_S_NRN_S_N_nat00077_nat00077_00983.tif,test,-1,nat00077
CASIA2/Tp/Tp_S_NRN_S_N_nat00082_nat00082_00986.tif,train,0,nat00082
CASIA2/Tp/Tp_S_NRN_S_N_nat00086_nat00086_00988.tif,test,-1,nat00086
CASIA2/Tp/Tp_S_NRN_S_N_nat10102_nat10102_11102.jpg,train,4,nat10102
CASIA2/Tp/Tp_S_NRN_S_N_nat10105_nat10105_11347.jpg,train,2,nat10105
CASIA2/Tp/Tp_S_NRN_S_N_nat10131_nat10131_11900.jpg,train,4,nat10131
CASIA2/Tp/Tp_S_NRN_S_N_nat10134_nat10134_11911.jpg,train,3,nat10134
CASIA2/Tp/Tp_S_NRN_S_N_nat10138_nat10138_11939.jpg,test,-1,nat10138
CASIA2/Tp/Tp_S_NRN_S_N_nat10140_nat10140_11952.jpg,train,1,nat10140
CASIA2/Tp/Tp_S_NRN_S_N_nat10141_nat10141_11959.jpg,test,-1,nat10141
CASIA2/Tp/Tp_S_NRN_S_N_nat10144_nat10144_11963.jpg,val,2,nat10144
CASIA2/Tp/Tp_S_NRN_S_N_nat10144_nat10144_11973.jpg,val,2,nat10144
CASIA2/Tp/Tp_S_NRN_S_N_nat10147_nat10147_11995.jpg,train,3,nat10147
CASIA2/Tp/Tp_S_NRN_S_N_nat10157_nat10157_12040.jpg,train,0,nat10157
CASIA2/Tp/Tp_S_NRN_S_N_nat10157_nat10157_12044.jpg,train,0,nat10157
CASIA2/Tp/Tp_S_NRN_S_N_nat20001_nat20001_02201.tif,train,2,nat20001
CASIA2/Tp/Tp_S_NRN_S_N_nat20011_nat20011_01515.tif,train,3,nat20011
CASIA2/Tp/Tp_S_NRN_S_N_nat20013_nat20013_01517.tif,train,2,nat20013
CASIA2/Tp/Tp_S_NRN_S_N_nat20018_nat20018_02218.tif,train,4,nat20018
CASIA2/Tp/Tp_S_NRN_S_N_nat20023_nat20023_02223.tif,train,0,nat20023
CASIA2/Tp/Tp_S_NRN_S_N_nat20028_nat20028_01532.tif,train,1,nat20028
CASIA2/Tp/Tp_S_NRN_S_N_nat20030_nat20030_01534.tif,train,4,nat20030
CASIA2/Tp/Tp_S_NRN_S_N_nat20031_nat20031_01535.tif,train,0,nat20031
CASIA2/Tp/Tp_S_NRN_S_N_nat20032_nat20032_01536.tif,train,2,nat20032
CASIA2/Tp/Tp_S_NRN_S_N_nat20033_nat20033_02233.tif,train,3,nat20033
CASIA2/Tp/Tp_S_NRN_S_N_nat20034_nat20034_01538.tif,train,1,nat20034
CASIA2/Tp/Tp_S_NRN_S_N_nat20041_nat20041_01545.tif,train,4,nat20041
CASIA2/Tp/Tp_S_NRN_S_N_nat20051_nat20051_01555.tif,train,0,nat20051
CASIA2/Tp/Tp_S_NRN_S_N_nat20057_nat20057_01561.tif,train,0,nat20057
CASIA2/Tp/Tp_S_NRN_S_N_nat20072_nat20072_01576.tif,test,-1,nat20072
CASIA2/Tp/Tp_S_NRN_S_N_nat20078_nat20078_01582.tif,train,3,nat20078
CASIA2/Tp/Tp_S_NRN_S_N_nat20093_nat20093_02457.tif,train,1,nat20093
CASIA2/Tp/Tp_S_NRN_S_N_nat20095_nat20095_01599.tif,test,-1,nat20095
CASIA2/Tp/Tp_S_NRN_S_N_nat20097_nat20097_02257.tif,train,2,nat20097
CASIA2/Tp/Tp_S_NRN_S_N_pla00002_pla00002_10921.jpg,train,4,pla00002
CASIA2/Tp/Tp_S_NRN_S_N_pla00003_pla00003_10920.jpg,train,4,pla00003
CASIA2/Tp/Tp_S_NRN_S_N_pla00005_pla00005_10937.jpg,train,2,pla00005
CASIA2/Tp/Tp_S_NRN_S_N_pla00009_pla00009_00548.tif,train,3,pla00009
CASIA2/Tp/Tp_S_NRN_S_N_pla00016_pla00016_10961.jpg,test,-1,pla00016
CASIA2/Tp/Tp_S_NRN_S_N_pla00018_pla00018_10995.jpg,val,0,pla00018
CASIA2/Tp/Tp_S_NRN_S_N_pla00033_pla00033_01148.tif,train,3,pla00033
CASIA2/Tp/Tp_S_NRN_S_N_pla00047_pla00047_10970.jpg,train,3,pla00047
CASIA2/Tp/Tp_S_NRN_S_N_pla00049_pla00049_10984.jpg,train,1,pla00049
CASIA2/Tp/Tp_S_NRN_S_N_pla00053_pla00053_00587.tif,train,2,pla00053
CASIA2/Tp/Tp_S_NRN_S_N_pla00053_pla00053_01162.tif,train,2,pla00053
CASIA2/Tp/Tp_S_NRN_S_N_pla00056_pla00056_01165.tif,test,-1,pla00056
CASIA2/Tp/Tp_S_NRN_S_N_pla00062_pla00062_00593.tif,train,1,pla00062
CASIA2/Tp/Tp_S_NRN_S_N_pla00062_pla00062_11221.jpg,train,1,pla00062
CASIA2/Tp/Tp_S_NRN_S_N_pla00065_pla00065_01172.tif,train,1,pla00065
CASIA2/Tp/Tp_S_NRN_S_N_pla00065_pla00065_11219.jpg,train,1,pla00065
CASIA2/Tp/Tp_S_NRN_S_N_pla00066_pla00066_01173.tif,train,4,pla00066
CASIA2/Tp/Tp_S_NRN_S_N_pla00073_pla00073_11226.jpg,train,4,pla00073
CASIA2/Tp/Tp_S_NRN_S_N_pla00079_pla00079_10625.jpg,test,-1,pla00079
CASIA2/Tp/Tp_S_NRN_S_N_pla00091_pla00091_11292.jpg,test,-1,pla00091
CASIA2/Tp/Tp_S_NRN_S_N_pla00100_pla00100_11291.jpg,train,1,pla00100
CASIA2/Tp/Tp_S_NRN_S_N_pla10123_pla10123_11554.jpg,train,1,pla10123
CASIA2/Tp/Tp_S_NRN_S_N_pla10126_pla10126_12126.jpg,train,4,pla10126
CASIA2/Tp/Tp_S_NRN_S_N_pla10126_pla10126_12128.jpg,train,4,pla10126
CASIA2/Tp/Tp_S_NRN_S_N_pla10127_pla10127_12138.jpg,train,3,pla10127
CASIA2/Tp/Tp_S_NRN_S_N_pla20001_pla20001_01901.tif,val,4,pla20001
CASIA2/Tp/Tp_S_NRN_S_N_pla20017_pla20027_01927.tif,train,4,pla20017
CASIA2/Tp/Tp_S_NRN_S_N_pla20022_pla20022_01922.tif,train,4,pla20022
CASIA2/Tp/Tp_S_NRN_S_N_pla20022_pla20022_02388.tif,train,4,pla20022
CASIA2/Tp/Tp_S_NRN_S_N_pla20023_pla20023_01923.tif,train,1,pla20023
CASIA2/Tp/Tp_S_NRN_S_N_pla20025_pla20025_01925.tif,train,3,pla20025
CASIA2/Tp/Tp_S_NRN_S_N_pla20026_pla20026_01926.tif,train,1,pla20026
CASIA2/Tp/Tp_S_NRN_S_N_pla20028_pla20028_01928.tif,train,3,pla20028
CASIA2/Tp/Tp_S_NRN_S_N_pla20029_pla20029_01929.tif,val,0,pla20029
CASIA2/Tp/Tp_S_NRN_S_N_pla20030_pla20030_01930.tif,train,0,pla20030
CASIA2/Tp/Tp_S_NRN_S_N_pla20036_pla20036_01936.tif,train,2,pla20036
CASIA2/Tp/Tp_S_NRN_S_N_pla20041_pla20041_01941.tif,train,0,pla20041
CASIA2/Tp/Tp_S_NRN_S_N_pla20042_pla20042_02383.tif,train,1,pla20042
CASIA2/Tp/Tp_S_NRN_S_N_pla20043_pla20043_01943.tif,train,0,pla20043
CASIA2/Tp/Tp_S_NRN_S_N_pla20045_pla20045_01945.tif,val,0,pla20045
CASIA2/Tp/Tp_S_NRN_S_N_pla20046_pla20046_01946.tif,train,0,pla20046
CASIA2/Tp/Tp_S_NRN_S_N_pla20047_pla20047_01947.tif,train,3,pla20047
CASIA2/Tp/Tp_S_NRN_S_N_pla20050_pla20050_01950.tif,train,1,pla20050
CASIA2/Tp/Tp_S_NRN_S_N_pla20051_pla20051_01951.tif,train,3,pla20051
CASIA2/Tp/Tp_S_NRN_S_N_pla20060_pla20060_01960.tif,train,4,pla20060
CASIA2/Tp/Tp_S_NRN_S_N_pla20061_pla20061_01961.tif,train,4,pla20061
CASIA2/Tp/Tp_S_NRN_S_N_pla20072_pla20072_02364.tif,test,-1,pla20072
CASIA2/Tp/Tp_S_NRN_S_N_pla20078_pla20078_01978.tif,train,4,pla20078
CASIA2/Tp/Tp_S_NRN_S_N_pla20079_pla20079_01979.tif,val,3,pla20079
CASIA2/Tp/Tp_S_NRN_S_N_pla20080_pla20080_01980.tif,train,4,pla20080
CASIA2/Tp/Tp_S_NRN_S_N_pla20083_pla20083_01983.tif,train,1,pla20083
CASIA2/Tp/Tp_S_NRN_S_N_pla20088_pla20088_01988.tif,train,3,pla20088
CASIA2/Tp/Tp_S_NRN_S_N_pla20091_pla20091_01991.tif,train,1,pla20091
CASIA2/Tp/Tp_S_NRN_S_N_pla20093_pla20093_01993.tif,val,4,pla20093
CASIA2/Tp/Tp_S_NRN_S_N_pla20094_pla20094_01994.tif,train,4,pla20094
CASIA2/Tp/Tp_S_NRN_S_N_pla20099_pla20099_01999.tif,train,4,pla20099
CASIA2/Tp/Tp_S_NRN_S_N_sec00002_sec00002_10787.jpg,test,-1,sec00002
CASIA2/Tp/Tp_S_NRN_S_N_sec00014_sec00014_11231.jpg,test,-1,sec00014
CASIA2/Tp/Tp_S_NRN_S_N_sec00014_sec00014_11232.jpg,test,-1,sec00014
CASIA2/Tp/Tp_S_NRN_S_N_sec00020_sec00020_10794.jpg,train,3,sec00020
CASIA2/Tp/Tp_S_NRN_S_N_sec00022_sec00022_10804.jpg,val,1,ind00014
CASIA2/Tp/Tp_S_NRN_S_N_sec00028_sec00028_10783.jpg,train,4,sec00028
CASIA2/Tp/Tp_S_NRN_S_N_sec00041_sec00041_10501.tif,train,0,sec00041
CASIA2/Tp/Tp_S_NRN_S_N_sec00045_sec00045_10488.tif,test,-1,sec00045
CASIA2/Tp/Tp_S_NRN_S_N_sec00051_sec00051_00072.tif,val,1,sec00051
CASIA2/Tp/Tp_S_NRN_S_N_sec00051_sec00051_11241.jpg,val,1,sec00051
CASIA2/Tp/Tp_S_NRN_S_N_sec00059_sec00059_00731.tif,val,1,sec00059
CASIA2/Tp/Tp_S_NRN_S_N_sec00059_sec00059_11268.jpg,val,1,sec00059
CASIA2/Tp/Tp_S_NRN_S_N_sec00060_sec00060_11265.jpg,val,0,sec00060
CASIA2/Tp/Tp_S_NRN_S_N_sec00061_sec00061_00729.tif,train,1,sec00061
CASIA2/Tp/Tp_S_NRN_S_N_sec00061_sec00061_11262.jpg,train,1,sec00061
CASIA2/Tp/Tp_S_NRN_S_N_sec00062_sec00062_11261.jpg,test,-1,nat00083
CASIA2/Tp/Tp_S_NRN_S_N_sec00063_sec00063_11272.jpg,train,2,sec00063
CASIA2/Tp/Tp_S_NRN_S_N_sec00064_sec00064_11258.jpg,train,1,sec00064
CASIA2/Tp/Tp_S_NRN_S_N_sec00065_sec00065_11280.jpg,val,3,sec00065
CASIA2/Tp/Tp_S_NRN_S_N_sec00067_sec00067_11255.jpg,test,-1,sec00067
CASIA2/Tp/Tp_S_NRN_S_N_sec00070_sec00070_10717.jpg,val,0,sec00070
CASIA2/Tp/Tp_S_NRN_S_N_sec00078_sec00078_00786.tif,train,4,sec00078
CASIA2/Tp/Tp_S_NRN_S_N_sec00086_sec00086_10359.tif,train,0,sec00086
CASIA2/Tp/Tp_S_NRN_S_N_sec00090_sec00090_10356.tif,train,3,sec00090
CASIA2/Tp/Tp_S_NRN_S_N_sec00100_sec00100_11290.jpg,train,3,sec00100
CASIA2/Tp/Tp_S_NRN_S_N_sec10116_sec10116_12146.jpg,train,0,sec10116
CASIA2/Tp/Tp_S_NRN_S_N_sec20004_sec20004_02116.tif,val,0,sec20004
CASIA2/Tp/Tp_S_NRN_S_N_sec20016_sec20016_01606.tif,train,2,sec20016
CASIA2/Tp/Tp_S_NRN_S_N_sec20019_sec20019_01609.tif,train,3,sec20019
CASIA2/Tp/Tp_S_NRN_S_N_sec20020_sec20020_01610.tif,train,4,sec20020
CASIA2/Tp/Tp_S_NRN_S_N_sec20021_sec20021_01611.tif,train,3,sec20021
CASIA2/Tp/Tp_S_NRN_S_N_sec20023_sec20023_01613.tif,train,1,sec20023
CASIA2/Tp/Tp_S_NRN_S_N_sec20026_sec20026_02124.tif,test,-1,sec20026
CASIA2/Tp/Tp_S_NRN_S_N_sec20037_sec20037_01627.tif,train,0,sec20037
CASIA2/Tp/Tp_S_NRN_S_N_sec20041_sec20041_01631.tif,val,0,sec20041
CASIA2/Tp/Tp_S_NRN_S_N_sec20046_sec20046_01636.tif,train,0,sec20046
CASIA2/Tp/Tp_S_NRN_S_N_sec20047_sec20047_01637.tif,train,3,sec20047
CASIA2/Tp/Tp_S_NRN_S_N_sec20048_sec20048_01638.tif,train,0,sec20048
CASIA2/Tp/Tp_S_NRN_S_N_sec20050_sec20050_01640.tif,train,1,sec20050
CASIA2/Tp/Tp_S_NRN_S_N_sec20075_sec20075_01665.tif,train,2,sec20075
CASIA2/Tp/Tp_S_NRN_S_N_sec20081_sec20081_01671.tif,train,2,sec20081
CASIA2/Tp/Tp_S_NRN_S_N_sec20082_sec20082_01672.tif,train,3,sec20082
CASIA2/Tp/Tp_S_NRN_S_N_sec20085_sec20085_02446.tif,val,4,sec20085
CASIA2/Tp/Tp_S_NRN_S_N_sec20094_sec20094_01684.tif,train,1,sec20094
CASIA2/Tp/Tp_S_NRN_S_N_sec20096_sec20096_01686.tif,train,1,sec20096
CASIA2/Tp/Tp_S_NRN_S_N_sec20096_sec20096_02142.tif,train,1,sec20096
CASIA2/Tp/Tp_S_NRN_S_N_sec20100_sec20100_01690.tif,val,0,sec20100
CASIA2/Tp/Tp_S_NRN_S_N_txt00005_txt00005_01264.tif,test,-1,txt00005
CASIA2/Tp/Tp_S_NRN_S_N_txt00009_txt00009_01267.tif,val,4,txt00009
CASIA2/Tp/Tp_S_NRN_S_N_txt00061_txt00061_01283.tif,train,1,txt00061
CASIA2/Tp/Tp_S_NRN_S_N_txt00062_txt00062_01284.tif,train,0,txt00062
CASIA2/Tp/Tp_S_NRN_S_N_txt00070_txt00070_11315.jpg,val,4,txt00070
CASIA2/Tp/Tp_S_NRN_S_N_txt00070_txt00070_11316.jpg,val,4,txt00070
CASIA2/Tp/Tp_S_NRN_S_N_txt00071_txt00071_11300.jpg,test,-1,txt00071
CASIA2/Tp/Tp_S_NRN_S_N_txt00082_txt00082_11293.jpg,train,2,txt00082
CASIA2/Tp/Tp_S_NRN_S_N_txt00083_txt00083_01289.tif,train,4,txt00083
CASIA2/Tp/Tp_S_NRN_S_N_txt00084_txt00084_11302.jpg,train,4,txt00084
CASIA2/Tp/Tp_S_NRN_S_N_txt10109_txt10109_10814.jpg,train,4,txt10109
CASIA2/Tp/Tp_S_NRN_S_O_ani10103_ani10103_10634.jpg,train,3,ani10103
CASIA2/Tp/Tp_S_NRN_S_O_arc00021_arc00021_01119.tif,train,4,arc00021
CASIA2/Tp/Tp_S_NRN_S_O_arc00055_arc00055_01071.tif,test,-1,arc00055
CASIA2/Tp/Tp_S_NRN_S_O_arc10129_arc10129_11895.jpg,test,-1,arc10129
CASIA2/Tp/Tp_S_NRN_S_O_cha00035_cha00067_11734.jpg,val,4,cha00035
CASIA2/Tp/Tp_S_NRN_S_O_cha00077_cha00077_11017.jpg,train,1,cha00077
CASIA2/Tp/Tp_S_NRN_S_O_cha10126_cha10126_12153.jpg,test,-1,cha10126
CASIA2/Tp/Tp_S_NRN_S_O_cha10187_cha10187_12308.jpg,val,4,cha10187
CASIA2/Tp/Tp_S_NRN_S_O_nat00032_nat00032_00947.tif,train,2,nat00032
CASIA2/Tp/Tp_S_NRN_S_O_sec00036_sec00036_00764.tif,train,0,sec00036
